group,cluster_id,image,representative,score_to_representative,cluster_size
stroller_reviewed,stroller_reviewed_000000,images/02223_1784257768376841_0.jpg,images/02224_1784257768871842_0.jpg,0.99918461,3
stroller_reviewed,stroller_reviewed_000000,images/02224_1784257768871842_0.jpg,images/02224_1784257768871842_0.jpg,1.00000000,3
stroller_reviewed,stroller_reviewed_000000,images/02225_1784257783579844_0.jpg,images/02224_1784257768871842_0.jpg,0.99737597,3
stroller_reviewed,stroller_reviewed_000001,images/02211_1784257663064821_0.jpg,images/02214_1784257693055826_0.jpg,0.99635875,3
stroller_reviewed,stroller_reviewed_000001,images/02214_1784257693055826_0.jpg,images/02214_1784257693055826_0.jpg,1.00000000,3
stroller_reviewed,stroller_reviewed_000001,images/02215_1784257693140827_0.jpg,images/02214_1784257693055826_0.jpg,0.99953377,3
stroller_reviewed,stroller_reviewed_000002,images/02226_1784257783929845_0.jpg,images/02227_1784257798598847_0.jpg,0.99618042,3
stroller_reviewed,stroller_reviewed_000002,images/02227_1784257798598847_0.jpg,images/02227_1784257798598847_0.jpg,1.00000000,3
stroller_reviewed,stroller_reviewed_000002,images/02228_1784257798980849_0.jpg,images/02227_1784257798598847_0.jpg,0.99924600,3
stroller_reviewed,stroller_reviewed_000003,images/03177_1784451879356834_0.jpg,images/03178_1784451879538835_0.jpg,0.99730581,3
stroller_reviewed,stroller_reviewed_000003,images/03178_1784451879538835_0.jpg,images/03178_1784451879538835_0.jpg,1.00000000,3
stroller_reviewed,stroller_reviewed_000003,images/03179_1784451879708836_0.jpg,images/03178_1784451879538835_0.jpg,0.99763441,3
stroller_reviewed,stroller_reviewed_000004,images/06293_1784525895749001_0.jpg,images/06294_1784525895911002_0.jpg,0.99456263,3
stroller_reviewed,stroller_reviewed_000004,images/06294_1784525895911002_0.jpg,images/06294_1784525895911002_0.jpg,1.00000000,3
stroller_reviewed,stroller_reviewed_000004,images/06295_1784525895962003_0.jpg,images/06294_1784525895911002_0.jpg,0.99811900,3
stroller_reviewed,stroller_reviewed_000005,images/02892_1784442095547903_0.jpg,images/02893_1784442095846904_0.jpg,0.99573195,3
stroller_reviewed,stroller_reviewed_000005,images/02893_1784442095846904_0.jpg,images/02893_1784442095846904_0.jpg,1.00000000,3
stroller_reviewed,stroller_reviewed_000005,images/02894_1784442095949905_0.jpg,images/02893_1784442095846904_0.jpg,0.99679989,3
stroller_reviewed,stroller_reviewed_000006,images/02220_1784257738267835_0.jpg,images/02221_1784257753319838_0.jpg,0.99418610,3
stroller_reviewed,stroller_reviewed_000006,images/02221_1784257753319838_0.jpg,images/02221_1784257753319838_0.jpg,1.00000000,3
stroller_reviewed,stroller_reviewed_000006,images/02222_1784257753713840_0.jpg,images/02221_1784257753319838_0.jpg,0.99725103,3
stroller_reviewed,stroller_reviewed_000007,images/02791_1784438160698147_0.jpg,images/02792_1784438191071153_0.jpg,0.99467260,3
stroller_reviewed,stroller_reviewed_000007,images/02792_1784438191071153_0.jpg,images/02792_1784438191071153_0.jpg,1.00000000,3
stroller_reviewed,stroller_reviewed_000007,images/02793_1784438206135156_0.jpg,images/02792_1784438191071153_0.jpg,0.99482453,3
stroller_reviewed,stroller_reviewed_000008,images/02207_1784257632719814_0.jpg,images/02208_1784257632841815_0.jpg,0.99792254,3
stroller_reviewed,stroller_reviewed_000008,images/02208_1784257632841815_0.jpg,images/02208_1784257632841815_0.jpg,1.00000000,3
stroller_reviewed,stroller_reviewed_000008,images/02210_1784257647893818_0.jpg,images/02208_1784257632841815_0.jpg,0.99102622,3
stroller_reviewed,stroller_reviewed_000009,images/04011_1784516878107551_0.jpg,images/04012_1784516938278552_0.jpg,0.99264693,3
stroller_reviewed,stroller_reviewed_000009,images/04012_1784516938278552_0.jpg,images/04012_1784516938278552_0.jpg,1.00000000,3
stroller_reviewed,stroller_reviewed_000009,images/04013_1784516998443553_0.jpg,images/04012_1784516938278552_0.jpg,0.99522030,3
stroller_reviewed,stroller_reviewed_000010,images/02785_1784438085492132_0.jpg,images/02786_1784438085933133_0.jpg,0.99762958,3
stroller_reviewed,stroller_reviewed_000010,images/02786_1784438085933133_0.jpg,images/02786_1784438085933133_0.jpg,1.00000000,3
stroller_reviewed,stroller_reviewed_000010,images/02787_1784438100510135_0.jpg,images/02786_1784438085933133_0.jpg,0.99001122,3
stroller_reviewed,stroller_reviewed_000011,images/02334_1784277099282555_0.jpg,images/02334_1784277099282555_0.jpg,1.00000000,2
stroller_reviewed,stroller_reviewed_000011,images/02335_1784277099360556_0.jpg,images/02334_1784277099282555_0.jpg,0.99957126,2
stroller_reviewed,stroller_reviewed_000012,images/02897_1784442125918909_0.jpg,images/02897_1784442125918909_0.jpg,1.00000000,2
stroller_reviewed,stroller_reviewed_000012,images/02898_1784442126068910_0.jpg,images/02897_1784442125918909_0.jpg,0.99946624,2
stroller_reviewed,stroller_reviewed_000013,images/02318_1784276963146527_0.jpg,images/02318_1784276963146527_0.jpg,1.00000000,2
stroller_reviewed,stroller_reviewed_000013,images/02319_1784276963497528_0.jpg,images/02318_1784276963146527_0.jpg,0.99934614,2
stroller_reviewed,stroller_reviewed_000014,images/02344_1784277189691573_0.jpg,images/02344_1784277189691573_0.jpg,1.00000000,2
stroller_reviewed,stroller_reviewed_000014,images/02345_1784277189929574_0.jpg,images/02344_1784277189691573_0.jpg,0.99932593,2
stroller_reviewed,stroller_reviewed_000015,images/02117_1784206698323075_0.jpg,images/02117_1784206698323075_0.jpg,1.00000000,2
stroller_reviewed,stroller_reviewed_000015,images/02118_1784206698481077_0.jpg,images/02117_1784206698323075_0.jpg,0.99928564,2
stroller_reviewed,stroller_reviewed_000016,images/02332_1784277084131552_0.jpg,images/02332_1784277084131552_0.jpg,1.00000000,2
stroller_reviewed,stroller_reviewed_000016,images/02333_1784277084162553_0.jpg,images/02332_1784277084131552_0.jpg,0.99926758,2
stroller_reviewed,stroller_reviewed_000017,images/02895_1784442110752906_0.jpg,images/02895_1784442110752906_0.jpg,1.00000000,2
stroller_reviewed,stroller_reviewed_000017,images/02896_1784442111005908_0.jpg,images/02895_1784442110752906_0.jpg,0.99922258,2
stroller_reviewed,stroller_reviewed_000018,images/02216_1784257708193829_0.jpg,images/02216_1784257708193829_0.jpg,1.00000000,2
stroller_reviewed,stroller_reviewed_000018,images/02217_1784257708254830_0.jpg,images/02216_1784257708193829_0.jpg,0.99911737,2
stroller_reviewed,stroller_reviewed_000019,images/02205_1784257617518811_0.jpg,images/02205_1784257617518811_0.jpg,1.00000000,2
stroller_reviewed,stroller_reviewed_000019,images/02206_1784257617635812_0.jpg,images/02205_1784257617518811_0.jpg,0.99905419,2
stroller_reviewed,stroller_reviewed_000020,images/02330_1784277069069549_0.jpg,images/02330_1784277069069549_0.jpg,1.00000000,2
stroller_reviewed,stroller_reviewed_000020,images/02331_1784277069111550_0.jpg,images/02330_1784277069069549_0.jpg,0.99891013,2
stroller_reviewed,stroller_reviewed_000021,images/02478_1784346143879717_0.jpg,images/02478_1784346143879717_0.jpg,1.00000000,2
stroller_reviewed,stroller_reviewed_000021,images/02479_1784346144463718_0.jpg,images/02478_1784346143879717_0.jpg,0.99874020,2
stroller_reviewed,stroller_reviewed_000022,images/02983_1784445312196525_0.jpg,images/02983_1784445312196525_0.jpg,1.00000000,2
stroller_reviewed,stroller_reviewed_000022,images/02984_1784445312248526_0.jpg,images/02983_1784445312196525_0.jpg,0.99865025,2
stroller_reviewed,stroller_reviewed_000023,images/03175_1784451864298831_0.jpg,images/03175_1784451864298831_0.jpg,1.00000000,2
stroller_reviewed,stroller_reviewed_000023,images/03176_1784451864371832_0.jpg,images/03175_1784451864298831_0.jpg,0.99863982,2
stroller_reviewed,stroller_reviewed_000024,images/02985_1784445327249528_0.jpg,images/02985_1784445327249528_0.jpg,1.00000000,2
stroller_reviewed,stroller_reviewed_000024,images/02986_1784445327450529_0.jpg,images/02985_1784445327249528_0.jpg,0.99808222,2
stroller_reviewed,stroller_reviewed_000025,images/02365_1784277355473606_0.jpg,images/02365_1784277355473606_0.jpg,1.00000000,2
stroller_reviewed,stroller_reviewed_000025,images/02366_1784277355825607_0.jpg,images/02365_1784277355473606_0.jpg,0.99798733,2
stroller_reviewed,stroller_reviewed_000026,images/02191_1784254334261180_0.jpg,images/02191_1784254334261180_0.jpg,1.00000000,2
stroller_reviewed,stroller_reviewed_000026,images/02192_1784254334675182_0.jpg,images/02191_1784254334261180_0.jpg,0.99792910,2
stroller_reviewed,stroller_reviewed_000027,images/02230_1784257828698853_0.jpg,images/02230_1784257828698853_0.jpg,1.00000000,2
stroller_reviewed,stroller_reviewed_000027,images/02231_1784257829195855_0.jpg,images/02230_1784257828698853_0.jpg,0.99790609,2
stroller_reviewed,stroller_reviewed_000028,images/02218_1784257723245832_0.jpg,images/02218_1784257723245832_0.jpg,1.00000000,2
stroller_reviewed,stroller_reviewed_000028,images/02219_1784257723454833_0.jpg,images/02218_1784257723245832_0.jpg,0.99788070,2
stroller_reviewed,stroller_reviewed_000029,images/04065_1784518193026598_0.jpg,images/04065_1784518193026598_0.jpg,1.00000000,2
stroller_reviewed,stroller_reviewed_000029,images/04066_1784518193227599_0.jpg,images/04065_1784518193026598_0.jpg,0.99787939,2
stroller_reviewed,stroller_reviewed_000030,images/02476_1784345089359525_0.jpg,images/02476_1784345089359525_0.jpg,1.00000000,2
stroller_reviewed,stroller_reviewed_000030,images/02477_1784345089720526_0.jpg,images/02476_1784345089359525_0.jpg,0.99782586,2
stroller_reviewed,stroller_reviewed_000031,images/02890_1784442080490899_0.jpg,images/02890_1784442080490899_0.jpg,1.00000000,2
stroller_reviewed,stroller_reviewed_000031,images/02891_1784442080793900_0.jpg,images/02890_1784442080490899_0.jpg,0.99775410,2
stroller_reviewed,stroller_reviewed_000032,images/01957_1784107351683328_0.jpg,images/01957_1784107351683328_0.jpg,1.00000000,2
stroller_reviewed,stroller_reviewed_000032,images/01958_1784107351977329_0.jpg,images/01957_1784107351683328_0.jpg,0.99772561,2
stroller_reviewed,stroller_reviewed_000033,images/02708_1784426900103032_0.jpg,images/02708_1784426900103032_0.jpg,1.00000000,2
stroller_reviewed,stroller_reviewed_000033,images/02709_1784426900385034_0.jpg,images/02708_1784426900103032_0.jpg,0.99766546,2
stroller_reviewed,stroller_reviewed_000034,images/02352_1784277250007585_0.jpg,images/02352_1784277250007585_0.jpg,1.00000000,2
stroller_reviewed,stroller_reviewed_000034,images/02353_1784277250393586_0.jpg,images/02352_1784277250007585_0.jpg,0.99756360,2
stroller_reviewed,stroller_reviewed_000035,images/02348_1784277219797579_0.jpg,images/02348_1784277219797579_0.jpg,1.00000000,2
stroller_reviewed,stroller_reviewed_000035,images/02349_1784277220142580_0.jpg,images/02348_1784277219797579_0.jpg,0.99756193,2
stroller_reviewed,stroller_reviewed_000036,images/02994_1784445402751543_0.jpg,images/02994_1784445402751543_0.jpg,1.00000000,2
stroller_reviewed,stroller_reviewed_000036,images/02995_1784445402972545_0.jpg,images/02994_1784445402751543_0.jpg,0.99751985,2
stroller_reviewed,stroller_reviewed_000037,images/02346_1784277204744576_0.jpg,images/02346_1784277204744576_0.jpg,1.00000000,2
stroller_reviewed,stroller_reviewed_000037,images/02347_1784277205086577_0.jpg,images/02346_1784277204744576_0.jpg,0.99728143,2
stroller_reviewed,stroller_reviewed_000038,images/02342_1784277174639570_0.jpg,images/02342_1784277174639570_0.jpg,1.00000000,2
stroller_reviewed,stroller_reviewed_000038,images/02343_1784277174875571_0.jpg,images/02342_1784277174639570_0.jpg,0.99722862,2
stroller_reviewed,stroller_reviewed_000039,images/01948_1784105498225981_0.jpg,images/01948_1784105498225981_0.jpg,1.00000000,2
stroller_reviewed,stroller_reviewed_000039,images/01949_1784105498746982_0.jpg,images/01948_1784105498225981_0.jpg,0.99709260,2
stroller_reviewed,stroller_reviewed_000040,images/02361_1784277325370600_0.jpg,images/02361_1784277325370600_0.jpg,1.00000000,2
stroller_reviewed,stroller_reviewed_000040,images/02362_1784277325728601_0.jpg,images/02361_1784277325370600_0.jpg,0.99655020,2
stroller_reviewed,stroller_reviewed_000041,images/02350_1784277234846582_0.jpg,images/02350_1784277234846582_0.jpg,1.00000000,2
stroller_reviewed,stroller_reviewed_000041,images/02351_1784277235193583_0.jpg,images/02350_1784277234846582_0.jpg,0.99650174,2
stroller_reviewed,stroller_reviewed_000042,images/02320_1784276993402534_0.jpg,images/02320_1784276993402534_0.jpg,1.00000000,2
stroller_reviewed,stroller_reviewed_000042,images/02321_1784276993749535_0.jpg,images/02320_1784276993402534_0.jpg,0.99647814,2
stroller_reviewed,stroller_reviewed_000043,images/02997_1784445508495564_0.jpg,images/02997_1784445508495564_0.jpg,1.00000000,2
stroller_reviewed,stroller_reviewed_000043,images/02998_1784445508707565_0.jpg,images/02997_1784445508495564_0.jpg,0.99627686,2
stroller_reviewed,stroller_reviewed_000044,images/02992_1784445387579540_0.jpg,images/02992_1784445387579540_0.jpg,1.00000000,2
stroller_reviewed,stroller_reviewed_000044,images/02993_1784445387903542_0.jpg,images/02992_1784445387579540_0.jpg,0.99621809,2
stroller_reviewed,stroller_reviewed_000045,images/03945_1784514577023511_0.jpg,images/03945_1784514577023511_0.jpg,1.00000000,2
stroller_reviewed,stroller_reviewed_000045,images/03946_1784514637193513_0.jpg,images/03945_1784514577023511_0.jpg,0.99613333,2
stroller_reviewed,stroller_reviewed_000046,images/02372_1784277981541730_0.jpg,images/02372_1784277981541730_0.jpg,1.00000000,2
stroller_reviewed,stroller_reviewed_000046,images/02373_1784277982595731_0.jpg,images/02372_1784277981541730_0.jpg,0.99605531,2
stroller_reviewed,stroller_reviewed_000047,images/02354_1784277265062588_0.jpg,images/02354_1784277265062588_0.jpg,1.00000000,2
stroller_reviewed,stroller_reviewed_000047,images/02355_1784277265451589_0.jpg,images/02354_1784277265062588_0.jpg,0.99588841,2
stroller_reviewed,stroller_reviewed_000048,images/02533_1784354728494327_0.jpg,images/02533_1784354728494327_0.jpg,1.00000000,2
stroller_reviewed,stroller_reviewed_000048,images/02534_1784354743703330_0.jpg,images/02533_1784354728494327_0.jpg,0.99542606,2
stroller_reviewed,stroller_reviewed_000049,images/02987_1784445342408531_0.jpg,images/02987_1784445342408531_0.jpg,1.00000000,2
stroller_reviewed,stroller_reviewed_000049,images/02988_1784445342613532_0.jpg,images/02987_1784445342408531_0.jpg,0.99509442,2
stroller_reviewed,stroller_reviewed_000050,images/02561_1784358121333985_0.jpg,images/02561_1784358121333985_0.jpg,1.00000000,2
stroller_reviewed,stroller_reviewed_000050,images/02562_1784358121859986_0.jpg,images/02561_1784358121333985_0.jpg,0.99375474,2
stroller_reviewed,stroller_reviewed_000051,images/01420_1783825056203994_0.jpg,images/01420_1783825056203994_0.jpg,1.00000000,2
stroller_reviewed,stroller_reviewed_000051,images/01421_1783825071221996_0.jpg,images/01420_1783825056203994_0.jpg,0.99375218,2
stroller_reviewed,stroller_reviewed_000052,images/02367_1784277370485609_0.jpg,images/02367_1784277370485609_0.jpg,1.00000000,2
stroller_reviewed,stroller_reviewed_000052,images/02368_1784277370883610_0.jpg,images/02367_1784277370485609_0.jpg,0.99369776,2
stroller_reviewed,stroller_reviewed_000053,images/02783_1784438070434129_0.jpg,images/02783_1784438070434129_0.jpg,1.00000000,2
stroller_reviewed,stroller_reviewed_000053,images/02784_1784438070729130_0.jpg,images/02783_1784438070434129_0.jpg,0.99363244,2
stroller_reviewed,stroller_reviewed_000054,images/02565_1784358166488994_0.jpg,images/02565_1784358166488994_0.jpg,1.00000000,2
stroller_reviewed,stroller_reviewed_000054,images/02567_1784358196721000_0.jpg,images/02565_1784358166488994_0.jpg,0.99316335,2
stroller_reviewed,stroller_reviewed_000055,images/02726_1784430075675640_0.jpg,images/02726_1784430075675640_0.jpg,1.00000000,2
stroller_reviewed,stroller_reviewed_000055,images/02727_1784430075932642_0.jpg,images/02726_1784430075675640_0.jpg,0.99311852,2
stroller_reviewed,stroller_reviewed_000056,images/02340_1784277159483567_0.jpg,images/02340_1784277159483567_0.jpg,1.00000000,2
stroller_reviewed,stroller_reviewed_000056,images/02341_1784277159821569_0.jpg,images/02340_1784277159483567_0.jpg,0.99290407,2
stroller_reviewed,stroller_reviewed_000057,images/02762_1784436996374915_0.jpg,images/02762_1784436996374915_0.jpg,1.00000000,2
stroller_reviewed,stroller_reviewed_000057,images/02763_1784436996902916_0.jpg,images/02762_1784436996374915_0.jpg,0.99287546,2
stroller_reviewed,stroller_reviewed_000058,images/02552_1784356733896711_0.jpg,images/02552_1784356733896711_0.jpg,1.00000000,2
stroller_reviewed,stroller_reviewed_000058,images/02553_1784356735369712_0.jpg,images/02552_1784356733896711_0.jpg,0.99280202,2
stroller_reviewed,stroller_reviewed_000059,images/07004_1784527417640720_0.jpg,images/07004_1784527417640720_0.jpg,1.00000000,2
stroller_reviewed,stroller_reviewed_000059,images/07033_1784527477801721_0.jpg,images/07004_1784527417640720_0.jpg,0.99258149,2
stroller_reviewed,stroller_reviewed_000060,images/02643_1784372088253745_0.jpg,images/02643_1784372088253745_0.jpg,1.00000000,2
stroller_reviewed,stroller_reviewed_000060,images/02644_1784372101925746_0.jpg,images/02643_1784372088253745_0.jpg,0.99246538,2
stroller_reviewed,stroller_reviewed_000061,images/02359_1784277310213597_0.jpg,images/02359_1784277310213597_0.jpg,1.00000000,2
stroller_reviewed,stroller_reviewed_000061,images/02360_1784277310714598_0.jpg,images/02359_1784277310213597_0.jpg,0.99245119,2
stroller_reviewed,stroller_reviewed_000062,images/02729_1784430121075651_0.jpg,images/02729_1784430121075651_0.jpg,1.00000000,2
stroller_reviewed,stroller_reviewed_000062,images/02730_1784430136138654_0.jpg,images/02729_1784430121075651_0.jpg,0.99232364,2
stroller_reviewed,stroller_reviewed_000063,images/03120_1784450279730516_0.jpg,images/03120_1784450279730516_0.jpg,1.00000000,2
stroller_reviewed,stroller_reviewed_000063,images/03121_1784450280022517_0.jpg,images/03120_1784450279730516_0.jpg,0.99228561,2
stroller_reviewed,stroller_reviewed_000064,images/02402_1784292449849528_0.jpg,images/02402_1784292449849528_0.jpg,1.00000000,2
stroller_reviewed,stroller_reviewed_000064,images/02403_1784292450899530_0.jpg,images/02402_1784292449849528_0.jpg,0.99131644,2
stroller_reviewed,stroller_reviewed_000065,images/07914_1784529327673753_0.jpg,images/07914_1784529327673753_0.jpg,1.00000000,2
stroller_reviewed,stroller_reviewed_000065,images/07942_1784529387845754_0.jpg,images/07914_1784529327673753_0.jpg,0.99107635,2
stroller_reviewed,stroller_reviewed_000066,images/02356_1784277280109591_0.jpg,images/02356_1784277280109591_0.jpg,1.00000000,2
stroller_reviewed,stroller_reviewed_000066,images/02357_1784277280615593_0.jpg,images/02356_1784277280109591_0.jpg,0.99103320,2
stroller_reviewed,stroller_reviewed_000067,images/02322_1784277008599537_0.jpg,images/02322_1784277008599537_0.jpg,1.00000000,2
stroller_reviewed,stroller_reviewed_000067,images/02323_1784277008761538_0.jpg,images/02322_1784277008599537_0.jpg,0.99079353,2
stroller_reviewed,stroller_reviewed_000068,images/02246_1784259943549251_0.jpg,images/02246_1784259943549251_0.jpg,1.00000000,2
stroller_reviewed,stroller_reviewed_000068,images/02247_1784259944068253_0.jpg,images/02246_1784259943549251_0.jpg,0.99077123,2
stroller_reviewed,stroller_reviewed_000069,images/02563_1784358136395988_0.jpg,images/02563_1784358136395988_0.jpg,1.00000000,2
stroller_reviewed,stroller_reviewed_000069,images/02564_1784358151418991_0.jpg,images/02563_1784358136395988_0.jpg,0.99054706,2
stroller_reviewed,stroller_reviewed_000070,images/02732_1784430211797669_0.jpg,images/02732_1784430211797669_0.jpg,1.00000000,2
stroller_reviewed,stroller_reviewed_000070,images/02733_1784430226859672_0.jpg,images/02732_1784430211797669_0.jpg,0.99004871,2
stroller_reviewed,stroller_reviewed_000071,images/00143_1780988430957444_0.jpg,images/00143_1780988430957444_0.jpg,1.00000000,1
stroller_reviewed,stroller_reviewed_000072,images/00145_1780988441044446_0.jpg,images/00145_1780988441044446_0.jpg,1.00000000,1
stroller_reviewed,stroller_reviewed_000073,images/00620_1782459223410772_0.jpg,images/00620_1782459223410772_0.jpg,1.00000000,1
stroller_reviewed,stroller_reviewed_000074,images/00621_1782459223410772_1.jpg,images/00621_1782459223410772_1.jpg,1.00000000,1
stroller_reviewed,stroller_reviewed_000075,images/00805_1783066821908019_0.jpg,images/00805_1783066821908019_0.jpg,1.00000000,1
stroller_reviewed,stroller_reviewed_000076,images/00806_1783073440285869_0.jpg,images/00806_1783073440285869_0.jpg,1.00000000,1
stroller_reviewed,stroller_reviewed_000077,images/00808_1783076159831229_0.jpg,images/00808_1783076159831229_0.jpg,1.00000000,1
stroller_reviewed,stroller_reviewed_000078,images/00812_1783082778343088_0.jpg,images/00812_1783082778343088_0.jpg,1.00000000,1
stroller_reviewed,stroller_reviewed_000079,images/00813_1783087459413689_0.jpg,images/00813_1783087459413689_0.jpg,1.00000000,1
stroller_reviewed,stroller_reviewed_000080,images/00816_1783129357938788_0.jpg,images/00816_1783129357938788_0.jpg,1.00000000,1
stroller_reviewed,stroller_reviewed_000081,images/00821_1783132863911244_0.jpg,images/00821_1783132863911244_0.jpg,1.00000000,1
stroller_reviewed,stroller_reviewed_000082,images/00822_1783136050774070_0.jpg,images/00822_1783136050774070_0.jpg,1.00000000,1
stroller_reviewed,stroller_reviewed_000083,images/00824_1783144898545651_0.jpg,images/00824_1783144898545651_0.jpg,1.00000000,1
stroller_reviewed,stroller_reviewed_000084,images/00826_1783146440464751_0.jpg,images/00826_1783146440464751_0.jpg,1.00000000,1
stroller_reviewed,stroller_reviewed_000085,images/00827_1783147845171843_0.jpg,images/00827_1783147845171843_0.jpg,1.00000000,1
stroller_reviewed,stroller_reviewed_000086,images/00828_1783153099424189_0.jpg,images/00828_1783153099424189_0.jpg,1.00000000,1
stroller_reviewed,stroller_reviewed_000087,images/00831_1783157814448500_0.jpg,images/00831_1783157814448500_0.jpg,1.00000000,1
stroller_reviewed,stroller_reviewed_000088,images/00832_1783158811299566_0.jpg,images/00832_1783158811299566_0.jpg,1.00000000,1
stroller_reviewed,stroller_reviewed_000089,images/00833_1783159763173629_0.jpg,images/00833_1783159763173629_0.jpg,1.00000000,1
stroller_reviewed,stroller_reviewed_000090,images/00834_1783161833769766_0.jpg,images/00834_1783161833769766_0.jpg,1.00000000,1
stroller_reviewed,stroller_reviewed_000091,images/00838_1783175874572677_0.jpg,images/00838_1783175874572677_0.jpg,1.00000000,1
stroller_reviewed,stroller_reviewed_000092,images/00841_1783218704050908_0.jpg,images/00841_1783218704050908_0.jpg,1.00000000,1
stroller_reviewed,stroller_reviewed_000093,images/00843_1783224566158285_0.jpg,images/00843_1783224566158285_0.jpg,1.00000000,1
stroller_reviewed,stroller_reviewed_000094,images/00846_1783226580403418_0.jpg,images/00846_1783226580403418_0.jpg,1.00000000,1
stroller_reviewed,stroller_reviewed_000095,images/00847_1783226641012422_0.jpg,images/00847_1783226641012422_0.jpg,1.00000000,1
stroller_reviewed,stroller_reviewed_000096,images/00854_1783231095558713_0.jpg,images/00854_1783231095558713_0.jpg,1.00000000,1
stroller_reviewed,stroller_reviewed_000097,images/00856_1783234918830965_0.jpg,images/00856_1783234918830965_0.jpg,1.00000000,1
stroller_reviewed,stroller_reviewed_000098,images/00857_1783234994359970_0.jpg,images/00857_1783234994359970_0.jpg,1.00000000,1
stroller_reviewed,stroller_reviewed_000099,images/00858_1783238543828205_0.jpg,images/00858_1783238543828205_0.jpg,1.00000000,1
stroller_reviewed,stroller_reviewed_000100,images/00860_1783241008337368_0.jpg,images/00860_1783241008337368_0.jpg,1.00000000,1
stroller_reviewed,stroller_reviewed_000101,images/00861_1783241068602372_0.jpg,images/00861_1783241068602372_0.jpg,1.00000000,1
stroller_reviewed,stroller_reviewed_000102,images/00870_1783252384910120_0.jpg,images/00870_1783252384910120_0.jpg,1.00000000,1
stroller_reviewed,stroller_reviewed_000103,images/00872_1783252795231147_0.jpg,images/00872_1783252795231147_0.jpg,1.00000000,1
stroller_reviewed,stroller_reviewed_000104,images/00873_1783252810400148_0.jpg,images/00873_1783252810400148_0.jpg,1.00000000,1
stroller_reviewed,stroller_reviewed_000105,images/00874_1783252825462149_0.jpg,images/00874_1783252825462149_0.jpg,1.00000000,1
stroller_reviewed,stroller_reviewed_000106,images/00875_1783252840667150_0.jpg,images/00875_1783252840667150_0.jpg,1.00000000,1
stroller_reviewed,stroller_reviewed_000107,images/00883_1783290258090340_0.jpg,images/00883_1783290258090340_0.jpg,1.00000000,1
stroller_reviewed,stroller_reviewed_000108,images/00886_1783299769449549_0.jpg,images/00886_1783299769449549_0.jpg,1.00000000,1
stroller_reviewed,stroller_reviewed_000109,images/00887_1783300943152724_0.jpg,images/00887_1783300943152724_0.jpg,1.00000000,1
stroller_reviewed,stroller_reviewed_000110,images/00888_1783303273638066_0.jpg,images/00888_1783303273638066_0.jpg,1.00000000,1
stroller_reviewed,stroller_reviewed_000111,images/00889_1783304549616241_0.jpg,images/00889_1783304549616241_0.jpg,1.00000000,1
stroller_reviewed,stroller_reviewed_000112,images/00890_1783304669921258_0.jpg,images/00890_1783304669921258_0.jpg,1.00000000,1
stroller_reviewed,stroller_reviewed_000113,images/00891_1783304850439283_0.jpg,images/00891_1783304850439283_0.jpg,1.00000000,1
stroller_reviewed,stroller_reviewed_000114,images/00892_1783304910565292_0.jpg,images/00892_1783304910565292_0.jpg,1.00000000,1
stroller_reviewed,stroller_reviewed_000115,images/00893_1783305194770334_0.jpg,images/00893_1783305194770334_0.jpg,1.00000000,1
stroller_reviewed,stroller_reviewed_000116,images/00897_1783308972311860_0.jpg,images/00897_1783308972311860_0.jpg,1.00000000,1
stroller_reviewed,stroller_reviewed_000117,images/00900_1783310085683019_0.jpg,images/00900_1783310085683019_0.jpg,1.00000000,1
stroller_reviewed,stroller_reviewed_000118,images/00901_1783311340926199_0.jpg,images/00901_1783311340926199_0.jpg,1.00000000,1
stroller_reviewed,stroller_reviewed_000119,images/00903_1783313273745455_0.jpg,images/00903_1783313273745455_0.jpg,1.00000000,1
stroller_reviewed,stroller_reviewed_000120,images/00905_1783316069370855_0.jpg,images/00905_1783316069370855_0.jpg,1.00000000,1
stroller_reviewed,stroller_reviewed_000121,images/00907_1783316099447859_0.jpg,images/00907_1783316099447859_0.jpg,1.00000000,1
stroller_reviewed,stroller_reviewed_000122,images/00910_1783321996458695_0.jpg,images/00910_1783321996458695_0.jpg,1.00000000,1
stroller_reviewed,stroller_reviewed_000123,images/00911_1783322618738787_0.jpg,images/00911_1783322618738787_0.jpg,1.00000000,1
stroller_reviewed,stroller_reviewed_000124,images/00912_1783323818309956_0.jpg,images/00912_1783323818309956_0.jpg,1.00000000,1
stroller_reviewed,stroller_reviewed_000125,images/00913_1783323878435965_0.jpg,images/00913_1783323878435965_0.jpg,1.00000000,1
stroller_reviewed,stroller_reviewed_000126,images/00914_1783324019619986_0.jpg,images/00914_1783324019619986_0.jpg,1.00000000,1
stroller_reviewed,stroller_reviewed_000127,images/00915_1783324179245010_0.jpg,images/00915_1783324179245010_0.jpg,1.00000000,1
stroller_reviewed,stroller_reviewed_000128,images/00917_1783326239740309_0.jpg,images/00917_1783326239740309_0.jpg,1.00000000,1
stroller_reviewed,stroller_reviewed_000129,images/00924_1783328739623666_0.jpg,images/00924_1783328739623666_0.jpg,1.00000000,1
stroller_reviewed,stroller_reviewed_000130,images/00925_1783329170409724_0.jpg,images/00925_1783329170409724_0.jpg,1.00000000,1
stroller_reviewed,stroller_reviewed_000131,images/00927_1783329931366832_0.jpg,images/00927_1783329931366832_0.jpg,1.00000000,1
stroller_reviewed,stroller_reviewed_000132,images/00929_1783330684830936_0.jpg,images/00929_1783330684830936_0.jpg,1.00000000,1
stroller_reviewed,stroller_reviewed_000133,images/00930_1783330885625965_0.jpg,images/00930_1783330885625965_0.jpg,1.00000000,1
stroller_reviewed,stroller_reviewed_000134,images/00931_1783330893492966_0.jpg,images/00931_1783330893492966_0.jpg,1.00000000,1
stroller_reviewed,stroller_reviewed_000135,images/00932_1783330900666968_0.jpg,images/00932_1783330900666968_0.jpg,1.00000000,1
stroller_reviewed,stroller_reviewed_000136,images/00938_1783334767668531_0.jpg,images/00938_1783334767668531_0.jpg,1.00000000,1
stroller_reviewed,stroller_reviewed_000137,images/00942_1783335483877638_0.jpg,images/00942_1783335483877638_0.jpg,1.00000000,1
stroller_reviewed,stroller_reviewed_000138,images/00943_1783337433561926_0.jpg,images/00943_1783337433561926_0.jpg,1.00000000,1
stroller_reviewed,stroller_reviewed_000139,images/00945_1783354249983864_0.jpg,images/00945_1783354249983864_0.jpg,1.00000000,1
stroller_reviewed,stroller_reviewed_000140,images/00956_1783398778105981_0.jpg,images/00956_1783398778105981_0.jpg,1.00000000,1
stroller_reviewed,stroller_reviewed_000141,images/00960_1783407905495264_0.jpg,images/00960_1783407905495264_0.jpg,1.00000000,1
stroller_reviewed,stroller_reviewed_000142,images/00961_1783410914520695_0.jpg,images/00961_1783410914520695_0.jpg,1.00000000,1
stroller_reviewed,stroller_reviewed_000143,images/00964_1783414541398223_0.jpg,images/00964_1783414541398223_0.jpg,1.00000000,1
stroller_reviewed,stroller_reviewed_000144,images/00965_1783415680224381_0.jpg,images/00965_1783415680224381_0.jpg,1.00000000,1
stroller_reviewed,stroller_reviewed_000145,images/00966_1783415849954406_0.jpg,images/00966_1783415849954406_0.jpg,1.00000000,1
stroller_reviewed,stroller_reviewed_000146,images/00969_1783418556740787_0.jpg,images/00969_1783418556740787_0.jpg,1.00000000,1
stroller_reviewed,stroller_reviewed_000147,images/00971_1783421832432273_0.jpg,images/00971_1783421832432273_0.jpg,1.00000000,1
stroller_reviewed,stroller_reviewed_000148,images/00972_1783422865613427_0.jpg,images/00972_1783422865613427_0.jpg,1.00000000,1
stroller_reviewed,stroller_reviewed_000149,images/00981_1783473593189943_0.jpg,images/00981_1783473593189943_0.jpg,1.00000000,1
stroller_reviewed,stroller_reviewed_000150,images/00985_1783477791853543_0.jpg,images/00985_1783477791853543_0.jpg,1.00000000,1
stroller_reviewed,stroller_reviewed_000151,images/00986_1783477985179572_0.jpg,images/00986_1783477985179572_0.jpg,1.00000000,1
stroller_reviewed,stroller_reviewed_000152,images/00990_1783479387341771_0.jpg,images/00990_1783479387341771_0.jpg,1.00000000,1
stroller_reviewed,stroller_reviewed_000153,images/00991_1783483038318274_0.jpg,images/00991_1783483038318274_0.jpg,1.00000000,1
stroller_reviewed,stroller_reviewed_000154,images/00992_1783483158665292_0.jpg,images/00992_1783483158665292_0.jpg,1.00000000,1
stroller_reviewed,stroller_reviewed_000155,images/00993_1783483821528370_0.jpg,images/00993_1783483821528370_0.jpg,1.00000000,1
stroller_reviewed,stroller_reviewed_000156,images/00994_1783485189395511_0.jpg,images/00994_1783485189395511_0.jpg,1.00000000,1
stroller_reviewed,stroller_reviewed_000157,images/00997_1783492920059604_0.jpg,images/00997_1783492920059604_0.jpg,1.00000000,1
stroller_reviewed,stroller_reviewed_000158,images/00998_1783492935250606_0.jpg,images/00998_1783492935250606_0.jpg,1.00000000,1
stroller_reviewed,stroller_reviewed_000159,images/01004_1783493819735735_0.jpg,images/01004_1783493819735735_0.jpg,1.00000000,1
stroller_reviewed,stroller_reviewed_000160,images/01005_1783493939989753_0.jpg,images/01005_1783493939989753_0.jpg,1.00000000,1
stroller_reviewed,stroller_reviewed_000161,images/01013_1783496639094132_0.jpg,images/01013_1783496639094132_0.jpg,1.00000000,1
stroller_reviewed,stroller_reviewed_000162,images/01015_1783498794169449_0.jpg,images/01015_1783498794169449_0.jpg,1.00000000,1
stroller_reviewed,stroller_reviewed_000163,images/01019_1783504779057314_0.jpg,images/01019_1783504779057314_0.jpg,1.00000000,1
stroller_reviewed,stroller_reviewed_000164,images/01020_1783505620866439_0.jpg,images/01020_1783505620866439_0.jpg,1.00000000,1
stroller_reviewed,stroller_reviewed_000165,images/01021_1783505697972451_0.jpg,images/01021_1783505697972451_0.jpg,1.00000000,1
stroller_reviewed,stroller_reviewed_000166,images/01022_1783505981686493_0.jpg,images/01022_1783505981686493_0.jpg,1.00000000,1
stroller_reviewed,stroller_reviewed_000167,images/01025_1783507244983682_0.jpg,images/01025_1783507244983682_0.jpg,1.00000000,1
stroller_reviewed,stroller_reviewed_000168,images/01028_1783514782000788_0.jpg,images/01028_1783514782000788_0.jpg,1.00000000,1
stroller_reviewed,stroller_reviewed_000169,images/01034_1783555344907933_0.jpg,images/01034_1783555344907933_0.jpg,1.00000000,1
stroller_reviewed,stroller_reviewed_000170,images/01035_1783557619616268_0.jpg,images/01035_1783557619616268_0.jpg,1.00000000,1
stroller_reviewed,stroller_reviewed_000171,images/01036_1783558225331359_0.jpg,images/01036_1783558225331359_0.jpg,1.00000000,1
stroller_reviewed,stroller_reviewed_000172,images/01039_1783562441913976_0.jpg,images/01039_1783562441913976_0.jpg,1.00000000,1
stroller_reviewed,stroller_reviewed_000173,images/01042_1783565267549362_0.jpg,images/01042_1783565267549362_0.jpg,1.00000000,1
stroller_reviewed,stroller_reviewed_000174,images/01043_1783565584268409_0.jpg,images/01043_1783565584268409_0.jpg,1.00000000,1
stroller_reviewed,stroller_reviewed_000175,images/01047_1783567080421610_0.jpg,images/01047_1783567080421610_0.jpg,1.00000000,1
stroller_reviewed,stroller_reviewed_000176,images/01057_1783571224912204_0.jpg,images/01057_1783571224912204_0.jpg,1.00000000,1
stroller_reviewed,stroller_reviewed_000177,images/01059_1783573839006560_0.jpg,images/01059_1783573839006560_0.jpg,1.00000000,1
stroller_reviewed,stroller_reviewed_000178,images/01062_1783577856086140_0.jpg,images/01062_1783577856086140_0.jpg,1.00000000,1
stroller_reviewed,stroller_reviewed_000179,images/01063_1783582990778899_0.jpg,images/01063_1783582990778899_0.jpg,1.00000000,1
stroller_reviewed,stroller_reviewed_000180,images/01066_1783584511661120_0.jpg,images/01066_1783584511661120_0.jpg,1.00000000,1
stroller_reviewed,stroller_reviewed_000181,images/01067_1783586256259374_0.jpg,images/01067_1783586256259374_0.jpg,1.00000000,1
stroller_reviewed,stroller_reviewed_000182,images/01073_1783589210423806_0.jpg,images/01073_1783589210423806_0.jpg,1.00000000,1
stroller_reviewed,stroller_reviewed_000183,images/01074_1783589882981902_0.jpg,images/01074_1783589882981902_0.jpg,1.00000000,1
stroller_reviewed,stroller_reviewed_000184,images/01075_1783589898014905_0.jpg,images/01075_1783589898014905_0.jpg,1.00000000,1
stroller_reviewed,stroller_reviewed_000185,images/01076_1783590004741920_0.jpg,images/01076_1783590004741920_0.jpg,1.00000000,1
stroller_reviewed,stroller_reviewed_000186,images/01077_1783590064905929_0.jpg,images/01077_1783590064905929_0.jpg,1.00000000,1
stroller_reviewed,stroller_reviewed_000187,images/01078_1783590094984934_0.jpg,images/01078_1783590094984934_0.jpg,1.00000000,1
stroller_reviewed,stroller_reviewed_000188,images/01081_1783591208502099_0.jpg,images/01081_1783591208502099_0.jpg,1.00000000,1
stroller_reviewed,stroller_reviewed_000189,images/01084_1783592115743234_0.jpg,images/01084_1783592115743234_0.jpg,1.00000000,1
stroller_reviewed,stroller_reviewed_000190,images/01087_1783592983490364_0.jpg,images/01087_1783592983490364_0.jpg,1.00000000,1
stroller_reviewed,stroller_reviewed_000191,images/01089_1783593194905395_0.jpg,images/01089_1783593194905395_0.jpg,1.00000000,1
stroller_reviewed,stroller_reviewed_000192,images/01090_1783593209947398_0.jpg,images/01090_1783593209947398_0.jpg,1.00000000,1
stroller_reviewed,stroller_reviewed_000193,images/01092_1783593270257407_0.jpg,images/01092_1783593270257407_0.jpg,1.00000000,1
stroller_reviewed,stroller_reviewed_000194,images/01093_1783593285295409_0.jpg,images/01093_1783593285295409_0.jpg,1.00000000,1
stroller_reviewed,stroller_reviewed_000195,images/01094_1783593435710431_0.jpg,images/01094_1783593435710431_0.jpg,1.00000000,1
stroller_reviewed,stroller_reviewed_000196,images/01099_1783595967742807_0.jpg,images/01099_1783595967742807_0.jpg,1.00000000,1
stroller_reviewed,stroller_reviewed_000197,images/01101_1783598950466243_0.jpg,images/01101_1783598950466243_0.jpg,1.00000000,1
stroller_reviewed,stroller_reviewed_000198,images/01102_1783600463407459_0.jpg,images/01102_1783600463407459_0.jpg,1.00000000,1
stroller_reviewed,stroller_reviewed_000199,images/01103_1783601773268641_0.jpg,images/01103_1783601773268641_0.jpg,1.00000000,1
stroller_reviewed,stroller_reviewed_000200,images/01104_1783601962931670_0.jpg,images/01104_1783601962931670_0.jpg,1.00000000,1
stroller_reviewed,stroller_reviewed_000201,images/01105_1783602434882737_0.jpg,images/01105_1783602434882737_0.jpg,1.00000000,1
stroller_reviewed,stroller_reviewed_000202,images/01107_1783611195551799_0.jpg,images/01107_1783611195551799_0.jpg,1.00000000,1
stroller_reviewed,stroller_reviewed_000203,images/01109_1783644159186179_0.jpg,images/01109_1783644159186179_0.jpg,1.00000000,1
stroller_reviewed,stroller_reviewed_000204,images/01112_1783648673700836_0.jpg,images/01112_1783648673700836_0.jpg,1.00000000,1
stroller_reviewed,stroller_reviewed_000205,images/01113_1783649538567961_0.jpg,images/01113_1783649538567961_0.jpg,1.00000000,1
stroller_reviewed,stroller_reviewed_000206,images/01114_1783651632363265_0.jpg,images/01114_1783651632363265_0.jpg,1.00000000,1
stroller_reviewed,stroller_reviewed_000207,images/01116_1783653371815520_0.jpg,images/01116_1783653371815520_0.jpg,1.00000000,1
stroller_reviewed,stroller_reviewed_000208,images/01117_1783654297158646_0.jpg,images/01117_1783654297158646_0.jpg,1.00000000,1
stroller_reviewed,stroller_reviewed_000209,images/01121_1783656396161940_0.jpg,images/01121_1783656396161940_0.jpg,1.00000000,1
stroller_reviewed,stroller_reviewed_000210,images/01123_1783657674331108_0.jpg,images/01123_1783657674331108_0.jpg,1.00000000,1
stroller_reviewed,stroller_reviewed_000211,images/01126_1783660102007458_0.jpg,images/01126_1783660102007458_0.jpg,1.00000000,1
stroller_reviewed,stroller_reviewed_000212,images/01133_1783663145151909_0.jpg,images/01133_1783663145151909_0.jpg,1.00000000,1
stroller_reviewed,stroller_reviewed_000213,images/01134_1783663205325918_0.jpg,images/01134_1783663205325918_0.jpg,1.00000000,1
stroller_reviewed,stroller_reviewed_000214,images/01135_1783663871806017_0.jpg,images/01135_1783663871806017_0.jpg,1.00000000,1
stroller_reviewed,stroller_reviewed_000215,images/01138_1783666508321403_0.jpg,images/01138_1783666508321403_0.jpg,1.00000000,1
stroller_reviewed,stroller_reviewed_000216,images/01147_1783670558300987_0.jpg,images/01147_1783670558300987_0.jpg,1.00000000,1
stroller_reviewed,stroller_reviewed_000217,images/01148_1783670618466995_0.jpg,images/01148_1783670618466995_0.jpg,1.00000000,1
stroller_reviewed,stroller_reviewed_000218,images/01149_1783670678603004_0.jpg,images/01149_1783670678603004_0.jpg,1.00000000,1
stroller_reviewed,stroller_reviewed_000219,images/01153_1783672697304297_0.jpg,images/01153_1783672697304297_0.jpg,1.00000000,1
stroller_reviewed,stroller_reviewed_000220,images/01154_1783672939752329_0.jpg,images/01154_1783672939752329_0.jpg,1.00000000,1
stroller_reviewed,stroller_reviewed_000221,images/01156_1783675026445638_0.jpg,images/01156_1783675026445638_0.jpg,1.00000000,1
stroller_reviewed,stroller_reviewed_000222,images/01157_1783675774971748_0.jpg,images/01157_1783675774971748_0.jpg,1.00000000,1
stroller_reviewed,stroller_reviewed_000223,images/01158_1783676409743843_0.jpg,images/01158_1783676409743843_0.jpg,1.00000000,1
stroller_reviewed,stroller_reviewed_000224,images/01161_1783678206006110_0.jpg,images/01161_1783678206006110_0.jpg,1.00000000,1
stroller_reviewed,stroller_reviewed_000225,images/01163_1783679047944235_0.jpg,images/01163_1783679047944235_0.jpg,1.00000000,1
stroller_reviewed,stroller_reviewed_000226,images/01170_1783681384776583_0.jpg,images/01170_1783681384776583_0.jpg,1.00000000,1
stroller_reviewed,stroller_reviewed_000227,images/01171_1783681399818586_0.jpg,images/01171_1783681399818586_0.jpg,1.00000000,1
stroller_reviewed,stroller_reviewed_000228,images/01174_1783683740423928_0.jpg,images/01174_1783683740423928_0.jpg,1.00000000,1
stroller_reviewed,stroller_reviewed_000229,images/01197_1783689161292726_0.jpg,images/01197_1783689161292726_0.jpg,1.00000000,1
stroller_reviewed,stroller_reviewed_000230,images/01208_1783728766647899_0.jpg,images/01208_1783728766647899_0.jpg,1.00000000,1
stroller_reviewed,stroller_reviewed_000231,images/01211_1783730827798185_0.jpg,images/01211_1783730827798185_0.jpg,1.00000000,1
stroller_reviewed,stroller_reviewed_000232,images/01212_1783731633130096_0.jpg,images/01212_1783731633130096_0.jpg,1.00000000,1
stroller_reviewed,stroller_reviewed_000233,images/01214_1783732488321432_0.jpg,images/01214_1783732488321432_0.jpg,1.00000000,1
stroller_reviewed,stroller_reviewed_000234,images/01215_1783732587309446_0.jpg,images/01215_1783732587309446_0.jpg,1.00000000,1
stroller_reviewed,stroller_reviewed_000235,images/01218_1783732887945491_0.jpg,images/01218_1783732887945491_0.jpg,1.00000000,1
stroller_reviewed,stroller_reviewed_000236,images/01221_1783733918197640_0.jpg,images/01221_1783733918197640_0.jpg,1.00000000,1
stroller_reviewed,stroller_reviewed_000237,images/01226_1783736225619395_0.jpg,images/01226_1783736225619395_0.jpg,1.00000000,1
stroller_reviewed,stroller_reviewed_000238,images/01231_1783737213758456_0.jpg,images/01231_1783737213758456_0.jpg,1.00000000,1
stroller_reviewed,stroller_reviewed_000239,images/01235_1783739481586606_0.jpg,images/01235_1783739481586606_0.jpg,1.00000000,1
stroller_reviewed,stroller_reviewed_000240,images/01236_1783739496755607_0.jpg,images/01236_1783739496755607_0.jpg,1.00000000,1
stroller_reviewed,stroller_reviewed_000241,images/01237_1783739511816608_0.jpg,images/01237_1783739511816608_0.jpg,1.00000000,1
stroller_reviewed,stroller_reviewed_000242,images/01238_1783739526838609_0.jpg,images/01238_1783739526838609_0.jpg,1.00000000,1
stroller_reviewed,stroller_reviewed_000243,images/01243_1783741001309653_0.jpg,images/01243_1783741001309653_0.jpg,1.00000000,1
stroller_reviewed,stroller_reviewed_000244,images/01244_1783742693786898_0.jpg,images/01244_1783742693786898_0.jpg,1.00000000,1
stroller_reviewed,stroller_reviewed_000245,images/01245_1783742753962907_0.jpg,images/01245_1783742753962907_0.jpg,1.00000000,1
stroller_reviewed,stroller_reviewed_000246,images/01250_1783746232296417_0.jpg,images/01250_1783746232296417_0.jpg,1.00000000,1
stroller_reviewed,stroller_reviewed_000247,images/01251_1783746292420426_0.jpg,images/01251_1783746292420426_0.jpg,1.00000000,1
stroller_reviewed,stroller_reviewed_000248,images/01253_1783747254859568_0.jpg,images/01253_1783747254859568_0.jpg,1.00000000,1
stroller_reviewed,stroller_reviewed_000249,images/01260_1783748638308773_0.jpg,images/01260_1783748638308773_0.jpg,1.00000000,1
stroller_reviewed,stroller_reviewed_000250,images/01261_1783748698493782_0.jpg,images/01261_1783748698493782_0.jpg,1.00000000,1
stroller_reviewed,stroller_reviewed_000251,images/01264_1783750685244342_0.jpg,images/01264_1783750685244342_0.jpg,1.00000000,1
stroller_reviewed,stroller_reviewed_000252,images/01266_1783750741271345_0.jpg,images/01266_1783750741271345_0.jpg,1.00000000,1
stroller_reviewed,stroller_reviewed_000253,images/01267_1783750756439346_0.jpg,images/01267_1783750756439346_0.jpg,1.00000000,1
stroller_reviewed,stroller_reviewed_000254,images/01269_1783750786568348_0.jpg,images/01269_1783750786568348_0.jpg,1.00000000,1
stroller_reviewed,stroller_reviewed_000255,images/01270_1783750801734349_0.jpg,images/01270_1783750801734349_0.jpg,1.00000000,1
stroller_reviewed,stroller_reviewed_000256,images/01271_1783750861891353_0.jpg,images/01271_1783750861891353_0.jpg,1.00000000,1
stroller_reviewed,stroller_reviewed_000257,images/01274_1783751109877138_0.jpg,images/01274_1783751109877138_0.jpg,1.00000000,1
stroller_reviewed,stroller_reviewed_000258,images/01276_1783751587079208_0.jpg,images/01276_1783751587079208_0.jpg,1.00000000,1
stroller_reviewed,stroller_reviewed_000259,images/01279_1783752977344413_0.jpg,images/01279_1783752977344413_0.jpg,1.00000000,1
stroller_reviewed,stroller_reviewed_000260,images/01280_1783753037496422_0.jpg,images/01280_1783753037496422_0.jpg,1.00000000,1
stroller_reviewed,stroller_reviewed_000261,images/01281_1783753338308466_0.jpg,images/01281_1783753338308466_0.jpg,1.00000000,1
stroller_reviewed,stroller_reviewed_000262,images/01294_1783758153592182_0.jpg,images/01294_1783758153592182_0.jpg,1.00000000,1
stroller_reviewed,stroller_reviewed_000263,images/01295_1783758334041209_0.jpg,images/01295_1783758334041209_0.jpg,1.00000000,1
stroller_reviewed,stroller_reviewed_000264,images/01297_1783759176189334_0.jpg,images/01297_1783759176189334_0.jpg,1.00000000,1
stroller_reviewed,stroller_reviewed_000265,images/01300_1783760054288465_0.jpg,images/01300_1783760054288465_0.jpg,1.00000000,1
stroller_reviewed,stroller_reviewed_000266,images/01304_1783761821033079_0.jpg,images/01304_1783761821033079_0.jpg,1.00000000,1
stroller_reviewed,stroller_reviewed_000267,images/01309_1783762281358796_0.jpg,images/01309_1783762281358796_0.jpg,1.00000000,1
stroller_reviewed,stroller_reviewed_000268,images/01317_1783762711060138_0.jpg,images/01317_1783762711060138_0.jpg,1.00000000,1
stroller_reviewed,stroller_reviewed_000269,images/01321_1783763626910996_0.jpg,images/01321_1783763626910996_0.jpg,1.00000000,1
stroller_reviewed,stroller_reviewed_000270,images/01322_1783763687116005_0.jpg,images/01322_1783763687116005_0.jpg,1.00000000,1
stroller_reviewed,stroller_reviewed_000271,images/01325_1783764589704139_0.jpg,images/01325_1783764589704139_0.jpg,1.00000000,1
stroller_reviewed,stroller_reviewed_000272,images/01326_1783764689006269_0.jpg,images/01326_1783764689006269_0.jpg,1.00000000,1
stroller_reviewed,stroller_reviewed_000273,images/01327_1783764704166270_0.jpg,images/01327_1783764704166270_0.jpg,1.00000000,1
stroller_reviewed,stroller_reviewed_000274,images/01328_1783764770191166_0.jpg,images/01328_1783764770191166_0.jpg,1.00000000,1
stroller_reviewed,stroller_reviewed_000275,images/01330_1783765529509012_0.jpg,images/01330_1783765529509012_0.jpg,1.00000000,1
stroller_reviewed,stroller_reviewed_000276,images/01334_1783766672575031_0.jpg,images/01334_1783766672575031_0.jpg,1.00000000,1
stroller_reviewed,stroller_reviewed_000277,images/01335_1783767012021569_0.jpg,images/01335_1783767012021569_0.jpg,1.00000000,1
stroller_reviewed,stroller_reviewed_000278,images/01339_1783767815249050_0.jpg,images/01339_1783767815249050_0.jpg,1.00000000,1
stroller_reviewed,stroller_reviewed_000279,images/01343_1783768657174064_0.jpg,images/01343_1783768657174064_0.jpg,1.00000000,1
stroller_reviewed,stroller_reviewed_000280,images/01346_1783771019261411_0.jpg,images/01346_1783771019261411_0.jpg,1.00000000,1
stroller_reviewed,stroller_reviewed_000281,images/01352_1783774379413155_0.jpg,images/01352_1783774379413155_0.jpg,1.00000000,1
stroller_reviewed,stroller_reviewed_000282,images/01353_1783774439422156_0.jpg,images/01353_1783774439422156_0.jpg,1.00000000,1
stroller_reviewed,stroller_reviewed_000283,images/01354_1783774499429157_0.jpg,images/01354_1783774499429157_0.jpg,1.00000000,1
stroller_reviewed,stroller_reviewed_000284,images/01355_1783775044606166_0.jpg,images/01355_1783775044606166_0.jpg,1.00000000,1
stroller_reviewed,stroller_reviewed_000285,images/01364_1783776530653776_0.jpg,images/01364_1783776530653776_0.jpg,1.00000000,1
stroller_reviewed,stroller_reviewed_000286,images/01366_1783778267707036_0.jpg,images/01366_1783778267707036_0.jpg,1.00000000,1
stroller_reviewed,stroller_reviewed_000287,images/01385_1783817827190903_0.jpg,images/01385_1783817827190903_0.jpg,1.00000000,1
stroller_reviewed,stroller_reviewed_000288,images/01386_1783818203612464_0.jpg,images/01386_1783818203612464_0.jpg,1.00000000,1
stroller_reviewed,stroller_reviewed_000289,images/01387_1783818458282944_0.jpg,images/01387_1783818458282944_0.jpg,1.00000000,1
stroller_reviewed,stroller_reviewed_000290,images/01388_1783818503703947_0.jpg,images/01388_1783818503703947_0.jpg,1.00000000,1
stroller_reviewed,stroller_reviewed_000291,images/01389_1783818871306475_0.jpg,images/01389_1783818871306475_0.jpg,1.00000000,1
stroller_reviewed,stroller_reviewed_000292,images/01394_1783821648540550_0.jpg,images/01394_1783821648540550_0.jpg,1.00000000,1
stroller_reviewed,stroller_reviewed_000293,images/01395_1783821663564552_0.jpg,images/01395_1783821663564552_0.jpg,1.00000000,1
stroller_reviewed,stroller_reviewed_000294,images/01396_1783821678619554_0.jpg,images/01396_1783821678619554_0.jpg,1.00000000,1
stroller_reviewed,stroller_reviewed_000295,images/01397_1783821693678556_0.jpg,images/01397_1783821693678556_0.jpg,1.00000000,1
stroller_reviewed,stroller_reviewed_000296,images/01399_1783821723950560_0.jpg,images/01399_1783821723950560_0.jpg,1.00000000,1
stroller_reviewed,stroller_reviewed_000297,images/01402_1783823000389234_0.jpg,images/01402_1783823000389234_0.jpg,1.00000000,1
stroller_reviewed,stroller_reviewed_000298,images/01403_1783823633831809_0.jpg,images/01403_1783823633831809_0.jpg,1.00000000,1
stroller_reviewed,stroller_reviewed_000299,images/01405_1783823709191819_0.jpg,images/01405_1783823709191819_0.jpg,1.00000000,1
stroller_reviewed,stroller_reviewed_000300,images/01406_1783823724400821_0.jpg,images/01406_1783823724400821_0.jpg,1.00000000,1
stroller_reviewed,stroller_reviewed_000301,images/01407_1783823739415823_0.jpg,images/01407_1783823739415823_0.jpg,1.00000000,1
stroller_reviewed,stroller_reviewed_000302,images/01408_1783823754482825_0.jpg,images/01408_1783823754482825_0.jpg,1.00000000,1
stroller_reviewed,stroller_reviewed_000303,images/01410_1783823849319550_0.jpg,images/01410_1783823849319550_0.jpg,1.00000000,1
stroller_reviewed,stroller_reviewed_000304,images/01413_1783824950912980_0.jpg,images/01413_1783824950912980_0.jpg,1.00000000,1
stroller_reviewed,stroller_reviewed_000305,images/01414_1783824965934982_0.jpg,images/01414_1783824965934982_0.jpg,1.00000000,1
stroller_reviewed,stroller_reviewed_000306,images/01415_1783824980995984_0.jpg,images/01415_1783824980995984_0.jpg,1.00000000,1
stroller_reviewed,stroller_reviewed_000307,images/01416_1783824996014986_0.jpg,images/01416_1783824996014986_0.jpg,1.00000000,1
stroller_reviewed,stroller_reviewed_000308,images/01417_1783825011050988_0.jpg,images/01417_1783825011050988_0.jpg,1.00000000,1
stroller_reviewed,stroller_reviewed_000309,images/01418_1783825026109990_0.jpg,images/01418_1783825026109990_0.jpg,1.00000000,1
stroller_reviewed,stroller_reviewed_000310,images/01419_1783825041132992_0.jpg,images/01419_1783825041132992_0.jpg,1.00000000,1
stroller_reviewed,stroller_reviewed_000311,images/01422_1783825086284998_0.jpg,images/01422_1783825086284998_0.jpg,1.00000000,1
stroller_reviewed,stroller_reviewed_000312,images/01423_1783825101450000_0.jpg,images/01423_1783825101450000_0.jpg,1.00000000,1
stroller_reviewed,stroller_reviewed_000313,images/01424_1783825116510002_0.jpg,images/01424_1783825116510002_0.jpg,1.00000000,1
stroller_reviewed,stroller_reviewed_000314,images/01425_1783825376835388_0.jpg,images/01425_1783825376835388_0.jpg,1.00000000,1
stroller_reviewed,stroller_reviewed_000315,images/01426_1783826768116215_0.jpg,images/01426_1783826768116215_0.jpg,1.00000000,1
stroller_reviewed,stroller_reviewed_000316,images/01429_1783827349458518_0.jpg,images/01429_1783827349458518_0.jpg,1.00000000,1
stroller_reviewed,stroller_reviewed_000317,images/01431_1783828359438585_0.jpg,images/01431_1783828359438585_0.jpg,1.00000000,1
stroller_reviewed,stroller_reviewed_000318,images/01432_1783828374476586_0.jpg,images/01432_1783828374476586_0.jpg,1.00000000,1
stroller_reviewed,stroller_reviewed_000319,images/01434_1783829533783662_0.jpg,images/01434_1783829533783662_0.jpg,1.00000000,1
stroller_reviewed,stroller_reviewed_000320,images/01435_1783829548924663_0.jpg,images/01435_1783829548924663_0.jpg,1.00000000,1
stroller_reviewed,stroller_reviewed_000321,images/01436_1783829898104686_0.jpg,images/01436_1783829898104686_0.jpg,1.00000000,1
stroller_reviewed,stroller_reviewed_000322,images/01437_1783829913144687_0.jpg,images/01437_1783829913144687_0.jpg,1.00000000,1
stroller_reviewed,stroller_reviewed_000323,images/01447_1783833071453019_0.jpg,images/01447_1783833071453019_0.jpg,1.00000000,1
stroller_reviewed,stroller_reviewed_000324,images/01449_1783833909236713_0.jpg,images/01449_1783833909236713_0.jpg,1.00000000,1
stroller_reviewed,stroller_reviewed_000325,images/01451_1783834691177726_0.jpg,images/01451_1783834691177726_0.jpg,1.00000000,1
stroller_reviewed,stroller_reviewed_000326,images/01452_1783834826874011_0.jpg,images/01452_1783834826874011_0.jpg,1.00000000,1
stroller_reviewed,stroller_reviewed_000327,images/01454_1783835350935316_0.jpg,images/01454_1783835350935316_0.jpg,1.00000000,1
stroller_reviewed,stroller_reviewed_000328,images/01455_1783835413459050_0.jpg,images/01455_1783835413459050_0.jpg,1.00000000,1
stroller_reviewed,stroller_reviewed_000329,images/01460_1783836554154496_0.jpg,images/01460_1783836554154496_0.jpg,1.00000000,1
stroller_reviewed,stroller_reviewed_000330,images/01467_1783838178008730_0.jpg,images/01467_1783838178008730_0.jpg,1.00000000,1
stroller_reviewed,stroller_reviewed_000331,images/01469_1783839320505900_0.jpg,images/01469_1783839320505900_0.jpg,1.00000000,1
stroller_reviewed,stroller_reviewed_000332,images/01475_1783840463459068_0.jpg,images/01475_1783840463459068_0.jpg,1.00000000,1
stroller_reviewed,stroller_reviewed_000333,images/01476_1783840884612128_0.jpg,images/01476_1783840884612128_0.jpg,1.00000000,1
stroller_reviewed,stroller_reviewed_000334,images/01477_1783841004961145_0.jpg,images/01477_1783841004961145_0.jpg,1.00000000,1
stroller_reviewed,stroller_reviewed_000335,images/01479_1783841185406172_0.jpg,images/01479_1783841185406172_0.jpg,1.00000000,1
stroller_reviewed,stroller_reviewed_000336,images/01482_1783841365772198_0.jpg,images/01482_1783841365772198_0.jpg,1.00000000,1
stroller_reviewed,stroller_reviewed_000337,images/01493_1783844518492665_0.jpg,images/01493_1783844518492665_0.jpg,1.00000000,1
stroller_reviewed,stroller_reviewed_000338,images/01494_1783845059937746_0.jpg,images/01494_1783845059937746_0.jpg,1.00000000,1
stroller_reviewed,stroller_reviewed_000339,images/01495_1783845120086755_0.jpg,images/01495_1783845120086755_0.jpg,1.00000000,1
stroller_reviewed,stroller_reviewed_000340,images/01496_1783845180304764_0.jpg,images/01496_1783845180304764_0.jpg,1.00000000,1
stroller_reviewed,stroller_reviewed_000341,images/01501_1783845887151745_0.jpg,images/01501_1783845887151745_0.jpg,1.00000000,1
stroller_reviewed,stroller_reviewed_000342,images/01510_1783847165071060_0.jpg,images/01510_1783847165071060_0.jpg,1.00000000,1
stroller_reviewed,stroller_reviewed_000343,images/01513_1783847345572087_0.jpg,images/01513_1783847345572087_0.jpg,1.00000000,1
stroller_reviewed,stroller_reviewed_000344,images/01519_1783848811070939_0.jpg,images/01519_1783848811070939_0.jpg,1.00000000,1
stroller_reviewed,stroller_reviewed_000345,images/01520_1783848826111940_0.jpg,images/01520_1783848826111940_0.jpg,1.00000000,1
stroller_reviewed,stroller_reviewed_000346,images/01521_1783849149808356_0.jpg,images/01521_1783849149808356_0.jpg,1.00000000,1
stroller_reviewed,stroller_reviewed_000347,images/01522_1783850052249491_0.jpg,images/01522_1783850052249491_0.jpg,1.00000000,1
stroller_reviewed,stroller_reviewed_000348,images/01523_1783850230253516_0.jpg,images/01523_1783850230253516_0.jpg,1.00000000,1
stroller_reviewed,stroller_reviewed_000349,images/01524_1783850245424520_0.jpg,images/01524_1783850245424520_0.jpg,1.00000000,1
stroller_reviewed,stroller_reviewed_000350,images/01531_1783852914280917_0.jpg,images/01531_1783852914280917_0.jpg,1.00000000,1
stroller_reviewed,stroller_reviewed_000351,images/01532_1783852929446919_0.jpg,images/01532_1783852929446919_0.jpg,1.00000000,1
stroller_reviewed,stroller_reviewed_000352,images/01533_1783852999858930_0.jpg,images/01533_1783852999858930_0.jpg,1.00000000,1
stroller_reviewed,stroller_reviewed_000353,images/01537_1783853698454034_0.jpg,images/01537_1783853698454034_0.jpg,1.00000000,1
stroller_reviewed,stroller_reviewed_000354,images/01538_1783854082773092_0.jpg,images/01538_1783854082773092_0.jpg,1.00000000,1
stroller_reviewed,stroller_reviewed_000355,images/01539_1783854381002309_0.jpg,images/01539_1783854381002309_0.jpg,1.00000000,1
stroller_reviewed,stroller_reviewed_000356,images/01540_1783854665740179_0.jpg,images/01540_1783854665740179_0.jpg,1.00000000,1
stroller_reviewed,stroller_reviewed_000357,images/01543_1783855253726266_0.jpg,images/01543_1783855253726266_0.jpg,1.00000000,1
stroller_reviewed,stroller_reviewed_000358,images/01545_1783856174731428_0.jpg,images/01545_1783856174731428_0.jpg,1.00000000,1
stroller_reviewed,stroller_reviewed_000359,images/01552_1783858283362713_0.jpg,images/01552_1783858283362713_0.jpg,1.00000000,1
stroller_reviewed,stroller_reviewed_000360,images/01555_1783859675044921_0.jpg,images/01555_1783859675044921_0.jpg,1.00000000,1
stroller_reviewed,stroller_reviewed_000361,images/01556_1783859690118923_0.jpg,images/01556_1783859690118923_0.jpg,1.00000000,1
stroller_reviewed,stroller_reviewed_000362,images/01557_1783859705285925_0.jpg,images/01557_1783859705285925_0.jpg,1.00000000,1
stroller_reviewed,stroller_reviewed_000363,images/01558_1783859720342927_0.jpg,images/01558_1783859720342927_0.jpg,1.00000000,1
stroller_reviewed,stroller_reviewed_000364,images/01559_1783859750761932_0.jpg,images/01559_1783859750761932_0.jpg,1.00000000,1
stroller_reviewed,stroller_reviewed_000365,images/01561_1783859781145936_0.jpg,images/01561_1783859781145936_0.jpg,1.00000000,1
stroller_reviewed,stroller_reviewed_000366,images/01562_1783859796202939_0.jpg,images/01562_1783859796202939_0.jpg,1.00000000,1
stroller_reviewed,stroller_reviewed_000367,images/01563_1783859811412941_0.jpg,images/01563_1783859811412941_0.jpg,1.00000000,1
stroller_reviewed,stroller_reviewed_000368,images/01564_1783859826571943_0.jpg,images/01564_1783859826571943_0.jpg,1.00000000,1
stroller_reviewed,stroller_reviewed_000369,images/01565_1783859841633945_0.jpg,images/01565_1783859841633945_0.jpg,1.00000000,1
stroller_reviewed,stroller_reviewed_000370,images/01566_1783859856653948_0.jpg,images/01566_1783859856653948_0.jpg,1.00000000,1
stroller_reviewed,stroller_reviewed_000371,images/01567_1783859871711950_0.jpg,images/01567_1783859871711950_0.jpg,1.00000000,1
stroller_reviewed,stroller_reviewed_000372,images/01569_1783940342782567_0.jpg,images/01569_1783940342782567_0.jpg,1.00000000,1
stroller_reviewed,stroller_reviewed_000373,images/01571_1783940402955568_0.jpg,images/01571_1783940402955568_0.jpg,1.00000000,1
stroller_reviewed,stroller_reviewed_000374,images/01575_1783941791759495_0.jpg,images/01575_1783941791759495_0.jpg,1.00000000,1
stroller_reviewed,stroller_reviewed_000375,images/01577_1783941806816497_0.jpg,images/01577_1783941806816497_0.jpg,1.00000000,1
stroller_reviewed,stroller_reviewed_000376,images/01585_1783942267898599_0.jpg,images/01585_1783942267898599_0.jpg,1.00000000,1
stroller_reviewed,stroller_reviewed_000377,images/01595_1783951692991534_0.jpg,images/01595_1783951692991534_0.jpg,1.00000000,1
stroller_reviewed,stroller_reviewed_000378,images/01597_1783951708039535_0.jpg,images/01597_1783951708039535_0.jpg,1.00000000,1
stroller_reviewed,stroller_reviewed_000379,images/01603_1783951753644538_0.jpg,images/01603_1783951753644538_0.jpg,1.00000000,1
stroller_reviewed,stroller_reviewed_000380,images/01627_1783989913868401_0.jpg,images/01627_1783989913868401_0.jpg,1.00000000,1
stroller_reviewed,stroller_reviewed_000381,images/01633_1783990451451445_0.jpg,images/01633_1783990451451445_0.jpg,1.00000000,1
stroller_reviewed,stroller_reviewed_000382,images/01635_1783990872571480_0.jpg,images/01635_1783990872571480_0.jpg,1.00000000,1
stroller_reviewed,stroller_reviewed_000383,images/01636_1783907457537039_0.jpg,images/01636_1783907457537039_0.jpg,1.00000000,1
stroller_reviewed,stroller_reviewed_000384,images/01639_1783992135595583_0.jpg,images/01639_1783992135595583_0.jpg,1.00000000,1
stroller_reviewed,stroller_reviewed_000385,images/01642_1783911407152102_0.jpg,images/01642_1783911407152102_0.jpg,1.00000000,1
stroller_reviewed,stroller_reviewed_000386,images/01643_1783993055486658_0.jpg,images/01643_1783993055486658_0.jpg,1.00000000,1
stroller_reviewed,stroller_reviewed_000387,images/01644_1783911894481110_0.jpg,images/01644_1783911894481110_0.jpg,1.00000000,1
stroller_reviewed,stroller_reviewed_000388,images/01648_1783912363494116_0.jpg,images/01648_1783912363494116_0.jpg,1.00000000,1
stroller_reviewed,stroller_reviewed_000389,images/01651_1783998746414113_0.jpg,images/01651_1783998746414113_0.jpg,1.00000000,1
stroller_reviewed,stroller_reviewed_000390,images/01654_1783912664296121_0.jpg,images/01654_1783912664296121_0.jpg,1.00000000,1
stroller_reviewed,stroller_reviewed_000391,images/01658_1783913526860782_0.jpg,images/01658_1783913526860782_0.jpg,1.00000000,1
stroller_reviewed,stroller_reviewed_000392,images/01660_1783913753244139_0.jpg,images/01660_1783913753244139_0.jpg,1.00000000,1
stroller_reviewed,stroller_reviewed_000393,images/01663_1784000172284227_0.jpg,images/01663_1784000172284227_0.jpg,1.00000000,1
stroller_reviewed,stroller_reviewed_000394,images/01664_1783914955308970_0.jpg,images/01664_1783914955308970_0.jpg,1.00000000,1
stroller_reviewed,stroller_reviewed_000395,images/01668_1783915273269012_0.jpg,images/01668_1783915273269012_0.jpg,1.00000000,1
stroller_reviewed,stroller_reviewed_000396,images/01676_1783918211978396_0.jpg,images/01676_1783918211978396_0.jpg,1.00000000,1
stroller_reviewed,stroller_reviewed_000397,images/01681_1784001734776354_0.jpg,images/01681_1784001734776354_0.jpg,1.00000000,1
stroller_reviewed,stroller_reviewed_000398,images/01683_1784002070897380_0.jpg,images/01683_1784002070897380_0.jpg,1.00000000,1
stroller_reviewed,stroller_reviewed_000399,images/01685_1784003675123510_0.jpg,images/01685_1784003675123510_0.jpg,1.00000000,1
stroller_reviewed,stroller_reviewed_000400,images/01687_1784003947547533_0.jpg,images/01687_1784003947547533_0.jpg,1.00000000,1
stroller_reviewed,stroller_reviewed_000401,images/01689_1784004067501542_0.jpg,images/01689_1784004067501542_0.jpg,1.00000000,1
stroller_reviewed,stroller_reviewed_000402,images/01691_1784004082690543_0.jpg,images/01691_1784004082690543_0.jpg,1.00000000,1
stroller_reviewed,stroller_reviewed_000403,images/01698_1783925724835331_0.jpg,images/01698_1783925724835331_0.jpg,1.00000000,1
stroller_reviewed,stroller_reviewed_000404,images/01702_1783926966512351_0.jpg,images/01702_1783926966512351_0.jpg,1.00000000,1
stroller_reviewed,stroller_reviewed_000405,images/01711_1784009186765762_0.jpg,images/01711_1784009186765762_0.jpg,1.00000000,1
stroller_reviewed,stroller_reviewed_000406,images/01713_1784009533465986_0.jpg,images/01713_1784009533465986_0.jpg,1.00000000,1
stroller_reviewed,stroller_reviewed_000407,images/01720_1783934127491465_0.jpg,images/01720_1783934127491465_0.jpg,1.00000000,1
stroller_reviewed,stroller_reviewed_000408,images/01721_1784011962999183_0.jpg,images/01721_1784011962999183_0.jpg,1.00000000,1
stroller_reviewed,stroller_reviewed_000409,images/01730_1783935441935655_0.jpg,images/01730_1783935441935655_0.jpg,1.00000000,1
stroller_reviewed,stroller_reviewed_000410,images/01732_1783935456998657_0.jpg,images/01732_1783935456998657_0.jpg,1.00000000,1
stroller_reviewed,stroller_reviewed_000411,images/01735_1784016425398003_0.jpg,images/01735_1784016425398003_0.jpg,1.00000000,1
stroller_reviewed,stroller_reviewed_000412,images/01738_1783936202337499_0.jpg,images/01738_1783936202337499_0.jpg,1.00000000,1
stroller_reviewed,stroller_reviewed_000413,images/01742_1783936623320506_0.jpg,images/01742_1783936623320506_0.jpg,1.00000000,1
stroller_reviewed,stroller_reviewed_000414,images/01743_1784017086729015_0.jpg,images/01743_1784017086729015_0.jpg,1.00000000,1
stroller_reviewed,stroller_reviewed_000415,images/01744_1783936803642509_0.jpg,images/01744_1783936803642509_0.jpg,1.00000000,1
stroller_reviewed,stroller_reviewed_000416,images/01756_1783940282663566_0.jpg,images/01756_1783940282663566_0.jpg,1.00000000,1
stroller_reviewed,stroller_reviewed_000417,images/01762_1784017461539335_0.jpg,images/01762_1784017461539335_0.jpg,1.00000000,1
stroller_reviewed,stroller_reviewed_000418,images/01765_1784018154069519_0.jpg,images/01765_1784018154069519_0.jpg,1.00000000,1
stroller_reviewed,stroller_reviewed_000419,images/01775_1784021232882087_0.jpg,images/01775_1784021232882087_0.jpg,1.00000000,1
stroller_reviewed,stroller_reviewed_000420,images/01776_1784021469542392_0.jpg,images/01776_1784021469542392_0.jpg,1.00000000,1
stroller_reviewed,stroller_reviewed_000421,images/01784_1784022688405111_0.jpg,images/01784_1784022688405111_0.jpg,1.00000000,1
stroller_reviewed,stroller_reviewed_000422,images/01789_1784024936147309_0.jpg,images/01789_1784024936147309_0.jpg,1.00000000,1
stroller_reviewed,stroller_reviewed_000423,images/01796_1784027313821188_0.jpg,images/01796_1784027313821188_0.jpg,1.00000000,1
stroller_reviewed,stroller_reviewed_000424,images/01798_1784031111373934_0.jpg,images/01798_1784031111373934_0.jpg,1.00000000,1
stroller_reviewed,stroller_reviewed_000425,images/01808_1784035079023570_0.jpg,images/01808_1784035079023570_0.jpg,1.00000000,1
stroller_reviewed,stroller_reviewed_000426,images/01828_1784070785814507_0.jpg,images/01828_1784070785814507_0.jpg,1.00000000,1
stroller_reviewed,stroller_reviewed_000427,images/01834_1784073619835903_0.jpg,images/01834_1784073619835903_0.jpg,1.00000000,1
stroller_reviewed,stroller_reviewed_000428,images/01847_1784081169523677_0.jpg,images/01847_1784081169523677_0.jpg,1.00000000,1
stroller_reviewed,stroller_reviewed_000429,images/01863_1784085447444901_0.jpg,images/01863_1784085447444901_0.jpg,1.00000000,1
stroller_reviewed,stroller_reviewed_000430,images/01871_1784088795537804_0.jpg,images/01871_1784088795537804_0.jpg,1.00000000,1
stroller_reviewed,stroller_reviewed_000431,images/01872_1784088810589808_0.jpg,images/01872_1784088810589808_0.jpg,1.00000000,1
stroller_reviewed,stroller_reviewed_000432,images/01873_1784088855818817_0.jpg,images/01873_1784088855818817_0.jpg,1.00000000,1
stroller_reviewed,stroller_reviewed_000433,images/01874_1784088870880819_0.jpg,images/01874_1784088870880819_0.jpg,1.00000000,1
stroller_reviewed,stroller_reviewed_000434,images/01882_1784091011000234_0.jpg,images/01882_1784091011000234_0.jpg,1.00000000,1
stroller_reviewed,stroller_reviewed_000435,images/01884_1784091041108240_0.jpg,images/01884_1784091041108240_0.jpg,1.00000000,1
stroller_reviewed,stroller_reviewed_000436,images/01885_1784091082454840_0.jpg,images/01885_1784091082454840_0.jpg,1.00000000,1
stroller_reviewed,stroller_reviewed_000437,images/01886_1784091142607841_0.jpg,images/01886_1784091142607841_0.jpg,1.00000000,1
stroller_reviewed,stroller_reviewed_000438,images/01888_1784091752291851_0.jpg,images/01888_1784091752291851_0.jpg,1.00000000,1
stroller_reviewed,stroller_reviewed_000439,images/01891_1784092457658507_0.jpg,images/01891_1784092457658507_0.jpg,1.00000000,1
stroller_reviewed,stroller_reviewed_000440,images/01897_1784093645679883_0.jpg,images/01897_1784093645679883_0.jpg,1.00000000,1
stroller_reviewed,stroller_reviewed_000441,images/01906_1784097414016453_0.jpg,images/01906_1784097414016453_0.jpg,1.00000000,1
stroller_reviewed,stroller_reviewed_000442,images/01908_1784097429222457_0.jpg,images/01908_1784097429222457_0.jpg,1.00000000,1
stroller_reviewed,stroller_reviewed_000443,images/01916_1784099881933638_0.jpg,images/01916_1784099881933638_0.jpg,1.00000000,1
stroller_reviewed,stroller_reviewed_000444,images/01917_1784099912174646_0.jpg,images/01917_1784099912174646_0.jpg,1.00000000,1
stroller_reviewed,stroller_reviewed_000445,images/01945_1784104999830882_0.jpg,images/01945_1784104999830882_0.jpg,1.00000000,1
stroller_reviewed,stroller_reviewed_000446,images/01946_1784105015777991_0.jpg,images/01946_1784105015777991_0.jpg,1.00000000,1
stroller_reviewed,stroller_reviewed_000447,images/01947_1784105136583023_0.jpg,images/01947_1784105136583023_0.jpg,1.00000000,1
stroller_reviewed,stroller_reviewed_000448,images/01960_1784107730177706_0.jpg,images/01960_1784107730177706_0.jpg,1.00000000,1
stroller_reviewed,stroller_reviewed_000449,images/01968_1784113227056482_0.jpg,images/01968_1784113227056482_0.jpg,1.00000000,1
stroller_reviewed,stroller_reviewed_000450,images/01969_1784113229491483_0.jpg,images/01969_1784113229491483_0.jpg,1.00000000,1
stroller_reviewed,stroller_reviewed_000451,images/01970_1784113234395484_0.jpg,images/01970_1784113234395484_0.jpg,1.00000000,1
stroller_reviewed,stroller_reviewed_000452,images/01971_1784113289680496_0.jpg,images/01971_1784113289680496_0.jpg,1.00000000,1
stroller_reviewed,stroller_reviewed_000453,images/01973_1784114986870806_0.jpg,images/01973_1784114986870806_0.jpg,1.00000000,1
stroller_reviewed,stroller_reviewed_000454,images/01980_1784124149155378_0.jpg,images/01980_1784124149155378_0.jpg,1.00000000,1
stroller_reviewed,stroller_reviewed_000455,images/02023_1784166498917676_0.jpg,images/02023_1784166498917676_0.jpg,1.00000000,1
stroller_reviewed,stroller_reviewed_000456,images/02034_1784169873714686_0.jpg,images/02034_1784169873714686_0.jpg,1.00000000,1
stroller_reviewed,stroller_reviewed_000457,images/02040_1784170808639922_0.jpg,images/02040_1784170808639922_0.jpg,1.00000000,1
stroller_reviewed,stroller_reviewed_000458,images/02041_1784170854075934_0.jpg,images/02041_1784170854075934_0.jpg,1.00000000,1
stroller_reviewed,stroller_reviewed_000459,images/02045_1784174363634799_0.jpg,images/02045_1784174363634799_0.jpg,1.00000000,1
stroller_reviewed,stroller_reviewed_000460,images/02047_1784175082837027_0.jpg,images/02047_1784175082837027_0.jpg,1.00000000,1
stroller_reviewed,stroller_reviewed_000461,images/02050_1784176692314834_0.jpg,images/02050_1784176692314834_0.jpg,1.00000000,1
stroller_reviewed,stroller_reviewed_000462,images/02052_1784177382081447_0.jpg,images/02052_1784177382081447_0.jpg,1.00000000,1
stroller_reviewed,stroller_reviewed_000463,images/02064_1784182442172926_0.jpg,images/02064_1784182442172926_0.jpg,1.00000000,1
stroller_reviewed,stroller_reviewed_000464,images/02065_1784182599471006_0.jpg,images/02065_1784182599471006_0.jpg,1.00000000,1
stroller_reviewed,stroller_reviewed_000465,images/02070_1784184915779968_0.jpg,images/02070_1784184915779968_0.jpg,1.00000000,1
stroller_reviewed,stroller_reviewed_000466,images/02073_1784186881246000_0.jpg,images/02073_1784186881246000_0.jpg,1.00000000,1
stroller_reviewed,stroller_reviewed_000467,images/02075_1784187670670332_0.jpg,images/02075_1784187670670332_0.jpg,1.00000000,1
stroller_reviewed,stroller_reviewed_000468,images/02076_1784187713452014_0.jpg,images/02076_1784187713452014_0.jpg,1.00000000,1
stroller_reviewed,stroller_reviewed_000469,images/02078_1784189219872686_0.jpg,images/02078_1784189219872686_0.jpg,1.00000000,1
stroller_reviewed,stroller_reviewed_000470,images/02081_1784189460830804_0.jpg,images/02081_1784189460830804_0.jpg,1.00000000,1
stroller_reviewed,stroller_reviewed_000471,images/02083_1784190310856028_0.jpg,images/02083_1784190310856028_0.jpg,1.00000000,1
stroller_reviewed,stroller_reviewed_000472,images/02084_1784190895017018_0.jpg,images/02084_1784190895017018_0.jpg,1.00000000,1
stroller_reviewed,stroller_reviewed_000473,images/02085_1784190970988034_0.jpg,images/02085_1784190970988034_0.jpg,1.00000000,1
stroller_reviewed,stroller_reviewed_000474,images/02086_1784191144510071_0.jpg,images/02086_1784191144510071_0.jpg,1.00000000,1
stroller_reviewed,stroller_reviewed_000475,images/02091_1784193342797107_0.jpg,images/02091_1784193342797107_0.jpg,1.00000000,1
stroller_reviewed,stroller_reviewed_000476,images/02100_1784195848365148_0.jpg,images/02100_1784195848365148_0.jpg,1.00000000,1
stroller_reviewed,stroller_reviewed_000477,images/02102_1784196626528126_0.jpg,images/02102_1784196626528126_0.jpg,1.00000000,1
stroller_reviewed,stroller_reviewed_000478,images/02104_1784197773276181_0.jpg,images/02104_1784197773276181_0.jpg,1.00000000,1
stroller_reviewed,stroller_reviewed_000479,images/02106_1784199156437204_0.jpg,images/02106_1784199156437204_0.jpg,1.00000000,1
stroller_reviewed,stroller_reviewed_000480,images/02107_1784200347956863_0.jpg,images/02107_1784200347956863_0.jpg,1.00000000,1
stroller_reviewed,stroller_reviewed_000481,images/02108_1784200362971867_0.jpg,images/02108_1784200362971867_0.jpg,1.00000000,1
stroller_reviewed,stroller_reviewed_000482,images/02111_1784200744711232_0.jpg,images/02111_1784200744711232_0.jpg,1.00000000,1
stroller_reviewed,stroller_reviewed_000483,images/02112_1784203029994271_0.jpg,images/02112_1784203029994271_0.jpg,1.00000000,1
stroller_reviewed,stroller_reviewed_000484,images/02113_1784203571412280_0.jpg,images/02113_1784203571412280_0.jpg,1.00000000,1
stroller_reviewed,stroller_reviewed_000485,images/02114_1784206653174066_0.jpg,images/02114_1784206653174066_0.jpg,1.00000000,1
stroller_reviewed,stroller_reviewed_000486,images/02115_1784206668225069_0.jpg,images/02115_1784206668225069_0.jpg,1.00000000,1
stroller_reviewed,stroller_reviewed_000487,images/02116_1784206683270072_0.jpg,images/02116_1784206683270072_0.jpg,1.00000000,1
stroller_reviewed,stroller_reviewed_000488,images/02121_1784206789972369_0.jpg,images/02121_1784206789972369_0.jpg,1.00000000,1
stroller_reviewed,stroller_reviewed_000489,images/02131_1784211128247403_0.jpg,images/02131_1784211128247403_0.jpg,1.00000000,1
stroller_reviewed,stroller_reviewed_000490,images/02134_1784214938221440_0.jpg,images/02134_1784214938221440_0.jpg,1.00000000,1
stroller_reviewed,stroller_reviewed_000491,images/02153_1784243020975530_0.jpg,images/02153_1784243020975530_0.jpg,1.00000000,1
stroller_reviewed,stroller_reviewed_000492,images/02155_1784243184102893_0.jpg,images/02155_1784243184102893_0.jpg,1.00000000,1
stroller_reviewed,stroller_reviewed_000493,images/02175_1784249705018274_0.jpg,images/02175_1784249705018274_0.jpg,1.00000000,1
stroller_reviewed,stroller_reviewed_000494,images/02176_1784249720071277_0.jpg,images/02176_1784249720071277_0.jpg,1.00000000,1
stroller_reviewed,stroller_reviewed_000495,images/02177_1784249721404279_0.jpg,images/02177_1784249721404279_0.jpg,1.00000000,1
stroller_reviewed,stroller_reviewed_000496,images/02178_1784249735124280_0.jpg,images/02178_1784249735124280_0.jpg,1.00000000,1
stroller_reviewed,stroller_reviewed_000497,images/02179_1784249736569282_0.jpg,images/02179_1784249736569282_0.jpg,1.00000000,1
stroller_reviewed,stroller_reviewed_000498,images/02184_1784251396672610_0.jpg,images/02184_1784251396672610_0.jpg,1.00000000,1
stroller_reviewed,stroller_reviewed_000499,images/02187_1784251860053107_0.jpg,images/02187_1784251860053107_0.jpg,1.00000000,1
stroller_reviewed,stroller_reviewed_000500,images/02188_1784252424554254_0.jpg,images/02188_1784252424554254_0.jpg,1.00000000,1
stroller_reviewed,stroller_reviewed_000501,images/02189_1784252439749258_0.jpg,images/02189_1784252439749258_0.jpg,1.00000000,1
stroller_reviewed,stroller_reviewed_000502,images/02194_1784254662251719_0.jpg,images/02194_1784254662251719_0.jpg,1.00000000,1
stroller_reviewed,stroller_reviewed_000503,images/02196_1784255023196727_0.jpg,images/02196_1784255023196727_0.jpg,1.00000000,1
stroller_reviewed,stroller_reviewed_000504,images/02200_1784256105905746_0.jpg,images/02200_1784256105905746_0.jpg,1.00000000,1
stroller_reviewed,stroller_reviewed_000505,images/02202_1784256707253756_0.jpg,images/02202_1784256707253756_0.jpg,1.00000000,1
stroller_reviewed,stroller_reviewed_000506,images/02229_1784257813646850_0.jpg,images/02229_1784257813646850_0.jpg,1.00000000,1
stroller_reviewed,stroller_reviewed_000507,images/02233_1784257844254858_0.jpg,images/02233_1784257844254858_0.jpg,1.00000000,1
stroller_reviewed,stroller_reviewed_000508,images/02234_1784258550329991_0.jpg,images/02234_1784258550329991_0.jpg,1.00000000,1
stroller_reviewed,stroller_reviewed_000509,images/02238_1784258879300926_0.jpg,images/02238_1784258879300926_0.jpg,1.00000000,1
stroller_reviewed,stroller_reviewed_000510,images/02245_1784259928493248_0.jpg,images/02245_1784259928493248_0.jpg,1.00000000,1
stroller_reviewed,stroller_reviewed_000511,images/02251_1784261340166572_0.jpg,images/02251_1784261340166572_0.jpg,1.00000000,1
stroller_reviewed,stroller_reviewed_000512,images/02256_1784261735045836_0.jpg,images/02256_1784261735045836_0.jpg,1.00000000,1
stroller_reviewed,stroller_reviewed_000513,images/02264_1784263566401867_0.jpg,images/02264_1784263566401867_0.jpg,1.00000000,1
stroller_reviewed,stroller_reviewed_000514,images/02266_1784264424200390_0.jpg,images/02266_1784264424200390_0.jpg,1.00000000,1
stroller_reviewed,stroller_reviewed_000515,images/02267_1784264455050398_0.jpg,images/02267_1784264455050398_0.jpg,1.00000000,1
stroller_reviewed,stroller_reviewed_000516,images/02274_1784265237886894_0.jpg,images/02274_1784265237886894_0.jpg,1.00000000,1
stroller_reviewed,stroller_reviewed_000517,images/02278_1784268919445954_0.jpg,images/02278_1784268919445954_0.jpg,1.00000000,1
stroller_reviewed,stroller_reviewed_000518,images/02279_1784269141266994_0.jpg,images/02279_1784269141266994_0.jpg,1.00000000,1
stroller_reviewed,stroller_reviewed_000519,images/02280_1784269179857625_0.jpg,images/02280_1784269179857625_0.jpg,1.00000000,1
stroller_reviewed,stroller_reviewed_000520,images/02282_1784269754791775_0.jpg,images/02282_1784269754791775_0.jpg,1.00000000,1
stroller_reviewed,stroller_reviewed_000521,images/02286_1784271708222292_0.jpg,images/02286_1784271708222292_0.jpg,1.00000000,1
stroller_reviewed,stroller_reviewed_000522,images/02294_1784274680424053_0.jpg,images/02294_1784274680424053_0.jpg,1.00000000,1
stroller_reviewed,stroller_reviewed_000523,images/02298_1784275599994322_0.jpg,images/02298_1784275599994322_0.jpg,1.00000000,1
stroller_reviewed,stroller_reviewed_000524,images/02299_1784275603151325_0.jpg,images/02299_1784275603151325_0.jpg,1.00000000,1
stroller_reviewed,stroller_reviewed_000525,images/02300_1784275615189327_0.jpg,images/02300_1784275615189327_0.jpg,1.00000000,1
stroller_reviewed,stroller_reviewed_000526,images/02301_1784275618196329_0.jpg,images/02301_1784275618196329_0.jpg,1.00000000,1
stroller_reviewed,stroller_reviewed_000527,images/02302_1784275633390333_0.jpg,images/02302_1784275633390333_0.jpg,1.00000000,1
stroller_reviewed,stroller_reviewed_000528,images/02307_1784275911056407_0.jpg,images/02307_1784275911056407_0.jpg,1.00000000,1
stroller_reviewed,stroller_reviewed_000529,images/02308_1784276016658436_0.jpg,images/02308_1784276016658436_0.jpg,1.00000000,1
stroller_reviewed,stroller_reviewed_000530,images/02310_1784276388968533_0.jpg,images/02310_1784276388968533_0.jpg,1.00000000,1
stroller_reviewed,stroller_reviewed_000531,images/02311_1784276401807536_0.jpg,images/02311_1784276401807536_0.jpg,1.00000000,1
stroller_reviewed,stroller_reviewed_000532,images/02312_1784276404014537_0.jpg,images/02312_1784276404014537_0.jpg,1.00000000,1
stroller_reviewed,stroller_reviewed_000533,images/02313_1784276431897544_0.jpg,images/02313_1784276431897544_0.jpg,1.00000000,1
stroller_reviewed,stroller_reviewed_000534,images/02315_1784276464491553_0.jpg,images/02315_1784276464491553_0.jpg,1.00000000,1
stroller_reviewed,stroller_reviewed_000535,images/02316_1784276479539557_0.jpg,images/02316_1784276479539557_0.jpg,1.00000000,1
stroller_reviewed,stroller_reviewed_000536,images/02317_1784276785278088_0.jpg,images/02317_1784276785278088_0.jpg,1.00000000,1
stroller_reviewed,stroller_reviewed_000537,images/02324_1784277023754540_0.jpg,images/02324_1784277023754540_0.jpg,1.00000000,1
stroller_reviewed,stroller_reviewed_000538,images/02326_1784277038804543_0.jpg,images/02326_1784277038804543_0.jpg,1.00000000,1
stroller_reviewed,stroller_reviewed_000539,images/02328_1784277053865546_0.jpg,images/02328_1784277053865546_0.jpg,1.00000000,1
stroller_reviewed,stroller_reviewed_000540,images/02336_1784277114333558_0.jpg,images/02336_1784277114333558_0.jpg,1.00000000,1
stroller_reviewed,stroller_reviewed_000541,images/02337_1784277129381561_0.jpg,images/02337_1784277129381561_0.jpg,1.00000000,1
stroller_reviewed,stroller_reviewed_000542,images/02338_1784277129718563_0.jpg,images/02338_1784277129718563_0.jpg,1.00000000,1
stroller_reviewed,stroller_reviewed_000543,images/02339_1784277144429564_0.jpg,images/02339_1784277144429564_0.jpg,1.00000000,1
stroller_reviewed,stroller_reviewed_000544,images/02358_1784277295162594_0.jpg,images/02358_1784277295162594_0.jpg,1.00000000,1
stroller_reviewed,stroller_reviewed_000545,images/02363_1784277340423603_0.jpg,images/02363_1784277340423603_0.jpg,1.00000000,1
stroller_reviewed,stroller_reviewed_000546,images/02364_1784277340778604_0.jpg,images/02364_1784277340778604_0.jpg,1.00000000,1
stroller_reviewed,stroller_reviewed_000547,images/02376_1784280461382040_0.jpg,images/02376_1784280461382040_0.jpg,1.00000000,1
stroller_reviewed,stroller_reviewed_000548,images/02381_1784281385806054_0.jpg,images/02381_1784281385806054_0.jpg,1.00000000,1
stroller_reviewed,stroller_reviewed_000549,images/02382_1784281687685059_0.jpg,images/02382_1784281687685059_0.jpg,1.00000000,1
stroller_reviewed,stroller_reviewed_000550,images/02383_1784281747852060_0.jpg,images/02383_1784281747852060_0.jpg,1.00000000,1
stroller_reviewed,stroller_reviewed_000551,images/02385_1784283306850085_0.jpg,images/02385_1784283306850085_0.jpg,1.00000000,1
stroller_reviewed,stroller_reviewed_000552,images/02387_1784284209168100_0.jpg,images/02387_1784284209168100_0.jpg,1.00000000,1
stroller_reviewed,stroller_reviewed_000553,images/02392_1784287637430159_0.jpg,images/02392_1784287637430159_0.jpg,1.00000000,1
stroller_reviewed,stroller_reviewed_000554,images/02395_1784288544709175_0.jpg,images/02395_1784288544709175_0.jpg,1.00000000,1
stroller_reviewed,stroller_reviewed_000555,images/02408_1784293657740266_0.jpg,images/02408_1784293657740266_0.jpg,1.00000000,1
stroller_reviewed,stroller_reviewed_000556,images/02433_1784333106107780_0.jpg,images/02433_1784333106107780_0.jpg,1.00000000,1
stroller_reviewed,stroller_reviewed_000557,images/02434_1784333125093785_0.jpg,images/02434_1784333125093785_0.jpg,1.00000000,1
stroller_reviewed,stroller_reviewed_000558,images/02435_1784333140236789_0.jpg,images/02435_1784333140236789_0.jpg,1.00000000,1
stroller_reviewed,stroller_reviewed_000559,images/02436_1784333155327794_0.jpg,images/02436_1784333155327794_0.jpg,1.00000000,1
stroller_reviewed,stroller_reviewed_000560,images/02437_1784333170521799_0.jpg,images/02437_1784333170521799_0.jpg,1.00000000,1
stroller_reviewed,stroller_reviewed_000561,images/02438_1784333185717802_0.jpg,images/02438_1784333185717802_0.jpg,1.00000000,1
stroller_reviewed,stroller_reviewed_000562,images/02439_1784333200762806_0.jpg,images/02439_1784333200762806_0.jpg,1.00000000,1
stroller_reviewed,stroller_reviewed_000563,images/02451_1784335846411481_0.jpg,images/02451_1784335846411481_0.jpg,1.00000000,1
stroller_reviewed,stroller_reviewed_000564,images/02461_1784338820917257_0.jpg,images/02461_1784338820917257_0.jpg,1.00000000,1
stroller_reviewed,stroller_reviewed_000565,images/02462_1784338835962262_0.jpg,images/02462_1784338835962262_0.jpg,1.00000000,1
stroller_reviewed,stroller_reviewed_000566,images/02472_1784343826231683_0.jpg,images/02472_1784343826231683_0.jpg,1.00000000,1
stroller_reviewed,stroller_reviewed_000567,images/02473_1784343849632290_0.jpg,images/02473_1784343849632290_0.jpg,1.00000000,1
stroller_reviewed,stroller_reviewed_000568,images/02474_1784343864804294_0.jpg,images/02474_1784343864804294_0.jpg,1.00000000,1
stroller_reviewed,stroller_reviewed_000569,images/02480_1784346400841768_0.jpg,images/02480_1784346400841768_0.jpg,1.00000000,1
stroller_reviewed,stroller_reviewed_000570,images/02481_1784346834284733_0.jpg,images/02481_1784346834284733_0.jpg,1.00000000,1
stroller_reviewed,stroller_reviewed_000571,images/02482_1784347463754490_0.jpg,images/02482_1784347463754490_0.jpg,1.00000000,1
stroller_reviewed,stroller_reviewed_000572,images/02483_1784347478952494_0.jpg,images/02483_1784347478952494_0.jpg,1.00000000,1
stroller_reviewed,stroller_reviewed_000573,images/02484_1784347494001498_0.jpg,images/02484_1784347494001498_0.jpg,1.00000000,1
stroller_reviewed,stroller_reviewed_000574,images/02485_1784347509196502_0.jpg,images/02485_1784347509196502_0.jpg,1.00000000,1
stroller_reviewed,stroller_reviewed_000575,images/02486_1784347524395506_0.jpg,images/02486_1784347524395506_0.jpg,1.00000000,1
stroller_reviewed,stroller_reviewed_000576,images/02487_1784347539596510_0.jpg,images/02487_1784347539596510_0.jpg,1.00000000,1
stroller_reviewed,stroller_reviewed_000577,images/02488_1784347855481032_0.jpg,images/02488_1784347855481032_0.jpg,1.00000000,1
stroller_reviewed,stroller_reviewed_000578,images/02489_1784347946332050_0.jpg,images/02489_1784347946332050_0.jpg,1.00000000,1
stroller_reviewed,stroller_reviewed_000579,images/02490_1784347962470622_0.jpg,images/02490_1784347962470622_0.jpg,1.00000000,1
stroller_reviewed,stroller_reviewed_000580,images/02491_1784347977518626_0.jpg,images/02491_1784347977518626_0.jpg,1.00000000,1
stroller_reviewed,stroller_reviewed_000581,images/02493_1784348651337799_0.jpg,images/02493_1784348651337799_0.jpg,1.00000000,1
stroller_reviewed,stroller_reviewed_000582,images/02496_1784349159845770_0.jpg,images/02496_1784349159845770_0.jpg,1.00000000,1
stroller_reviewed,stroller_reviewed_000583,images/02497_1784349295228266_0.jpg,images/02497_1784349295228266_0.jpg,1.00000000,1
stroller_reviewed,stroller_reviewed_000584,images/02499_1784349325326273_0.jpg,images/02499_1784349325326273_0.jpg,1.00000000,1
stroller_reviewed,stroller_reviewed_000585,images/02502_1784350077189782_0.jpg,images/02502_1784350077189782_0.jpg,1.00000000,1
stroller_reviewed,stroller_reviewed_000586,images/02504_1784350254026218_0.jpg,images/02504_1784350254026218_0.jpg,1.00000000,1
stroller_reviewed,stroller_reviewed_000587,images/02511_1784351039680799_0.jpg,images/02511_1784351039680799_0.jpg,1.00000000,1
stroller_reviewed,stroller_reviewed_000588,images/02514_1784352134186827_0.jpg,images/02514_1784352134186827_0.jpg,1.00000000,1
stroller_reviewed,stroller_reviewed_000589,images/02515_1784352149391830_0.jpg,images/02515_1784352149391830_0.jpg,1.00000000,1
stroller_reviewed,stroller_reviewed_000590,images/02516_1784352164451833_0.jpg,images/02516_1784352164451833_0.jpg,1.00000000,1
stroller_reviewed,stroller_reviewed_000591,images/02517_1784352179464836_0.jpg,images/02517_1784352179464836_0.jpg,1.00000000,1
stroller_reviewed,stroller_reviewed_000592,images/02518_1784352194525839_0.jpg,images/02518_1784352194525839_0.jpg,1.00000000,1
stroller_reviewed,stroller_reviewed_000593,images/02519_1784352209593842_0.jpg,images/02519_1784352209593842_0.jpg,1.00000000,1
stroller_reviewed,stroller_reviewed_000594,images/02525_1784353992917848_0.jpg,images/02525_1784353992917848_0.jpg,1.00000000,1
stroller_reviewed,stroller_reviewed_000595,images/02528_1784354607694303_0.jpg,images/02528_1784354607694303_0.jpg,1.00000000,1
stroller_reviewed,stroller_reviewed_000596,images/02532_1784354713431324_0.jpg,images/02532_1784354713431324_0.jpg,1.00000000,1
stroller_reviewed,stroller_reviewed_000597,images/02535_1784354758867333_0.jpg,images/02535_1784354758867333_0.jpg,1.00000000,1
stroller_reviewed,stroller_reviewed_000598,images/02536_1784354773926336_0.jpg,images/02536_1784354773926336_0.jpg,1.00000000,1
stroller_reviewed,stroller_reviewed_000599,images/02537_1784354788983339_0.jpg,images/02537_1784354788983339_0.jpg,1.00000000,1
stroller_reviewed,stroller_reviewed_000600,images/02538_1784354819222345_0.jpg,images/02538_1784354819222345_0.jpg,1.00000000,1
stroller_reviewed,stroller_reviewed_000601,images/02539_1784354834381348_0.jpg,images/02539_1784354834381348_0.jpg,1.00000000,1
stroller_reviewed,stroller_reviewed_000602,images/02540_1784355089142385_0.jpg,images/02540_1784355089142385_0.jpg,1.00000000,1
stroller_reviewed,stroller_reviewed_000603,images/02541_1784355465946596_0.jpg,images/02541_1784355465946596_0.jpg,1.00000000,1
stroller_reviewed,stroller_reviewed_000604,images/02543_1784355533896614_0.jpg,images/02543_1784355533896614_0.jpg,1.00000000,1
stroller_reviewed,stroller_reviewed_000605,images/02544_1784355826503878_0.jpg,images/02544_1784355826503878_0.jpg,1.00000000,1
stroller_reviewed,stroller_reviewed_000606,images/02551_1784356703828704_0.jpg,images/02551_1784356703828704_0.jpg,1.00000000,1
stroller_reviewed,stroller_reviewed_000607,images/02555_1784356824317729_0.jpg,images/02555_1784356824317729_0.jpg,1.00000000,1
stroller_reviewed,stroller_reviewed_000608,images/02558_1784358030770967_0.jpg,images/02558_1784358030770967_0.jpg,1.00000000,1
stroller_reviewed,stroller_reviewed_000609,images/02559_1784358091264979_0.jpg,images/02559_1784358091264979_0.jpg,1.00000000,1
stroller_reviewed,stroller_reviewed_000610,images/02560_1784358106321982_0.jpg,images/02560_1784358106321982_0.jpg,1.00000000,1
stroller_reviewed,stroller_reviewed_000611,images/02568_1784358211930003_0.jpg,images/02568_1784358211930003_0.jpg,1.00000000,1
stroller_reviewed,stroller_reviewed_000612,images/02570_1784358227092006_0.jpg,images/02570_1784358227092006_0.jpg,1.00000000,1
stroller_reviewed,stroller_reviewed_000613,images/02571_1784358242160009_0.jpg,images/02571_1784358242160009_0.jpg,1.00000000,1
stroller_reviewed,stroller_reviewed_000614,images/02572_1784358257183012_0.jpg,images/02572_1784358257183012_0.jpg,1.00000000,1
stroller_reviewed,stroller_reviewed_000615,images/02573_1784358724265933_0.jpg,images/02573_1784358724265933_0.jpg,1.00000000,1
stroller_reviewed,stroller_reviewed_000616,images/02574_1784358753988464_0.jpg,images/02574_1784358753988464_0.jpg,1.00000000,1
stroller_reviewed,stroller_reviewed_000617,images/02575_1784358784426934_0.jpg,images/02575_1784358784426934_0.jpg,1.00000000,1
stroller_reviewed,stroller_reviewed_000618,images/02578_1784358904619936_0.jpg,images/02578_1784358904619936_0.jpg,1.00000000,1
stroller_reviewed,stroller_reviewed_000619,images/02579_1784358936717148_0.jpg,images/02579_1784358936717148_0.jpg,1.00000000,1
stroller_reviewed,stroller_reviewed_000620,images/02580_1784359599816688_0.jpg,images/02580_1784359599816688_0.jpg,1.00000000,1
stroller_reviewed,stroller_reviewed_000621,images/02584_1784360461076450_0.jpg,images/02584_1784360461076450_0.jpg,1.00000000,1
stroller_reviewed,stroller_reviewed_000622,images/02585_1784360476089453_0.jpg,images/02585_1784360476089453_0.jpg,1.00000000,1
stroller_reviewed,stroller_reviewed_000623,images/02586_1784360491152456_0.jpg,images/02586_1784360491152456_0.jpg,1.00000000,1
stroller_reviewed,stroller_reviewed_000624,images/02587_1784360506361459_0.jpg,images/02587_1784360506361459_0.jpg,1.00000000,1
stroller_reviewed,stroller_reviewed_000625,images/02588_1784360521521463_0.jpg,images/02588_1784360521521463_0.jpg,1.00000000,1
stroller_reviewed,stroller_reviewed_000626,images/02592_1784361001450057_0.jpg,images/02592_1784361001450057_0.jpg,1.00000000,1
stroller_reviewed,stroller_reviewed_000627,images/02595_1784361599361668_0.jpg,images/02595_1784361599361668_0.jpg,1.00000000,1
stroller_reviewed,stroller_reviewed_000628,images/02597_1784361684079239_0.jpg,images/02597_1784361684079239_0.jpg,1.00000000,1
stroller_reviewed,stroller_reviewed_000629,images/02604_1784362634305003_0.jpg,images/02604_1784362634305003_0.jpg,1.00000000,1
stroller_reviewed,stroller_reviewed_000630,images/02605_1784362694452004_0.jpg,images/02605_1784362694452004_0.jpg,1.00000000,1
stroller_reviewed,stroller_reviewed_000631,images/02607_1784362754613005_0.jpg,images/02607_1784362754613005_0.jpg,1.00000000,1
stroller_reviewed,stroller_reviewed_000632,images/02609_1784363312109015_0.jpg,images/02609_1784363312109015_0.jpg,1.00000000,1
stroller_reviewed,stroller_reviewed_000633,images/02610_1784363372311016_0.jpg,images/02610_1784363372311016_0.jpg,1.00000000,1
stroller_reviewed,stroller_reviewed_000634,images/02612_1784364393393953_0.jpg,images/02612_1784364393393953_0.jpg,1.00000000,1
stroller_reviewed,stroller_reviewed_000635,images/02613_1784364394733034_0.jpg,images/02613_1784364394733034_0.jpg,1.00000000,1
stroller_reviewed,stroller_reviewed_000636,images/02614_1784364755422040_0.jpg,images/02614_1784364755422040_0.jpg,1.00000000,1
stroller_reviewed,stroller_reviewed_000637,images/02615_1784364766331298_0.jpg,images/02615_1784364766331298_0.jpg,1.00000000,1
stroller_reviewed,stroller_reviewed_000638,images/02617_1784365279660400_0.jpg,images/02617_1784365279660400_0.jpg,1.00000000,1
stroller_reviewed,stroller_reviewed_000639,images/02619_1784365370076418_0.jpg,images/02619_1784365370076418_0.jpg,1.00000000,1
stroller_reviewed,stroller_reviewed_000640,images/02620_1784365372328420_0.jpg,images/02620_1784365372328420_0.jpg,1.00000000,1
stroller_reviewed,stroller_reviewed_000641,images/02621_1784365385133422_0.jpg,images/02621_1784365385133422_0.jpg,1.00000000,1
stroller_reviewed,stroller_reviewed_000642,images/02623_1784365716801488_0.jpg,images/02623_1784365716801488_0.jpg,1.00000000,1
stroller_reviewed,stroller_reviewed_000643,images/02624_1784365777743059_0.jpg,images/02624_1784365777743059_0.jpg,1.00000000,1
stroller_reviewed,stroller_reviewed_000644,images/02626_1784365958221062_0.jpg,images/02626_1784365958221062_0.jpg,1.00000000,1
stroller_reviewed,stroller_reviewed_000645,images/02629_1784366378613614_0.jpg,images/02629_1784366378613614_0.jpg,1.00000000,1
stroller_reviewed,stroller_reviewed_000646,images/02630_1784366920984081_0.jpg,images/02630_1784366920984081_0.jpg,1.00000000,1
stroller_reviewed,stroller_reviewed_000647,images/02631_1784366981177083_0.jpg,images/02631_1784366981177083_0.jpg,1.00000000,1
stroller_reviewed,stroller_reviewed_000648,images/02633_1784367402034091_0.jpg,images/02633_1784367402034091_0.jpg,1.00000000,1
stroller_reviewed,stroller_reviewed_000649,images/02634_1784367462183093_0.jpg,images/02634_1784367462183093_0.jpg,1.00000000,1
stroller_reviewed,stroller_reviewed_000650,images/02635_1784367522347095_0.jpg,images/02635_1784367522347095_0.jpg,1.00000000,1
stroller_reviewed,stroller_reviewed_000651,images/02636_1784368123935106_0.jpg,images/02636_1784368123935106_0.jpg,1.00000000,1
stroller_reviewed,stroller_reviewed_000652,images/02639_1784369819569134_0.jpg,images/02639_1784369819569134_0.jpg,1.00000000,1
stroller_reviewed,stroller_reviewed_000653,images/02641_1784371937350715_0.jpg,images/02641_1784371937350715_0.jpg,1.00000000,1
stroller_reviewed,stroller_reviewed_000654,images/02642_1784372028057733_0.jpg,images/02642_1784372028057733_0.jpg,1.00000000,1
stroller_reviewed,stroller_reviewed_000655,images/02645_1784372362663177_0.jpg,images/02645_1784372362663177_0.jpg,1.00000000,1
stroller_reviewed,stroller_reviewed_000656,images/02649_1784374527929216_0.jpg,images/02649_1784374527929216_0.jpg,1.00000000,1
stroller_reviewed,stroller_reviewed_000657,images/02650_1784375430063231_0.jpg,images/02650_1784375430063231_0.jpg,1.00000000,1
stroller_reviewed,stroller_reviewed_000658,images/02651_1784376406495136_0.jpg,images/02651_1784376406495136_0.jpg,1.00000000,1
stroller_reviewed,stroller_reviewed_000659,images/02652_1784376421538140_0.jpg,images/02652_1784376421538140_0.jpg,1.00000000,1
stroller_reviewed,stroller_reviewed_000660,images/02654_1784377722990839_0.jpg,images/02654_1784377722990839_0.jpg,1.00000000,1
stroller_reviewed,stroller_reviewed_000661,images/02655_1784377897924273_0.jpg,images/02655_1784377897924273_0.jpg,1.00000000,1
stroller_reviewed,stroller_reviewed_000662,images/02656_1784378980709293_0.jpg,images/02656_1784378980709293_0.jpg,1.00000000,1
stroller_reviewed,stroller_reviewed_000663,images/02657_1784379161194297_0.jpg,images/02657_1784379161194297_0.jpg,1.00000000,1
stroller_reviewed,stroller_reviewed_000664,images/02659_1784379620280476_0.jpg,images/02659_1784379620280476_0.jpg,1.00000000,1
stroller_reviewed,stroller_reviewed_000665,images/02660_1784379632883478_0.jpg,images/02660_1784379632883478_0.jpg,1.00000000,1
stroller_reviewed,stroller_reviewed_000666,images/02661_1784379635318480_0.jpg,images/02661_1784379635318480_0.jpg,1.00000000,1
stroller_reviewed,stroller_reviewed_000667,images/02663_1784379650406484_0.jpg,images/02663_1784379650406484_0.jpg,1.00000000,1
stroller_reviewed,stroller_reviewed_000668,images/02667_1784379725902504_0.jpg,images/02667_1784379725902504_0.jpg,1.00000000,1
stroller_reviewed,stroller_reviewed_000669,images/02685_1784415219181188_0.jpg,images/02685_1784415219181188_0.jpg,1.00000000,1
stroller_reviewed,stroller_reviewed_000670,images/02694_1784421351641577_0.jpg,images/02694_1784421351641577_0.jpg,1.00000000,1
stroller_reviewed,stroller_reviewed_000671,images/02705_1784426392318882_0.jpg,images/02705_1784426392318882_0.jpg,1.00000000,1
stroller_reviewed,stroller_reviewed_000672,images/02706_1784426393170884_0.jpg,images/02706_1784426393170884_0.jpg,1.00000000,1
stroller_reviewed,stroller_reviewed_000673,images/02707_1784426840033022_0.jpg,images/02707_1784426840033022_0.jpg,1.00000000,1
stroller_reviewed,stroller_reviewed_000674,images/02710_1784426963612034_0.jpg,images/02710_1784426963612034_0.jpg,1.00000000,1
stroller_reviewed,stroller_reviewed_000675,images/02711_1784426990961052_0.jpg,images/02711_1784426990961052_0.jpg,1.00000000,1
stroller_reviewed,stroller_reviewed_000676,images/02713_1784427145708671_0.jpg,images/02713_1784427145708671_0.jpg,1.00000000,1
stroller_reviewed,stroller_reviewed_000677,images/02714_1784427626984679_0.jpg,images/02714_1784427626984679_0.jpg,1.00000000,1
stroller_reviewed,stroller_reviewed_000678,images/02728_1784430109604837_0.jpg,images/02728_1784430109604837_0.jpg,1.00000000,1
stroller_reviewed,stroller_reviewed_000679,images/02731_1784430196738666_0.jpg,images/02731_1784430196738666_0.jpg,1.00000000,1
stroller_reviewed,stroller_reviewed_000680,images/02734_1784430242020675_0.jpg,images/02734_1784430242020675_0.jpg,1.00000000,1
stroller_reviewed,stroller_reviewed_000681,images/02736_1784430523516729_0.jpg,images/02736_1784430523516729_0.jpg,1.00000000,1
stroller_reviewed,stroller_reviewed_000682,images/02737_1784431341917163_0.jpg,images/02737_1784431341917163_0.jpg,1.00000000,1
stroller_reviewed,stroller_reviewed_000683,images/02738_1784431356959167_0.jpg,images/02738_1784431356959167_0.jpg,1.00000000,1
stroller_reviewed,stroller_reviewed_000684,images/02739_1784431436841893_0.jpg,images/02739_1784431436841893_0.jpg,1.00000000,1
stroller_reviewed,stroller_reviewed_000685,images/02742_1784432180738757_0.jpg,images/02742_1784432180738757_0.jpg,1.00000000,1
stroller_reviewed,stroller_reviewed_000686,images/02749_1784434141796789_0.jpg,images/02749_1784434141796789_0.jpg,1.00000000,1
stroller_reviewed,stroller_reviewed_000687,images/02751_1784434946929532_0.jpg,images/02751_1784434946929532_0.jpg,1.00000000,1
stroller_reviewed,stroller_reviewed_000688,images/02752_1784434962000534_0.jpg,images/02752_1784434962000534_0.jpg,1.00000000,1
stroller_reviewed,stroller_reviewed_000689,images/02755_1784435485428630_0.jpg,images/02755_1784435485428630_0.jpg,1.00000000,1
stroller_reviewed,stroller_reviewed_000690,images/02758_1784436721173833_0.jpg,images/02758_1784436721173833_0.jpg,1.00000000,1
stroller_reviewed,stroller_reviewed_000691,images/02760_1784436981315912_0.jpg,images/02760_1784436981315912_0.jpg,1.00000000,1
stroller_reviewed,stroller_reviewed_000692,images/02761_1784436981841913_0.jpg,images/02761_1784436981841913_0.jpg,1.00000000,1
stroller_reviewed,stroller_reviewed_000693,images/02788_1784438115563138_0.jpg,images/02788_1784438115563138_0.jpg,1.00000000,1
stroller_reviewed,stroller_reviewed_000694,images/02789_1784438130620141_0.jpg,images/02789_1784438130620141_0.jpg,1.00000000,1
stroller_reviewed,stroller_reviewed_000695,images/02790_1784438145645144_0.jpg,images/02790_1784438145645144_0.jpg,1.00000000,1
stroller_reviewed,stroller_reviewed_000696,images/02823_1784439246777238_0.jpg,images/02823_1784439246777238_0.jpg,1.00000000,1
stroller_reviewed,stroller_reviewed_000697,images/02839_1784440329399893_0.jpg,images/02839_1784440329399893_0.jpg,1.00000000,1
stroller_reviewed,stroller_reviewed_000698,images/02846_1784440572661897_0.jpg,images/02846_1784440572661897_0.jpg,1.00000000,1
stroller_reviewed,stroller_reviewed_000699,images/02848_1784440592307593_0.jpg,images/02848_1784440592307593_0.jpg,1.00000000,1
stroller_reviewed,stroller_reviewed_000700,images/02876_1784441595732914_0.jpg,images/02876_1784441595732914_0.jpg,1.00000000,1
stroller_reviewed,stroller_reviewed_000701,images/02880_1784441655881915_0.jpg,images/02880_1784441655881915_0.jpg,1.00000000,1
stroller_reviewed,stroller_reviewed_000702,images/02923_1784443182130119_0.jpg,images/02923_1784443182130119_0.jpg,1.00000000,1
stroller_reviewed,stroller_reviewed_000703,images/02929_1784443438240945_0.jpg,images/02929_1784443438240945_0.jpg,1.00000000,1
stroller_reviewed,stroller_reviewed_000704,images/02936_1784443964212489_0.jpg,images/02936_1784443964212489_0.jpg,1.00000000,1
stroller_reviewed,stroller_reviewed_000705,images/02955_1784444581193966_0.jpg,images/02955_1784444581193966_0.jpg,1.00000000,1
stroller_reviewed,stroller_reviewed_000706,images/02969_1784444943517453_0.jpg,images/02969_1784444943517453_0.jpg,1.00000000,1
stroller_reviewed,stroller_reviewed_000707,images/02976_1784445041958775_0.jpg,images/02976_1784445041958775_0.jpg,1.00000000,1
stroller_reviewed,stroller_reviewed_000708,images/02978_1784445124677489_0.jpg,images/02978_1784445124677489_0.jpg,1.00000000,1
stroller_reviewed,stroller_reviewed_000709,images/02982_1784445297131522_0.jpg,images/02982_1784445297131522_0.jpg,1.00000000,1
stroller_reviewed,stroller_reviewed_000710,images/02989_1784445357465534_0.jpg,images/02989_1784445357465534_0.jpg,1.00000000,1
stroller_reviewed,stroller_reviewed_000711,images/02990_1784445357825536_0.jpg,images/02990_1784445357825536_0.jpg,1.00000000,1
stroller_reviewed,stroller_reviewed_000712,images/03002_1784445538797572_0.jpg,images/03002_1784445538797572_0.jpg,1.00000000,1
stroller_reviewed,stroller_reviewed_000713,images/03003_1784445553632574_0.jpg,images/03003_1784445553632574_0.jpg,1.00000000,1
stroller_reviewed,stroller_reviewed_000714,images/03026_1784446625943000_0.jpg,images/03026_1784446625943000_0.jpg,1.00000000,1
stroller_reviewed,stroller_reviewed_000715,images/03027_1784446628447787_0.jpg,images/03027_1784446628447787_0.jpg,1.00000000,1
stroller_reviewed,stroller_reviewed_000716,images/03074_1784449091873045_0.jpg,images/03074_1784449091873045_0.jpg,1.00000000,1
stroller_reviewed,stroller_reviewed_000717,images/03091_1784449591879981_0.jpg,images/03091_1784449591879981_0.jpg,1.00000000,1
stroller_reviewed,stroller_reviewed_000718,images/03092_1784449593096982_0.jpg,images/03092_1784449593096982_0.jpg,1.00000000,1
stroller_reviewed,stroller_reviewed_000719,images/03099_1784449813521057_0.jpg,images/03099_1784449813521057_0.jpg,1.00000000,1
stroller_reviewed,stroller_reviewed_000720,images/03102_1784449873721059_0.jpg,images/03102_1784449873721059_0.jpg,1.00000000,1
stroller_reviewed,stroller_reviewed_000721,images/03104_1784449933882060_0.jpg,images/03104_1784449933882060_0.jpg,1.00000000,1
stroller_reviewed,stroller_reviewed_000722,images/03148_1784451083735378_0.jpg,images/03148_1784451083735378_0.jpg,1.00000000,1
stroller_reviewed,stroller_reviewed_000723,images/03156_1784451377464089_0.jpg,images/03156_1784451377464089_0.jpg,1.00000000,1
stroller_reviewed,stroller_reviewed_000724,images/03189_1784452286570916_0.jpg,images/03189_1784452286570916_0.jpg,1.00000000,1
stroller_reviewed,stroller_reviewed_000725,images/03191_1784452316797923_0.jpg,images/03191_1784452316797923_0.jpg,1.00000000,1
stroller_reviewed,stroller_reviewed_000726,images/03192_1784452332235927_0.jpg,images/03192_1784452332235927_0.jpg,1.00000000,1
stroller_reviewed,stroller_reviewed_000727,images/03202_1784452460091108_0.jpg,images/03202_1784452460091108_0.jpg,1.00000000,1
stroller_reviewed,stroller_reviewed_000728,images/03217_1784452700753114_0.jpg,images/03217_1784452700753114_0.jpg,1.00000000,1
stroller_reviewed,stroller_reviewed_000729,images/03222_1784452941247118_0.jpg,images/03222_1784452941247118_0.jpg,1.00000000,1
stroller_reviewed,stroller_reviewed_000730,images/03230_1784453232732948_0.jpg,images/03230_1784453232732948_0.jpg,1.00000000,1
stroller_reviewed,stroller_reviewed_000731,images/03268_1784453871309233_0.jpg,images/03268_1784453871309233_0.jpg,1.00000000,1
stroller_reviewed,stroller_reviewed_000732,images/03278_1784454445063144_0.jpg,images/03278_1784454445063144_0.jpg,1.00000000,1
stroller_reviewed,stroller_reviewed_000733,images/03289_1784454805924150_0.jpg,images/03289_1784454805924150_0.jpg,1.00000000,1
stroller_reviewed,stroller_reviewed_000734,images/03291_1784455467552161_0.jpg,images/03291_1784455467552161_0.jpg,1.00000000,1
stroller_reviewed,stroller_reviewed_000735,images/03292_1784455643905582_0.jpg,images/03292_1784455643905582_0.jpg,1.00000000,1
stroller_reviewed,stroller_reviewed_000736,images/03293_1784456189375173_0.jpg,images/03293_1784456189375173_0.jpg,1.00000000,1
stroller_reviewed,stroller_reviewed_000737,images/03294_1784456309686175_0.jpg,images/03294_1784456309686175_0.jpg,1.00000000,1
stroller_reviewed,stroller_reviewed_000738,images/03299_1784457168222886_0.jpg,images/03299_1784457168222886_0.jpg,1.00000000,1
stroller_reviewed,stroller_reviewed_000739,images/03302_1784457228716899_0.jpg,images/03302_1784457228716899_0.jpg,1.00000000,1
stroller_reviewed,stroller_reviewed_000740,images/03303_1784457651403983_0.jpg,images/03303_1784457651403983_0.jpg,1.00000000,1
stroller_reviewed,stroller_reviewed_000741,images/03304_1784457666458986_0.jpg,images/03304_1784457666458986_0.jpg,1.00000000,1
stroller_reviewed,stroller_reviewed_000742,images/03309_1784458492519211_0.jpg,images/03309_1784458492519211_0.jpg,1.00000000,1
stroller_reviewed,stroller_reviewed_000743,images/03313_1784458706892001_0.jpg,images/03313_1784458706892001_0.jpg,1.00000000,1
stroller_reviewed,stroller_reviewed_000744,images/03315_1784458932652237_0.jpg,images/03315_1784458932652237_0.jpg,1.00000000,1
stroller_reviewed,stroller_reviewed_000745,images/03320_1784460683439575_0.jpg,images/03320_1784460683439575_0.jpg,1.00000000,1
stroller_reviewed,stroller_reviewed_000746,images/03321_1784461556879048_0.jpg,images/03321_1784461556879048_0.jpg,1.00000000,1
stroller_reviewed,stroller_reviewed_000747,images/03344_1784465794442289_0.jpg,images/03344_1784465794442289_0.jpg,1.00000000,1
stroller_reviewed,stroller_reviewed_000748,images/03353_1784466546319132_0.jpg,images/03353_1784466546319132_0.jpg,1.00000000,1
stroller_reviewed,stroller_reviewed_000749,images/03766_1784509583207431_0.jpg,images/03766_1784509583207431_0.jpg,1.00000000,1
stroller_reviewed,stroller_reviewed_000750,images/03812_1784511087140456_0.jpg,images/03812_1784511087140456_0.jpg,1.00000000,1
stroller_reviewed,stroller_reviewed_000751,images/03845_1784512290244476_0.jpg,images/03845_1784512290244476_0.jpg,1.00000000,1
stroller_reviewed,stroller_reviewed_000752,images/03930_1784514336438507_0.jpg,images/03930_1784514336438507_0.jpg,1.00000000,1
stroller_reviewed,stroller_reviewed_000753,images/03938_1784514456789509_0.jpg,images/03938_1784514456789509_0.jpg,1.00000000,1
stroller_reviewed,stroller_reviewed_000754,images/03939_1784514516856510_0.jpg,images/03939_1784514516856510_0.jpg,1.00000000,1
stroller_reviewed,stroller_reviewed_000755,images/03971_1784515300132524_0.jpg,images/03971_1784515300132524_0.jpg,1.00000000,1
stroller_reviewed,stroller_reviewed_000756,images/03972_1784515360256525_0.jpg,images/03972_1784515360256525_0.jpg,1.00000000,1
stroller_reviewed,stroller_reviewed_000757,images/03973_1784515420429526_0.jpg,images/03973_1784515420429526_0.jpg,1.00000000,1
stroller_reviewed,stroller_reviewed_000758,images/03975_1784515480610527_0.jpg,images/03975_1784515480610527_0.jpg,1.00000000,1
stroller_reviewed,stroller_reviewed_000759,images/03978_1784515540738529_0.jpg,images/03978_1784515540738529_0.jpg,1.00000000,1
stroller_reviewed,stroller_reviewed_000760,images/03979_1784515600758530_0.jpg,images/03979_1784515600758530_0.jpg,1.00000000,1
stroller_reviewed,stroller_reviewed_000761,images/03980_1784515621806707_0.jpg,images/03980_1784515621806707_0.jpg,1.00000000,1
stroller_reviewed,stroller_reviewed_000762,images/03981_1784515660929531_0.jpg,images/03981_1784515660929531_0.jpg,1.00000000,1
stroller_reviewed,stroller_reviewed_000763,images/03990_1784516115127835_0.jpg,images/03990_1784516115127835_0.jpg,1.00000000,1
stroller_reviewed,stroller_reviewed_000764,images/04031_1784517392642461_0.jpg,images/04031_1784517392642461_0.jpg,1.00000000,1
stroller_reviewed,stroller_reviewed_000765,images/04034_1784517422642559_0.jpg,images/04034_1784517422642559_0.jpg,1.00000000,1
stroller_reviewed,stroller_reviewed_000766,images/04075_1784518686116508_0.jpg,images/04075_1784518686116508_0.jpg,1.00000000,1
stroller_reviewed,stroller_reviewed_000767,images/04082_1784518836132582_0.jpg,images/04082_1784518836132582_0.jpg,1.00000000,1
stroller_reviewed,stroller_reviewed_000768,images/04094_1784518993268590_0.jpg,images/04094_1784518993268590_0.jpg,1.00000000,1
stroller_reviewed,stroller_reviewed_000769,images/04101_1784519196979588_0.jpg,images/04101_1784519196979588_0.jpg,1.00000000,1
stroller_reviewed,stroller_reviewed_000770,images/04111_1784519528094593_0.jpg,images/04111_1784519528094593_0.jpg,1.00000000,1
stroller_reviewed,stroller_reviewed_000771,images/04160_1784520336677606_0.jpg,images/04160_1784520336677606_0.jpg,1.00000000,1
stroller_reviewed,stroller_reviewed_000772,images/04164_1784520517168609_0.jpg,images/04164_1784520517168609_0.jpg,1.00000000,1
stroller_reviewed,stroller_reviewed_000773,images/04170_1784520637306611_0.jpg,images/04170_1784520637306611_0.jpg,1.00000000,1
stroller_reviewed,stroller_reviewed_000774,images/04269_1784521279784621_0.jpg,images/04269_1784521279784621_0.jpg,1.00000000,1
stroller_reviewed,stroller_reviewed_000775,images/04659_1784522396515472_0.jpg,images/04659_1784522396515472_0.jpg,1.00000000,1
stroller_reviewed,stroller_reviewed_000776,images/05112_1784523386048648_0.jpg,images/05112_1784523386048648_0.jpg,1.00000000,1
stroller_reviewed,stroller_reviewed_000777,images/05768_1784524781367095_0.jpg,images/05768_1784524781367095_0.jpg,1.00000000,1
stroller_reviewed,stroller_reviewed_000778,images/06332_1784525972000694_0.jpg,images/06332_1784525972000694_0.jpg,1.00000000,1
stroller_reviewed,stroller_reviewed_000779,images/06398_1784526118397697_0.jpg,images/06398_1784526118397697_0.jpg,1.00000000,1
stroller_reviewed,stroller_reviewed_000780,images/06427_1784526178575699_0.jpg,images/06427_1784526178575699_0.jpg,1.00000000,1
stroller_reviewed,stroller_reviewed_000781,images/06456_1784526238705700_0.jpg,images/06456_1784526238705700_0.jpg,1.00000000,1
stroller_reviewed,stroller_reviewed_000782,images/06485_1784526298870702_0.jpg,images/06485_1784526298870702_0.jpg,1.00000000,1
stroller_reviewed,stroller_reviewed_000783,images/06663_1784526689144594_0.jpg,images/06663_1784526689144594_0.jpg,1.00000000,1
stroller_reviewed,stroller_reviewed_000784,images/06678_1784526719984709_0.jpg,images/06678_1784526719984709_0.jpg,1.00000000,1
stroller_reviewed,stroller_reviewed_000785,images/06707_1784526780158710_0.jpg,images/06707_1784526780158710_0.jpg,1.00000000,1
stroller_reviewed,stroller_reviewed_000786,images/06736_1784526840188711_0.jpg,images/06736_1784526840188711_0.jpg,1.00000000,1
stroller_reviewed,stroller_reviewed_000787,images/06764_1784526900376712_0.jpg,images/06764_1784526900376712_0.jpg,1.00000000,1
stroller_reviewed,stroller_reviewed_000788,images/06793_1784526960556713_0.jpg,images/06793_1784526960556713_0.jpg,1.00000000,1
stroller_reviewed,stroller_reviewed_000789,images/07091_1784527598129724_0.jpg,images/07091_1784527598129724_0.jpg,1.00000000,1
stroller_reviewed,stroller_reviewed_000790,images/07393_1784528233071734_0.jpg,images/07393_1784528233071734_0.jpg,1.00000000,1
stroller_reviewed,stroller_reviewed_000791,images/07422_1784528293228735_0.jpg,images/07422_1784528293228735_0.jpg,1.00000000,1
stroller_reviewed,stroller_reviewed_000792,images/07564_1784528594023740_0.jpg,images/07564_1784528594023740_0.jpg,1.00000000,1
stroller_reviewed,stroller_reviewed_000793,images/07592_1784528654088742_0.jpg,images/07592_1784528654088742_0.jpg,1.00000000,1
stroller_reviewed,stroller_reviewed_000794,images/08262_1784530070633765_0.jpg,images/08262_1784530070633765_0.jpg,1.00000000,1
stroller_reviewed,stroller_reviewed_000795,images/08418_1784530416975567_0.jpg,images/08418_1784530416975567_0.jpg,1.00000000,1
stroller_reviewed,stroller_reviewed_000796,images/08425_1784530431501876_0.jpg,images/08425_1784530431501876_0.jpg,1.00000000,1
stroller_reviewed,stroller_reviewed_000797,images/08485_1784530554204773_0.jpg,images/08485_1784530554204773_0.jpg,1.00000000,1
stroller_reviewed,stroller_reviewed_000798,images/08503_1784530614373775_0.jpg,images/08503_1784530614373775_0.jpg,1.00000000,1
stroller_reviewed,stroller_reviewed_000799,images/08589_1784530810214777_0.jpg,images/08589_1784530810214777_0.jpg,1.00000000,1
stroller_reviewed,stroller_reviewed_000800,images/08618_1784530870351778_0.jpg,images/08618_1784530870351778_0.jpg,1.00000000,1
stroller_reviewed,stroller_reviewed_000801,images/08647_1784530930539779_0.jpg,images/08647_1784530930539779_0.jpg,1.00000000,1
stroller_reviewed,stroller_reviewed_000802,images/08683_1784531003434719_0.jpg,images/08683_1784531003434719_0.jpg,1.00000000,1
stroller_reviewed,stroller_reviewed_000803,images/08734_1784531111010782_0.jpg,images/08734_1784531111010782_0.jpg,1.00000000,1
stroller_reviewed,stroller_reviewed_000804,images/08763_1784531171190783_0.jpg,images/08763_1784531171190783_0.jpg,1.00000000,1
stroller_reviewed,stroller_reviewed_000805,images/08792_1784531231358784_0.jpg,images/08792_1784531231358784_0.jpg,1.00000000,1
stroller_reviewed,stroller_reviewed_000806,images/09078_1784531832843794_0.jpg,images/09078_1784531832843794_0.jpg,1.00000000,1
stroller_reviewed,stroller_reviewed_000807,images/09216_1784532121555012_0.jpg,images/09216_1784532121555012_0.jpg,1.00000000,1
stroller_reviewed,stroller_reviewed_000808,images/09223_1784532136748016_0.jpg,images/09223_1784532136748016_0.jpg,1.00000000,1
stroller_reviewed,stroller_reviewed_000809,images/09262_1784532222790800_0.jpg,images/09262_1784532222790800_0.jpg,1.00000000,1
stroller_reviewed,stroller_reviewed_000810,images/09291_1784532282978801_0.jpg,images/09291_1784532282978801_0.jpg,1.00000000,1
stroller_reviewed,stroller_reviewed_000811,images/09320_1784532343103802_0.jpg,images/09320_1784532343103802_0.jpg,1.00000000,1
stroller_reviewed,stroller_reviewed_000812,images/09349_1784532403164803_0.jpg,images/09349_1784532403164803_0.jpg,1.00000000,1
stroller_reviewed,stroller_reviewed_000813,images/09375_1784532456316100_0.jpg,images/09375_1784532456316100_0.jpg,1.00000000,1
stroller_reviewed,stroller_reviewed_000814,images/09377_1784532463331804_0.jpg,images/09377_1784532463331804_0.jpg,1.00000000,1
stroller_reviewed,stroller_reviewed_000815,images/09566_2026-06-09-2064183344505163776.jpg,images/09566_2026-06-09-2064183344505163776.jpg,1.00000000,1
