[Study] project_root=/home/lijinhe/work/YOLO_Retraining
[Study] protocol=window10 tau0.99 split=8:1:1 seeds=41 42 43
[Study] conda_env=yolo-retraining-v5 gpu=0 start_training=1
[Study] starting split seed=41 on GPU=0
[Task] output: /home/lijinhe/work/YOLO_Retraining/runs/studies/0907_stroller_window10_learning_curve/experiment/sequence/StrollerWindow10Tau099_SplitS41__seq-full-cold__stage0-stage7__yolov5s__s42/tasks/000__stage0__full-cold
[Task] data: current=81, candidate=81, validation=80, test=80
[Task] selection: policy=full, selected=81, groups={'candidate': 81}, time=0.000s
[Task] training: backend=yolov5, epochs=100, batch=64, device=0
[YOLOv5] epoch 1/100 running
[YOLOv5] validation: all         80         88    0.00121     0.0909   0.000672   0.000106
[YOLOv5] epoch 2/100 running
[YOLOv5] validation: all         80         88    0.00114     0.0909   0.000638   9.34e-05
[YOLOv5] epoch 3/100 running
[YOLOv5] validation: all         80         88   0.000781     0.0682   0.000419   7.57e-05
[YOLOv5] epoch 4/100 running
[YOLOv5] validation: all         80         88   0.000807     0.0795   0.000442   0.000113
[YOLOv5] epoch 5/100 running
[YOLOv5] validation: all         80         88    0.00169      0.193    0.00104   0.000252
[YOLOv5] epoch 6/100 running
[YOLOv5] validation: all         80         88    0.00221      0.295    0.00402   0.000649
[YOLOv5] epoch 7/100 running
[YOLOv5] validation: all         80         88    0.00251      0.386     0.0108    0.00226
[YOLOv5] epoch 8/100 running
[YOLOv5] validation: all         80         88     0.0032      0.545     0.0274    0.00544
[YOLOv5] epoch 9/100 running
[YOLOv5] validation: all         80         88    0.00357      0.659     0.0201    0.00422
[YOLOv5] epoch 10/100 running
[YOLOv5] validation: all         80         88    0.00377      0.727     0.0907     0.0222
[YOLOv5] epoch 11/100 running
[YOLOv5] validation: all         80         88    0.00388      0.784      0.105     0.0217
[YOLOv5] epoch 12/100 running
[YOLOv5] validation: all         80         88    0.00405      0.852      0.116     0.0239
[YOLOv5] epoch 13/100 running
[YOLOv5] validation: all         80         88    0.00392      0.864      0.082     0.0187
[YOLOv5] epoch 14/100 running
[YOLOv5] validation: all         80         88    0.00426      0.852     0.0699     0.0138
[YOLOv5] epoch 15/100 running
[YOLOv5] validation: all         80         88     0.0241      0.727      0.151     0.0338
[YOLOv5] epoch 16/100 running
[YOLOv5] validation: all         80         88     0.0106      0.881     0.0942     0.0182
[YOLOv5] epoch 17/100 running
[YOLOv5] validation: all         80         88     0.0316      0.852      0.199     0.0492
[YOLOv5] epoch 18/100 running
[YOLOv5] validation: all         80         88      0.164      0.318      0.163     0.0399
[YOLOv5] epoch 19/100 running
[YOLOv5] validation: all         80         88      0.201      0.334      0.211     0.0522
[YOLOv5] epoch 20/100 running
[YOLOv5] validation: all         80         88      0.257      0.295      0.193      0.044
[YOLOv5] epoch 21/100 running
[YOLOv5] validation: all         80         88      0.291      0.409      0.323     0.0814
[YOLOv5] epoch 22/100 running
[YOLOv5] validation: all         80         88      0.283      0.352      0.265     0.0558
[YOLOv5] epoch 23/100 running
[YOLOv5] validation: all         80         88      0.416      0.455      0.363     0.0829
[YOLOv5] epoch 24/100 running
[YOLOv5] validation: all         80         88       0.48      0.466      0.445      0.107
[YOLOv5] epoch 25/100 running
[YOLOv5] validation: all         80         88      0.453      0.511      0.411      0.148
[YOLOv5] epoch 26/100 running
[YOLOv5] validation: all         80         88      0.457      0.375       0.34     0.0883
[YOLOv5] epoch 27/100 running
[YOLOv5] validation: all         80         88      0.497       0.42      0.453       0.12
[YOLOv5] epoch 28/100 running
[YOLOv5] validation: all         80         88      0.507      0.409      0.435      0.169
[YOLOv5] epoch 29/100 running
[YOLOv5] validation: all         80         88      0.564      0.443      0.474       0.17
[YOLOv5] epoch 30/100 running
[YOLOv5] validation: all         80         88      0.492      0.534      0.501       0.16
[YOLOv5] epoch 31/100 running
[YOLOv5] validation: all         80         88      0.442        0.5      0.447      0.111
[YOLOv5] epoch 32/100 running
[YOLOv5] validation: all         80         88      0.201      0.398      0.198     0.0526
[YOLOv5] epoch 33/100 running
[YOLOv5] validation: all         80         88      0.284      0.466      0.283     0.0819
[YOLOv5] epoch 34/100 running
[YOLOv5] validation: all         80         88      0.267      0.534      0.248     0.0788
[YOLOv5] epoch 35/100 running
[YOLOv5] validation: all         80         88      0.452      0.443      0.393      0.108
[YOLOv5] epoch 36/100 running
[YOLOv5] validation: all         80         88      0.382      0.614       0.38      0.105
[YOLOv5] epoch 37/100 running
[YOLOv5] validation: all         80         88      0.522        0.5      0.507      0.182
[YOLOv5] epoch 38/100 running
[YOLOv5] validation: all         80         88      0.349      0.534      0.375      0.112
[YOLOv5] epoch 39/100 running
[YOLOv5] validation: all         80         88      0.434      0.409      0.416      0.151
[YOLOv5] epoch 40/100 running
[YOLOv5] validation: all         80         88      0.525      0.453      0.431      0.143
[YOLOv5] epoch 41/100 running
[YOLOv5] validation: all         80         88      0.487      0.474      0.395      0.126
[YOLOv5] epoch 42/100 running
[YOLOv5] validation: all         80         88      0.492      0.545      0.471      0.144
[YOLOv5] epoch 43/100 running
[YOLOv5] validation: all         80         88      0.517       0.58       0.46      0.137
[YOLOv5] epoch 44/100 running
[YOLOv5] validation: all         80         88      0.503      0.545      0.448      0.159
[YOLOv5] epoch 45/100 running
[YOLOv5] validation: all         80         88      0.483      0.626      0.576      0.209
[YOLOv5] epoch 46/100 running
[YOLOv5] validation: all         80         88       0.65      0.386      0.491      0.169
[YOLOv5] epoch 47/100 running
[YOLOv5] validation: all         80         88      0.569       0.42      0.482      0.139
[YOLOv5] epoch 48/100 running
[YOLOv5] validation: all         80         88      0.645       0.42      0.488      0.147
[YOLOv5] epoch 49/100 running
[YOLOv5] validation: all         80         88      0.699      0.523      0.548      0.212
[YOLOv5] epoch 50/100 running
[YOLOv5] validation: all         80         88      0.507      0.511      0.455      0.128
[YOLOv5] epoch 51/100 running
[YOLOv5] validation: all         80         88      0.659      0.571      0.567      0.233
[YOLOv5] epoch 52/100 running
[YOLOv5] validation: all         80         88      0.618      0.568      0.509      0.185
[YOLOv5] epoch 53/100 running
[YOLOv5] validation: all         80         88      0.712      0.506      0.574      0.245
[YOLOv5] epoch 54/100 running
[YOLOv5] validation: all         80         88      0.583      0.534      0.538      0.213
[YOLOv5] epoch 55/100 running
[YOLOv5] validation: all         80         88      0.726      0.557      0.637       0.23
[YOLOv5] epoch 56/100 running
[YOLOv5] validation: all         80         88      0.479      0.534        0.5        0.2
[YOLOv5] epoch 57/100 running
[YOLOv5] validation: all         80         88      0.578      0.468      0.507      0.215
[YOLOv5] epoch 58/100 running
[YOLOv5] validation: all         80         88      0.448      0.477      0.436      0.158
[YOLOv5] epoch 59/100 running
[YOLOv5] validation: all         80         88      0.636      0.555      0.588      0.211
[YOLOv5] epoch 60/100 running
[YOLOv5] validation: all         80         88      0.576      0.591      0.588      0.199
[YOLOv5] epoch 61/100 running
[YOLOv5] validation: all         80         88      0.639       0.58      0.642       0.24
[YOLOv5] epoch 62/100 running
[YOLOv5] validation: all         80         88      0.662      0.557      0.609      0.234
[YOLOv5] epoch 63/100 running
[YOLOv5] validation: all         80         88      0.597      0.622      0.656      0.231
[YOLOv5] epoch 64/100 running
[YOLOv5] validation: all         80         88       0.52      0.615      0.574      0.212
[YOLOv5] epoch 65/100 running
[YOLOv5] validation: all         80         88      0.701      0.716      0.701      0.258
[YOLOv5] epoch 66/100 running
[YOLOv5] validation: all         80         88      0.514      0.591      0.592      0.238
[YOLOv5] epoch 67/100 running
[YOLOv5] validation: all         80         88      0.777      0.636      0.711      0.299
[YOLOv5] epoch 68/100 running
[YOLOv5] validation: all         80         88       0.43       0.75      0.565      0.211
[YOLOv5] epoch 69/100 running
[YOLOv5] validation: all         80         88      0.686      0.625      0.693      0.262
[YOLOv5] epoch 70/100 running
[YOLOv5] validation: all         80         88      0.756      0.659      0.714      0.279
[YOLOv5] epoch 71/100 running
[YOLOv5] validation: all         80         88      0.769      0.659      0.729      0.284
[YOLOv5] epoch 72/100 running
[YOLOv5] validation: all         80         88      0.759      0.644      0.712      0.282
[YOLOv5] epoch 73/100 running
[YOLOv5] validation: all         80         88      0.719      0.728      0.723        0.3
[YOLOv5] epoch 74/100 running
[YOLOv5] validation: all         80         88      0.783       0.67      0.733      0.284
[YOLOv5] epoch 75/100 running
[YOLOv5] validation: all         80         88       0.79      0.598      0.685      0.268
[YOLOv5] epoch 76/100 running
[YOLOv5] validation: all         80         88       0.78      0.659      0.714      0.277
[YOLOv5] epoch 77/100 running
[YOLOv5] validation: all         80         88      0.828      0.648      0.747      0.307
[YOLOv5] epoch 78/100 running
[YOLOv5] validation: all         80         88      0.828      0.654      0.737      0.301
[YOLOv5] epoch 79/100 running
[YOLOv5] validation: all         80         88      0.826      0.646      0.725      0.308
[YOLOv5] epoch 80/100 running
[YOLOv5] validation: all         80         88      0.843      0.636      0.734      0.321
[YOLOv5] epoch 81/100 running
[YOLOv5] validation: all         80         88      0.838      0.647      0.741      0.311
[YOLOv5] epoch 82/100 running
[YOLOv5] validation: all         80         88      0.855      0.604      0.727      0.311
[YOLOv5] epoch 83/100 running
[YOLOv5] validation: all         80         88      0.659      0.614      0.634      0.277
[YOLOv5] epoch 84/100 running
[YOLOv5] validation: all         80         88      0.892      0.658       0.76      0.311
[YOLOv5] epoch 85/100 running
[YOLOv5] validation: all         80         88      0.858      0.727      0.795      0.332
[YOLOv5] epoch 86/100 running
[YOLOv5] validation: all         80         88      0.769       0.75      0.791      0.326
[YOLOv5] epoch 87/100 running
[YOLOv5] validation: all         80         88      0.788      0.727      0.771      0.325
[YOLOv5] epoch 88/100 running
[YOLOv5] validation: all         80         88      0.781      0.727      0.769      0.321
[YOLOv5] epoch 89/100 running
[YOLOv5] validation: all         80         88      0.801      0.705      0.751      0.323
[YOLOv5] epoch 90/100 running
[YOLOv5] validation: all         80         88      0.818      0.716      0.769       0.34
[YOLOv5] epoch 91/100 running
[YOLOv5] validation: all         80         88      0.801      0.731      0.766       0.33
[YOLOv5] epoch 92/100 running
[YOLOv5] validation: all         80         88      0.817       0.76      0.784      0.334
[YOLOv5] epoch 93/100 running
[YOLOv5] validation: all         80         88      0.795      0.747      0.783      0.335
[YOLOv5] epoch 94/100 running
[YOLOv5] validation: all         80         88      0.804      0.745      0.788      0.332
[YOLOv5] epoch 95/100 running
[YOLOv5] validation: all         80         88      0.814      0.761      0.796      0.338
[YOLOv5] epoch 96/100 running
[YOLOv5] validation: all         80         88      0.815       0.75      0.793      0.338
[YOLOv5] epoch 97/100 running
[YOLOv5] validation: all         80         88      0.791      0.774       0.79      0.347
[YOLOv5] epoch 98/100 running
[YOLOv5] validation: all         80         88      0.762      0.761      0.768       0.33
[YOLOv5] epoch 99/100 running
[YOLOv5] validation: all         80         88      0.759      0.761      0.763       0.33
[YOLOv5] epoch 100/100 running
[YOLOv5] validation: all         80         88      0.782      0.772      0.781      0.327
[YOLOv5] 100 epochs completed in 0.050 hours.
[YOLOv5] validation: all         80         88      0.816      0.754      0.795      0.338
[Task] training completed: 216.6s
[Task] evaluating: checkpoint=last, group=test, samples=80
[YOLOv5] validation: all         80         82      0.844       0.78      0.839      0.395
[Task] evaluation: checkpoint=last, group=test, mAP50-95=0.3950, mAP50=0.8392, time=19.9s
[Task] evaluating: checkpoint=best, group=test, samples=80
[YOLOv5] validation: all         80         82      0.826      0.805      0.839      0.399
[Task] evaluation: checkpoint=best, group=test, mAP50-95=0.3988, mAP50=0.8391, time=19.1s
[Task] completed: evaluation=39.0s, output=/home/lijinhe/work/YOLO_Retraining/runs/studies/0907_stroller_window10_learning_curve/experiment/sequence/StrollerWindow10Tau099_SplitS41__seq-full-cold__stage0-stage7__yolov5s__s42/tasks/000__stage0__full-cold
[Task] output: /home/lijinhe/work/YOLO_Retraining/runs/studies/0907_stroller_window10_learning_curve/experiment/sequence/StrollerWindow10Tau099_SplitS41__seq-full-cold__stage0-stage7__yolov5s__s42/tasks/001__stage1__full-cold
[Task] data: current=80, candidate=161, validation=80, test=80
[Task] selection: policy=full, selected=161, groups={'candidate': 161}, time=0.000s
[Task] training: backend=yolov5, epochs=100, batch=64, device=0
[YOLOv5] epoch 1/100 running
[YOLOv5] validation: all         80         88   0.000114     0.0114   0.000339   3.39e-05
[YOLOv5] epoch 2/100 running
[YOLOv5] validation: all         80         88   0.000842      0.102   0.000549   0.000118
[YOLOv5] epoch 3/100 running
[YOLOv5] validation: all         80         88    0.00204      0.318    0.00435   0.000713
[YOLOv5] epoch 4/100 running
[YOLOv5] validation: all         80         88    0.00295      0.545     0.0245    0.00436
[YOLOv5] epoch 5/100 running
[YOLOv5] validation: all         80         88     0.0402      0.352     0.0448    0.00951
[YOLOv5] epoch 6/100 running
[YOLOv5] validation: all         80         88      0.012      0.227     0.0114    0.00219
[YOLOv5] epoch 7/100 running
[YOLOv5] validation: all         80         88     0.0714      0.364       0.07     0.0171
[YOLOv5] epoch 8/100 running
[YOLOv5] validation: all         80         88     0.0221      0.193     0.0164    0.00298
[YOLOv5] epoch 9/100 running
[YOLOv5] validation: all         80         88     0.0235      0.205     0.0242    0.00456
[YOLOv5] epoch 10/100 running
[YOLOv5] validation: all         80         88     0.0355      0.205     0.0263     0.0051
[YOLOv5] epoch 11/100 running
[YOLOv5] validation: all         80         88     0.0371      0.205     0.0323    0.00571
[YOLOv5] epoch 12/100 running
[YOLOv5] validation: all         80         88     0.0877      0.409     0.0781     0.0181
[YOLOv5] epoch 13/100 running
[YOLOv5] validation: all         80         88      0.189      0.261      0.117     0.0256
[YOLOv5] epoch 14/100 running
[YOLOv5] validation: all         80         88      0.379      0.477      0.331     0.0796
[YOLOv5] epoch 15/100 running
[YOLOv5] validation: all         80         88      0.294      0.205      0.121     0.0181
[YOLOv5] epoch 16/100 running
[YOLOv5] validation: all         80         88      0.163       0.17      0.116      0.018
[YOLOv5] epoch 17/100 running
[YOLOv5] validation: all         80         88      0.571      0.432      0.467      0.109
[YOLOv5] epoch 18/100 running
[YOLOv5] validation: all         80         88       0.16       0.17      0.125     0.0254
[YOLOv5] epoch 19/100 running
[YOLOv5] validation: all         80         88      0.497      0.477      0.519      0.174
[YOLOv5] epoch 20/100 running
[YOLOv5] validation: all         80         88      0.447      0.432      0.433       0.13
[YOLOv5] epoch 21/100 running
[YOLOv5] validation: all         80         88      0.445      0.443      0.412      0.142
[YOLOv5] epoch 22/100 running
[YOLOv5] validation: all         80         88      0.429       0.42      0.367      0.104
[YOLOv5] epoch 23/100 running
[YOLOv5] validation: all         80         88      0.338      0.398      0.268     0.0749
[YOLOv5] epoch 24/100 running
[YOLOv5] validation: all         80         88      0.485      0.364      0.387      0.113
[YOLOv5] epoch 25/100 running
[YOLOv5] validation: all         80         88      0.347      0.409      0.323      0.124
[YOLOv5] epoch 26/100 running
[YOLOv5] validation: all         80         88      0.357      0.386      0.339     0.0915
[YOLOv5] epoch 27/100 running
[YOLOv5] validation: all         80         88      0.328       0.42      0.318      0.103
[YOLOv5] epoch 28/100 running
[YOLOv5] validation: all         80         88      0.375      0.443      0.369      0.103
[YOLOv5] epoch 29/100 running
[YOLOv5] validation: all         80         88      0.247      0.515      0.279     0.0992
[YOLOv5] epoch 30/100 running
[YOLOv5] validation: all         80         88      0.462      0.534      0.454      0.139
[YOLOv5] epoch 31/100 running
[YOLOv5] validation: all         80         88      0.264      0.545      0.262     0.0742
[YOLOv5] epoch 32/100 running
[YOLOv5] validation: all         80         88      0.469      0.477      0.421      0.133
[YOLOv5] epoch 33/100 running
[YOLOv5] validation: all         80         88      0.475      0.534      0.486      0.175
[YOLOv5] epoch 34/100 running
[YOLOv5] validation: all         80         88      0.579      0.568      0.545       0.17
[YOLOv5] epoch 35/100 running
[YOLOv5] validation: all         80         88      0.465      0.534       0.45      0.164
[YOLOv5] epoch 36/100 running
[YOLOv5] validation: all         80         88      0.527      0.591      0.536        0.2
[YOLOv5] epoch 37/100 running
[YOLOv5] validation: all         80         88      0.477      0.466      0.457      0.174
[YOLOv5] epoch 38/100 running
[YOLOv5] validation: all         80         88      0.607      0.568      0.526      0.177
[YOLOv5] epoch 39/100 running
[YOLOv5] validation: all         80         88      0.495      0.557      0.504      0.192
[YOLOv5] epoch 40/100 running
[YOLOv5] validation: all         80         88      0.731      0.568       0.63      0.223
[YOLOv5] epoch 41/100 running
[YOLOv5] validation: all         80         88      0.531      0.578      0.482      0.186
[YOLOv5] epoch 42/100 running
[YOLOv5] validation: all         80         88      0.743      0.693      0.732      0.301
[YOLOv5] epoch 43/100 running
[YOLOv5] validation: all         80         88      0.487      0.591      0.508      0.179
[YOLOv5] epoch 44/100 running
[YOLOv5] validation: all         80         88      0.722      0.682       0.67      0.253
[YOLOv5] epoch 45/100 running
[YOLOv5] validation: all         80         88      0.601      0.667      0.609      0.226
[YOLOv5] epoch 46/100 running
[YOLOv5] validation: all         80         88      0.651      0.722      0.669      0.247
[YOLOv5] epoch 47/100 running
[YOLOv5] validation: all         80         88      0.718      0.705      0.736      0.313
[YOLOv5] epoch 48/100 running
[YOLOv5] validation: all         80         88      0.552      0.682       0.57       0.23
[YOLOv5] epoch 49/100 running
[YOLOv5] validation: all         80         88      0.737      0.797      0.752       0.32
[YOLOv5] epoch 50/100 running
[YOLOv5] validation: all         80         88      0.686      0.693      0.733      0.276
[YOLOv5] epoch 51/100 running
[YOLOv5] validation: all         80         88      0.785      0.739      0.797       0.35
[YOLOv5] epoch 52/100 running
[YOLOv5] validation: all         80         88      0.616      0.716      0.642      0.277
[YOLOv5] epoch 53/100 running
[YOLOv5] validation: all         80         88      0.684      0.739      0.745      0.306
[YOLOv5] epoch 54/100 running
[YOLOv5] validation: all         80         88      0.861      0.648      0.768      0.346
[YOLOv5] epoch 55/100 running
[YOLOv5] validation: all         80         88      0.833      0.735      0.809      0.341
[YOLOv5] epoch 56/100 running
[YOLOv5] validation: all         80         88       0.84      0.682      0.769      0.344
[YOLOv5] epoch 57/100 running
[YOLOv5] validation: all         80         88      0.837      0.759      0.817      0.359
[YOLOv5] epoch 58/100 running
[YOLOv5] validation: all         80         88      0.798      0.727      0.781      0.345
[YOLOv5] epoch 59/100 running
[YOLOv5] validation: all         80         88      0.831      0.784      0.811      0.354
[YOLOv5] epoch 60/100 running
[YOLOv5] validation: all         80         88      0.848      0.696      0.799      0.348
[YOLOv5] epoch 61/100 running
[YOLOv5] validation: all         80         88      0.891      0.743      0.824      0.359
[YOLOv5] epoch 62/100 running
[YOLOv5] validation: all         80         88      0.857       0.75      0.811      0.359
[YOLOv5] epoch 63/100 running
[YOLOv5] validation: all         80         88      0.899      0.773      0.825      0.383
[YOLOv5] epoch 64/100 running
[YOLOv5] validation: all         80         88      0.871      0.682       0.79      0.327
[YOLOv5] epoch 65/100 running
[YOLOv5] validation: all         80         88      0.856      0.773      0.824      0.365
[YOLOv5] epoch 66/100 running
[YOLOv5] validation: all         80         88      0.862      0.707      0.809      0.359
[YOLOv5] epoch 67/100 running
[YOLOv5] validation: all         80         88      0.847      0.784      0.831      0.387
[YOLOv5] epoch 68/100 running
[YOLOv5] validation: all         80         88      0.872      0.773       0.82      0.373
[YOLOv5] epoch 69/100 running
[YOLOv5] validation: all         80         88      0.892      0.749      0.815       0.36
[YOLOv5] epoch 70/100 running
[YOLOv5] validation: all         80         88      0.879      0.742      0.815      0.384
[YOLOv5] epoch 71/100 running
[YOLOv5] validation: all         80         88      0.855       0.74      0.803      0.352
[YOLOv5] epoch 72/100 running
[YOLOv5] validation: all         80         88      0.829      0.771      0.798      0.383
[YOLOv5] epoch 73/100 running
[YOLOv5] validation: all         80         88      0.839      0.771      0.815      0.382
[YOLOv5] epoch 74/100 running
[YOLOv5] validation: all         80         88      0.868      0.773      0.816      0.396
[YOLOv5] epoch 75/100 running
[YOLOv5] validation: all         80         88      0.859      0.759      0.803       0.37
[YOLOv5] epoch 76/100 running
[YOLOv5] validation: all         80         88      0.842      0.787      0.818       0.39
[YOLOv5] epoch 77/100 running
[YOLOv5] validation: all         80         88      0.843      0.795      0.807       0.36
[YOLOv5] epoch 78/100 running
[YOLOv5] validation: all         80         88      0.827      0.807      0.801      0.382
[YOLOv5] epoch 79/100 running
[YOLOv5] validation: all         80         88       0.82       0.75      0.792      0.351
[YOLOv5] epoch 80/100 running
[YOLOv5] validation: all         80         88      0.837      0.758      0.802      0.389
[YOLOv5] epoch 81/100 running
[YOLOv5] validation: all         80         88      0.832      0.734      0.777      0.361
[YOLOv5] epoch 82/100 running
[YOLOv5] validation: all         80         88      0.867      0.742      0.787      0.374
[YOLOv5] epoch 83/100 running
[YOLOv5] validation: all         80         88      0.885      0.703      0.785      0.379
[YOLOv5] epoch 84/100 running
[YOLOv5] validation: all         80         88      0.813      0.741      0.791      0.367
[YOLOv5] epoch 85/100 running
[YOLOv5] validation: all         80         88      0.857      0.784      0.811      0.393
[YOLOv5] epoch 86/100 running
[YOLOv5] validation: all         80         88      0.829      0.771        0.8      0.372
[YOLOv5] epoch 87/100 running
[YOLOv5] validation: all         80         88      0.855      0.761      0.804      0.388
[YOLOv5] epoch 88/100 running
[YOLOv5] validation: all         80         88      0.815      0.795       0.82      0.406
[YOLOv5] epoch 89/100 running
[YOLOv5] validation: all         80         88      0.872      0.773      0.824      0.393
[YOLOv5] epoch 90/100 running
[YOLOv5] validation: all         80         88      0.829      0.774      0.813      0.378
[YOLOv5] epoch 91/100 running
[YOLOv5] validation: all         80         88      0.839      0.769      0.812      0.375
[YOLOv5] epoch 92/100 running
[YOLOv5] validation: all         80         88      0.854        0.8      0.825       0.39
[YOLOv5] epoch 93/100 running
[YOLOv5] validation: all         80         88       0.85      0.761      0.802      0.361
[YOLOv5] epoch 94/100 running
[YOLOv5] validation: all         80         88       0.86      0.784      0.823      0.393
[YOLOv5] epoch 95/100 running
[YOLOv5] validation: all         80         88      0.884      0.783      0.819      0.387
[YOLOv5] epoch 96/100 running
[YOLOv5] validation: all         80         88      0.873      0.784      0.821      0.393
[YOLOv5] epoch 97/100 running
[YOLOv5] validation: all         80         88      0.866      0.784      0.819      0.394
[YOLOv5] epoch 98/100 running
[YOLOv5] validation: all         80         88      0.859      0.784      0.817      0.388
[YOLOv5] epoch 99/100 running
[YOLOv5] validation: all         80         88       0.86      0.784      0.816      0.383
[YOLOv5] epoch 100/100 running
[YOLOv5] validation: all         80         88      0.873      0.773      0.815       0.39
[YOLOv5] 100 epochs completed in 0.048 hours.
[YOLOv5] validation: all         80         88      0.846      0.784      0.831      0.387
[Task] training completed: 204.4s
[Task] evaluating: checkpoint=last, group=test, samples=80
[YOLOv5] validation: all         80         82      0.865      0.829      0.876      0.459
[Task] evaluation: checkpoint=last, group=test, mAP50-95=0.4587, mAP50=0.8764, time=21.4s
[Task] evaluating: checkpoint=best, group=test, samples=80
[YOLOv5] validation: all         80         82       0.91      0.805      0.875      0.444
[Task] evaluation: checkpoint=best, group=test, mAP50-95=0.4443, mAP50=0.8752, time=19.7s
[Task] completed: evaluation=41.1s, output=/home/lijinhe/work/YOLO_Retraining/runs/studies/0907_stroller_window10_learning_curve/experiment/sequence/StrollerWindow10Tau099_SplitS41__seq-full-cold__stage0-stage7__yolov5s__s42/tasks/001__stage1__full-cold
[Task] output: /home/lijinhe/work/YOLO_Retraining/runs/studies/0907_stroller_window10_learning_curve/experiment/sequence/StrollerWindow10Tau099_SplitS41__seq-full-cold__stage0-stage7__yolov5s__s42/tasks/002__stage2__full-cold
[Task] data: current=80, candidate=241, validation=80, test=80
[Task] selection: policy=full, selected=241, groups={'candidate': 241}, time=0.000s
[Task] training: backend=yolov5, epochs=100, batch=64, device=0
[YOLOv5] epoch 1/100 running
[YOLOv5] validation: all         80         88   0.000504     0.0455   0.000288   7.69e-05
[YOLOv5] epoch 2/100 running
[YOLOv5] validation: all         80         88    0.00226      0.273     0.0017   0.000454
[YOLOv5] epoch 3/100 running
[YOLOv5] validation: all         80         88     0.0031      0.511     0.0071    0.00166
[YOLOv5] epoch 4/100 running
[YOLOv5] validation: all         80         88    0.00404       0.83     0.0206    0.00405
[YOLOv5] epoch 5/100 running
[YOLOv5] validation: all         80         88    0.00371      0.841     0.0277    0.00549
[YOLOv5] epoch 6/100 running
[YOLOv5] validation: all         80         88     0.0261     0.0114     0.0442      0.011
[YOLOv5] epoch 7/100 running
[YOLOv5] validation: all         80         88       0.12      0.205     0.0754     0.0207
[YOLOv5] epoch 8/100 running
[YOLOv5] validation: all         80         88      0.143      0.341      0.117     0.0332
[YOLOv5] epoch 9/100 running
[YOLOv5] validation: all         80         88      0.133      0.296      0.111     0.0286
[YOLOv5] epoch 10/100 running
[YOLOv5] validation: all         80         88      0.303      0.466      0.313     0.0957
[YOLOv5] epoch 11/100 running
[YOLOv5] validation: all         80         88      0.273      0.511      0.259     0.0657
[YOLOv5] epoch 12/100 running
[YOLOv5] validation: all         80         88      0.138       0.42      0.108     0.0266
[YOLOv5] epoch 13/100 running
[YOLOv5] validation: all         80         88      0.108      0.375     0.0846     0.0198
[YOLOv5] epoch 14/100 running
[YOLOv5] validation: all         80         88      0.129      0.352      0.122     0.0365
[YOLOv5] epoch 15/100 running
[YOLOv5] validation: all         80         88      0.339       0.33      0.262     0.0727
[YOLOv5] epoch 16/100 running
[YOLOv5] validation: all         80         88      0.346      0.318      0.283     0.0705
[YOLOv5] epoch 17/100 running
[YOLOv5] validation: all         80         88      0.259      0.455      0.214     0.0695
[YOLOv5] epoch 18/100 running
[YOLOv5] validation: all         80         88      0.277      0.398      0.256      0.102
[YOLOv5] epoch 19/100 running
[YOLOv5] validation: all         80         88      0.212      0.443       0.19      0.066
[YOLOv5] epoch 20/100 running
[YOLOv5] validation: all         80         88      0.444      0.341      0.383       0.14
[YOLOv5] epoch 21/100 running
[YOLOv5] validation: all         80         88      0.546       0.52      0.465      0.145
[YOLOv5] epoch 22/100 running
[YOLOv5] validation: all         80         88      0.608      0.557      0.555      0.197
[YOLOv5] epoch 23/100 running
[YOLOv5] validation: all         80         88      0.749      0.543       0.63      0.211
[YOLOv5] epoch 24/100 running
[YOLOv5] validation: all         80         88      0.379      0.625       0.44      0.163
[YOLOv5] epoch 25/100 running
[YOLOv5] validation: all         80         88      0.495      0.523      0.458      0.163
[YOLOv5] epoch 26/100 running
[YOLOv5] validation: all         80         88      0.582       0.58      0.574      0.183
[YOLOv5] epoch 27/100 running
[YOLOv5] validation: all         80         88      0.478      0.634      0.554      0.204
[YOLOv5] epoch 28/100 running
[YOLOv5] validation: all         80         88      0.459      0.578      0.454      0.129
[YOLOv5] epoch 29/100 running
[YOLOv5] validation: all         80         88       0.53      0.523      0.452      0.163
[YOLOv5] epoch 30/100 running
[YOLOv5] validation: all         80         88      0.735       0.63      0.681      0.231
[YOLOv5] epoch 31/100 running
[YOLOv5] validation: all         80         88      0.555       0.71      0.639      0.243
[YOLOv5] epoch 32/100 running
[YOLOv5] validation: all         80         88      0.688       0.67      0.662      0.252
[YOLOv5] epoch 33/100 running
[YOLOv5] validation: all         80         88      0.646      0.726      0.711      0.291
[YOLOv5] epoch 34/100 running
[YOLOv5] validation: all         80         88      0.573       0.64      0.607      0.244
[YOLOv5] epoch 35/100 running
[YOLOv5] validation: all         80         88      0.577      0.591      0.604      0.245
[YOLOv5] epoch 36/100 running
[YOLOv5] validation: all         80         88      0.607      0.667      0.652      0.271
[YOLOv5] epoch 37/100 running
[YOLOv5] validation: all         80         88      0.803      0.625      0.748      0.321
[YOLOv5] epoch 38/100 running
[YOLOv5] validation: all         80         88      0.798      0.727      0.778      0.309
[YOLOv5] epoch 39/100 running
[YOLOv5] validation: all         80         88      0.832       0.73       0.78      0.322
[YOLOv5] epoch 40/100 running
[YOLOv5] validation: all         80         88      0.702      0.693      0.683       0.27
[YOLOv5] epoch 41/100 running
[YOLOv5] validation: all         80         88      0.729      0.735      0.772      0.308
[YOLOv5] epoch 42/100 running
[YOLOv5] validation: all         80         88      0.809      0.724      0.787      0.335
[YOLOv5] epoch 43/100 running
[YOLOv5] validation: all         80         88      0.791      0.795      0.806      0.339
[YOLOv5] epoch 44/100 running
[YOLOv5] validation: all         80         88      0.814       0.83      0.857      0.361
[YOLOv5] epoch 45/100 running
[YOLOv5] validation: all         80         88      0.885      0.773      0.845      0.369
[YOLOv5] epoch 46/100 running
[YOLOv5] validation: all         80         88      0.884      0.818      0.855      0.388
[YOLOv5] epoch 47/100 running
[YOLOv5] validation: all         80         88      0.878      0.818      0.868      0.403
[YOLOv5] epoch 48/100 running
[YOLOv5] validation: all         80         88      0.843      0.773       0.85      0.383
[YOLOv5] epoch 49/100 running
[YOLOv5] validation: all         80         88      0.837      0.807       0.82      0.339
[YOLOv5] epoch 50/100 running
[YOLOv5] validation: all         80         88      0.862      0.795      0.838      0.367
[YOLOv5] epoch 51/100 running
[YOLOv5] validation: all         80         88      0.895      0.795      0.854      0.377
[YOLOv5] epoch 52/100 running
[YOLOv5] validation: all         80         88      0.907      0.772       0.84      0.376
[YOLOv5] epoch 53/100 running
[YOLOv5] validation: all         80         88      0.905      0.754      0.832      0.409
[YOLOv5] epoch 54/100 running
[YOLOv5] validation: all         80         88      0.846      0.809      0.847      0.408
[YOLOv5] epoch 55/100 running
[YOLOv5] validation: all         80         88      0.854      0.773      0.855      0.381
[YOLOv5] epoch 56/100 running
[YOLOv5] validation: all         80         88      0.864      0.792      0.833      0.339
[YOLOv5] epoch 57/100 running
[YOLOv5] validation: all         80         88      0.846      0.761      0.852      0.378
[YOLOv5] epoch 58/100 running
[YOLOv5] validation: all         80         88      0.829      0.818       0.86      0.377
[YOLOv5] epoch 59/100 running
[YOLOv5] validation: all         80         88       0.87      0.807      0.861      0.397
[YOLOv5] epoch 60/100 running
[YOLOv5] validation: all         80         88      0.874       0.79      0.842      0.406
[YOLOv5] epoch 61/100 running
[YOLOv5] validation: all         80         88      0.878      0.816      0.857        0.4
[YOLOv5] epoch 62/100 running
[YOLOv5] validation: all         80         88      0.921      0.795      0.864      0.406
[YOLOv5] epoch 63/100 running
[YOLOv5] validation: all         80         88      0.922      0.805      0.867      0.394
[YOLOv5] epoch 64/100 running
[YOLOv5] validation: all         80         88      0.921      0.793      0.863      0.402
[YOLOv5] epoch 65/100 running
[YOLOv5] validation: all         80         88      0.892      0.773       0.85      0.387
[YOLOv5] epoch 66/100 running
[YOLOv5] validation: all         80         88      0.905      0.784      0.849      0.389
[YOLOv5] epoch 67/100 running
[YOLOv5] validation: all         80         88       0.88      0.795      0.847      0.394
[YOLOv5] epoch 68/100 running
[YOLOv5] validation: all         80         88      0.882      0.773      0.842      0.386
[YOLOv5] epoch 69/100 running
[YOLOv5] validation: all         80         88      0.843       0.73      0.799      0.389
[YOLOv5] epoch 70/100 running
[YOLOv5] validation: all         80         88      0.835      0.805      0.819       0.38
[YOLOv5] epoch 71/100 running
[YOLOv5] validation: all         80         88      0.872      0.774      0.853      0.412
[YOLOv5] epoch 72/100 running
[YOLOv5] validation: all         80         88      0.874      0.795      0.848      0.406
[YOLOv5] epoch 73/100 running
[YOLOv5] validation: all         80         88      0.876      0.784      0.847      0.415
[YOLOv5] epoch 74/100 running
[YOLOv5] validation: all         80         88      0.907      0.774      0.847      0.403
[YOLOv5] epoch 75/100 running
[YOLOv5] validation: all         80         88      0.867      0.818      0.869      0.401
[YOLOv5] epoch 76/100 running
[YOLOv5] validation: all         80         88      0.864      0.807       0.85      0.423
[YOLOv5] epoch 77/100 running
[YOLOv5] validation: all         80         88      0.914      0.773      0.842      0.415
[YOLOv5] epoch 78/100 running
[YOLOv5] validation: all         80         88      0.901      0.773      0.824       0.42
[YOLOv5] epoch 79/100 running
[YOLOv5] validation: all         80         88      0.922      0.805      0.839      0.424
[YOLOv5] epoch 80/100 running
[YOLOv5] validation: all         80         88      0.904      0.795      0.833      0.411
[YOLOv5] epoch 81/100 running
[YOLOv5] validation: all         80         88      0.901      0.773      0.833      0.407
[YOLOv5] epoch 82/100 running
[YOLOv5] validation: all         80         88      0.905      0.761       0.83      0.413
[YOLOv5] epoch 83/100 running
[YOLOv5] validation: all         80         88      0.866      0.761      0.815      0.406
[YOLOv5] epoch 84/100 running
[YOLOv5] validation: all         80         88      0.906      0.763      0.826      0.412
[YOLOv5] epoch 85/100 running
[YOLOv5] validation: all         80         88      0.901      0.761      0.832      0.404
[YOLOv5] epoch 86/100 running
[YOLOv5] validation: all         80         88      0.844      0.795      0.825      0.422
[YOLOv5] epoch 87/100 running
[YOLOv5] validation: all         80         88      0.884      0.782      0.832      0.417
[YOLOv5] epoch 88/100 running
[YOLOv5] validation: all         80         88      0.864      0.792      0.822      0.404
[YOLOv5] epoch 89/100 running
[YOLOv5] validation: all         80         88      0.853      0.789      0.809       0.41
[YOLOv5] epoch 90/100 running
[YOLOv5] validation: all         80         88      0.897      0.794      0.836      0.406
[YOLOv5] epoch 91/100 running
[YOLOv5] validation: all         80         88       0.91      0.805      0.837      0.417
[YOLOv5] epoch 92/100 running
[YOLOv5] validation: all         80         88      0.911      0.814       0.83      0.413
[YOLOv5] epoch 93/100 running
[YOLOv5] validation: all         80         88      0.922      0.807      0.869       0.42
[YOLOv5] epoch 94/100 running
[YOLOv5] validation: all         80         88      0.914      0.773      0.835      0.408
[YOLOv5] epoch 95/100 running
[YOLOv5] validation: all         80         88      0.897      0.792      0.845      0.412
[YOLOv5] epoch 96/100 running
[YOLOv5] validation: all         80         88      0.897      0.795      0.835      0.406
[YOLOv5] epoch 97/100 running
[YOLOv5] validation: all         80         88      0.897      0.793      0.824      0.401
[YOLOv5] epoch 98/100 running
[YOLOv5] validation: all         80         88      0.895      0.795      0.831      0.411
[YOLOv5] epoch 99/100 running
[YOLOv5] validation: all         80         88      0.909      0.793      0.836      0.409
[YOLOv5] epoch 100/100 running
[YOLOv5] validation: all         80         88      0.898      0.803      0.832      0.411
[YOLOv5] 100 epochs completed in 0.054 hours.
[YOLOv5] validation: all         80         88      0.922      0.807       0.87      0.421
[Task] training completed: 284.6s
[Task] evaluating: checkpoint=last, group=test, samples=80
[YOLOv5] validation: all         80         82      0.879      0.854      0.892      0.475
[Task] evaluation: checkpoint=last, group=test, mAP50-95=0.4755, mAP50=0.8916, time=18.2s
[Task] evaluating: checkpoint=best, group=test, samples=80
[YOLOv5] validation: all         80         82      0.882      0.854      0.898      0.475
[Task] evaluation: checkpoint=best, group=test, mAP50-95=0.4747, mAP50=0.8977, time=19.7s
[Task] completed: evaluation=37.9s, output=/home/lijinhe/work/YOLO_Retraining/runs/studies/0907_stroller_window10_learning_curve/experiment/sequence/StrollerWindow10Tau099_SplitS41__seq-full-cold__stage0-stage7__yolov5s__s42/tasks/002__stage2__full-cold
[Task] output: /home/lijinhe/work/YOLO_Retraining/runs/studies/0907_stroller_window10_learning_curve/experiment/sequence/StrollerWindow10Tau099_SplitS41__seq-full-cold__stage0-stage7__yolov5s__s42/tasks/003__stage3__full-cold
[Task] data: current=80, candidate=321, validation=80, test=80
[Task] selection: policy=full, selected=321, groups={'candidate': 321}, time=0.000s
[Task] training: backend=yolov5, epochs=100, batch=64, device=0
[YOLOv5] epoch 1/100 running
[YOLOv5] validation: all         80         88   0.000642     0.0341   0.000334   7.81e-05
[YOLOv5] epoch 2/100 running
[YOLOv5] validation: all         80         88    0.00415      0.432    0.00525    0.00104
[YOLOv5] epoch 3/100 running
[YOLOv5] validation: all         80         88    0.00631      0.773     0.0399    0.00844
[YOLOv5] epoch 4/100 running
[YOLOv5] validation: all         80         88      0.122       0.25      0.149     0.0375
[YOLOv5] epoch 5/100 running
[YOLOv5] validation: all         80         88    0.00319      0.841    0.00453    0.00112
[YOLOv5] epoch 6/100 running
[YOLOv5] validation: all         80         88    0.00951      0.807      0.023    0.00522
[YOLOv5] epoch 7/100 running
[YOLOv5] validation: all         80         88    0.00687     0.0682    0.00788    0.00214
[YOLOv5] epoch 8/100 running
[YOLOv5] validation: all         80         88     0.0564      0.281     0.0547     0.0158
[YOLOv5] epoch 9/100 running
[YOLOv5] validation: all         80         88      0.445       0.33      0.348     0.0814
[YOLOv5] epoch 10/100 running
[YOLOv5] validation: all         80         88       0.58      0.377      0.419      0.123
[YOLOv5] epoch 11/100 running
[YOLOv5] validation: all         80         88      0.389      0.326        0.3      0.064
[YOLOv5] epoch 12/100 running
[YOLOv5] validation: all         80         88      0.314      0.307      0.349      0.105
[YOLOv5] epoch 13/100 running
[YOLOv5] validation: all         80         88      0.472      0.375      0.337     0.0947
[YOLOv5] epoch 14/100 running
[YOLOv5] validation: all         80         88       0.34        0.5      0.338      0.103
[YOLOv5] epoch 15/100 running
[YOLOv5] validation: all         80         88      0.199      0.352      0.179     0.0653
[YOLOv5] epoch 16/100 running
[YOLOv5] validation: all         80         88      0.378       0.47       0.42       0.11
[YOLOv5] epoch 17/100 running
[YOLOv5] validation: all         80         88      0.137      0.455      0.137      0.038
[YOLOv5] epoch 18/100 running
[YOLOv5] validation: all         80         88      0.244      0.461      0.266     0.0913
[YOLOv5] epoch 19/100 running
[YOLOv5] validation: all         80         88      0.337      0.386      0.365      0.126
[YOLOv5] epoch 20/100 running
[YOLOv5] validation: all         80         88      0.402      0.545      0.377     0.0976
[YOLOv5] epoch 21/100 running
[YOLOv5] validation: all         80         88      0.533       0.57      0.506       0.22
[YOLOv5] epoch 22/100 running
[YOLOv5] validation: all         80         88       0.45      0.633       0.47      0.137
[YOLOv5] epoch 23/100 running
[YOLOv5] validation: all         80         88      0.395      0.466      0.416      0.141
[YOLOv5] epoch 24/100 running
[YOLOv5] validation: all         80         88      0.595      0.682      0.606      0.201
[YOLOv5] epoch 25/100 running
[YOLOv5] validation: all         80         88      0.291      0.666      0.372      0.141
[YOLOv5] epoch 26/100 running
[YOLOv5] validation: all         80         88      0.574      0.784       0.63      0.234
[YOLOv5] epoch 27/100 running
[YOLOv5] validation: all         80         88      0.702      0.636      0.654      0.231
[YOLOv5] epoch 28/100 running
[YOLOv5] validation: all         80         88       0.42      0.591      0.501      0.174
[YOLOv5] epoch 29/100 running
[YOLOv5] validation: all         80         88      0.575      0.648      0.564      0.206
[YOLOv5] epoch 30/100 running
[YOLOv5] validation: all         80         88       0.59      0.671      0.675      0.247
[YOLOv5] epoch 31/100 running
[YOLOv5] validation: all         80         88      0.716       0.67      0.686      0.205
[YOLOv5] epoch 32/100 running
[YOLOv5] validation: all         80         88      0.578      0.705      0.691      0.265
[YOLOv5] epoch 33/100 running
[YOLOv5] validation: all         80         88      0.685      0.705      0.701      0.226
[YOLOv5] epoch 34/100 running
[YOLOv5] validation: all         80         88      0.695      0.739      0.726      0.306
[YOLOv5] epoch 35/100 running
[YOLOv5] validation: all         80         88      0.845      0.693      0.732      0.253
[YOLOv5] epoch 36/100 running
[YOLOv5] validation: all         80         88      0.599      0.648      0.666      0.292
[YOLOv5] epoch 37/100 running
[YOLOv5] validation: all         80         88      0.849       0.67      0.797      0.331
[YOLOv5] epoch 38/100 running
[YOLOv5] validation: all         80         88       0.64      0.716      0.733      0.321
[YOLOv5] epoch 39/100 running
[YOLOv5] validation: all         80         88      0.761      0.686      0.729      0.294
[YOLOv5] epoch 40/100 running
[YOLOv5] validation: all         80         88      0.597      0.756      0.709      0.309
[YOLOv5] epoch 41/100 running
[YOLOv5] validation: all         80         88      0.812      0.693      0.742      0.296
[YOLOv5] epoch 42/100 running
[YOLOv5] validation: all         80         88      0.863      0.614      0.771      0.351
[YOLOv5] epoch 43/100 running
[YOLOv5] validation: all         80         88      0.855      0.773      0.837      0.365
[YOLOv5] epoch 44/100 running
[YOLOv5] validation: all         80         88      0.675      0.682      0.651      0.286
[YOLOv5] epoch 45/100 running
[YOLOv5] validation: all         80         88      0.876      0.773      0.826      0.342
[YOLOv5] epoch 46/100 running
[YOLOv5] validation: all         80         88      0.635      0.773      0.747      0.367
[YOLOv5] epoch 47/100 running
[YOLOv5] validation: all         80         88      0.762      0.795      0.859      0.381
[YOLOv5] epoch 48/100 running
[YOLOv5] validation: all         80         88      0.895      0.772      0.853      0.392
[YOLOv5] epoch 49/100 running
[YOLOv5] validation: all         80         88      0.851      0.739      0.825      0.387
[YOLOv5] epoch 50/100 running
[YOLOv5] validation: all         80         88      0.838      0.727      0.784       0.34
[YOLOv5] epoch 51/100 running
[YOLOv5] validation: all         80         88      0.873      0.779      0.835       0.39
[YOLOv5] epoch 52/100 running
[YOLOv5] validation: all         80         88      0.876      0.806      0.823       0.35
[YOLOv5] epoch 53/100 running
[YOLOv5] validation: all         80         88      0.758      0.841       0.84       0.38
[YOLOv5] epoch 54/100 running
[YOLOv5] validation: all         80         88       0.73      0.705       0.74       0.36
[YOLOv5] epoch 55/100 running
[YOLOv5] validation: all         80         88      0.877       0.75       0.82      0.368
[YOLOv5] epoch 56/100 running
[YOLOv5] validation: all         80         88      0.865      0.773      0.811      0.385
[YOLOv5] epoch 57/100 running
[YOLOv5] validation: all         80         88      0.864      0.784      0.858      0.387
[YOLOv5] epoch 58/100 running
[YOLOv5] validation: all         80         88        0.9      0.815      0.869      0.416
[YOLOv5] epoch 59/100 running
[YOLOv5] validation: all         80         88      0.931      0.818      0.902      0.443
[YOLOv5] epoch 60/100 running
[YOLOv5] validation: all         80         88      0.931      0.852      0.909      0.427
[YOLOv5] epoch 61/100 running
[YOLOv5] validation: all         80         88      0.946      0.818      0.887      0.419
[YOLOv5] epoch 62/100 running
[YOLOv5] validation: all         80         88      0.903      0.852      0.907      0.447
[YOLOv5] epoch 63/100 running
[YOLOv5] validation: all         80         88      0.892      0.849      0.875      0.411
[YOLOv5] epoch 64/100 running
[YOLOv5] validation: all         80         88      0.937      0.841      0.914      0.439
[YOLOv5] epoch 65/100 running
[YOLOv5] validation: all         80         88      0.959      0.805      0.898      0.447
[YOLOv5] epoch 66/100 running
[YOLOv5] validation: all         80         88      0.949      0.841      0.904      0.432
[YOLOv5] epoch 67/100 running
[YOLOv5] validation: all         80         88      0.915      0.855      0.904      0.438
[YOLOv5] epoch 68/100 running
[YOLOv5] validation: all         80         88      0.925      0.838      0.915      0.456
[YOLOv5] epoch 69/100 running
[YOLOv5] validation: all         80         88      0.915      0.795      0.901       0.45
[YOLOv5] epoch 70/100 running
[YOLOv5] validation: all         80         88      0.921      0.818      0.892      0.463
[YOLOv5] epoch 71/100 running
[YOLOv5] validation: all         80         88      0.934      0.799      0.883      0.461
[YOLOv5] epoch 72/100 running
[YOLOv5] validation: all         80         88      0.912      0.818      0.882      0.456
[YOLOv5] epoch 73/100 running
[YOLOv5] validation: all         80         88      0.968      0.784      0.883      0.461
[YOLOv5] epoch 74/100 running
[YOLOv5] validation: all         80         88      0.949       0.83      0.901      0.455
[YOLOv5] epoch 75/100 running
[YOLOv5] validation: all         80         88      0.956      0.852      0.903       0.46
[YOLOv5] epoch 76/100 running
[YOLOv5] validation: all         80         88      0.937      0.845      0.904      0.461
[YOLOv5] epoch 77/100 running
[YOLOv5] validation: all         80         88      0.954      0.818      0.897      0.459
[YOLOv5] epoch 78/100 running
[YOLOv5] validation: all         80         88      0.928      0.807      0.894      0.482
[YOLOv5] epoch 79/100 running
[YOLOv5] validation: all         80         88      0.928       0.83        0.9      0.459
[YOLOv5] epoch 80/100 running
[YOLOv5] validation: all         80         88      0.941      0.807      0.871      0.452
[YOLOv5] epoch 81/100 running
[YOLOv5] validation: all         80         88       0.96       0.82      0.883      0.449
[YOLOv5] epoch 82/100 running
[YOLOv5] validation: all         80         88      0.961      0.831      0.878      0.452
[YOLOv5] epoch 83/100 running
[YOLOv5] validation: all         80         88      0.947      0.807       0.86      0.442
[YOLOv5] epoch 84/100 running
[YOLOv5] validation: all         80         88      0.959      0.807      0.854      0.441
[YOLOv5] epoch 85/100 running
[YOLOv5] validation: all         80         88      0.956      0.795      0.866      0.457
[YOLOv5] epoch 86/100 running
[YOLOv5] validation: all         80         88      0.968      0.795      0.864      0.455
[YOLOv5] epoch 87/100 running
[YOLOv5] validation: all         80         88      0.972      0.784      0.867      0.473
[YOLOv5] epoch 88/100 running
[YOLOv5] validation: all         80         88      0.935      0.807      0.876      0.478
[YOLOv5] epoch 89/100 running
[YOLOv5] validation: all         80         88      0.936      0.831      0.889       0.47
[YOLOv5] epoch 90/100 running
[YOLOv5] validation: all         80         88      0.926       0.83      0.892      0.481
[YOLOv5] epoch 91/100 running
[YOLOv5] validation: all         80         88      0.948      0.825       0.89      0.481
[YOLOv5] epoch 92/100 running
[YOLOv5] validation: all         80         88      0.946       0.83      0.884      0.482
[YOLOv5] epoch 93/100 running
[YOLOv5] validation: all         80         88      0.948      0.818      0.878      0.475
[YOLOv5] epoch 94/100 running
[YOLOv5] validation: all         80         88       0.96      0.817      0.881      0.475
[YOLOv5] epoch 95/100 running
[YOLOv5] validation: all         80         88       0.96      0.818      0.883      0.481
[YOLOv5] epoch 96/100 running
[YOLOv5] validation: all         80         88      0.957      0.818      0.882      0.481
[YOLOv5] epoch 97/100 running
[YOLOv5] validation: all         80         88      0.955      0.807      0.873      0.487
[YOLOv5] epoch 98/100 running
[YOLOv5] validation: all         80         88      0.947      0.815       0.87       0.48
[YOLOv5] epoch 99/100 running
[YOLOv5] validation: all         80         88      0.954      0.807      0.871      0.488
[YOLOv5] epoch 100/100 running
[YOLOv5] validation: all         80         88      0.951      0.807      0.873      0.482
[YOLOv5] 100 epochs completed in 0.062 hours.
[YOLOv5] validation: all         80         88      0.959      0.807       0.91      0.454
[Task] training completed: 312.4s
[Task] evaluating: checkpoint=last, group=test, samples=80
[YOLOv5] validation: all         80         82      0.912      0.882      0.909      0.511
[Task] evaluation: checkpoint=last, group=test, mAP50-95=0.5105, mAP50=0.9090, time=16.0s
[Task] evaluating: checkpoint=best, group=test, samples=80
[YOLOv5] validation: all         80         82      0.904      0.841      0.895      0.471
[Task] evaluation: checkpoint=best, group=test, mAP50-95=0.4710, mAP50=0.8948, time=18.0s
[Task] completed: evaluation=34.1s, output=/home/lijinhe/work/YOLO_Retraining/runs/studies/0907_stroller_window10_learning_curve/experiment/sequence/StrollerWindow10Tau099_SplitS41__seq-full-cold__stage0-stage7__yolov5s__s42/tasks/003__stage3__full-cold
[Task] output: /home/lijinhe/work/YOLO_Retraining/runs/studies/0907_stroller_window10_learning_curve/experiment/sequence/StrollerWindow10Tau099_SplitS41__seq-full-cold__stage0-stage7__yolov5s__s42/tasks/004__stage4__full-cold
[Task] data: current=80, candidate=401, validation=80, test=80
[Task] selection: policy=full, selected=401, groups={'candidate': 401}, time=0.000s
[Task] training: backend=yolov5, epochs=100, batch=64, device=0
[YOLOv5] epoch 1/100 running
[YOLOv5] validation: all         80         88    0.00181      0.159    0.00108   0.000213
[YOLOv5] epoch 2/100 running
[YOLOv5] validation: all         80         88    0.00314      0.534     0.0151    0.00257
[YOLOv5] epoch 3/100 running
[YOLOv5] validation: all         80         88      0.125      0.375      0.143     0.0312
[YOLOv5] epoch 4/100 running
[YOLOv5] validation: all         80         88      0.215      0.386      0.224     0.0581
[YOLOv5] epoch 5/100 running
[YOLOv5] validation: all         80         88     0.0288      0.625     0.0269    0.00702
[YOLOv5] epoch 6/100 running
[YOLOv5] validation: all         80         88      0.246      0.341       0.21     0.0427
[YOLOv5] epoch 7/100 running
[YOLOv5] validation: all         80         88      0.331      0.307      0.265     0.0556
[YOLOv5] epoch 8/100 running
[YOLOv5] validation: all         80         88      0.404      0.398      0.351     0.0854
[YOLOv5] epoch 9/100 running
[YOLOv5] validation: all         80         88      0.454      0.432      0.388     0.0884
[YOLOv5] epoch 10/100 running
[YOLOv5] validation: all         80         88      0.468      0.455      0.448      0.115
[YOLOv5] epoch 11/100 running
[YOLOv5] validation: all         80         88      0.461       0.58      0.464      0.153
[YOLOv5] epoch 12/100 running
[YOLOv5] validation: all         80         88      0.497      0.614      0.515      0.209
[YOLOv5] epoch 13/100 running
[YOLOv5] validation: all         80         88      0.386      0.449      0.413      0.124
[YOLOv5] epoch 14/100 running
[YOLOv5] validation: all         80         88      0.533      0.544       0.53      0.212
[YOLOv5] epoch 15/100 running
[YOLOv5] validation: all         80         88       0.45      0.761      0.618      0.224
[YOLOv5] epoch 16/100 running
[YOLOv5] validation: all         80         88      0.558      0.545      0.588      0.239
[YOLOv5] epoch 17/100 running
[YOLOv5] validation: all         80         88      0.479      0.682      0.614      0.239
[YOLOv5] epoch 18/100 running
[YOLOv5] validation: all         80         88      0.704      0.659      0.683      0.269
[YOLOv5] epoch 19/100 running
[YOLOv5] validation: all         80         88       0.69      0.773      0.784      0.288
[YOLOv5] epoch 20/100 running
[YOLOv5] validation: all         80         88      0.772      0.739      0.783      0.326
[YOLOv5] epoch 21/100 running
[YOLOv5] validation: all         80         88      0.898      0.727      0.856      0.359
[YOLOv5] epoch 22/100 running
[YOLOv5] validation: all         80         88      0.904      0.747      0.852      0.371
[YOLOv5] epoch 23/100 running
[YOLOv5] validation: all         80         88      0.865      0.784      0.862       0.38
[YOLOv5] epoch 24/100 running
[YOLOv5] validation: all         80         88      0.786      0.795      0.853      0.388
[YOLOv5] epoch 25/100 running
[YOLOv5] validation: all         80         88      0.875      0.784      0.849      0.405
[YOLOv5] epoch 26/100 running
[YOLOv5] validation: all         80         88      0.788      0.818      0.828       0.38
[YOLOv5] epoch 27/100 running
[YOLOv5] validation: all         80         88      0.846      0.809      0.856      0.367
[YOLOv5] epoch 28/100 running
[YOLOv5] validation: all         80         88      0.847       0.75       0.82       0.35
[YOLOv5] epoch 29/100 running
[YOLOv5] validation: all         80         88      0.886       0.71      0.817       0.38
[YOLOv5] epoch 30/100 running
[YOLOv5] validation: all         80         88      0.925      0.761      0.863      0.394
[YOLOv5] epoch 31/100 running
[YOLOv5] validation: all         80         88      0.869      0.831      0.888      0.402
[YOLOv5] epoch 32/100 running
[YOLOv5] validation: all         80         88      0.844      0.761      0.853      0.377
[YOLOv5] epoch 33/100 running
[YOLOv5] validation: all         80         88       0.86      0.773       0.85      0.375
[YOLOv5] epoch 34/100 running
[YOLOv5] validation: all         80         88      0.839      0.807      0.836      0.417
[YOLOv5] epoch 35/100 running
[YOLOv5] validation: all         80         88      0.885      0.807      0.885      0.436
[YOLOv5] epoch 36/100 running
[YOLOv5] validation: all         80         88      0.912      0.773      0.882      0.411
[YOLOv5] epoch 37/100 running
[YOLOv5] validation: all         80         88      0.895      0.778      0.866       0.44
[YOLOv5] epoch 38/100 running
[YOLOv5] validation: all         80         88      0.934      0.784      0.882      0.438
[YOLOv5] epoch 39/100 running
[YOLOv5] validation: all         80         88      0.869      0.754      0.856        0.4
[YOLOv5] epoch 40/100 running
[YOLOv5] validation: all         80         88      0.917      0.795      0.872      0.444
[YOLOv5] epoch 41/100 running
[YOLOv5] validation: all         80         88      0.877      0.761      0.828      0.377
[YOLOv5] epoch 42/100 running
[YOLOv5] validation: all         80         88      0.877      0.807      0.862      0.416
[YOLOv5] epoch 43/100 running
[YOLOv5] validation: all         80         88      0.805      0.864      0.857      0.441
[YOLOv5] epoch 44/100 running
[YOLOv5] validation: all         80         88      0.837      0.814      0.842      0.401
[YOLOv5] epoch 45/100 running
[YOLOv5] validation: all         80         88      0.851      0.781      0.842      0.417
[YOLOv5] epoch 46/100 running
[YOLOv5] validation: all         80         88      0.835      0.864      0.901      0.459
[YOLOv5] epoch 47/100 running
[YOLOv5] validation: all         80         88      0.872      0.807      0.882      0.456
[YOLOv5] epoch 48/100 running
[YOLOv5] validation: all         80         88      0.858      0.825      0.889      0.451
[YOLOv5] epoch 49/100 running
[YOLOv5] validation: all         80         88      0.879      0.886      0.894       0.45
[YOLOv5] epoch 50/100 running
[YOLOv5] validation: all         80         88      0.877      0.808       0.86      0.412
[YOLOv5] epoch 51/100 running
[YOLOv5] validation: all         80         88      0.937       0.84      0.886      0.452
[YOLOv5] epoch 52/100 running
[YOLOv5] validation: all         80         88      0.948      0.826      0.896       0.47
[YOLOv5] epoch 53/100 running
[YOLOv5] validation: all         80         88      0.965      0.795       0.91      0.474
[YOLOv5] epoch 54/100 running
[YOLOv5] validation: all         80         88      0.954       0.83      0.919      0.469
[YOLOv5] epoch 55/100 running
[YOLOv5] validation: all         80         88      0.943      0.841      0.902      0.466
[YOLOv5] epoch 56/100 running
[YOLOv5] validation: all         80         88      0.972      0.791      0.897       0.46
[YOLOv5] epoch 57/100 running
[YOLOv5] validation: all         80         88      0.873      0.864      0.889      0.441
[YOLOv5] epoch 58/100 running
[YOLOv5] validation: all         80         88      0.819      0.875      0.899      0.464
[YOLOv5] epoch 59/100 running
[YOLOv5] validation: all         80         88       0.85      0.841      0.882      0.453
[YOLOv5] epoch 60/100 running
[YOLOv5] validation: all         80         88      0.885      0.841      0.893      0.468
[YOLOv5] epoch 61/100 running
[YOLOv5] validation: all         80         88      0.819      0.875      0.891      0.475
[YOLOv5] epoch 62/100 running
[YOLOv5] validation: all         80         88       0.83       0.83      0.881      0.457
[YOLOv5] epoch 63/100 running
[YOLOv5] validation: all         80         88      0.924      0.795      0.902       0.46
[YOLOv5] epoch 64/100 running
[YOLOv5] validation: all         80         88      0.851      0.845      0.886      0.457
[YOLOv5] epoch 65/100 running
[YOLOv5] validation: all         80         88      0.886      0.841      0.918      0.481
[YOLOv5] epoch 66/100 running
[YOLOv5] validation: all         80         88      0.887      0.841      0.917      0.458
[YOLOv5] epoch 67/100 running
[YOLOv5] validation: all         80         88      0.904      0.854      0.916      0.464
[YOLOv5] epoch 68/100 running
[YOLOv5] validation: all         80         88      0.842      0.848      0.888      0.464
[YOLOv5] epoch 69/100 running
[YOLOv5] validation: all         80         88      0.894      0.852      0.903       0.47
[YOLOv5] epoch 70/100 running
[YOLOv5] validation: all         80         88      0.893      0.854       0.91      0.459
[YOLOv5] epoch 71/100 running
[YOLOv5] validation: all         80         88      0.875      0.852      0.902      0.455
[YOLOv5] epoch 72/100 running
[YOLOv5] validation: all         80         88      0.941      0.784      0.875      0.449
[YOLOv5] epoch 73/100 running
[YOLOv5] validation: all         80         88      0.874      0.867      0.888      0.468
[YOLOv5] epoch 74/100 running
[YOLOv5] validation: all         80         88      0.903      0.847      0.911      0.464
[YOLOv5] epoch 75/100 running
[YOLOv5] validation: all         80         88      0.914      0.773      0.871      0.451
[YOLOv5] epoch 76/100 running
[YOLOv5] validation: all         80         88       0.93      0.784      0.863       0.45
[YOLOv5] epoch 77/100 running
[YOLOv5] validation: all         80         88      0.891      0.838      0.876      0.455
[YOLOv5] epoch 78/100 running
[YOLOv5] validation: all         80         88      0.857      0.817      0.871      0.461
[YOLOv5] epoch 79/100 running
[YOLOv5] validation: all         80         88      0.925      0.807      0.877      0.484
[YOLOv5] epoch 80/100 running
[YOLOv5] validation: all         80         88      0.884      0.841      0.897      0.478
[YOLOv5] epoch 81/100 running
[YOLOv5] validation: all         80         88      0.896      0.852      0.899      0.475
[YOLOv5] epoch 82/100 running
[YOLOv5] validation: all         80         88       0.88      0.852      0.893      0.479
[YOLOv5] epoch 83/100 running
[YOLOv5] validation: all         80         88      0.926      0.848      0.918      0.486
[YOLOv5] epoch 84/100 running
[YOLOv5] validation: all         80         88      0.935      0.817        0.9       0.48
[YOLOv5] epoch 85/100 running
[YOLOv5] validation: all         80         88      0.935      0.818      0.896      0.468
[YOLOv5] epoch 86/100 running
[YOLOv5] validation: all         80         88      0.959       0.83      0.909      0.471
[YOLOv5] epoch 87/100 running
[YOLOv5] validation: all         80         88      0.935      0.821      0.886      0.469
[YOLOv5] epoch 88/100 running
[YOLOv5] validation: all         80         88      0.892      0.841      0.878      0.477
[YOLOv5] epoch 89/100 running
[YOLOv5] validation: all         80         88      0.895      0.873      0.893       0.48
[YOLOv5] epoch 90/100 running
[YOLOv5] validation: all         80         88      0.902      0.837      0.885      0.485
[YOLOv5] epoch 91/100 running
[YOLOv5] validation: all         80         88      0.914      0.849      0.884      0.486
[YOLOv5] epoch 92/100 running
[YOLOv5] validation: all         80         88      0.915      0.856      0.898      0.488
[YOLOv5] epoch 93/100 running
[YOLOv5] validation: all         80         88      0.885      0.864      0.884       0.49
[YOLOv5] epoch 94/100 running
[YOLOv5] validation: all         80         88      0.895      0.852      0.898      0.492
[YOLOv5] epoch 95/100 running
[YOLOv5] validation: all         80         88      0.876      0.852      0.893      0.496
[YOLOv5] epoch 96/100 running
[YOLOv5] validation: all         80         88      0.879      0.864       0.89      0.488
[YOLOv5] epoch 97/100 running
[YOLOv5] validation: all         80         88      0.903      0.849      0.878      0.488
[YOLOv5] epoch 98/100 running
[YOLOv5] validation: all         80         88      0.892      0.844      0.877      0.485
[YOLOv5] epoch 99/100 running
[YOLOv5] validation: all         80         88      0.902      0.839      0.885       0.49
[YOLOv5] epoch 100/100 running
[YOLOv5] validation: all         80         88      0.902      0.837      0.893      0.485
[YOLOv5] 100 epochs completed in 0.063 hours.
[YOLOv5] validation: all         80         88      0.956       0.83       0.92       0.47
[Task] training completed: 317.7s
[Task] evaluating: checkpoint=last, group=test, samples=80
[YOLOv5] validation: all         80         82      0.931      0.829      0.917      0.524
[Task] evaluation: checkpoint=last, group=test, mAP50-95=0.5237, mAP50=0.9173, time=18.0s
[Task] evaluating: checkpoint=best, group=test, samples=80
[YOLOv5] validation: all         80         82      0.936      0.892      0.935      0.494
[Task] evaluation: checkpoint=best, group=test, mAP50-95=0.4940, mAP50=0.9350, time=19.0s
[Task] completed: evaluation=37.0s, output=/home/lijinhe/work/YOLO_Retraining/runs/studies/0907_stroller_window10_learning_curve/experiment/sequence/StrollerWindow10Tau099_SplitS41__seq-full-cold__stage0-stage7__yolov5s__s42/tasks/004__stage4__full-cold
[Task] output: /home/lijinhe/work/YOLO_Retraining/runs/studies/0907_stroller_window10_learning_curve/experiment/sequence/StrollerWindow10Tau099_SplitS41__seq-full-cold__stage0-stage7__yolov5s__s42/tasks/005__stage5__full-cold
[Task] data: current=80, candidate=481, validation=80, test=80
[Task] selection: policy=full, selected=481, groups={'candidate': 481}, time=0.000s
[Task] training: backend=yolov5, epochs=100, batch=64, device=0
[YOLOv5] epoch 1/100 running
[YOLOv5] validation: all         80         88   0.000553     0.0568   0.000303   5.09e-05
[YOLOv5] epoch 2/100 running
[YOLOv5] validation: all         80         88    0.00339      0.682    0.00891    0.00233
[YOLOv5] epoch 3/100 running
[YOLOv5] validation: all         80         88    0.00338      0.864     0.0593     0.0115
[YOLOv5] epoch 4/100 running
[YOLOv5] validation: all         80         88     0.0113       0.92     0.0754     0.0222
[YOLOv5] epoch 5/100 running
[YOLOv5] validation: all         80         88      0.291      0.455      0.276     0.0803
[YOLOv5] epoch 6/100 running
[YOLOv5] validation: all         80         88      0.123      0.273      0.105     0.0237
[YOLOv5] epoch 7/100 running
[YOLOv5] validation: all         80         88      0.367      0.295      0.237     0.0684
[YOLOv5] epoch 8/100 running
[YOLOv5] validation: all         80         88      0.331      0.352      0.249     0.0793
[YOLOv5] epoch 9/100 running
[YOLOv5] validation: all         80         88      0.269       0.42      0.252     0.0742
[YOLOv5] epoch 10/100 running
[YOLOv5] validation: all         80         88      0.329        0.5      0.376     0.0973
[YOLOv5] epoch 11/100 running
[YOLOv5] validation: all         80         88      0.354      0.545      0.307     0.0926
[YOLOv5] epoch 12/100 running
[YOLOv5] validation: all         80         88      0.399      0.581      0.442      0.166
[YOLOv5] epoch 13/100 running
[YOLOv5] validation: all         80         88      0.447      0.534      0.418      0.151
[YOLOv5] epoch 14/100 running
[YOLOv5] validation: all         80         88      0.545      0.722      0.589      0.218
[YOLOv5] epoch 15/100 running
[YOLOv5] validation: all         80         88      0.414      0.614      0.453      0.174
[YOLOv5] epoch 16/100 running
[YOLOv5] validation: all         80         88       0.74      0.739      0.713      0.293
[YOLOv5] epoch 17/100 running
[YOLOv5] validation: all         80         88       0.46      0.739      0.559      0.255
[YOLOv5] epoch 18/100 running
[YOLOv5] validation: all         80         88       0.59      0.737      0.682      0.262
[YOLOv5] epoch 19/100 running
[YOLOv5] validation: all         80         88      0.788      0.727       0.79      0.346
[YOLOv5] epoch 20/100 running
[YOLOv5] validation: all         80         88      0.793      0.742      0.817      0.386
[YOLOv5] epoch 21/100 running
[YOLOv5] validation: all         80         88      0.731      0.773      0.771       0.34
[YOLOv5] epoch 22/100 running
[YOLOv5] validation: all         80         88      0.804      0.784      0.824      0.387
[YOLOv5] epoch 23/100 running
[YOLOv5] validation: all         80         88      0.838      0.764      0.839      0.376
[YOLOv5] epoch 24/100 running
[YOLOv5] validation: all         80         88      0.834      0.773      0.815      0.357
[YOLOv5] epoch 25/100 running
[YOLOv5] validation: all         80         88      0.786      0.716      0.723      0.291
[YOLOv5] epoch 26/100 running
[YOLOv5] validation: all         80         88      0.836      0.813      0.832      0.384
[YOLOv5] epoch 27/100 running
[YOLOv5] validation: all         80         88      0.882       0.75      0.828      0.399
[YOLOv5] epoch 28/100 running
[YOLOv5] validation: all         80         88      0.952      0.693      0.834      0.407
[YOLOv5] epoch 29/100 running
[YOLOv5] validation: all         80         88      0.861      0.843      0.898       0.45
[YOLOv5] epoch 30/100 running
[YOLOv5] validation: all         80         88      0.874       0.87      0.909      0.452
[YOLOv5] epoch 31/100 running
[YOLOv5] validation: all         80         88      0.895      0.807      0.883      0.407
[YOLOv5] epoch 32/100 running
[YOLOv5] validation: all         80         88      0.843      0.773      0.852      0.389
[YOLOv5] epoch 33/100 running
[YOLOv5] validation: all         80         88      0.803      0.787      0.816      0.397
[YOLOv5] epoch 34/100 running
[YOLOv5] validation: all         80         88      0.896       0.83      0.892      0.452
[YOLOv5] epoch 35/100 running
[YOLOv5] validation: all         80         88      0.858      0.827      0.861      0.424
[YOLOv5] epoch 36/100 running
[YOLOv5] validation: all         80         88      0.899      0.805      0.866      0.422
[YOLOv5] epoch 37/100 running
[YOLOv5] validation: all         80         88      0.891       0.84      0.889      0.451
[YOLOv5] epoch 38/100 running
[YOLOv5] validation: all         80         88      0.797       0.83      0.887      0.449
[YOLOv5] epoch 39/100 running
[YOLOv5] validation: all         80         88      0.832      0.846      0.884      0.443
[YOLOv5] epoch 40/100 running
[YOLOv5] validation: all         80         88      0.911       0.81      0.873      0.429
[YOLOv5] epoch 41/100 running
[YOLOv5] validation: all         80         88      0.921      0.791      0.889      0.442
[YOLOv5] epoch 42/100 running
[YOLOv5] validation: all         80         88      0.891      0.838      0.877      0.449
[YOLOv5] epoch 43/100 running
[YOLOv5] validation: all         80         88      0.923      0.816      0.877      0.458
[YOLOv5] epoch 44/100 running
[YOLOv5] validation: all         80         88      0.899      0.841      0.882       0.44
[YOLOv5] epoch 45/100 running
[YOLOv5] validation: all         80         88      0.936      0.784      0.891      0.466
[YOLOv5] epoch 46/100 running
[YOLOv5] validation: all         80         88      0.876      0.805      0.885      0.481
[YOLOv5] epoch 47/100 running
[YOLOv5] validation: all         80         88      0.901      0.826      0.896      0.446
[YOLOv5] epoch 48/100 running
[YOLOv5] validation: all         80         88      0.884      0.841      0.897      0.447
[YOLOv5] epoch 49/100 running
[YOLOv5] validation: all         80         88      0.849      0.895      0.925      0.445
[YOLOv5] epoch 50/100 running
[YOLOv5] validation: all         80         88      0.873       0.86      0.914      0.479
[YOLOv5] epoch 51/100 running
[YOLOv5] validation: all         80         88      0.927      0.841      0.922      0.491
[YOLOv5] epoch 52/100 running
[YOLOv5] validation: all         80         88      0.938       0.83      0.929      0.495
[YOLOv5] epoch 53/100 running
[YOLOv5] validation: all         80         88      0.916      0.875      0.917      0.495
[YOLOv5] epoch 54/100 running
[YOLOv5] validation: all         80         88      0.892      0.864      0.905      0.481
[YOLOv5] epoch 55/100 running
[YOLOv5] validation: all         80         88      0.934      0.807      0.916      0.488
[YOLOv5] epoch 56/100 running
[YOLOv5] validation: all         80         88      0.906      0.761      0.855      0.457
[YOLOv5] epoch 57/100 running
[YOLOv5] validation: all         80         88      0.905      0.784      0.874      0.478
[YOLOv5] epoch 58/100 running
[YOLOv5] validation: all         80         88      0.965      0.795      0.884      0.493
[YOLOv5] epoch 59/100 running
[YOLOv5] validation: all         80         88      0.912      0.828        0.9      0.488
[YOLOv5] epoch 60/100 running
[YOLOv5] validation: all         80         88      0.883      0.841      0.896      0.472
[YOLOv5] epoch 61/100 running
[YOLOv5] validation: all         80         88       0.88      0.807      0.878       0.47
[YOLOv5] epoch 62/100 running
[YOLOv5] validation: all         80         88      0.899       0.83      0.887      0.465
[YOLOv5] epoch 63/100 running
[YOLOv5] validation: all         80         88      0.883      0.818      0.886      0.484
[YOLOv5] epoch 64/100 running
[YOLOv5] validation: all         80         88      0.856      0.881      0.896      0.482
[YOLOv5] epoch 65/100 running
[YOLOv5] validation: all         80         88       0.94      0.784      0.898      0.477
[YOLOv5] epoch 66/100 running
[YOLOv5] validation: all         80         88      0.931      0.784      0.906      0.462
[YOLOv5] epoch 67/100 running
[YOLOv5] validation: all         80         88      0.908      0.841      0.917      0.498
[YOLOv5] epoch 68/100 running
[YOLOv5] validation: all         80         88       0.91      0.864      0.917      0.504
[YOLOv5] epoch 69/100 running
[YOLOv5] validation: all         80         88      0.928      0.886      0.932       0.52
[YOLOv5] epoch 70/100 running
[YOLOv5] validation: all         80         88      0.917      0.875      0.937      0.519
[YOLOv5] epoch 71/100 running
[YOLOv5] validation: all         80         88       0.92      0.875      0.932      0.507
[YOLOv5] epoch 72/100 running
[YOLOv5] validation: all         80         88      0.886      0.879       0.91      0.509
[YOLOv5] epoch 73/100 running
[YOLOv5] validation: all         80         88      0.908      0.852       0.93      0.522
[YOLOv5] epoch 74/100 running
[YOLOv5] validation: all         80         88      0.892      0.842      0.906      0.509
[YOLOv5] epoch 75/100 running
[YOLOv5] validation: all         80         88      0.893      0.856      0.911      0.511
[YOLOv5] epoch 76/100 running
[YOLOv5] validation: all         80         88        0.9      0.852      0.929      0.503
[YOLOv5] epoch 77/100 running
[YOLOv5] validation: all         80         88      0.886      0.884      0.925      0.509
[YOLOv5] epoch 78/100 running
[YOLOv5] validation: all         80         88      0.889      0.908      0.917      0.507
[YOLOv5] epoch 79/100 running
[YOLOv5] validation: all         80         88      0.899      0.898      0.908      0.502
[YOLOv5] epoch 80/100 running
[YOLOv5] validation: all         80         88       0.91      0.809      0.898      0.486
[YOLOv5] epoch 81/100 running
[YOLOv5] validation: all         80         88      0.901      0.875      0.917      0.492
[YOLOv5] epoch 82/100 running
[YOLOv5] validation: all         80         88       0.89      0.852      0.894      0.509
[YOLOv5] epoch 83/100 running
[YOLOv5] validation: all         80         88      0.911      0.841      0.904      0.516
[YOLOv5] epoch 84/100 running
[YOLOv5] validation: all         80         88      0.922      0.864      0.899        0.5
[YOLOv5] epoch 85/100 running
[YOLOv5] validation: all         80         88      0.881       0.83      0.892      0.498
[YOLOv5] epoch 86/100 running
[YOLOv5] validation: all         80         88      0.882      0.864      0.897      0.502
[YOLOv5] epoch 87/100 running
[YOLOv5] validation: all         80         88      0.887      0.852      0.886      0.501
[YOLOv5] epoch 88/100 running
[YOLOv5] validation: all         80         88      0.903      0.842      0.894      0.513
[YOLOv5] epoch 89/100 running
[YOLOv5] validation: all         80         88      0.916      0.869       0.91      0.519
[YOLOv5] epoch 90/100 running
[YOLOv5] validation: all         80         88      0.879      0.841      0.888      0.506
[YOLOv5] epoch 91/100 running
[YOLOv5] validation: all         80         88       0.88      0.864      0.901      0.512
[YOLOv5] epoch 92/100 running
[YOLOv5] validation: all         80         88      0.881      0.843      0.896      0.527
[YOLOv5] epoch 93/100 running
[YOLOv5] validation: all         80         88      0.925      0.864      0.911      0.513
[YOLOv5] epoch 94/100 running
[YOLOv5] validation: all         80         88      0.882      0.846      0.903      0.515
[YOLOv5] epoch 95/100 running
[YOLOv5] validation: all         80         88      0.885       0.83      0.893      0.507
[YOLOv5] epoch 96/100 running
[YOLOv5] validation: all         80         88      0.901      0.826      0.889      0.497
[YOLOv5] epoch 97/100 running
[YOLOv5] validation: all         80         88      0.909      0.841      0.899      0.503
[YOLOv5] epoch 98/100 running
[YOLOv5] validation: all         80         88       0.88      0.832      0.884        0.5
[YOLOv5] epoch 99/100 running
[YOLOv5] validation: all         80         88      0.892      0.841      0.902      0.511
[YOLOv5] epoch 100/100 running
[YOLOv5] validation: all         80         88      0.914      0.841        0.9      0.508
[YOLOv5] 100 epochs completed in 0.083 hours.
[YOLOv5] validation: all         80         88      0.917      0.875      0.937      0.519
[Task] training completed: 388.9s
[Task] evaluating: checkpoint=last, group=test, samples=80
[YOLOv5] validation: all         80         82      0.927      0.841      0.921      0.557
[Task] evaluation: checkpoint=last, group=test, mAP50-95=0.5571, mAP50=0.9208, time=17.2s
[Task] evaluating: checkpoint=best, group=test, samples=80
[YOLOv5] validation: all         80         82      0.948      0.854      0.949      0.555
[Task] evaluation: checkpoint=best, group=test, mAP50-95=0.5545, mAP50=0.9491, time=18.7s
[Task] completed: evaluation=35.9s, output=/home/lijinhe/work/YOLO_Retraining/runs/studies/0907_stroller_window10_learning_curve/experiment/sequence/StrollerWindow10Tau099_SplitS41__seq-full-cold__stage0-stage7__yolov5s__s42/tasks/005__stage5__full-cold
[Task] output: /home/lijinhe/work/YOLO_Retraining/runs/studies/0907_stroller_window10_learning_curve/experiment/sequence/StrollerWindow10Tau099_SplitS41__seq-full-cold__stage0-stage7__yolov5s__s42/tasks/006__stage6__full-cold
[Task] data: current=80, candidate=561, validation=80, test=80
[Task] selection: policy=full, selected=561, groups={'candidate': 561}, time=0.000s
[Task] training: backend=yolov5, epochs=100, batch=64, device=0
[YOLOv5] epoch 1/100 running
[YOLOv5] validation: all         80         88    0.00263      0.352    0.00351   0.000722
[YOLOv5] epoch 2/100 running
[YOLOv5] validation: all         80         88    0.00361      0.898    0.00836    0.00213
[YOLOv5] epoch 3/100 running
[YOLOv5] validation: all         80         88    0.00872      0.932     0.0243    0.00574
[YOLOv5] epoch 4/100 running
[YOLOv5] validation: all         80         88      0.201      0.216      0.166     0.0364
[YOLOv5] epoch 5/100 running
[YOLOv5] validation: all         80         88      0.269      0.455      0.219     0.0567
[YOLOv5] epoch 6/100 running
[YOLOv5] validation: all         80         88      0.354      0.409      0.338     0.0941
[YOLOv5] epoch 7/100 running
[YOLOv5] validation: all         80         88      0.476      0.466       0.43      0.136
[YOLOv5] epoch 8/100 running
[YOLOv5] validation: all         80         88       0.37       0.48      0.347       0.08
[YOLOv5] epoch 9/100 running
[YOLOv5] validation: all         80         88       0.34       0.42      0.349     0.0971
[YOLOv5] epoch 10/100 running
[YOLOv5] validation: all         80         88        0.5      0.715      0.649      0.202
[YOLOv5] epoch 11/100 running
[YOLOv5] validation: all         80         88      0.246      0.646      0.327      0.106
[YOLOv5] epoch 12/100 running
[YOLOv5] validation: all         80         88      0.342      0.684      0.515      0.175
[YOLOv5] epoch 13/100 running
[YOLOv5] validation: all         80         88      0.477      0.648      0.547      0.205
[YOLOv5] epoch 14/100 running
[YOLOv5] validation: all         80         88      0.622      0.739      0.677      0.264
[YOLOv5] epoch 15/100 running
[YOLOv5] validation: all         80         88      0.653      0.648      0.683      0.288
[YOLOv5] epoch 16/100 running
[YOLOv5] validation: all         80         88      0.719       0.75      0.712      0.271
[YOLOv5] epoch 17/100 running
[YOLOv5] validation: all         80         88      0.663      0.727      0.705       0.28
[YOLOv5] epoch 18/100 running
[YOLOv5] validation: all         80         88      0.789      0.659      0.705      0.297
[YOLOv5] epoch 19/100 running
[YOLOv5] validation: all         80         88      0.871      0.761      0.857      0.378
[YOLOv5] epoch 20/100 running
[YOLOv5] validation: all         80         88      0.907      0.784      0.832      0.371
[YOLOv5] epoch 21/100 running
[YOLOv5] validation: all         80         88      0.904      0.807      0.891      0.394
[YOLOv5] epoch 22/100 running
[YOLOv5] validation: all         80         88      0.754      0.875      0.855      0.366
[YOLOv5] epoch 23/100 running
[YOLOv5] validation: all         80         88      0.826      0.865      0.881      0.366
[YOLOv5] epoch 24/100 running
[YOLOv5] validation: all         80         88      0.868       0.83      0.879      0.411
[YOLOv5] epoch 25/100 running
[YOLOv5] validation: all         80         88      0.895      0.775      0.855      0.429
[YOLOv5] epoch 26/100 running
[YOLOv5] validation: all         80         88      0.896      0.818      0.883      0.451
[YOLOv5] epoch 27/100 running
[YOLOv5] validation: all         80         88      0.869      0.832      0.879      0.423
[YOLOv5] epoch 28/100 running
[YOLOv5] validation: all         80         88      0.884      0.886      0.895      0.449
[YOLOv5] epoch 29/100 running
[YOLOv5] validation: all         80         88      0.852      0.849       0.87      0.417
[YOLOv5] epoch 30/100 running
[YOLOv5] validation: all         80         88      0.958      0.773      0.893       0.42
[YOLOv5] epoch 31/100 running
[YOLOv5] validation: all         80         88      0.883      0.818      0.885      0.451
[YOLOv5] epoch 32/100 running
[YOLOv5] validation: all         80         88      0.826      0.886      0.887       0.43
[YOLOv5] epoch 33/100 running
[YOLOv5] validation: all         80         88      0.941      0.727      0.858      0.411
[YOLOv5] epoch 34/100 running
[YOLOv5] validation: all         80         88      0.859      0.841      0.906      0.474
[YOLOv5] epoch 35/100 running
[YOLOv5] validation: all         80         88      0.904      0.807      0.893      0.458
[YOLOv5] epoch 36/100 running
[YOLOv5] validation: all         80         88      0.854      0.862      0.887       0.45
[YOLOv5] epoch 37/100 running
[YOLOv5] validation: all         80         88      0.922      0.809      0.891      0.442
[YOLOv5] epoch 38/100 running
[YOLOv5] validation: all         80         88      0.843      0.857      0.897      0.439
[YOLOv5] epoch 39/100 running
[YOLOv5] validation: all         80         88      0.841       0.83      0.907      0.469
[YOLOv5] epoch 40/100 running
[YOLOv5] validation: all         80         88      0.852      0.852      0.914      0.479
[YOLOv5] epoch 41/100 running
[YOLOv5] validation: all         80         88      0.908      0.782      0.877      0.441
[YOLOv5] epoch 42/100 running
[YOLOv5] validation: all         80         88      0.958      0.784      0.893      0.469
[YOLOv5] epoch 43/100 running
[YOLOv5] validation: all         80         88      0.879      0.828      0.879      0.472
[YOLOv5] epoch 44/100 running
[YOLOv5] validation: all         80         88      0.902      0.837      0.895       0.45
[YOLOv5] epoch 45/100 running
[YOLOv5] validation: all         80         88      0.935      0.818      0.903      0.473
[YOLOv5] epoch 46/100 running
[YOLOv5] validation: all         80         88      0.882      0.853      0.879      0.484
[YOLOv5] epoch 47/100 running
[YOLOv5] validation: all         80         88      0.951      0.773        0.9      0.493
[YOLOv5] epoch 48/100 running
[YOLOv5] validation: all         80         88       0.96      0.816      0.889       0.48
[YOLOv5] epoch 49/100 running
[YOLOv5] validation: all         80         88      0.935      0.817      0.895      0.473
[YOLOv5] epoch 50/100 running
[YOLOv5] validation: all         80         88      0.935       0.82      0.899      0.452
[YOLOv5] epoch 51/100 running
[YOLOv5] validation: all         80         88      0.922      0.841      0.915      0.466
[YOLOv5] epoch 52/100 running
[YOLOv5] validation: all         80         88      0.928      0.795      0.877      0.481
[YOLOv5] epoch 53/100 running
[YOLOv5] validation: all         80         88      0.916      0.869       0.91      0.484
[YOLOv5] epoch 54/100 running
[YOLOv5] validation: all         80         88       0.94      0.761      0.885      0.487
[YOLOv5] epoch 55/100 running
[YOLOv5] validation: all         80         88      0.931      0.864      0.933      0.491
[YOLOv5] epoch 56/100 running
[YOLOv5] validation: all         80         88      0.944      0.807      0.903       0.49
[YOLOv5] epoch 57/100 running
[YOLOv5] validation: all         80         88      0.967      0.784      0.898      0.504
[YOLOv5] epoch 58/100 running
[YOLOv5] validation: all         80         88      0.948      0.825      0.899      0.507
[YOLOv5] epoch 59/100 running
[YOLOv5] validation: all         80         88      0.902      0.841      0.895      0.507
[YOLOv5] epoch 60/100 running
[YOLOv5] validation: all         80         88      0.971      0.772       0.88      0.502
[YOLOv5] epoch 61/100 running
[YOLOv5] validation: all         80         88      0.931      0.818       0.89      0.505
[YOLOv5] epoch 62/100 running
[YOLOv5] validation: all         80         88      0.925       0.84      0.922      0.509
[YOLOv5] epoch 63/100 running
[YOLOv5] validation: all         80         88      0.915      0.807      0.896      0.509
[YOLOv5] epoch 64/100 running
[YOLOv5] validation: all         80         88      0.922       0.83      0.897      0.504
[YOLOv5] epoch 65/100 running
[YOLOv5] validation: all         80         88      0.958      0.864      0.946       0.51
[YOLOv5] epoch 66/100 running
[YOLOv5] validation: all         80         88      0.943       0.83      0.911      0.523
[YOLOv5] epoch 67/100 running
[YOLOv5] validation: all         80         88      0.961      0.845      0.923      0.519
[YOLOv5] epoch 68/100 running
[YOLOv5] validation: all         80         88      0.961      0.849      0.916      0.513
[YOLOv5] epoch 69/100 running
[YOLOv5] validation: all         80         88      0.956      0.852      0.905      0.519
[YOLOv5] epoch 70/100 running
[YOLOv5] validation: all         80         88      0.949       0.83       0.91      0.513
[YOLOv5] epoch 71/100 running
[YOLOv5] validation: all         80         88       0.95      0.859      0.917      0.522
[YOLOv5] epoch 72/100 running
[YOLOv5] validation: all         80         88          1       0.85      0.933      0.511
[YOLOv5] epoch 73/100 running
[YOLOv5] validation: all         80         88       0.97       0.83      0.916      0.505
[YOLOv5] epoch 74/100 running
[YOLOv5] validation: all         80         88      0.973      0.864       0.92      0.521
[YOLOv5] epoch 75/100 running
[YOLOv5] validation: all         80         88      0.946      0.875      0.925      0.526
[YOLOv5] epoch 76/100 running
[YOLOv5] validation: all         80         88       0.97      0.852      0.917      0.519
[YOLOv5] epoch 77/100 running
[YOLOv5] validation: all         80         88       0.95      0.875      0.927      0.522
[YOLOv5] epoch 78/100 running
[YOLOv5] validation: all         80         88      0.948      0.886      0.928      0.518
[YOLOv5] epoch 79/100 running
[YOLOv5] validation: all         80         88      0.975      0.864      0.942      0.516
[YOLOv5] epoch 80/100 running
[YOLOv5] validation: all         80         88      0.956      0.864      0.922      0.503
[YOLOv5] epoch 81/100 running
[YOLOv5] validation: all         80         88      0.945      0.841      0.908      0.495
[YOLOv5] epoch 82/100 running
[YOLOv5] validation: all         80         88      0.939      0.873      0.923      0.507
[YOLOv5] epoch 83/100 running
[YOLOv5] validation: all         80         88      0.962      0.863      0.934        0.5
[YOLOv5] epoch 84/100 running
[YOLOv5] validation: all         80         88      0.923      0.864       0.93      0.518
[YOLOv5] epoch 85/100 running
[YOLOv5] validation: all         80         88      0.973      0.826      0.914      0.523
[YOLOv5] epoch 86/100 running
[YOLOv5] validation: all         80         88       0.96      0.841      0.913      0.516
[YOLOv5] epoch 87/100 running
[YOLOv5] validation: all         80         88      0.928      0.875      0.927      0.518
[YOLOv5] epoch 88/100 running
[YOLOv5] validation: all         80         88      0.958      0.852      0.937      0.517
[YOLOv5] epoch 89/100 running
[YOLOv5] validation: all         80         88      0.974      0.864      0.936      0.522
[YOLOv5] epoch 90/100 running
[YOLOv5] validation: all         80         88      0.967      0.852      0.937      0.528
[YOLOv5] epoch 91/100 running
[YOLOv5] validation: all         80         88       0.96      0.828      0.915       0.52
[YOLOv5] epoch 92/100 running
[YOLOv5] validation: all         80         88      0.973      0.816       0.91      0.514
[YOLOv5] epoch 93/100 running
[YOLOv5] validation: all         80         88      0.973      0.841      0.924      0.527
[YOLOv5] epoch 94/100 running
[YOLOv5] validation: all         80         88      0.916      0.862      0.917       0.53
[YOLOv5] epoch 95/100 running
[YOLOv5] validation: all         80         88      0.955      0.841      0.918      0.522
[YOLOv5] epoch 96/100 running
[YOLOv5] validation: all         80         88      0.986      0.829      0.921      0.528
[YOLOv5] epoch 97/100 running
[YOLOv5] validation: all         80         88      0.945      0.875      0.927      0.533
[YOLOv5] epoch 98/100 running
[YOLOv5] validation: all         80         88       0.95      0.872      0.927      0.533
[YOLOv5] epoch 99/100 running
[YOLOv5] validation: all         80         88      0.962       0.87      0.928      0.529
[YOLOv5] epoch 100/100 running
[YOLOv5] validation: all         80         88      0.982      0.841      0.918      0.524
[YOLOv5] 100 epochs completed in 0.079 hours.
[YOLOv5] validation: all         80         88      0.958      0.864      0.946      0.511
[Task] training completed: 373.2s
[Task] evaluating: checkpoint=last, group=test, samples=80
[YOLOv5] validation: all         80         82      0.912       0.89      0.932      0.565
[Task] evaluation: checkpoint=last, group=test, mAP50-95=0.5646, mAP50=0.9322, time=17.6s
[Task] evaluating: checkpoint=best, group=test, samples=80
[YOLOv5] validation: all         80         82      0.936      0.887      0.933      0.529
[Task] evaluation: checkpoint=best, group=test, mAP50-95=0.5295, mAP50=0.9330, time=20.1s
[Task] completed: evaluation=37.7s, output=/home/lijinhe/work/YOLO_Retraining/runs/studies/0907_stroller_window10_learning_curve/experiment/sequence/StrollerWindow10Tau099_SplitS41__seq-full-cold__stage0-stage7__yolov5s__s42/tasks/006__stage6__full-cold
[Task] output: /home/lijinhe/work/YOLO_Retraining/runs/studies/0907_stroller_window10_learning_curve/experiment/sequence/StrollerWindow10Tau099_SplitS41__seq-full-cold__stage0-stage7__yolov5s__s42/tasks/007__stage7__full-cold
[Task] data: current=80, candidate=641, validation=80, test=80
[Task] selection: policy=full, selected=641, groups={'candidate': 641}, time=0.000s
[Task] training: backend=yolov5, epochs=100, batch=64, device=0
[YOLOv5] epoch 1/100 running
[YOLOv5] validation: all         80         88    0.00388      0.443    0.00577   0.000891
[YOLOv5] epoch 2/100 running
[YOLOv5] validation: all         80         88     0.0352      0.125     0.0314    0.00675
[YOLOv5] epoch 3/100 running
[YOLOv5] validation: all         80         88     0.0229     0.0909     0.0303    0.00721
[YOLOv5] epoch 4/100 running
[YOLOv5] validation: all         80         88      0.144      0.273     0.0906     0.0182
[YOLOv5] epoch 5/100 running
[YOLOv5] validation: all         80         88        0.2      0.295      0.171     0.0505
[YOLOv5] epoch 6/100 running
[YOLOv5] validation: all         80         88      0.159      0.239        0.1     0.0274
[YOLOv5] epoch 7/100 running
[YOLOv5] validation: all         80         88      0.415       0.33      0.337      0.079
[YOLOv5] epoch 8/100 running
[YOLOv5] validation: all         80         88      0.197      0.307      0.188     0.0584
[YOLOv5] epoch 9/100 running
[YOLOv5] validation: all         80         88      0.451      0.477      0.453      0.186
[YOLOv5] epoch 10/100 running
[YOLOv5] validation: all         80         88      0.344      0.591      0.376      0.162
[YOLOv5] epoch 11/100 running
[YOLOv5] validation: all         80         88      0.313       0.58      0.368       0.13
[YOLOv5] epoch 12/100 running
[YOLOv5] validation: all         80         88      0.463      0.534      0.466      0.149
[YOLOv5] epoch 13/100 running
[YOLOv5] validation: all         80         88      0.403      0.705       0.44      0.144
[YOLOv5] epoch 14/100 running
[YOLOv5] validation: all         80         88      0.506      0.648       0.51      0.193
[YOLOv5] epoch 15/100 running
[YOLOv5] validation: all         80         88      0.575      0.659      0.622       0.24
[YOLOv5] epoch 16/100 running
[YOLOv5] validation: all         80         88      0.388      0.659      0.425      0.142
[YOLOv5] epoch 17/100 running
[YOLOv5] validation: all         80         88      0.681      0.728      0.718      0.262
[YOLOv5] epoch 18/100 running
[YOLOv5] validation: all         80         88      0.803       0.75      0.764      0.283
[YOLOv5] epoch 19/100 running
[YOLOv5] validation: all         80         88      0.755      0.665      0.682      0.201
[YOLOv5] epoch 20/100 running
[YOLOv5] validation: all         80         88        0.8       0.83      0.838      0.372
[YOLOv5] epoch 21/100 running
[YOLOv5] validation: all         80         88      0.799      0.723      0.796      0.316
[YOLOv5] epoch 22/100 running
[YOLOv5] validation: all         80         88      0.753      0.682      0.782      0.285
[YOLOv5] epoch 23/100 running
[YOLOv5] validation: all         80         88      0.712      0.773      0.762      0.263
[YOLOv5] epoch 24/100 running
[YOLOv5] validation: all         80         88      0.726      0.722      0.771      0.268
[YOLOv5] epoch 25/100 running
[YOLOv5] validation: all         80         88      0.889      0.817      0.887      0.411
[YOLOv5] epoch 26/100 running
[YOLOv5] validation: all         80         88       0.86      0.852      0.867      0.412
[YOLOv5] epoch 27/100 running
[YOLOv5] validation: all         80         88      0.806       0.85      0.859       0.41
[YOLOv5] epoch 28/100 running
[YOLOv5] validation: all         80         88      0.771       0.84      0.863      0.431
[YOLOv5] epoch 29/100 running
[YOLOv5] validation: all         80         88      0.859       0.83      0.879      0.405
[YOLOv5] epoch 30/100 running
[YOLOv5] validation: all         80         88      0.816      0.795      0.862      0.392
[YOLOv5] epoch 31/100 running
[YOLOv5] validation: all         80         88      0.928      0.735      0.866      0.371
[YOLOv5] epoch 32/100 running
[YOLOv5] validation: all         80         88      0.919      0.807      0.886      0.403
[YOLOv5] epoch 33/100 running
[YOLOv5] validation: all         80         88      0.825      0.803      0.841      0.356
[YOLOv5] epoch 34/100 running
[YOLOv5] validation: all         80         88      0.856      0.886      0.898      0.399
[YOLOv5] epoch 35/100 running
[YOLOv5] validation: all         80         88      0.893      0.854      0.898      0.408
[YOLOv5] epoch 36/100 running
[YOLOv5] validation: all         80         88      0.905      0.852      0.895      0.428
[YOLOv5] epoch 37/100 running
[YOLOv5] validation: all         80         88      0.834      0.855      0.873      0.434
[YOLOv5] epoch 38/100 running
[YOLOv5] validation: all         80         88      0.948      0.827      0.904      0.455
[YOLOv5] epoch 39/100 running
[YOLOv5] validation: all         80         88      0.878      0.784      0.827      0.398
[YOLOv5] epoch 40/100 running
[YOLOv5] validation: all         80         88      0.852      0.795      0.823      0.407
[YOLOv5] epoch 41/100 running
[YOLOv5] validation: all         80         88      0.895      0.873      0.914       0.41
[YOLOv5] epoch 42/100 running
[YOLOv5] validation: all         80         88      0.922      0.739      0.831       0.41
[YOLOv5] epoch 43/100 running
[YOLOv5] validation: all         80         88       0.96      0.784      0.897      0.466
[YOLOv5] epoch 44/100 running
[YOLOv5] validation: all         80         88      0.949      0.773      0.853      0.422
[YOLOv5] epoch 45/100 running
[YOLOv5] validation: all         80         88      0.912      0.826      0.902       0.46
[YOLOv5] epoch 46/100 running
[YOLOv5] validation: all         80         88      0.946      0.801      0.875      0.435
[YOLOv5] epoch 47/100 running
[YOLOv5] validation: all         80         88      0.958      0.772      0.861      0.453
[YOLOv5] epoch 48/100 running
[YOLOv5] validation: all         80         88      0.955      0.807      0.881      0.453
[YOLOv5] epoch 49/100 running
[YOLOv5] validation: all         80         88       0.96      0.824      0.894      0.479
[YOLOv5] epoch 50/100 running
[YOLOv5] validation: all         80         88      0.879      0.826      0.897      0.482
[YOLOv5] epoch 51/100 running
[YOLOv5] validation: all         80         88      0.972      0.794      0.912      0.482
[YOLOv5] epoch 52/100 running
[YOLOv5] validation: all         80         88      0.911      0.811      0.862      0.456
[YOLOv5] epoch 53/100 running
[YOLOv5] validation: all         80         88      0.894      0.795      0.847      0.426
[YOLOv5] epoch 54/100 running
[YOLOv5] validation: all         80         88      0.871      0.768      0.825      0.449
[YOLOv5] epoch 55/100 running
[YOLOv5] validation: all         80         88      0.878      0.818      0.853      0.448
[YOLOv5] epoch 56/100 running
[YOLOv5] validation: all         80         88      0.946      0.798       0.87      0.473
[YOLOv5] epoch 57/100 running
[YOLOv5] validation: all         80         88      0.958      0.841      0.913      0.482
[YOLOv5] epoch 58/100 running
[YOLOv5] validation: all         80         88      0.959      0.795      0.871      0.462
[YOLOv5] epoch 59/100 running
[YOLOv5] validation: all         80         88      0.902      0.838      0.887      0.485
[YOLOv5] epoch 60/100 running
[YOLOv5] validation: all         80         88      0.914       0.83      0.892      0.478
[YOLOv5] epoch 61/100 running
[YOLOv5] validation: all         80         88      0.922      0.818       0.89      0.489
[YOLOv5] epoch 62/100 running
[YOLOv5] validation: all         80         88      0.904      0.858      0.878      0.476
[YOLOv5] epoch 63/100 running
[YOLOv5] validation: all         80         88      0.937      0.838      0.898      0.506
[YOLOv5] epoch 64/100 running
[YOLOv5] validation: all         80         88      0.943      0.818      0.888      0.485
[YOLOv5] epoch 65/100 running
[YOLOv5] validation: all         80         88      0.892      0.847      0.869      0.474
[YOLOv5] epoch 66/100 running
[YOLOv5] validation: all         80         88      0.909       0.83      0.876      0.476
[YOLOv5] epoch 67/100 running
[YOLOv5] validation: all         80         88      0.959      0.784      0.889      0.494
[YOLOv5] epoch 68/100 running
[YOLOv5] validation: all         80         88      0.931      0.818      0.889      0.503
[YOLOv5] epoch 69/100 running
[YOLOv5] validation: all         80         88      0.934      0.808      0.881      0.486
[YOLOv5] epoch 70/100 running
[YOLOv5] validation: all         80         88       0.96      0.825      0.884      0.512
[YOLOv5] epoch 71/100 running
[YOLOv5] validation: all         80         88      0.947       0.83       0.89      0.512
[YOLOv5] epoch 72/100 running
[YOLOv5] validation: all         80         88      0.939       0.83      0.901      0.513
[YOLOv5] epoch 73/100 running
[YOLOv5] validation: all         80         88      0.938      0.861       0.92      0.512
[YOLOv5] epoch 74/100 running
[YOLOv5] validation: all         80         88      0.959      0.807      0.888      0.512
[YOLOv5] epoch 75/100 running
[YOLOv5] validation: all         80         88      0.972       0.83      0.907      0.518
[YOLOv5] epoch 76/100 running
[YOLOv5] validation: all         80         88      0.937      0.847       0.89      0.508
[YOLOv5] epoch 77/100 running
[YOLOv5] validation: all         80         88      0.936      0.829      0.895      0.502
[YOLOv5] epoch 78/100 running
[YOLOv5] validation: all         80         88      0.961      0.834      0.914      0.504
[YOLOv5] epoch 79/100 running
[YOLOv5] validation: all         80         88      0.987      0.847      0.931      0.514
[YOLOv5] epoch 80/100 running
[YOLOv5] validation: all         80         88      0.962      0.859      0.934      0.512
[YOLOv5] epoch 81/100 running
[YOLOv5] validation: all         80         88       0.96      0.828      0.889      0.518
[YOLOv5] epoch 82/100 running
[YOLOv5] validation: all         80         88      0.945       0.83      0.871      0.496
[YOLOv5] epoch 83/100 running
[YOLOv5] validation: all         80         88      0.951      0.807      0.875      0.515
[YOLOv5] epoch 84/100 running
[YOLOv5] validation: all         80         88      0.913      0.833      0.881      0.516
[YOLOv5] epoch 85/100 running
[YOLOv5] validation: all         80         88      0.955      0.807       0.89      0.517
[YOLOv5] epoch 86/100 running
[YOLOv5] validation: all         80         88      0.938      0.861      0.936      0.527
[YOLOv5] epoch 87/100 running
[YOLOv5] validation: all         80         88      0.945      0.875      0.928      0.534
[YOLOv5] epoch 88/100 running
[YOLOv5] validation: all         80         88      0.954      0.864      0.934      0.513
[YOLOv5] epoch 89/100 running
[YOLOv5] validation: all         80         88       0.94      0.841      0.903      0.523
[YOLOv5] epoch 90/100 running
[YOLOv5] validation: all         80         88      0.949      0.846      0.888      0.519
[YOLOv5] epoch 91/100 running
[YOLOv5] validation: all         80         88      0.961      0.841      0.894      0.521
[YOLOv5] epoch 92/100 running
[YOLOv5] validation: all         80         88      0.975      0.873       0.92       0.53
[YOLOv5] epoch 93/100 running
[YOLOv5] validation: all         80         88      0.985      0.864      0.917      0.521
[YOLOv5] epoch 94/100 running
[YOLOv5] validation: all         80         88      0.971      0.852        0.9       0.52
[YOLOv5] epoch 95/100 running
[YOLOv5] validation: all         80         88      0.959      0.841      0.887      0.516
[YOLOv5] epoch 96/100 running
[YOLOv5] validation: all         80         88      0.953      0.841      0.886      0.524
[YOLOv5] epoch 97/100 running
[YOLOv5] validation: all         80         88      0.961      0.848      0.897      0.528
[YOLOv5] epoch 98/100 running
[YOLOv5] validation: all         80         88      0.973      0.828      0.896      0.525
[YOLOv5] epoch 99/100 running
[YOLOv5] validation: all         80         88       0.98      0.852      0.908      0.529
[YOLOv5] epoch 100/100 running
[YOLOv5] validation: all         80         88      0.983      0.852      0.907      0.528
[YOLOv5] 100 epochs completed in 0.101 hours.
[YOLOv5] validation: all         80         88      0.938       0.86      0.936      0.527
[Task] training completed: 454.1s
[Task] evaluating: checkpoint=last, group=test, samples=80
[YOLOv5] validation: all         80         82      0.946      0.902      0.938      0.553
[Task] evaluation: checkpoint=last, group=test, mAP50-95=0.5532, mAP50=0.9378, time=15.7s
[Task] evaluating: checkpoint=best, group=test, samples=80
[YOLOv5] validation: all         80         82      0.926      0.921      0.923      0.534
[Task] evaluation: checkpoint=best, group=test, mAP50-95=0.5341, mAP50=0.9233, time=16.8s
[Task] completed: evaluation=32.5s, output=/home/lijinhe/work/YOLO_Retraining/runs/studies/0907_stroller_window10_learning_curve/experiment/sequence/StrollerWindow10Tau099_SplitS41__seq-full-cold__stage0-stage7__yolov5s__s42/tasks/007__stage7__full-cold
/home/lijinhe/work/YOLO_Retraining/runs/studies/0907_stroller_window10_learning_curve/experiment/sequence/StrollerWindow10Tau099_SplitS41__seq-full-cold__stage0-stage7__yolov5s__s42
[Study] starting split seed=42 on GPU=0
[Task] output: /home/lijinhe/work/YOLO_Retraining/runs/studies/0907_stroller_window10_learning_curve/experiment/sequence/StrollerWindow10Tau099_SplitS42__seq-full-cold__stage0-stage7__yolov5s__s42/tasks/000__stage0__full-cold
[Task] data: current=81, candidate=81, validation=80, test=80
[Task] selection: policy=full, selected=81, groups={'candidate': 81}, time=0.000s
[Task] training: backend=yolov5, epochs=100, batch=64, device=0
[YOLOv5] epoch 1/100 running
[YOLOv5] validation: all         80         84   0.000885     0.0714   0.000487   0.000104
[YOLOv5] epoch 2/100 running
[YOLOv5] validation: all         80         84   0.000836     0.0714   0.000472   0.000107
[YOLOv5] epoch 3/100 running
[YOLOv5] validation: all         80         84    0.00115      0.107   0.000655   0.000143
[YOLOv5] epoch 4/100 running
[YOLOv5] validation: all         80         84    0.00137      0.143   0.000846   0.000188
[YOLOv5] epoch 5/100 running
[YOLOv5] validation: all         80         84    0.00197      0.238     0.0013   0.000265
[YOLOv5] epoch 6/100 running
[YOLOv5] validation: all         80         84    0.00246      0.345    0.00287    0.00057
[YOLOv5] epoch 7/100 running
[YOLOv5] validation: all         80         84    0.00296      0.476     0.0139    0.00216
[YOLOv5] epoch 8/100 running
[YOLOv5] validation: all         80         84    0.00344      0.607     0.0278    0.00447
[YOLOv5] epoch 9/100 running
[YOLOv5] validation: all         80         84    0.00399       0.75     0.0424    0.00653
[YOLOv5] epoch 10/100 running
[YOLOv5] validation: all         80         84    0.00389      0.774     0.0801     0.0165
[YOLOv5] epoch 11/100 running
[YOLOv5] validation: all         80         84    0.00788       0.69     0.0811      0.017
[YOLOv5] epoch 12/100 running
[YOLOv5] validation: all         80         84     0.0135      0.619      0.112      0.023
[YOLOv5] epoch 13/100 running
[YOLOv5] validation: all         80         84     0.0165      0.464     0.0411    0.00802
[YOLOv5] epoch 14/100 running
[YOLOv5] validation: all         80         84     0.0618      0.631      0.155     0.0392
[YOLOv5] epoch 15/100 running
[YOLOv5] validation: all         80         84    0.00341      0.881     0.0104    0.00282
[YOLOv5] epoch 16/100 running
[YOLOv5] validation: all         80         84     0.0533      0.536      0.132     0.0315
[YOLOv5] epoch 17/100 running
[YOLOv5] validation: all         80         84     0.0474      0.512     0.0923     0.0218
[YOLOv5] epoch 18/100 running
[YOLOv5] validation: all         80         84      0.163      0.298      0.125     0.0321
[YOLOv5] epoch 19/100 running
[YOLOv5] validation: all         80         84      0.209       0.44      0.184       0.05
[YOLOv5] epoch 20/100 running
[YOLOv5] validation: all         80         84      0.226      0.381       0.18     0.0522
[YOLOv5] epoch 21/100 running
[YOLOv5] validation: all         80         84      0.248      0.298       0.17     0.0378
[YOLOv5] epoch 22/100 running
[YOLOv5] validation: all         80         84      0.308      0.357      0.279     0.0826
[YOLOv5] epoch 23/100 running
[YOLOv5] validation: all         80         84      0.231      0.229      0.185     0.0479
[YOLOv5] epoch 24/100 running
[YOLOv5] validation: all         80         84        0.5      0.333      0.361      0.109
[YOLOv5] epoch 25/100 running
[YOLOv5] validation: all         80         84       0.42      0.238      0.228      0.052
[YOLOv5] epoch 26/100 running
[YOLOv5] validation: all         80         84      0.455       0.31      0.351     0.0972
[YOLOv5] epoch 27/100 running
[YOLOv5] validation: all         80         84      0.534      0.405      0.437      0.145
[YOLOv5] epoch 28/100 running
[YOLOv5] validation: all         80         84      0.454      0.345      0.382      0.125
[YOLOv5] epoch 29/100 running
[YOLOv5] validation: all         80         84      0.528      0.476      0.491       0.17
[YOLOv5] epoch 30/100 running
[YOLOv5] validation: all         80         84      0.467      0.369      0.393      0.123
[YOLOv5] epoch 31/100 running
[YOLOv5] validation: all         80         84      0.439      0.446      0.434      0.145
[YOLOv5] epoch 32/100 running
[YOLOv5] validation: all         80         84      0.364      0.476      0.334     0.0986
[YOLOv5] epoch 33/100 running
[YOLOv5] validation: all         80         84      0.544      0.452      0.438      0.152
[YOLOv5] epoch 34/100 running
[YOLOv5] validation: all         80         84        0.4       0.31      0.355     0.0837
[YOLOv5] epoch 35/100 running
[YOLOv5] validation: all         80         84      0.454      0.429      0.394      0.133
[YOLOv5] epoch 36/100 running
[YOLOv5] validation: all         80         84      0.579      0.381      0.412       0.13
[YOLOv5] epoch 37/100 running
[YOLOv5] validation: all         80         84      0.609      0.405      0.454      0.148
[YOLOv5] epoch 38/100 running
[YOLOv5] validation: all         80         84      0.567       0.42      0.443      0.131
[YOLOv5] epoch 39/100 running
[YOLOv5] validation: all         80         84      0.644      0.405      0.419      0.164
[YOLOv5] epoch 40/100 running
[YOLOv5] validation: all         80         84      0.557      0.452      0.461      0.162
[YOLOv5] epoch 41/100 running
[YOLOv5] validation: all         80         84      0.578      0.464      0.474      0.165
[YOLOv5] epoch 42/100 running
[YOLOv5] validation: all         80         84      0.504      0.452       0.45      0.154
[YOLOv5] epoch 43/100 running
[YOLOv5] validation: all         80         84      0.554       0.44      0.464       0.18
[YOLOv5] epoch 44/100 running
[YOLOv5] validation: all         80         84      0.654      0.451      0.477      0.156
[YOLOv5] epoch 45/100 running
[YOLOv5] validation: all         80         84      0.645      0.429      0.506      0.176
[YOLOv5] epoch 46/100 running
[YOLOv5] validation: all         80         84      0.745      0.417      0.512       0.19
[YOLOv5] epoch 47/100 running
[YOLOv5] validation: all         80         84      0.502      0.468      0.485      0.213
[YOLOv5] epoch 48/100 running
[YOLOv5] validation: all         80         84      0.579      0.381      0.446       0.15
[YOLOv5] epoch 49/100 running
[YOLOv5] validation: all         80         84      0.502      0.512        0.5      0.149
[YOLOv5] epoch 50/100 running
[YOLOv5] validation: all         80         84      0.738        0.5      0.582      0.191
[YOLOv5] epoch 51/100 running
[YOLOv5] validation: all         80         84      0.698      0.549      0.608      0.197
[YOLOv5] epoch 52/100 running
[YOLOv5] validation: all         80         84      0.641      0.551      0.607       0.23
[YOLOv5] epoch 53/100 running
[YOLOv5] validation: all         80         84      0.507      0.548      0.526      0.202
[YOLOv5] epoch 54/100 running
[YOLOv5] validation: all         80         84      0.743      0.551      0.655      0.241
[YOLOv5] epoch 55/100 running
[YOLOv5] validation: all         80         84      0.792      0.488      0.652      0.236
[YOLOv5] epoch 56/100 running
[YOLOv5] validation: all         80         84      0.789      0.488      0.597       0.19
[YOLOv5] epoch 57/100 running
[YOLOv5] validation: all         80         84      0.749      0.571      0.665      0.234
[YOLOv5] epoch 58/100 running
[YOLOv5] validation: all         80         84      0.806      0.496      0.641      0.257
[YOLOv5] epoch 59/100 running
[YOLOv5] validation: all         80         84      0.803      0.464      0.622      0.211
[YOLOv5] epoch 60/100 running
[YOLOv5] validation: all         80         84      0.801        0.5      0.608      0.239
[YOLOv5] epoch 61/100 running
[YOLOv5] validation: all         80         84      0.736      0.497      0.608      0.243
[YOLOv5] epoch 62/100 running
[YOLOv5] validation: all         80         84      0.855        0.5      0.668      0.279
[YOLOv5] epoch 63/100 running
[YOLOv5] validation: all         80         84      0.754       0.51      0.634      0.228
[YOLOv5] epoch 64/100 running
[YOLOv5] validation: all         80         84      0.694      0.405      0.501      0.202
[YOLOv5] epoch 65/100 running
[YOLOv5] validation: all         80         84      0.652      0.488      0.549       0.23
[YOLOv5] epoch 66/100 running
[YOLOv5] validation: all         80         84      0.637      0.405      0.488      0.195
[YOLOv5] epoch 67/100 running
[YOLOv5] validation: all         80         84      0.596      0.544      0.574      0.236
[YOLOv5] epoch 68/100 running
[YOLOv5] validation: all         80         84      0.816      0.474       0.59      0.246
[YOLOv5] epoch 69/100 running
[YOLOv5] validation: all         80         84      0.652        0.5      0.566      0.242
[YOLOv5] epoch 70/100 running
[YOLOv5] validation: all         80         84      0.899      0.536      0.652      0.241
[YOLOv5] epoch 71/100 running
[YOLOv5] validation: all         80         84      0.776      0.571       0.66      0.251
[YOLOv5] epoch 72/100 running
[YOLOv5] validation: all         80         84      0.818      0.524      0.598      0.236
[YOLOv5] epoch 73/100 running
[YOLOv5] validation: all         80         84      0.779      0.503      0.582      0.241
[YOLOv5] epoch 74/100 running
[YOLOv5] validation: all         80         84      0.822       0.44      0.547      0.228
[YOLOv5] epoch 75/100 running
[YOLOv5] validation: all         80         84      0.689      0.449      0.486      0.181
[YOLOv5] epoch 76/100 running
[YOLOv5] validation: all         80         84      0.785      0.464       0.56      0.238
[YOLOv5] epoch 77/100 running
[YOLOv5] validation: all         80         84      0.785      0.478      0.583      0.254
[YOLOv5] epoch 78/100 running
[YOLOv5] validation: all         80         84      0.837      0.536      0.624      0.263
[YOLOv5] epoch 79/100 running
[YOLOv5] validation: all         80         84      0.821      0.546      0.625      0.261
[YOLOv5] epoch 80/100 running
[YOLOv5] validation: all         80         84      0.808      0.571      0.626      0.263
[YOLOv5] epoch 81/100 running
[YOLOv5] validation: all         80         84      0.825      0.562      0.632      0.281
[YOLOv5] epoch 82/100 running
[YOLOv5] validation: all         80         84      0.839       0.56      0.641      0.281
[YOLOv5] epoch 83/100 running
[YOLOv5] validation: all         80         84      0.836       0.56      0.638      0.293
[YOLOv5] epoch 84/100 running
[YOLOv5] validation: all         80         84      0.808      0.571      0.652      0.291
[YOLOv5] epoch 85/100 running
[YOLOv5] validation: all         80         84      0.794      0.595      0.677      0.281
[YOLOv5] epoch 86/100 running
[YOLOv5] validation: all         80         84      0.778      0.584      0.638      0.286
[YOLOv5] epoch 87/100 running
[YOLOv5] validation: all         80         84      0.792       0.59      0.654      0.291
[YOLOv5] epoch 88/100 running
[YOLOv5] validation: all         80         84      0.813      0.621      0.685      0.282
[YOLOv5] epoch 89/100 running
[YOLOv5] validation: all         80         84      0.825      0.619      0.676      0.291
[YOLOv5] epoch 90/100 running
[YOLOv5] validation: all         80         84      0.799      0.607      0.663       0.29
[YOLOv5] epoch 91/100 running
[YOLOv5] validation: all         80         84      0.811      0.613      0.674       0.29
[YOLOv5] epoch 92/100 running
[YOLOv5] validation: all         80         84      0.861      0.595      0.667      0.296
[YOLOv5] epoch 93/100 running
[YOLOv5] validation: all         80         84      0.885      0.641      0.708       0.29
[YOLOv5] epoch 94/100 running
[YOLOv5] validation: all         80         84      0.802      0.607      0.644      0.282
[YOLOv5] epoch 95/100 running
[YOLOv5] validation: all         80         84      0.815      0.607      0.639      0.289
[YOLOv5] epoch 96/100 running
[YOLOv5] validation: all         80         84      0.829      0.619      0.664      0.293
[YOLOv5] epoch 97/100 running
[YOLOv5] validation: all         80         84       0.84      0.619      0.664      0.293
[YOLOv5] epoch 98/100 running
[YOLOv5] validation: all         80         84      0.826      0.621      0.668      0.296
[YOLOv5] epoch 99/100 running
[YOLOv5] validation: all         80         84      0.857      0.642      0.686      0.305
[YOLOv5] epoch 100/100 running
[YOLOv5] validation: all         80         84      0.813       0.62       0.66      0.299
[YOLOv5] 100 epochs completed in 0.041 hours.
[YOLOv5] validation: all         80         84      0.884      0.636      0.709       0.29
[Task] training completed: 183.4s
[Task] evaluating: checkpoint=last, group=test, samples=80
[YOLOv5] validation: all         80         85      0.817      0.786      0.809      0.382
[Task] evaluation: checkpoint=last, group=test, mAP50-95=0.3823, mAP50=0.8090, time=19.3s
[Task] evaluating: checkpoint=best, group=test, samples=80
[YOLOv5] validation: all         80         85      0.823      0.776      0.818      0.365
[Task] evaluation: checkpoint=best, group=test, mAP50-95=0.3654, mAP50=0.8184, time=19.7s
[Task] completed: evaluation=39.0s, output=/home/lijinhe/work/YOLO_Retraining/runs/studies/0907_stroller_window10_learning_curve/experiment/sequence/StrollerWindow10Tau099_SplitS42__seq-full-cold__stage0-stage7__yolov5s__s42/tasks/000__stage0__full-cold
[Task] output: /home/lijinhe/work/YOLO_Retraining/runs/studies/0907_stroller_window10_learning_curve/experiment/sequence/StrollerWindow10Tau099_SplitS42__seq-full-cold__stage0-stage7__yolov5s__s42/tasks/001__stage1__full-cold
[Task] data: current=80, candidate=161, validation=80, test=80
[Task] selection: policy=full, selected=161, groups={'candidate': 161}, time=0.000s
[Task] training: backend=yolov5, epochs=100, batch=64, device=0
[YOLOv5] epoch 1/100 running
[YOLOv5] validation: all         80         84   0.000336     0.0357   0.000197    3.1e-05
[YOLOv5] epoch 2/100 running
[YOLOv5] validation: all         80         84    0.00166      0.214    0.00133    0.00024
[YOLOv5] epoch 3/100 running
[YOLOv5] validation: all         80         84    0.00167      0.274     0.0029   0.000937
[YOLOv5] epoch 4/100 running
[YOLOv5] validation: all         80         84    0.00286      0.548     0.0264    0.00482
[YOLOv5] epoch 5/100 running
[YOLOv5] validation: all         80         84     0.0232      0.417     0.0245    0.00393
[YOLOv5] epoch 6/100 running
[YOLOv5] validation: all         80         84     0.0214       0.31      0.015    0.00293
[YOLOv5] epoch 7/100 running
[YOLOv5] validation: all         80         84      0.121      0.275     0.0922     0.0163
[YOLOv5] epoch 8/100 running
[YOLOv5] validation: all         80         84     0.0827       0.25     0.0573      0.011
[YOLOv5] epoch 9/100 running
[YOLOv5] validation: all         80         84    0.00302      0.833    0.00556    0.00133
[YOLOv5] epoch 10/100 running
[YOLOv5] validation: all         80         84     0.0415      0.286     0.0359    0.00865
[YOLOv5] epoch 11/100 running
[YOLOv5] validation: all         80         84     0.0639      0.393     0.0987     0.0209
[YOLOv5] epoch 12/100 running
[YOLOv5] validation: all         80         84      0.148      0.298      0.161      0.036
[YOLOv5] epoch 13/100 running
[YOLOv5] validation: all         80         84      0.238      0.369      0.231     0.0566
[YOLOv5] epoch 14/100 running
[YOLOv5] validation: all         80         84      0.345      0.286      0.242      0.058
[YOLOv5] epoch 15/100 running
[YOLOv5] validation: all         80         84      0.317      0.381      0.281     0.0828
[YOLOv5] epoch 16/100 running
[YOLOv5] validation: all         80         84       0.45      0.405      0.357     0.0874
[YOLOv5] epoch 17/100 running
[YOLOv5] validation: all         80         84     0.0374     0.0952     0.0233     0.0058
[YOLOv5] epoch 18/100 running
[YOLOv5] validation: all         80         84      0.397      0.464      0.333     0.0889
[YOLOv5] epoch 19/100 running
[YOLOv5] validation: all         80         84      0.513      0.414      0.355     0.0881
[YOLOv5] epoch 20/100 running
[YOLOv5] validation: all         80         84      0.371      0.436      0.286     0.0686
[YOLOv5] epoch 21/100 running
[YOLOv5] validation: all         80         84      0.524      0.471      0.398     0.0969
[YOLOv5] epoch 22/100 running
[YOLOv5] validation: all         80         84       0.32      0.512      0.246     0.0621
[YOLOv5] epoch 23/100 running
[YOLOv5] validation: all         80         84      0.262      0.405      0.236     0.0632
[YOLOv5] epoch 24/100 running
[YOLOv5] validation: all         80         84      0.306      0.488      0.292     0.0798
[YOLOv5] epoch 25/100 running
[YOLOv5] validation: all         80         84      0.294      0.369      0.215     0.0618
[YOLOv5] epoch 26/100 running
[YOLOv5] validation: all         80         84      0.437      0.512      0.417      0.132
[YOLOv5] epoch 27/100 running
[YOLOv5] validation: all         80         84       0.27      0.369      0.226       0.08
[YOLOv5] epoch 28/100 running
[YOLOv5] validation: all         80         84      0.492      0.381      0.416     0.0991
[YOLOv5] epoch 29/100 running
[YOLOv5] validation: all         80         84      0.341      0.381      0.315       0.11
[YOLOv5] epoch 30/100 running
[YOLOv5] validation: all         80         84      0.502      0.464      0.478      0.147
[YOLOv5] epoch 31/100 running
[YOLOv5] validation: all         80         84       0.31      0.405      0.276     0.0847
[YOLOv5] epoch 32/100 running
[YOLOv5] validation: all         80         84      0.532       0.44      0.452      0.161
[YOLOv5] epoch 33/100 running
[YOLOv5] validation: all         80         84       0.41      0.405       0.35      0.116
[YOLOv5] epoch 34/100 running
[YOLOv5] validation: all         80         84      0.529       0.56      0.558      0.191
[YOLOv5] epoch 35/100 running
[YOLOv5] validation: all         80         84      0.346      0.536      0.371      0.145
[YOLOv5] epoch 36/100 running
[YOLOv5] validation: all         80         84      0.383      0.643      0.455      0.166
[YOLOv5] epoch 37/100 running
[YOLOv5] validation: all         80         84      0.425       0.56      0.498      0.184
[YOLOv5] epoch 38/100 running
[YOLOv5] validation: all         80         84      0.615      0.595      0.619      0.221
[YOLOv5] epoch 39/100 running
[YOLOv5] validation: all         80         84      0.481      0.353      0.393      0.132
[YOLOv5] epoch 40/100 running
[YOLOv5] validation: all         80         84      0.717      0.571      0.652      0.245
[YOLOv5] epoch 41/100 running
[YOLOv5] validation: all         80         84      0.615      0.655       0.64      0.223
[YOLOv5] epoch 42/100 running
[YOLOv5] validation: all         80         84      0.831      0.417      0.533      0.186
[YOLOv5] epoch 43/100 running
[YOLOv5] validation: all         80         84      0.614      0.655       0.65      0.229
[YOLOv5] epoch 44/100 running
[YOLOv5] validation: all         80         84      0.625      0.417      0.504      0.178
[YOLOv5] epoch 45/100 running
[YOLOv5] validation: all         80         84      0.751      0.681      0.736      0.276
[YOLOv5] epoch 46/100 running
[YOLOv5] validation: all         80         84       0.36      0.548      0.418      0.135
[YOLOv5] epoch 47/100 running
[YOLOv5] validation: all         80         84      0.694      0.667      0.693      0.265
[YOLOv5] epoch 48/100 running
[YOLOv5] validation: all         80         84      0.576      0.486      0.508      0.191
[YOLOv5] epoch 49/100 running
[YOLOv5] validation: all         80         84      0.725      0.626      0.662       0.25
[YOLOv5] epoch 50/100 running
[YOLOv5] validation: all         80         84      0.642      0.511      0.555      0.184
[YOLOv5] epoch 51/100 running
[YOLOv5] validation: all         80         84      0.731      0.614      0.669      0.258
[YOLOv5] epoch 52/100 running
[YOLOv5] validation: all         80         84      0.562      0.571      0.538      0.198
[YOLOv5] epoch 53/100 running
[YOLOv5] validation: all         80         84      0.773      0.702      0.761      0.283
[YOLOv5] epoch 54/100 running
[YOLOv5] validation: all         80         84      0.634      0.577      0.605      0.212
[YOLOv5] epoch 55/100 running
[YOLOv5] validation: all         80         84      0.716       0.69       0.69      0.269
[YOLOv5] epoch 56/100 running
[YOLOv5] validation: all         80         84      0.773      0.689      0.753      0.291
[YOLOv5] epoch 57/100 running
[YOLOv5] validation: all         80         84      0.783      0.702      0.741      0.288
[YOLOv5] epoch 58/100 running
[YOLOv5] validation: all         80         84      0.792      0.681      0.732      0.301
[YOLOv5] epoch 59/100 running
[YOLOv5] validation: all         80         84      0.851      0.682      0.752       0.31
[YOLOv5] epoch 60/100 running
[YOLOv5] validation: all         80         84      0.805       0.69      0.771      0.317
[YOLOv5] epoch 61/100 running
[YOLOv5] validation: all         80         84      0.856       0.69       0.82      0.347
[YOLOv5] epoch 62/100 running
[YOLOv5] validation: all         80         84      0.702      0.726      0.739      0.308
[YOLOv5] epoch 63/100 running
[YOLOv5] validation: all         80         84      0.764      0.726      0.764      0.338
[YOLOv5] epoch 64/100 running
[YOLOv5] validation: all         80         84      0.708      0.738      0.747      0.311
[YOLOv5] epoch 65/100 running
[YOLOv5] validation: all         80         84      0.728      0.762      0.768      0.333
[YOLOv5] epoch 66/100 running
[YOLOv5] validation: all         80         84      0.688      0.738      0.727      0.311
[YOLOv5] epoch 67/100 running
[YOLOv5] validation: all         80         84      0.753      0.727      0.763      0.347
[YOLOv5] epoch 68/100 running
[YOLOv5] validation: all         80         84      0.786       0.75      0.822      0.359
[YOLOv5] epoch 69/100 running
[YOLOv5] validation: all         80         84      0.764      0.657      0.739      0.308
[YOLOv5] epoch 70/100 running
[YOLOv5] validation: all         80         84      0.865      0.685       0.78      0.351
[YOLOv5] epoch 71/100 running
[YOLOv5] validation: all         80         84       0.79      0.714      0.752      0.312
[YOLOv5] epoch 72/100 running
[YOLOv5] validation: all         80         84      0.873      0.714      0.822      0.337
[YOLOv5] epoch 73/100 running
[YOLOv5] validation: all         80         84      0.818      0.738       0.79      0.327
[YOLOv5] epoch 74/100 running
[YOLOv5] validation: all         80         84      0.826      0.726      0.802      0.336
[YOLOv5] epoch 75/100 running
[YOLOv5] validation: all         80         84      0.786      0.698      0.737      0.306
[YOLOv5] epoch 76/100 running
[YOLOv5] validation: all         80         84      0.837       0.69      0.784      0.354
[YOLOv5] epoch 77/100 running
[YOLOv5] validation: all         80         84      0.734      0.714       0.75      0.322
[YOLOv5] epoch 78/100 running
[YOLOv5] validation: all         80         84      0.867      0.595      0.747      0.326
[YOLOv5] epoch 79/100 running
[YOLOv5] validation: all         80         84      0.761      0.726      0.794       0.34
[YOLOv5] epoch 80/100 running
[YOLOv5] validation: all         80         84      0.776      0.738      0.779      0.346
[YOLOv5] epoch 81/100 running
[YOLOv5] validation: all         80         84      0.778      0.726      0.775       0.33
[YOLOv5] epoch 82/100 running
[YOLOv5] validation: all         80         84      0.779      0.738      0.788      0.344
[YOLOv5] epoch 83/100 running
[YOLOv5] validation: all         80         84      0.766      0.774      0.794      0.335
[YOLOv5] epoch 84/100 running
[YOLOv5] validation: all         80         84      0.755      0.738      0.764      0.358
[YOLOv5] epoch 85/100 running
[YOLOv5] validation: all         80         84      0.787      0.703      0.762      0.328
[YOLOv5] epoch 86/100 running
[YOLOv5] validation: all         80         84      0.898       0.69        0.8       0.36
[YOLOv5] epoch 87/100 running
[YOLOv5] validation: all         80         84      0.861      0.663      0.764      0.346
[YOLOv5] epoch 88/100 running
[YOLOv5] validation: all         80         84      0.816      0.737      0.785      0.353
[YOLOv5] epoch 89/100 running
[YOLOv5] validation: all         80         84      0.817      0.726      0.784      0.346
[YOLOv5] epoch 90/100 running
[YOLOv5] validation: all         80         84      0.811      0.738       0.78      0.344
[YOLOv5] epoch 91/100 running
[YOLOv5] validation: all         80         84      0.845      0.738      0.784      0.347
[YOLOv5] epoch 92/100 running
[YOLOv5] validation: all         80         84      0.892      0.689      0.788      0.365
[YOLOv5] epoch 93/100 running
[YOLOv5] validation: all         80         84      0.889       0.69      0.785      0.338
[YOLOv5] epoch 94/100 running
[YOLOv5] validation: all         80         84      0.888       0.69      0.801      0.367
[YOLOv5] epoch 95/100 running
[YOLOv5] validation: all         80         84       0.89       0.69      0.802      0.362
[YOLOv5] epoch 96/100 running
[YOLOv5] validation: all         80         84      0.917      0.656      0.797      0.364
[YOLOv5] epoch 97/100 running
[YOLOv5] validation: all         80         84      0.932      0.654      0.778      0.361
[YOLOv5] epoch 98/100 running
[YOLOv5] validation: all         80         84      0.933       0.66      0.778       0.37
[YOLOv5] epoch 99/100 running
[YOLOv5] validation: all         80         84       0.89      0.673      0.777      0.363
[YOLOv5] epoch 100/100 running
[YOLOv5] validation: all         80         84       0.89      0.675      0.786       0.37
[YOLOv5] 100 epochs completed in 0.044 hours.
[YOLOv5] validation: all         80         84      0.883       0.72      0.822      0.337
[Task] training completed: 192.7s
[Task] evaluating: checkpoint=last, group=test, samples=80
[YOLOv5] validation: all         80         85      0.919      0.802      0.902      0.473
[Task] evaluation: checkpoint=last, group=test, mAP50-95=0.4727, mAP50=0.9016, time=19.3s
[Task] evaluating: checkpoint=best, group=test, samples=80
[YOLOv5] validation: all         80         85      0.803      0.861      0.862      0.461
[Task] evaluation: checkpoint=best, group=test, mAP50-95=0.4608, mAP50=0.8616, time=19.6s
[Task] completed: evaluation=38.9s, output=/home/lijinhe/work/YOLO_Retraining/runs/studies/0907_stroller_window10_learning_curve/experiment/sequence/StrollerWindow10Tau099_SplitS42__seq-full-cold__stage0-stage7__yolov5s__s42/tasks/001__stage1__full-cold
[Task] output: /home/lijinhe/work/YOLO_Retraining/runs/studies/0907_stroller_window10_learning_curve/experiment/sequence/StrollerWindow10Tau099_SplitS42__seq-full-cold__stage0-stage7__yolov5s__s42/tasks/002__stage2__full-cold
[Task] data: current=80, candidate=241, validation=80, test=80
[Task] selection: policy=full, selected=241, groups={'candidate': 241}, time=0.000s
[Task] training: backend=yolov5, epochs=100, batch=64, device=0
[YOLOv5] epoch 1/100 running
[YOLOv5] validation: all         80         84   0.000127     0.0119   6.47e-05   1.29e-05
[YOLOv5] epoch 2/100 running
[YOLOv5] validation: all         80         84    0.00145      0.179   0.000887    0.00015
[YOLOv5] epoch 3/100 running
[YOLOv5] validation: all         80         84    0.00352      0.583    0.00998    0.00178
[YOLOv5] epoch 4/100 running
[YOLOv5] validation: all         80         84     0.0038      0.774     0.0179    0.00383
[YOLOv5] epoch 5/100 running
[YOLOv5] validation: all         80         84    0.00362      0.833     0.0325     0.0084
[YOLOv5] epoch 6/100 running
[YOLOv5] validation: all         80         84     0.0328      0.607     0.0772     0.0203
[YOLOv5] epoch 7/100 running
[YOLOv5] validation: all         80         84       0.17       0.28       0.11     0.0289
[YOLOv5] epoch 8/100 running
[YOLOv5] validation: all         80         84        0.2       0.44      0.149     0.0405
[YOLOv5] epoch 9/100 running
[YOLOv5] validation: all         80         84      0.242      0.274      0.156     0.0394
[YOLOv5] epoch 10/100 running
[YOLOv5] validation: all         80         84      0.305      0.405       0.27     0.0764
[YOLOv5] epoch 11/100 running
[YOLOv5] validation: all         80         84     0.0784      0.202     0.0442    0.00998
[YOLOv5] epoch 12/100 running
[YOLOv5] validation: all         80         84      0.129      0.298      0.101     0.0285
[YOLOv5] epoch 13/100 running
[YOLOv5] validation: all         80         84      0.407      0.405      0.304     0.0912
[YOLOv5] epoch 14/100 running
[YOLOv5] validation: all         80         84      0.418      0.417        0.3     0.0916
[YOLOv5] epoch 15/100 running
[YOLOv5] validation: all         80         84      0.456      0.417      0.414      0.152
[YOLOv5] epoch 16/100 running
[YOLOv5] validation: all         80         84      0.378      0.345       0.35     0.0934
[YOLOv5] epoch 17/100 running
[YOLOv5] validation: all         80         84      0.585      0.476      0.527       0.19
[YOLOv5] epoch 18/100 running
[YOLOv5] validation: all         80         84      0.488      0.429      0.444      0.161
[YOLOv5] epoch 19/100 running
[YOLOv5] validation: all         80         84      0.383      0.429      0.399       0.13
[YOLOv5] epoch 20/100 running
[YOLOv5] validation: all         80         84      0.405       0.56      0.442      0.163
[YOLOv5] epoch 21/100 running
[YOLOv5] validation: all         80         84      0.326      0.495      0.354      0.132
[YOLOv5] epoch 22/100 running
[YOLOv5] validation: all         80         84      0.467      0.548      0.501      0.175
[YOLOv5] epoch 23/100 running
[YOLOv5] validation: all         80         84       0.44        0.5      0.477      0.173
[YOLOv5] epoch 24/100 running
[YOLOv5] validation: all         80         84      0.354      0.571      0.395      0.124
[YOLOv5] epoch 25/100 running
[YOLOv5] validation: all         80         84      0.599      0.516       0.57      0.245
[YOLOv5] epoch 26/100 running
[YOLOv5] validation: all         80         84      0.357      0.512      0.344     0.0988
[YOLOv5] epoch 27/100 running
[YOLOv5] validation: all         80         84      0.329      0.583       0.43       0.16
[YOLOv5] epoch 28/100 running
[YOLOv5] validation: all         80         84      0.327        0.5       0.36      0.137
[YOLOv5] epoch 29/100 running
[YOLOv5] validation: all         80         84      0.333      0.381      0.325      0.119
[YOLOv5] epoch 30/100 running
[YOLOv5] validation: all         80         84      0.348      0.417      0.327     0.0953
[YOLOv5] epoch 31/100 running
[YOLOv5] validation: all         80         84      0.429      0.369      0.309      0.114
[YOLOv5] epoch 32/100 running
[YOLOv5] validation: all         80         84      0.462      0.595      0.513        0.2
[YOLOv5] epoch 33/100 running
[YOLOv5] validation: all         80         84      0.404      0.607       0.42      0.171
[YOLOv5] epoch 34/100 running
[YOLOv5] validation: all         80         84      0.409      0.592      0.479      0.186
[YOLOv5] epoch 35/100 running
[YOLOv5] validation: all         80         84       0.68      0.643      0.647       0.26
[YOLOv5] epoch 36/100 running
[YOLOv5] validation: all         80         84      0.592       0.57      0.593      0.248
[YOLOv5] epoch 37/100 running
[YOLOv5] validation: all         80         84      0.703      0.583      0.631      0.255
[YOLOv5] epoch 38/100 running
[YOLOv5] validation: all         80         84      0.768      0.583      0.682      0.289
[YOLOv5] epoch 39/100 running
[YOLOv5] validation: all         80         84      0.745      0.697      0.705      0.323
[YOLOv5] epoch 40/100 running
[YOLOv5] validation: all         80         84      0.744      0.656      0.703      0.301
[YOLOv5] epoch 41/100 running
[YOLOv5] validation: all         80         84      0.723      0.684      0.665      0.271
[YOLOv5] epoch 42/100 running
[YOLOv5] validation: all         80         84       0.59      0.685      0.622      0.255
[YOLOv5] epoch 43/100 running
[YOLOv5] validation: all         80         84      0.703      0.732      0.739      0.297
[YOLOv5] epoch 44/100 running
[YOLOv5] validation: all         80         84      0.709       0.75      0.743      0.311
[YOLOv5] epoch 45/100 running
[YOLOv5] validation: all         80         84      0.788      0.709      0.727       0.31
[YOLOv5] epoch 46/100 running
[YOLOv5] validation: all         80         84      0.783      0.702      0.767      0.306
[YOLOv5] epoch 47/100 running
[YOLOv5] validation: all         80         84      0.742      0.702      0.746      0.328
[YOLOv5] epoch 48/100 running
[YOLOv5] validation: all         80         84      0.859      0.714      0.807       0.36
[YOLOv5] epoch 49/100 running
[YOLOv5] validation: all         80         84      0.815      0.774      0.818       0.35
[YOLOv5] epoch 50/100 running
[YOLOv5] validation: all         80         84      0.802      0.772      0.822       0.35
[YOLOv5] epoch 51/100 running
[YOLOv5] validation: all         80         84      0.761      0.774      0.803      0.314
[YOLOv5] epoch 52/100 running
[YOLOv5] validation: all         80         84      0.711      0.821      0.819      0.348
[YOLOv5] epoch 53/100 running
[YOLOv5] validation: all         80         84      0.895      0.643      0.785      0.359
[YOLOv5] epoch 54/100 running
[YOLOv5] validation: all         80         84      0.721      0.714      0.747      0.328
[YOLOv5] epoch 55/100 running
[YOLOv5] validation: all         80         84      0.757      0.726       0.78      0.334
[YOLOv5] epoch 56/100 running
[YOLOv5] validation: all         80         84       0.86      0.619      0.745      0.349
[YOLOv5] epoch 57/100 running
[YOLOv5] validation: all         80         84      0.845       0.75      0.801      0.361
[YOLOv5] epoch 58/100 running
[YOLOv5] validation: all         80         84      0.804       0.78      0.801      0.368
[YOLOv5] epoch 59/100 running
[YOLOv5] validation: all         80         84      0.876      0.754      0.817      0.355
[YOLOv5] epoch 60/100 running
[YOLOv5] validation: all         80         84      0.874      0.741      0.813      0.351
[YOLOv5] epoch 61/100 running
[YOLOv5] validation: all         80         84      0.844      0.702      0.784      0.331
[YOLOv5] epoch 62/100 running
[YOLOv5] validation: all         80         84      0.857      0.679      0.745      0.323
[YOLOv5] epoch 63/100 running
[YOLOv5] validation: all         80         84      0.858      0.679      0.756      0.312
[YOLOv5] epoch 64/100 running
[YOLOv5] validation: all         80         84      0.805      0.689      0.733      0.344
[YOLOv5] epoch 65/100 running
[YOLOv5] validation: all         80         84      0.796      0.726      0.734      0.331
[YOLOv5] epoch 66/100 running
[YOLOv5] validation: all         80         84      0.856      0.786      0.778       0.37
[YOLOv5] epoch 67/100 running
[YOLOv5] validation: all         80         84      0.842      0.726      0.786      0.353
[YOLOv5] epoch 68/100 running
[YOLOv5] validation: all         80         84      0.768       0.69       0.73      0.333
[YOLOv5] epoch 69/100 running
[YOLOv5] validation: all         80         84      0.837      0.762       0.78      0.363
[YOLOv5] epoch 70/100 running
[YOLOv5] validation: all         80         84      0.815      0.786      0.841      0.377
[YOLOv5] epoch 71/100 running
[YOLOv5] validation: all         80         84      0.913      0.762      0.863      0.394
[YOLOv5] epoch 72/100 running
[YOLOv5] validation: all         80         84      0.921      0.774      0.866      0.387
[YOLOv5] epoch 73/100 running
[YOLOv5] validation: all         80         84      0.861      0.833      0.846      0.377
[YOLOv5] epoch 74/100 running
[YOLOv5] validation: all         80         84      0.849      0.821       0.82      0.378
[YOLOv5] epoch 75/100 running
[YOLOv5] validation: all         80         84      0.847       0.79      0.795      0.369
[YOLOv5] epoch 76/100 running
[YOLOv5] validation: all         80         84      0.864      0.798      0.832      0.392
[YOLOv5] epoch 77/100 running
[YOLOv5] validation: all         80         84      0.866      0.767      0.828      0.392
[YOLOv5] epoch 78/100 running
[YOLOv5] validation: all         80         84      0.877      0.765      0.849      0.394
[YOLOv5] epoch 79/100 running
[YOLOv5] validation: all         80         84      0.875      0.753      0.852      0.396
[YOLOv5] epoch 80/100 running
[YOLOv5] validation: all         80         84      0.857      0.783      0.846      0.403
[YOLOv5] epoch 81/100 running
[YOLOv5] validation: all         80         84      0.859      0.786      0.841      0.403
[YOLOv5] epoch 82/100 running
[YOLOv5] validation: all         80         84      0.857      0.784      0.829      0.391
[YOLOv5] epoch 83/100 running
[YOLOv5] validation: all         80         84      0.822      0.768      0.806       0.38
[YOLOv5] epoch 84/100 running
[YOLOv5] validation: all         80         84      0.845      0.777       0.83      0.374
[YOLOv5] epoch 85/100 running
[YOLOv5] validation: all         80         84      0.813      0.726      0.814      0.373
[YOLOv5] epoch 86/100 running
[YOLOv5] validation: all         80         84      0.816      0.774      0.839      0.385
[YOLOv5] epoch 87/100 running
[YOLOv5] validation: all         80         84      0.824      0.762      0.826      0.391
[YOLOv5] epoch 88/100 running
[YOLOv5] validation: all         80         84      0.782      0.725      0.786      0.367
[YOLOv5] epoch 89/100 running
[YOLOv5] validation: all         80         84      0.798      0.762      0.806      0.376
[YOLOv5] epoch 90/100 running
[YOLOv5] validation: all         80         84      0.795       0.75      0.787      0.378
[YOLOv5] epoch 91/100 running
[YOLOv5] validation: all         80         84      0.803      0.726      0.812      0.387
[YOLOv5] epoch 92/100 running
[YOLOv5] validation: all         80         84      0.905      0.683      0.812      0.382
[YOLOv5] epoch 93/100 running
[YOLOv5] validation: all         80         84      0.893      0.698      0.813      0.384
[YOLOv5] epoch 94/100 running
[YOLOv5] validation: all         80         84      0.818       0.75       0.79      0.393
[YOLOv5] epoch 95/100 running
[YOLOv5] validation: all         80         84      0.831      0.759      0.796      0.396
[YOLOv5] epoch 96/100 running
[YOLOv5] validation: all         80         84      0.894      0.704      0.793      0.386
[YOLOv5] epoch 97/100 running
[YOLOv5] validation: all         80         84      0.895      0.711      0.795      0.382
[YOLOv5] epoch 98/100 running
[YOLOv5] validation: all         80         84      0.822      0.768      0.815      0.384
[YOLOv5] epoch 99/100 running
[YOLOv5] validation: all         80         84      0.821      0.766      0.812      0.389
[YOLOv5] epoch 100/100 running
[YOLOv5] validation: all         80         84      0.828      0.762      0.809      0.387
[YOLOv5] 100 epochs completed in 0.046 hours.
[YOLOv5] validation: all         80         84      0.922      0.774      0.866      0.385
[Task] training completed: 256.5s
[Task] evaluating: checkpoint=last, group=test, samples=80
[YOLOv5] validation: all         80         85      0.837      0.907      0.899      0.456
[Task] evaluation: checkpoint=last, group=test, mAP50-95=0.4563, mAP50=0.8986, time=17.9s
[Task] evaluating: checkpoint=best, group=test, samples=80
[YOLOv5] validation: all         80         85      0.852      0.812      0.867       0.46
[Task] evaluation: checkpoint=best, group=test, mAP50-95=0.4601, mAP50=0.8672, time=19.3s
[Task] completed: evaluation=37.2s, output=/home/lijinhe/work/YOLO_Retraining/runs/studies/0907_stroller_window10_learning_curve/experiment/sequence/StrollerWindow10Tau099_SplitS42__seq-full-cold__stage0-stage7__yolov5s__s42/tasks/002__stage2__full-cold
[Task] output: /home/lijinhe/work/YOLO_Retraining/runs/studies/0907_stroller_window10_learning_curve/experiment/sequence/StrollerWindow10Tau099_SplitS42__seq-full-cold__stage0-stage7__yolov5s__s42/tasks/003__stage3__full-cold
[Task] data: current=80, candidate=321, validation=80, test=80
[Task] selection: policy=full, selected=321, groups={'candidate': 321}, time=0.000s
[Task] training: backend=yolov5, epochs=100, batch=64, device=0
[YOLOv5] epoch 1/100 running
[YOLOv5] validation: all         80         84   0.000423     0.0238   0.000224   7.76e-05
[YOLOv5] epoch 2/100 running
[YOLOv5] validation: all         80         84    0.00391      0.417    0.00537   0.000908
[YOLOv5] epoch 3/100 running
[YOLOv5] validation: all         80         84    0.00359      0.571     0.0097    0.00162
[YOLOv5] epoch 4/100 running
[YOLOv5] validation: all         80         84    0.00254      0.643    0.00364   0.000727
[YOLOv5] epoch 5/100 running
[YOLOv5] validation: all         80         84     0.0208        0.5     0.0472    0.00802
[YOLOv5] epoch 6/100 running
[YOLOv5] validation: all         80         84     0.0177      0.262     0.0155    0.00344
[YOLOv5] epoch 7/100 running
[YOLOv5] validation: all         80         84     0.0239     0.0833     0.0141    0.00334
[YOLOv5] epoch 8/100 running
[YOLOv5] validation: all         80         84     0.0158     0.0476     0.0152    0.00413
[YOLOv5] epoch 9/100 running
[YOLOv5] validation: all         80         84       0.44      0.393       0.39      0.108
[YOLOv5] epoch 10/100 running
[YOLOv5] validation: all         80         84      0.477      0.417      0.361      0.111
[YOLOv5] epoch 11/100 running
[YOLOv5] validation: all         80         84      0.359      0.381      0.299     0.0785
[YOLOv5] epoch 12/100 running
[YOLOv5] validation: all         80         84      0.227      0.369      0.182     0.0486
[YOLOv5] epoch 13/100 running
[YOLOv5] validation: all         80         84      0.313      0.333      0.292     0.0635
[YOLOv5] epoch 14/100 running
[YOLOv5] validation: all         80         84      0.378      0.417      0.357      0.111
[YOLOv5] epoch 15/100 running
[YOLOv5] validation: all         80         84      0.234      0.238      0.164     0.0495
[YOLOv5] epoch 16/100 running
[YOLOv5] validation: all         80         84      0.251       0.31      0.179     0.0421
[YOLOv5] epoch 17/100 running
[YOLOv5] validation: all         80         84      0.203      0.429       0.17      0.034
[YOLOv5] epoch 18/100 running
[YOLOv5] validation: all         80         84      0.379       0.44      0.342     0.0969
[YOLOv5] epoch 19/100 running
[YOLOv5] validation: all         80         84      0.212      0.202      0.168     0.0592
[YOLOv5] epoch 20/100 running
[YOLOv5] validation: all         80         84      0.289      0.667      0.309      0.106
[YOLOv5] epoch 21/100 running
[YOLOv5] validation: all         80         84      0.629      0.714      0.689      0.227
[YOLOv5] epoch 22/100 running
[YOLOv5] validation: all         80         84      0.433      0.547      0.435      0.158
[YOLOv5] epoch 23/100 running
[YOLOv5] validation: all         80         84      0.485      0.714      0.642      0.246
[YOLOv5] epoch 24/100 running
[YOLOv5] validation: all         80         84      0.347      0.714      0.357      0.106
[YOLOv5] epoch 25/100 running
[YOLOv5] validation: all         80         84      0.416      0.484      0.376      0.111
[YOLOv5] epoch 26/100 running
[YOLOv5] validation: all         80         84      0.636      0.548      0.596       0.22
[YOLOv5] epoch 27/100 running
[YOLOv5] validation: all         80         84      0.358       0.56      0.399      0.169
[YOLOv5] epoch 28/100 running
[YOLOv5] validation: all         80         84      0.448      0.512      0.451      0.162
[YOLOv5] epoch 29/100 running
[YOLOv5] validation: all         80         84      0.398      0.536      0.442      0.163
[YOLOv5] epoch 30/100 running
[YOLOv5] validation: all         80         84      0.492      0.703      0.582      0.168
[YOLOv5] epoch 31/100 running
[YOLOv5] validation: all         80         84      0.595      0.682      0.693      0.258
[YOLOv5] epoch 32/100 running
[YOLOv5] validation: all         80         84      0.585       0.44       0.55      0.208
[YOLOv5] epoch 33/100 running
[YOLOv5] validation: all         80         84      0.568      0.679      0.662      0.279
[YOLOv5] epoch 34/100 running
[YOLOv5] validation: all         80         84      0.612      0.469      0.569      0.237
[YOLOv5] epoch 35/100 running
[YOLOv5] validation: all         80         84      0.823      0.655      0.731      0.296
[YOLOv5] epoch 36/100 running
[YOLOv5] validation: all         80         84       0.62      0.545      0.567      0.187
[YOLOv5] epoch 37/100 running
[YOLOv5] validation: all         80         84      0.732       0.69      0.751      0.339
[YOLOv5] epoch 38/100 running
[YOLOv5] validation: all         80         84      0.617      0.488       0.52      0.181
[YOLOv5] epoch 39/100 running
[YOLOv5] validation: all         80         84      0.807      0.795       0.84      0.374
[YOLOv5] epoch 40/100 running
[YOLOv5] validation: all         80         84      0.546      0.631      0.529      0.204
[YOLOv5] epoch 41/100 running
[YOLOv5] validation: all         80         84      0.828       0.75        0.8      0.339
[YOLOv5] epoch 42/100 running
[YOLOv5] validation: all         80         84      0.831      0.644      0.757      0.289
[YOLOv5] epoch 43/100 running
[YOLOv5] validation: all         80         84      0.819      0.754      0.853      0.376
[YOLOv5] epoch 44/100 running
[YOLOv5] validation: all         80         84      0.804      0.682      0.756      0.329
[YOLOv5] epoch 45/100 running
[YOLOv5] validation: all         80         84      0.909      0.762      0.839       0.38
[YOLOv5] epoch 46/100 running
[YOLOv5] validation: all         80         84      0.789      0.738      0.749      0.305
[YOLOv5] epoch 47/100 running
[YOLOv5] validation: all         80         84      0.837      0.797      0.858       0.38
[YOLOv5] epoch 48/100 running
[YOLOv5] validation: all         80         84       0.79      0.715      0.761      0.324
[YOLOv5] epoch 49/100 running
[YOLOv5] validation: all         80         84      0.878      0.738      0.842       0.35
[YOLOv5] epoch 50/100 running
[YOLOv5] validation: all         80         84      0.849      0.734      0.818      0.364
[YOLOv5] epoch 51/100 running
[YOLOv5] validation: all         80         84      0.812      0.798      0.852      0.338
[YOLOv5] epoch 52/100 running
[YOLOv5] validation: all         80         84      0.831      0.876       0.88       0.39
[YOLOv5] epoch 53/100 running
[YOLOv5] validation: all         80         84      0.862       0.75      0.847      0.393
[YOLOv5] epoch 54/100 running
[YOLOv5] validation: all         80         84      0.831      0.762      0.805      0.343
[YOLOv5] epoch 55/100 running
[YOLOv5] validation: all         80         84      0.799      0.786      0.821       0.35
[YOLOv5] epoch 56/100 running
[YOLOv5] validation: all         80         84      0.837       0.75       0.83      0.341
[YOLOv5] epoch 57/100 running
[YOLOv5] validation: all         80         84      0.881      0.794      0.846      0.392
[YOLOv5] epoch 58/100 running
[YOLOv5] validation: all         80         84      0.811      0.765      0.791      0.344
[YOLOv5] epoch 59/100 running
[YOLOv5] validation: all         80         84      0.792      0.771      0.796      0.344
[YOLOv5] epoch 60/100 running
[YOLOv5] validation: all         80         84      0.869      0.774      0.829      0.407
[YOLOv5] epoch 61/100 running
[YOLOv5] validation: all         80         84      0.826      0.732      0.763      0.337
[YOLOv5] epoch 62/100 running
[YOLOv5] validation: all         80         84       0.89      0.773      0.838      0.409
[YOLOv5] epoch 63/100 running
[YOLOv5] validation: all         80         84      0.798        0.8      0.754      0.347
[YOLOv5] epoch 64/100 running
[YOLOv5] validation: all         80         84      0.881      0.794      0.834      0.405
[YOLOv5] epoch 65/100 running
[YOLOv5] validation: all         80         84      0.867      0.833      0.845      0.406
[YOLOv5] epoch 66/100 running
[YOLOv5] validation: all         80         84      0.837      0.794      0.813      0.353
[YOLOv5] epoch 67/100 running
[YOLOv5] validation: all         80         84      0.868      0.881      0.867      0.405
[YOLOv5] epoch 68/100 running
[YOLOv5] validation: all         80         84      0.868      0.861      0.867        0.4
[YOLOv5] epoch 69/100 running
[YOLOv5] validation: all         80         84      0.809      0.806      0.795      0.379
[YOLOv5] epoch 70/100 running
[YOLOv5] validation: all         80         84      0.866      0.849      0.873      0.427
[YOLOv5] epoch 71/100 running
[YOLOv5] validation: all         80         84      0.826      0.798      0.821      0.381
[YOLOv5] epoch 72/100 running
[YOLOv5] validation: all         80         84      0.857      0.857      0.868      0.444
[YOLOv5] epoch 73/100 running
[YOLOv5] validation: all         80         84       0.93      0.785      0.869      0.452
[YOLOv5] epoch 74/100 running
[YOLOv5] validation: all         80         84      0.901      0.774      0.859      0.439
[YOLOv5] epoch 75/100 running
[YOLOv5] validation: all         80         84      0.862      0.815       0.85      0.444
[YOLOv5] epoch 76/100 running
[YOLOv5] validation: all         80         84      0.898      0.821      0.886      0.442
[YOLOv5] epoch 77/100 running
[YOLOv5] validation: all         80         84      0.895      0.809      0.878      0.403
[YOLOv5] epoch 78/100 running
[YOLOv5] validation: all         80         84      0.882      0.802      0.873      0.445
[YOLOv5] epoch 79/100 running
[YOLOv5] validation: all         80         84      0.895      0.762      0.853      0.412
[YOLOv5] epoch 80/100 running
[YOLOv5] validation: all         80         84      0.885      0.774      0.864      0.406
[YOLOv5] epoch 81/100 running
[YOLOv5] validation: all         80         84      0.912      0.833      0.894      0.446
[YOLOv5] epoch 82/100 running
[YOLOv5] validation: all         80         84      0.887       0.81      0.866      0.405
[YOLOv5] epoch 83/100 running
[YOLOv5] validation: all         80         84      0.851       0.81       0.85      0.404
[YOLOv5] epoch 84/100 running
[YOLOv5] validation: all         80         84      0.852      0.819      0.843      0.415
[YOLOv5] epoch 85/100 running
[YOLOv5] validation: all         80         84      0.859      0.801      0.841      0.418
[YOLOv5] epoch 86/100 running
[YOLOv5] validation: all         80         84      0.835      0.782      0.836      0.385
[YOLOv5] epoch 87/100 running
[YOLOv5] validation: all         80         84       0.86       0.81      0.853      0.436
[YOLOv5] epoch 88/100 running
[YOLOv5] validation: all         80         84      0.818      0.833      0.858      0.399
[YOLOv5] epoch 89/100 running
[YOLOv5] validation: all         80         84      0.843       0.83      0.857      0.417
[YOLOv5] epoch 90/100 running
[YOLOv5] validation: all         80         84      0.867      0.833      0.857      0.461
[YOLOv5] epoch 91/100 running
[YOLOv5] validation: all         80         84      0.881      0.845      0.879      0.442
[YOLOv5] epoch 92/100 running
[YOLOv5] validation: all         80         84      0.866       0.85      0.874      0.444
[YOLOv5] epoch 93/100 running
[YOLOv5] validation: all         80         84      0.859        0.8      0.861      0.438
[YOLOv5] epoch 94/100 running
[YOLOv5] validation: all         80         84      0.877      0.821      0.858      0.414
[YOLOv5] epoch 95/100 running
[YOLOv5] validation: all         80         84      0.863      0.826      0.858      0.438
[YOLOv5] epoch 96/100 running
[YOLOv5] validation: all         80         84       0.85      0.845      0.865      0.427
[YOLOv5] epoch 97/100 running
[YOLOv5] validation: all         80         84      0.918      0.804      0.858      0.447
[YOLOv5] epoch 98/100 running
[YOLOv5] validation: all         80         84      0.918      0.821      0.857      0.447
[YOLOv5] epoch 99/100 running
[YOLOv5] validation: all         80         84      0.915      0.821      0.854      0.456
[YOLOv5] epoch 100/100 running
[YOLOv5] validation: all         80         84      0.906      0.821      0.848      0.437
[YOLOv5] 100 epochs completed in 0.057 hours.
[YOLOv5] validation: all         80         84      0.913      0.833      0.894      0.446
[Task] training completed: 295.5s
[Task] evaluating: checkpoint=last, group=test, samples=80
[YOLOv5] validation: all         80         85      0.882      0.812      0.889      0.487
[Task] evaluation: checkpoint=last, group=test, mAP50-95=0.4871, mAP50=0.8895, time=17.0s
[Task] evaluating: checkpoint=best, group=test, samples=80
[YOLOv5] validation: all         80         85      0.809      0.871      0.878      0.494
[Task] evaluation: checkpoint=best, group=test, mAP50-95=0.4944, mAP50=0.8778, time=18.3s
[Task] completed: evaluation=35.4s, output=/home/lijinhe/work/YOLO_Retraining/runs/studies/0907_stroller_window10_learning_curve/experiment/sequence/StrollerWindow10Tau099_SplitS42__seq-full-cold__stage0-stage7__yolov5s__s42/tasks/003__stage3__full-cold
[Task] output: /home/lijinhe/work/YOLO_Retraining/runs/studies/0907_stroller_window10_learning_curve/experiment/sequence/StrollerWindow10Tau099_SplitS42__seq-full-cold__stage0-stage7__yolov5s__s42/tasks/004__stage4__full-cold
[Task] data: current=80, candidate=401, validation=80, test=80
[Task] selection: policy=full, selected=401, groups={'candidate': 401}, time=0.000s
[Task] training: backend=yolov5, epochs=100, batch=64, device=0
[YOLOv5] epoch 1/100 running
[YOLOv5] validation: all         80         84    0.00229      0.202    0.00141   0.000289
[YOLOv5] epoch 2/100 running
[YOLOv5] validation: all         80         84    0.00304      0.524     0.0192    0.00328
[YOLOv5] epoch 3/100 running
[YOLOv5] validation: all         80         84      0.081      0.536      0.127     0.0253
[YOLOv5] epoch 4/100 running
[YOLOv5] validation: all         80         84      0.199      0.369       0.18     0.0417
[YOLOv5] epoch 5/100 running
[YOLOv5] validation: all         80         84     0.0175      0.833     0.0256     0.0066
[YOLOv5] epoch 6/100 running
[YOLOv5] validation: all         80         84      0.225      0.452      0.188     0.0499
[YOLOv5] epoch 7/100 running
[YOLOv5] validation: all         80         84      0.261      0.405      0.222      0.054
[YOLOv5] epoch 8/100 running
[YOLOv5] validation: all         80         84      0.432      0.417      0.303     0.0845
[YOLOv5] epoch 9/100 running
[YOLOv5] validation: all         80         84      0.483      0.405      0.365     0.0933
[YOLOv5] epoch 10/100 running
[YOLOv5] validation: all         80         84      0.536       0.44      0.429      0.156
[YOLOv5] epoch 11/100 running
[YOLOv5] validation: all         80         84      0.353      0.405      0.356     0.0958
[YOLOv5] epoch 12/100 running
[YOLOv5] validation: all         80         84      0.654      0.429      0.505       0.18
[YOLOv5] epoch 13/100 running
[YOLOv5] validation: all         80         84      0.642      0.429      0.535      0.195
[YOLOv5] epoch 14/100 running
[YOLOv5] validation: all         80         84      0.299        0.5      0.368      0.143
[YOLOv5] epoch 15/100 running
[YOLOv5] validation: all         80         84      0.527      0.548      0.523      0.175
[YOLOv5] epoch 16/100 running
[YOLOv5] validation: all         80         84      0.507      0.551      0.548      0.191
[YOLOv5] epoch 17/100 running
[YOLOv5] validation: all         80         84      0.787      0.488      0.606      0.204
[YOLOv5] epoch 18/100 running
[YOLOv5] validation: all         80         84      0.668      0.648      0.702      0.247
[YOLOv5] epoch 19/100 running
[YOLOv5] validation: all         80         84      0.464      0.667      0.539      0.173
[YOLOv5] epoch 20/100 running
[YOLOv5] validation: all         80         84      0.599      0.655      0.647       0.23
[YOLOv5] epoch 21/100 running
[YOLOv5] validation: all         80         84      0.628      0.667      0.625      0.256
[YOLOv5] epoch 22/100 running
[YOLOv5] validation: all         80         84      0.636      0.726      0.727      0.311
[YOLOv5] epoch 23/100 running
[YOLOv5] validation: all         80         84      0.696      0.643      0.725      0.285
[YOLOv5] epoch 24/100 running
[YOLOv5] validation: all         80         84      0.881      0.705      0.809      0.329
[YOLOv5] epoch 25/100 running
[YOLOv5] validation: all         80         84      0.774      0.762      0.768      0.348
[YOLOv5] epoch 26/100 running
[YOLOv5] validation: all         80         84      0.856      0.707      0.803      0.382
[YOLOv5] epoch 27/100 running
[YOLOv5] validation: all         80         84      0.807      0.698        0.8      0.384
[YOLOv5] epoch 28/100 running
[YOLOv5] validation: all         80         84       0.77      0.845      0.858      0.374
[YOLOv5] epoch 29/100 running
[YOLOv5] validation: all         80         84      0.835      0.774      0.851      0.346
[YOLOv5] epoch 30/100 running
[YOLOv5] validation: all         80         84      0.805       0.75      0.836      0.366
[YOLOv5] epoch 31/100 running
[YOLOv5] validation: all         80         84      0.821      0.845      0.868      0.379
[YOLOv5] epoch 32/100 running
[YOLOv5] validation: all         80         84      0.782      0.857      0.863      0.364
[YOLOv5] epoch 33/100 running
[YOLOv5] validation: all         80         84      0.855      0.714      0.831      0.327
[YOLOv5] epoch 34/100 running
[YOLOv5] validation: all         80         84      0.757      0.741      0.764      0.344
[YOLOv5] epoch 35/100 running
[YOLOv5] validation: all         80         84      0.784      0.821       0.84      0.373
[YOLOv5] epoch 36/100 running
[YOLOv5] validation: all         80         84      0.809      0.845      0.858      0.396
[YOLOv5] epoch 37/100 running
[YOLOv5] validation: all         80         84      0.805      0.885      0.868      0.374
[YOLOv5] epoch 38/100 running
[YOLOv5] validation: all         80         84      0.842      0.833      0.831      0.378
[YOLOv5] epoch 39/100 running
[YOLOv5] validation: all         80         84      0.878       0.81      0.853      0.385
[YOLOv5] epoch 40/100 running
[YOLOv5] validation: all         80         84      0.882        0.8       0.88      0.417
[YOLOv5] epoch 41/100 running
[YOLOv5] validation: all         80         84      0.815       0.84      0.854      0.408
[YOLOv5] epoch 42/100 running
[YOLOv5] validation: all         80         84      0.807      0.798      0.847      0.396
[YOLOv5] epoch 43/100 running
[YOLOv5] validation: all         80         84      0.888      0.726      0.829      0.367
[YOLOv5] epoch 44/100 running
[YOLOv5] validation: all         80         84      0.877      0.786      0.843       0.38
[YOLOv5] epoch 45/100 running
[YOLOv5] validation: all         80         84       0.79      0.853      0.866      0.371
[YOLOv5] epoch 46/100 running
[YOLOv5] validation: all         80         84      0.842      0.845      0.884      0.422
[YOLOv5] epoch 47/100 running
[YOLOv5] validation: all         80         84      0.859      0.867      0.905      0.408
[YOLOv5] epoch 48/100 running
[YOLOv5] validation: all         80         84      0.877      0.849      0.882      0.417
[YOLOv5] epoch 49/100 running
[YOLOv5] validation: all         80         84      0.891      0.876      0.881      0.418
[YOLOv5] epoch 50/100 running
[YOLOv5] validation: all         80         84      0.849      0.871      0.893       0.41
[YOLOv5] epoch 51/100 running
[YOLOv5] validation: all         80         84      0.874      0.845      0.883      0.402
[YOLOv5] epoch 52/100 running
[YOLOv5] validation: all         80         84      0.846      0.833      0.865      0.397
[YOLOv5] epoch 53/100 running
[YOLOv5] validation: all         80         84      0.882      0.821      0.888      0.412
[YOLOv5] epoch 54/100 running
[YOLOv5] validation: all         80         84       0.88       0.87      0.894      0.415
[YOLOv5] epoch 55/100 running
[YOLOv5] validation: all         80         84      0.923      0.854      0.904      0.411
[YOLOv5] epoch 56/100 running
[YOLOv5] validation: all         80         84      0.937      0.879      0.907      0.424
[YOLOv5] epoch 57/100 running
[YOLOv5] validation: all         80         84      0.868      0.845      0.897      0.424
[YOLOv5] epoch 58/100 running
[YOLOv5] validation: all         80         84      0.911      0.855      0.898      0.412
[YOLOv5] epoch 59/100 running
[YOLOv5] validation: all         80         84      0.902      0.857      0.912      0.418
[YOLOv5] epoch 60/100 running
[YOLOv5] validation: all         80         84      0.898      0.869      0.908      0.417
[YOLOv5] epoch 61/100 running
[YOLOv5] validation: all         80         84      0.888      0.851      0.895        0.4
[YOLOv5] epoch 62/100 running
[YOLOv5] validation: all         80         84      0.881      0.883      0.912      0.418
[YOLOv5] epoch 63/100 running
[YOLOv5] validation: all         80         84      0.948      0.865       0.94       0.43
[YOLOv5] epoch 64/100 running
[YOLOv5] validation: all         80         84      0.948      0.864      0.876      0.416
[YOLOv5] epoch 65/100 running
[YOLOv5] validation: all         80         84      0.901      0.869      0.892      0.428
[YOLOv5] epoch 66/100 running
[YOLOv5] validation: all         80         84      0.898      0.839      0.892      0.425
[YOLOv5] epoch 67/100 running
[YOLOv5] validation: all         80         84       0.86      0.798      0.832      0.378
[YOLOv5] epoch 68/100 running
[YOLOv5] validation: all         80         84      0.886      0.857      0.899      0.439
[YOLOv5] epoch 69/100 running
[YOLOv5] validation: all         80         84      0.869      0.857      0.901      0.419
[YOLOv5] epoch 70/100 running
[YOLOv5] validation: all         80         84      0.912      0.845      0.895      0.432
[YOLOv5] epoch 71/100 running
[YOLOv5] validation: all         80         84      0.856      0.821      0.871      0.415
[YOLOv5] epoch 72/100 running
[YOLOv5] validation: all         80         84      0.867      0.851      0.885      0.439
[YOLOv5] epoch 73/100 running
[YOLOv5] validation: all         80         84      0.922      0.843      0.912      0.454
[YOLOv5] epoch 74/100 running
[YOLOv5] validation: all         80         84      0.894      0.869      0.902      0.432
[YOLOv5] epoch 75/100 running
[YOLOv5] validation: all         80         84      0.909      0.833      0.888      0.439
[YOLOv5] epoch 76/100 running
[YOLOv5] validation: all         80         84       0.94      0.869      0.916      0.446
[YOLOv5] epoch 77/100 running
[YOLOv5] validation: all         80         84      0.923       0.81      0.907      0.444
[YOLOv5] epoch 78/100 running
[YOLOv5] validation: all         80         84      0.903      0.857      0.904      0.448
[YOLOv5] epoch 79/100 running
[YOLOv5] validation: all         80         84      0.848      0.862      0.874      0.432
[YOLOv5] epoch 80/100 running
[YOLOv5] validation: all         80         84      0.913      0.833      0.893      0.427
[YOLOv5] epoch 81/100 running
[YOLOv5] validation: all         80         84      0.911      0.852      0.909      0.437
[YOLOv5] epoch 82/100 running
[YOLOv5] validation: all         80         84      0.899      0.845       0.88      0.426
[YOLOv5] epoch 83/100 running
[YOLOv5] validation: all         80         84      0.884      0.845      0.873      0.423
[YOLOv5] epoch 84/100 running
[YOLOv5] validation: all         80         84        0.9      0.845      0.883       0.42
[YOLOv5] epoch 85/100 running
[YOLOv5] validation: all         80         84      0.911      0.858       0.91      0.439
[YOLOv5] epoch 86/100 running
[YOLOv5] validation: all         80         84      0.936      0.874      0.929      0.449
[YOLOv5] epoch 87/100 running
[YOLOv5] validation: all         80         84      0.942      0.869      0.921      0.446
[YOLOv5] epoch 88/100 running
[YOLOv5] validation: all         80         84      0.928      0.857      0.907      0.428
[YOLOv5] epoch 89/100 running
[YOLOv5] validation: all         80         84      0.913      0.869      0.896      0.428
[YOLOv5] epoch 90/100 running
[YOLOv5] validation: all         80         84      0.919      0.869      0.894      0.437
[YOLOv5] epoch 91/100 running
[YOLOv5] validation: all         80         84      0.925       0.88      0.905      0.442
[YOLOv5] epoch 92/100 running
[YOLOv5] validation: all         80         84      0.911      0.856      0.862      0.421
[YOLOv5] epoch 93/100 running
[YOLOv5] validation: all         80         84      0.925      0.876      0.888      0.426
[YOLOv5] epoch 94/100 running
[YOLOv5] validation: all         80         84      0.923      0.857      0.885      0.413
[YOLOv5] epoch 95/100 running
[YOLOv5] validation: all         80         84      0.914      0.869      0.884      0.434
[YOLOv5] epoch 96/100 running
[YOLOv5] validation: all         80         84      0.911      0.856      0.875      0.431
[YOLOv5] epoch 97/100 running
[YOLOv5] validation: all         80         84      0.921      0.869       0.89      0.442
[YOLOv5] epoch 98/100 running
[YOLOv5] validation: all         80         84      0.914      0.857      0.883      0.432
[YOLOv5] epoch 99/100 running
[YOLOv5] validation: all         80         84      0.918      0.857      0.886      0.448
[YOLOv5] epoch 100/100 running
[YOLOv5] validation: all         80         84      0.921      0.857      0.889       0.44
[YOLOv5] 100 epochs completed in 0.060 hours.
[YOLOv5] validation: all         80         84      0.948      0.865       0.94       0.43
[Task] training completed: 304.7s
[Task] evaluating: checkpoint=last, group=test, samples=80
[YOLOv5] validation: all         80         85      0.899      0.859      0.913      0.499
[Task] evaluation: checkpoint=last, group=test, mAP50-95=0.4995, mAP50=0.9132, time=16.7s
[Task] evaluating: checkpoint=best, group=test, samples=80
[YOLOv5] validation: all         80         85      0.865      0.902      0.906      0.478
[Task] evaluation: checkpoint=best, group=test, mAP50-95=0.4777, mAP50=0.9064, time=18.4s
[Task] completed: evaluation=35.2s, output=/home/lijinhe/work/YOLO_Retraining/runs/studies/0907_stroller_window10_learning_curve/experiment/sequence/StrollerWindow10Tau099_SplitS42__seq-full-cold__stage0-stage7__yolov5s__s42/tasks/004__stage4__full-cold
[Task] output: /home/lijinhe/work/YOLO_Retraining/runs/studies/0907_stroller_window10_learning_curve/experiment/sequence/StrollerWindow10Tau099_SplitS42__seq-full-cold__stage0-stage7__yolov5s__s42/tasks/005__stage5__full-cold
[Task] data: current=80, candidate=481, validation=80, test=80
[Task] selection: policy=full, selected=481, groups={'candidate': 481}, time=0.000s
[Task] training: backend=yolov5, epochs=100, batch=64, device=0
[YOLOv5] epoch 1/100 running
[YOLOv5] validation: all         80         84    0.00046     0.0476   0.000347    6.2e-05
[YOLOv5] epoch 2/100 running
[YOLOv5] validation: all         80         84    0.00294      0.595    0.00486    0.00109
[YOLOv5] epoch 3/100 running
[YOLOv5] validation: all         80         84    0.00324      0.845     0.0357    0.00827
[YOLOv5] epoch 4/100 running
[YOLOv5] validation: all         80         84      0.011      0.857     0.0586     0.0162
[YOLOv5] epoch 5/100 running
[YOLOv5] validation: all         80         84      0.217      0.301      0.185     0.0522
[YOLOv5] epoch 6/100 running
[YOLOv5] validation: all         80         84     0.0662      0.238      0.048     0.0121
[YOLOv5] epoch 7/100 running
[YOLOv5] validation: all         80         84       0.17      0.179      0.105     0.0325
[YOLOv5] epoch 8/100 running
[YOLOv5] validation: all         80         84      0.113      0.321     0.0818     0.0243
[YOLOv5] epoch 9/100 running
[YOLOv5] validation: all         80         84      0.282      0.384      0.214       0.07
[YOLOv5] epoch 10/100 running
[YOLOv5] validation: all         80         84      0.173      0.321      0.176     0.0739
[YOLOv5] epoch 11/100 running
[YOLOv5] validation: all         80         84      0.311      0.464      0.283     0.0997
[YOLOv5] epoch 12/100 running
[YOLOv5] validation: all         80         84      0.231      0.525      0.235     0.0771
[YOLOv5] epoch 13/100 running
[YOLOv5] validation: all         80         84      0.302      0.459      0.292     0.0964
[YOLOv5] epoch 14/100 running
[YOLOv5] validation: all         80         84      0.293      0.381      0.273     0.0875
[YOLOv5] epoch 15/100 running
[YOLOv5] validation: all         80         84      0.437      0.488      0.398      0.132
[YOLOv5] epoch 16/100 running
[YOLOv5] validation: all         80         84      0.415      0.574      0.485      0.212
[YOLOv5] epoch 17/100 running
[YOLOv5] validation: all         80         84      0.703      0.675      0.658      0.273
[YOLOv5] epoch 18/100 running
[YOLOv5] validation: all         80         84      0.585       0.56      0.634      0.262
[YOLOv5] epoch 19/100 running
[YOLOv5] validation: all         80         84      0.638      0.607      0.609      0.272
[YOLOv5] epoch 20/100 running
[YOLOv5] validation: all         80         84      0.705      0.726      0.732      0.289
[YOLOv5] epoch 21/100 running
[YOLOv5] validation: all         80         84      0.626      0.738      0.756      0.326
[YOLOv5] epoch 22/100 running
[YOLOv5] validation: all         80         84      0.763      0.738      0.768      0.338
[YOLOv5] epoch 23/100 running
[YOLOv5] validation: all         80         84      0.793       0.82      0.843      0.362
[YOLOv5] epoch 24/100 running
[YOLOv5] validation: all         80         84      0.699      0.738      0.743      0.296
[YOLOv5] epoch 25/100 running
[YOLOv5] validation: all         80         84      0.752      0.795      0.794      0.347
[YOLOv5] epoch 26/100 running
[YOLOv5] validation: all         80         84      0.794      0.821      0.801      0.365
[YOLOv5] epoch 27/100 running
[YOLOv5] validation: all         80         84      0.852      0.798      0.832      0.357
[YOLOv5] epoch 28/100 running
[YOLOv5] validation: all         80         84      0.734      0.854      0.838      0.358
[YOLOv5] epoch 29/100 running
[YOLOv5] validation: all         80         84      0.868      0.833      0.874      0.367
[YOLOv5] epoch 30/100 running
[YOLOv5] validation: all         80         84      0.727       0.81      0.786      0.329
[YOLOv5] epoch 31/100 running
[YOLOv5] validation: all         80         84      0.885      0.826      0.844      0.364
[YOLOv5] epoch 32/100 running
[YOLOv5] validation: all         80         84      0.884      0.845      0.896      0.403
[YOLOv5] epoch 33/100 running
[YOLOv5] validation: all         80         84      0.856      0.851       0.88      0.402
[YOLOv5] epoch 34/100 running
[YOLOv5] validation: all         80         84      0.899      0.847        0.9      0.416
[YOLOv5] epoch 35/100 running
[YOLOv5] validation: all         80         84      0.825      0.841      0.858      0.386
[YOLOv5] epoch 36/100 running
[YOLOv5] validation: all         80         84      0.835      0.842      0.884      0.404
[YOLOv5] epoch 37/100 running
[YOLOv5] validation: all         80         84      0.845      0.917      0.882      0.402
[YOLOv5] epoch 38/100 running
[YOLOv5] validation: all         80         84      0.854      0.798      0.824      0.375
[YOLOv5] epoch 39/100 running
[YOLOv5] validation: all         80         84      0.883      0.833      0.844       0.38
[YOLOv5] epoch 40/100 running
[YOLOv5] validation: all         80         84      0.864      0.893      0.895      0.405
[YOLOv5] epoch 41/100 running
[YOLOv5] validation: all         80         84      0.931      0.802      0.888      0.383
[YOLOv5] epoch 42/100 running
[YOLOv5] validation: all         80         84      0.877      0.767      0.851      0.399
[YOLOv5] epoch 43/100 running
[YOLOv5] validation: all         80         84      0.887      0.841      0.893      0.426
[YOLOv5] epoch 44/100 running
[YOLOv5] validation: all         80         84      0.824      0.889      0.866      0.412
[YOLOv5] epoch 45/100 running
[YOLOv5] validation: all         80         84      0.854      0.881      0.861      0.388
[YOLOv5] epoch 46/100 running
[YOLOv5] validation: all         80         84       0.89      0.868      0.891      0.418
[YOLOv5] epoch 47/100 running
[YOLOv5] validation: all         80         84      0.912      0.865      0.888       0.41
[YOLOv5] epoch 48/100 running
[YOLOv5] validation: all         80         84      0.881       0.88      0.888      0.437
[YOLOv5] epoch 49/100 running
[YOLOv5] validation: all         80         84      0.899      0.774      0.854      0.427
[YOLOv5] epoch 50/100 running
[YOLOv5] validation: all         80         84      0.896      0.774      0.828      0.396
[YOLOv5] epoch 51/100 running
[YOLOv5] validation: all         80         84      0.875      0.857      0.883       0.41
[YOLOv5] epoch 52/100 running
[YOLOv5] validation: all         80         84       0.89       0.81      0.889      0.421
[YOLOv5] epoch 53/100 running
[YOLOv5] validation: all         80         84       0.89      0.857      0.908      0.451
[YOLOv5] epoch 54/100 running
[YOLOv5] validation: all         80         84      0.859      0.869      0.887      0.417
[YOLOv5] epoch 55/100 running
[YOLOv5] validation: all         80         84      0.887       0.81      0.869      0.416
[YOLOv5] epoch 56/100 running
[YOLOv5] validation: all         80         84      0.892      0.917        0.9      0.429
[YOLOv5] epoch 57/100 running
[YOLOv5] validation: all         80         84      0.892      0.845       0.88      0.439
[YOLOv5] epoch 58/100 running
[YOLOv5] validation: all         80         84      0.885      0.821      0.875      0.443
[YOLOv5] epoch 59/100 running
[YOLOv5] validation: all         80         84       0.87       0.88      0.882      0.409
[YOLOv5] epoch 60/100 running
[YOLOv5] validation: all         80         84      0.859      0.867      0.883      0.426
[YOLOv5] epoch 61/100 running
[YOLOv5] validation: all         80         84      0.914      0.885      0.898      0.416
[YOLOv5] epoch 62/100 running
[YOLOv5] validation: all         80         84      0.861      0.882      0.882       0.43
[YOLOv5] epoch 63/100 running
[YOLOv5] validation: all         80         84      0.882      0.881      0.888      0.433
[YOLOv5] epoch 64/100 running
[YOLOv5] validation: all         80         84      0.893      0.891      0.904      0.446
[YOLOv5] epoch 65/100 running
[YOLOv5] validation: all         80         84      0.871      0.857      0.866      0.447
[YOLOv5] epoch 66/100 running
[YOLOv5] validation: all         80         84       0.88      0.917      0.923      0.434
[YOLOv5] epoch 67/100 running
[YOLOv5] validation: all         80         84      0.913      0.881      0.916      0.429
[YOLOv5] epoch 68/100 running
[YOLOv5] validation: all         80         84      0.883      0.905      0.895      0.406
[YOLOv5] epoch 69/100 running
[YOLOv5] validation: all         80         84      0.894      0.881      0.887       0.42
[YOLOv5] epoch 70/100 running
[YOLOv5] validation: all         80         84      0.885      0.828      0.894      0.414
[YOLOv5] epoch 71/100 running
[YOLOv5] validation: all         80         84      0.907      0.809      0.875      0.407
[YOLOv5] epoch 72/100 running
[YOLOv5] validation: all         80         84      0.888      0.833      0.877      0.419
[YOLOv5] epoch 73/100 running
[YOLOv5] validation: all         80         84      0.914      0.885      0.924      0.432
[YOLOv5] epoch 74/100 running
[YOLOv5] validation: all         80         84      0.914      0.883      0.919      0.429
[YOLOv5] epoch 75/100 running
[YOLOv5] validation: all         80         84      0.871      0.929      0.914      0.434
[YOLOv5] epoch 76/100 running
[YOLOv5] validation: all         80         84      0.858      0.905      0.905      0.424
[YOLOv5] epoch 77/100 running
[YOLOv5] validation: all         80         84      0.903      0.884      0.901      0.435
[YOLOv5] epoch 78/100 running
[YOLOv5] validation: all         80         84       0.91      0.869      0.882      0.446
[YOLOv5] epoch 79/100 running
[YOLOv5] validation: all         80         84      0.931      0.857      0.881      0.445
[YOLOv5] epoch 80/100 running
[YOLOv5] validation: all         80         84      0.936      0.876      0.887      0.425
[YOLOv5] epoch 81/100 running
[YOLOv5] validation: all         80         84      0.919      0.857        0.9      0.442
[YOLOv5] epoch 82/100 running
[YOLOv5] validation: all         80         84      0.921      0.837      0.876      0.422
[YOLOv5] epoch 83/100 running
[YOLOv5] validation: all         80         84      0.912      0.869      0.879      0.422
[YOLOv5] epoch 84/100 running
[YOLOv5] validation: all         80         84      0.897      0.832      0.869      0.425
[YOLOv5] epoch 85/100 running
[YOLOv5] validation: all         80         84      0.873      0.857      0.875      0.429
[YOLOv5] epoch 86/100 running
[YOLOv5] validation: all         80         84      0.901      0.863      0.886      0.421
[YOLOv5] epoch 87/100 running
[YOLOv5] validation: all         80         84      0.884      0.881      0.897      0.437
[YOLOv5] epoch 88/100 running
[YOLOv5] validation: all         80         84      0.902      0.877      0.911      0.439
[YOLOv5] epoch 89/100 running
[YOLOv5] validation: all         80         84      0.897      0.869      0.901       0.44
[YOLOv5] epoch 90/100 running
[YOLOv5] validation: all         80         84      0.867      0.851      0.876      0.444
[YOLOv5] epoch 91/100 running
[YOLOv5] validation: all         80         84      0.876      0.842      0.881      0.446
[YOLOv5] epoch 92/100 running
[YOLOv5] validation: all         80         84      0.935      0.854       0.89      0.434
[YOLOv5] epoch 93/100 running
[YOLOv5] validation: all         80         84      0.918      0.845      0.888      0.427
[YOLOv5] epoch 94/100 running
[YOLOv5] validation: all         80         84      0.936      0.868      0.899      0.432
[YOLOv5] epoch 95/100 running
[YOLOv5] validation: all         80         84      0.937      0.881      0.899      0.435
[YOLOv5] epoch 96/100 running
[YOLOv5] validation: all         80         84      0.949      0.886       0.93      0.453
[YOLOv5] epoch 97/100 running
[YOLOv5] validation: all         80         84      0.924      0.881      0.912      0.444
[YOLOv5] epoch 98/100 running
[YOLOv5] validation: all         80         84      0.912      0.881      0.904      0.449
[YOLOv5] epoch 99/100 running
[YOLOv5] validation: all         80         84      0.936      0.868      0.907      0.456
[YOLOv5] epoch 100/100 running
[YOLOv5] validation: all         80         84      0.936      0.867      0.906      0.456
[YOLOv5] 100 epochs completed in 0.069 hours.
[YOLOv5] validation: all         80         84      0.949      0.886      0.919      0.452
[Task] training completed: 336.5s
[Task] evaluating: checkpoint=last, group=test, samples=80
[YOLOv5] validation: all         80         85      0.912      0.858      0.923      0.524
[Task] evaluation: checkpoint=last, group=test, mAP50-95=0.5238, mAP50=0.9234, time=15.3s
[Task] evaluating: checkpoint=best, group=test, samples=80
[YOLOv5] validation: all         80         85      0.831      0.927      0.917      0.524
[Task] evaluation: checkpoint=best, group=test, mAP50-95=0.5241, mAP50=0.9172, time=17.8s
[Task] completed: evaluation=33.1s, output=/home/lijinhe/work/YOLO_Retraining/runs/studies/0907_stroller_window10_learning_curve/experiment/sequence/StrollerWindow10Tau099_SplitS42__seq-full-cold__stage0-stage7__yolov5s__s42/tasks/005__stage5__full-cold
[Task] output: /home/lijinhe/work/YOLO_Retraining/runs/studies/0907_stroller_window10_learning_curve/experiment/sequence/StrollerWindow10Tau099_SplitS42__seq-full-cold__stage0-stage7__yolov5s__s42/tasks/006__stage6__full-cold
[Task] data: current=80, candidate=561, validation=80, test=80
[Task] selection: policy=full, selected=561, groups={'candidate': 561}, time=0.000s
[Task] training: backend=yolov5, epochs=100, batch=64, device=0
[YOLOv5] epoch 1/100 running
[YOLOv5] validation: all         80         84    0.00267      0.369    0.00335   0.000775
[YOLOv5] epoch 2/100 running
[YOLOv5] validation: all         80         84     0.0149      0.476     0.0392    0.00843
[YOLOv5] epoch 3/100 running
[YOLOv5] validation: all         80         84     0.0189       0.69     0.0216    0.00532
[YOLOv5] epoch 4/100 running
[YOLOv5] validation: all         80         84      0.094      0.355     0.0738     0.0144
[YOLOv5] epoch 5/100 running
[YOLOv5] validation: all         80         84      0.358      0.369      0.306     0.0762
[YOLOv5] epoch 6/100 running
[YOLOv5] validation: all         80         84      0.152       0.25      0.116     0.0277
[YOLOv5] epoch 7/100 running
[YOLOv5] validation: all         80         84      0.326      0.381      0.259     0.0726
[YOLOv5] epoch 8/100 running
[YOLOv5] validation: all         80         84      0.375      0.393      0.315      0.105
[YOLOv5] epoch 9/100 running
[YOLOv5] validation: all         80         84      0.362      0.399      0.303      0.103
[YOLOv5] epoch 10/100 running
[YOLOv5] validation: all         80         84      0.426       0.56       0.42      0.145
[YOLOv5] epoch 11/100 running
[YOLOv5] validation: all         80         84       0.33      0.452      0.264     0.0852
[YOLOv5] epoch 12/100 running
[YOLOv5] validation: all         80         84      0.469      0.583      0.545      0.206
[YOLOv5] epoch 13/100 running
[YOLOv5] validation: all         80         84      0.813      0.619      0.729       0.23
[YOLOv5] epoch 14/100 running
[YOLOv5] validation: all         80         84      0.317      0.607      0.338      0.116
[YOLOv5] epoch 15/100 running
[YOLOv5] validation: all         80         84       0.59      0.685      0.654      0.219
[YOLOv5] epoch 16/100 running
[YOLOv5] validation: all         80         84      0.398      0.524      0.432      0.166
[YOLOv5] epoch 17/100 running
[YOLOv5] validation: all         80         84      0.775      0.833      0.853      0.299
[YOLOv5] epoch 18/100 running
[YOLOv5] validation: all         80         84      0.783      0.714      0.788      0.321
[YOLOv5] epoch 19/100 running
[YOLOv5] validation: all         80         84      0.816      0.774      0.808      0.364
[YOLOv5] epoch 20/100 running
[YOLOv5] validation: all         80         84      0.746      0.548      0.667      0.262
[YOLOv5] epoch 21/100 running
[YOLOv5] validation: all         80         84      0.788      0.774      0.786      0.349
[YOLOv5] epoch 22/100 running
[YOLOv5] validation: all         80         84      0.776       0.75      0.778      0.326
[YOLOv5] epoch 23/100 running
[YOLOv5] validation: all         80         84      0.794       0.81      0.833      0.322
[YOLOv5] epoch 24/100 running
[YOLOv5] validation: all         80         84      0.782      0.798      0.832      0.349
[YOLOv5] epoch 25/100 running
[YOLOv5] validation: all         80         84      0.926      0.746      0.867      0.339
[YOLOv5] epoch 26/100 running
[YOLOv5] validation: all         80         84      0.887       0.75      0.857      0.397
[YOLOv5] epoch 27/100 running
[YOLOv5] validation: all         80         84      0.813      0.714      0.843      0.393
[YOLOv5] epoch 28/100 running
[YOLOv5] validation: all         80         84      0.815      0.774      0.845      0.404
[YOLOv5] epoch 29/100 running
[YOLOv5] validation: all         80         84      0.797      0.841      0.843      0.402
[YOLOv5] epoch 30/100 running
[YOLOv5] validation: all         80         84      0.866      0.762      0.847      0.369
[YOLOv5] epoch 31/100 running
[YOLOv5] validation: all         80         84      0.898      0.733      0.825      0.389
[YOLOv5] epoch 32/100 running
[YOLOv5] validation: all         80         84      0.877      0.762      0.827       0.37
[YOLOv5] epoch 33/100 running
[YOLOv5] validation: all         80         84      0.849      0.801      0.816      0.356
[YOLOv5] epoch 34/100 running
[YOLOv5] validation: all         80         84      0.817      0.893      0.841      0.352
[YOLOv5] epoch 35/100 running
[YOLOv5] validation: all         80         84      0.825      0.845      0.866      0.393
[YOLOv5] epoch 36/100 running
[YOLOv5] validation: all         80         84      0.868      0.798      0.875      0.392
[YOLOv5] epoch 37/100 running
[YOLOv5] validation: all         80         84      0.828      0.833      0.849      0.383
[YOLOv5] epoch 38/100 running
[YOLOv5] validation: all         80         84      0.821      0.857      0.837      0.377
[YOLOv5] epoch 39/100 running
[YOLOv5] validation: all         80         84      0.874      0.745       0.85      0.396
[YOLOv5] epoch 40/100 running
[YOLOv5] validation: all         80         84      0.869       0.75      0.823      0.381
[YOLOv5] epoch 41/100 running
[YOLOv5] validation: all         80         84      0.896      0.857      0.889      0.439
[YOLOv5] epoch 42/100 running
[YOLOv5] validation: all         80         84      0.893      0.792      0.839      0.386
[YOLOv5] epoch 43/100 running
[YOLOv5] validation: all         80         84      0.914      0.758      0.814      0.396
[YOLOv5] epoch 44/100 running
[YOLOv5] validation: all         80         84      0.844      0.773      0.809      0.379
[YOLOv5] epoch 45/100 running
[YOLOv5] validation: all         80         84      0.889      0.763      0.835      0.364
[YOLOv5] epoch 46/100 running
[YOLOv5] validation: all         80         84      0.905      0.793      0.851        0.4
[YOLOv5] epoch 47/100 running
[YOLOv5] validation: all         80         84      0.918      0.803      0.885      0.411
[YOLOv5] epoch 48/100 running
[YOLOv5] validation: all         80         84      0.925      0.762      0.872      0.434
[YOLOv5] epoch 49/100 running
[YOLOv5] validation: all         80         84      0.878      0.881      0.912      0.441
[YOLOv5] epoch 50/100 running
[YOLOv5] validation: all         80         84      0.891       0.81      0.861       0.41
[YOLOv5] epoch 51/100 running
[YOLOv5] validation: all         80         84      0.851      0.817      0.862      0.429
[YOLOv5] epoch 52/100 running
[YOLOv5] validation: all         80         84      0.916      0.798      0.873       0.43
[YOLOv5] epoch 53/100 running
[YOLOv5] validation: all         80         84      0.876      0.798      0.853       0.42
[YOLOv5] epoch 54/100 running
[YOLOv5] validation: all         80         84      0.887      0.841      0.874      0.412
[YOLOv5] epoch 55/100 running
[YOLOv5] validation: all         80         84      0.901      0.869      0.895      0.436
[YOLOv5] epoch 56/100 running
[YOLOv5] validation: all         80         84      0.931      0.845      0.914      0.437
[YOLOv5] epoch 57/100 running
[YOLOv5] validation: all         80         84        0.9      0.859      0.909      0.428
[YOLOv5] epoch 58/100 running
[YOLOv5] validation: all         80         84      0.908      0.827       0.88      0.404
[YOLOv5] epoch 59/100 running
[YOLOv5] validation: all         80         84      0.919      0.807      0.883      0.413
[YOLOv5] epoch 60/100 running
[YOLOv5] validation: all         80         84      0.856      0.852      0.856      0.434
[YOLOv5] epoch 61/100 running
[YOLOv5] validation: all         80         84      0.895      0.833      0.879      0.442
[YOLOv5] epoch 62/100 running
[YOLOv5] validation: all         80         84       0.85      0.877      0.884      0.445
[YOLOv5] epoch 63/100 running
[YOLOv5] validation: all         80         84       0.83      0.857      0.888      0.459
[YOLOv5] epoch 64/100 running
[YOLOv5] validation: all         80         84      0.857      0.869        0.9      0.469
[YOLOv5] epoch 65/100 running
[YOLOv5] validation: all         80         84       0.88       0.81      0.875      0.451
[YOLOv5] epoch 66/100 running
[YOLOv5] validation: all         80         84      0.925      0.798      0.874      0.427
[YOLOv5] epoch 67/100 running
[YOLOv5] validation: all         80         84      0.896      0.821      0.889      0.436
[YOLOv5] epoch 68/100 running
[YOLOv5] validation: all         80         84      0.865      0.821      0.874       0.44
[YOLOv5] epoch 69/100 running
[YOLOv5] validation: all         80         84      0.863      0.833      0.876      0.411
[YOLOv5] epoch 70/100 running
[YOLOv5] validation: all         80         84      0.866      0.844       0.86      0.436
[YOLOv5] epoch 71/100 running
[YOLOv5] validation: all         80         84      0.841      0.816      0.843      0.437
[YOLOv5] epoch 72/100 running
[YOLOv5] validation: all         80         84      0.879      0.781       0.86      0.445
[YOLOv5] epoch 73/100 running
[YOLOv5] validation: all         80         84      0.885      0.833      0.865      0.447
[YOLOv5] epoch 74/100 running
[YOLOv5] validation: all         80         84      0.904      0.821      0.895      0.466
[YOLOv5] epoch 75/100 running
[YOLOv5] validation: all         80         84      0.914      0.845      0.898      0.473
[YOLOv5] epoch 76/100 running
[YOLOv5] validation: all         80         84      0.894      0.857      0.884      0.456
[YOLOv5] epoch 77/100 running
[YOLOv5] validation: all         80         84      0.862      0.857      0.883      0.463
[YOLOv5] epoch 78/100 running
[YOLOv5] validation: all         80         84      0.864      0.833      0.882      0.449
[YOLOv5] epoch 79/100 running
[YOLOv5] validation: all         80         84      0.864      0.833      0.862      0.446
[YOLOv5] epoch 80/100 running
[YOLOv5] validation: all         80         84      0.909      0.834      0.882       0.45
[YOLOv5] epoch 81/100 running
[YOLOv5] validation: all         80         84      0.888      0.849      0.878      0.453
[YOLOv5] epoch 82/100 running
[YOLOv5] validation: all         80         84      0.905      0.821      0.873      0.443
[YOLOv5] epoch 83/100 running
[YOLOv5] validation: all         80         84       0.93      0.797      0.881       0.46
[YOLOv5] epoch 84/100 running
[YOLOv5] validation: all         80         84      0.922      0.842      0.896      0.462
[YOLOv5] epoch 85/100 running
[YOLOv5] validation: all         80         84      0.894      0.833      0.877      0.452
[YOLOv5] epoch 86/100 running
[YOLOv5] validation: all         80         84      0.909       0.83      0.884      0.448
[YOLOv5] epoch 87/100 running
[YOLOv5] validation: all         80         84      0.887      0.845      0.893      0.445
[YOLOv5] epoch 88/100 running
[YOLOv5] validation: all         80         84      0.909      0.828      0.884      0.442
[YOLOv5] epoch 89/100 running
[YOLOv5] validation: all         80         84      0.909      0.828      0.889      0.447
[YOLOv5] epoch 90/100 running
[YOLOv5] validation: all         80         84      0.916      0.821       0.89      0.447
[YOLOv5] epoch 91/100 running
[YOLOv5] validation: all         80         84      0.875      0.836      0.868      0.453
[YOLOv5] epoch 92/100 running
[YOLOv5] validation: all         80         84      0.888      0.854       0.88      0.457
[YOLOv5] epoch 93/100 running
[YOLOv5] validation: all         80         84      0.889      0.856      0.885       0.47
[YOLOv5] epoch 94/100 running
[YOLOv5] validation: all         80         84      0.888      0.857       0.88      0.457
[YOLOv5] epoch 95/100 running
[YOLOv5] validation: all         80         84      0.902      0.879      0.897      0.454
[YOLOv5] epoch 96/100 running
[YOLOv5] validation: all         80         84      0.881      0.857      0.876      0.454
[YOLOv5] epoch 97/100 running
[YOLOv5] validation: all         80         84      0.868      0.845      0.876      0.457
[YOLOv5] epoch 98/100 running
[YOLOv5] validation: all         80         84      0.878      0.856      0.879      0.457
[YOLOv5] epoch 99/100 running
[YOLOv5] validation: all         80         84      0.878      0.853      0.891      0.462
[YOLOv5] epoch 100/100 running
[YOLOv5] validation: all         80         84      0.876      0.844      0.889      0.468
[YOLOv5] 100 epochs completed in 0.075 hours.
[YOLOv5] validation: all         80         84      0.933      0.845      0.914      0.436
[Task] training completed: 359.4s
[Task] evaluating: checkpoint=last, group=test, samples=80
[YOLOv5] validation: all         80         85      0.865      0.859      0.888      0.509
[Task] evaluation: checkpoint=last, group=test, mAP50-95=0.5087, mAP50=0.8877, time=16.3s
[Task] evaluating: checkpoint=best, group=test, samples=80
[YOLOv5] validation: all         80         85      0.789      0.871      0.865       0.44
[Task] evaluation: checkpoint=best, group=test, mAP50-95=0.4403, mAP50=0.8649, time=15.9s
[Task] completed: evaluation=32.2s, output=/home/lijinhe/work/YOLO_Retraining/runs/studies/0907_stroller_window10_learning_curve/experiment/sequence/StrollerWindow10Tau099_SplitS42__seq-full-cold__stage0-stage7__yolov5s__s42/tasks/006__stage6__full-cold
[Task] output: /home/lijinhe/work/YOLO_Retraining/runs/studies/0907_stroller_window10_learning_curve/experiment/sequence/StrollerWindow10Tau099_SplitS42__seq-full-cold__stage0-stage7__yolov5s__s42/tasks/007__stage7__full-cold
[Task] data: current=80, candidate=641, validation=80, test=80
[Task] selection: policy=full, selected=641, groups={'candidate': 641}, time=0.000s
[Task] training: backend=yolov5, epochs=100, batch=64, device=0
[YOLOv5] epoch 1/100 running
[YOLOv5] validation: all         80         84    0.00274      0.321     0.0038   0.000598
[YOLOv5] epoch 2/100 running
[YOLOv5] validation: all         80         84      0.034      0.131     0.0191    0.00359
[YOLOv5] epoch 3/100 running
[YOLOv5] validation: all         80         84     0.0212      0.131     0.0225    0.00632
[YOLOv5] epoch 4/100 running
[YOLOv5] validation: all         80         84      0.252      0.417      0.236     0.0568
[YOLOv5] epoch 5/100 running
[YOLOv5] validation: all         80         84      0.178      0.381      0.112     0.0303
[YOLOv5] epoch 6/100 running
[YOLOv5] validation: all         80         84      0.142      0.333     0.0855     0.0195
[YOLOv5] epoch 7/100 running
[YOLOv5] validation: all         80         84      0.333      0.429      0.277     0.0586
[YOLOv5] epoch 8/100 running
[YOLOv5] validation: all         80         84      0.288      0.202      0.151     0.0339
[YOLOv5] epoch 9/100 running
[YOLOv5] validation: all         80         84      0.223      0.429      0.152     0.0473
[YOLOv5] epoch 10/100 running
[YOLOv5] validation: all         80         84      0.142      0.333      0.177     0.0495
[YOLOv5] epoch 11/100 running
[YOLOv5] validation: all         80         84      0.598      0.452      0.401     0.0974
[YOLOv5] epoch 12/100 running
[YOLOv5] validation: all         80         84      0.621       0.56      0.509      0.107
[YOLOv5] epoch 13/100 running
[YOLOv5] validation: all         80         84      0.613      0.655      0.615      0.168
[YOLOv5] epoch 14/100 running
[YOLOv5] validation: all         80         84       0.72      0.571      0.648      0.174
[YOLOv5] epoch 15/100 running
[YOLOv5] validation: all         80         84      0.743      0.643      0.688      0.232
[YOLOv5] epoch 16/100 running
[YOLOv5] validation: all         80         84      0.542      0.679      0.584      0.188
[YOLOv5] epoch 17/100 running
[YOLOv5] validation: all         80         84      0.591      0.738      0.634      0.265
[YOLOv5] epoch 18/100 running
[YOLOv5] validation: all         80         84      0.603      0.523      0.541      0.179
[YOLOv5] epoch 19/100 running
[YOLOv5] validation: all         80         84      0.687      0.631      0.705      0.342
[YOLOv5] epoch 20/100 running
[YOLOv5] validation: all         80         84       0.68      0.643      0.681       0.29
[YOLOv5] epoch 21/100 running
[YOLOv5] validation: all         80         84       0.76       0.64      0.707      0.228
[YOLOv5] epoch 22/100 running
[YOLOv5] validation: all         80         84      0.573      0.702       0.64      0.244
[YOLOv5] epoch 23/100 running
[YOLOv5] validation: all         80         84      0.662      0.746        0.7      0.258
[YOLOv5] epoch 24/100 running
[YOLOv5] validation: all         80         84      0.755      0.732      0.778      0.292
[YOLOv5] epoch 25/100 running
[YOLOv5] validation: all         80         84      0.672      0.702      0.728      0.287
[YOLOv5] epoch 26/100 running
[YOLOv5] validation: all         80         84      0.787      0.762      0.823      0.338
[YOLOv5] epoch 27/100 running
[YOLOv5] validation: all         80         84      0.796      0.774      0.794      0.372
[YOLOv5] epoch 28/100 running
[YOLOv5] validation: all         80         84      0.765      0.619      0.754      0.357
[YOLOv5] epoch 29/100 running
[YOLOv5] validation: all         80         84      0.737        0.8      0.765       0.35
[YOLOv5] epoch 30/100 running
[YOLOv5] validation: all         80         84      0.843      0.786      0.848      0.419
[YOLOv5] epoch 31/100 running
[YOLOv5] validation: all         80         84      0.723      0.762      0.748      0.328
[YOLOv5] epoch 32/100 running
[YOLOv5] validation: all         80         84      0.849      0.714      0.776      0.354
[YOLOv5] epoch 33/100 running
[YOLOv5] validation: all         80         84      0.831      0.761      0.799      0.319
[YOLOv5] epoch 34/100 running
[YOLOv5] validation: all         80         84      0.804      0.685      0.715      0.285
[YOLOv5] epoch 35/100 running
[YOLOv5] validation: all         80         84      0.778      0.857      0.876      0.365
[YOLOv5] epoch 36/100 running
[YOLOv5] validation: all         80         84      0.873      0.833      0.883      0.389
[YOLOv5] epoch 37/100 running
[YOLOv5] validation: all         80         84       0.92      0.774       0.87      0.367
[YOLOv5] epoch 38/100 running
[YOLOv5] validation: all         80         84      0.812      0.833      0.868      0.389
[YOLOv5] epoch 39/100 running
[YOLOv5] validation: all         80         84      0.951      0.699       0.87       0.36
[YOLOv5] epoch 40/100 running
[YOLOv5] validation: all         80         84      0.896      0.738      0.852      0.385
[YOLOv5] epoch 41/100 running
[YOLOv5] validation: all         80         84       0.83      0.857      0.894      0.374
[YOLOv5] epoch 42/100 running
[YOLOv5] validation: all         80         84      0.877       0.81      0.855      0.401
[YOLOv5] epoch 43/100 running
[YOLOv5] validation: all         80         84       0.85      0.798      0.846      0.398
[YOLOv5] epoch 44/100 running
[YOLOv5] validation: all         80         84      0.898      0.774      0.813      0.391
[YOLOv5] epoch 45/100 running
[YOLOv5] validation: all         80         84      0.851      0.818      0.852      0.402
[YOLOv5] epoch 46/100 running
[YOLOv5] validation: all         80         84      0.822      0.821      0.833      0.391
[YOLOv5] epoch 47/100 running
[YOLOv5] validation: all         80         84      0.877      0.798      0.853      0.399
[YOLOv5] epoch 48/100 running
[YOLOv5] validation: all         80         84      0.872      0.798       0.86      0.395
[YOLOv5] epoch 49/100 running
[YOLOv5] validation: all         80         84      0.837      0.859      0.874      0.413
[YOLOv5] epoch 50/100 running
[YOLOv5] validation: all         80         84      0.874      0.833      0.898      0.434
[YOLOv5] epoch 51/100 running
[YOLOv5] validation: all         80         84      0.866       0.85        0.9      0.445
[YOLOv5] epoch 52/100 running
[YOLOv5] validation: all         80         84      0.855      0.881      0.917      0.415
[YOLOv5] epoch 53/100 running
[YOLOv5] validation: all         80         84      0.909       0.81      0.905      0.435
[YOLOv5] epoch 54/100 running
[YOLOv5] validation: all         80         84      0.811      0.881      0.889      0.421
[YOLOv5] epoch 55/100 running
[YOLOv5] validation: all         80         84      0.923      0.857      0.932      0.425
[YOLOv5] epoch 56/100 running
[YOLOv5] validation: all         80         84      0.912      0.869      0.906      0.419
[YOLOv5] epoch 57/100 running
[YOLOv5] validation: all         80         84      0.929      0.779      0.853      0.393
[YOLOv5] epoch 58/100 running
[YOLOv5] validation: all         80         84      0.897      0.833      0.863      0.407
[YOLOv5] epoch 59/100 running
[YOLOv5] validation: all         80         84      0.842      0.833      0.829      0.418
[YOLOv5] epoch 60/100 running
[YOLOv5] validation: all         80         84      0.876      0.844      0.858      0.432
[YOLOv5] epoch 61/100 running
[YOLOv5] validation: all         80         84      0.932      0.869      0.935      0.434
[YOLOv5] epoch 62/100 running
[YOLOv5] validation: all         80         84      0.864      0.869      0.869      0.437
[YOLOv5] epoch 63/100 running
[YOLOv5] validation: all         80         84      0.901      0.786      0.874      0.442
[YOLOv5] epoch 64/100 running
[YOLOv5] validation: all         80         84      0.878      0.845      0.881      0.438
[YOLOv5] epoch 65/100 running
[YOLOv5] validation: all         80         84      0.918      0.795      0.885      0.428
[YOLOv5] epoch 66/100 running
[YOLOv5] validation: all         80         84      0.875      0.821      0.844      0.417
[YOLOv5] epoch 67/100 running
[YOLOv5] validation: all         80         84      0.913      0.798      0.888      0.456
[YOLOv5] epoch 68/100 running
[YOLOv5] validation: all         80         84      0.882      0.797      0.864      0.432
[YOLOv5] epoch 69/100 running
[YOLOv5] validation: all         80         84      0.858      0.821      0.841       0.44
[YOLOv5] epoch 70/100 running
[YOLOv5] validation: all         80         84      0.855      0.845      0.843      0.452
[YOLOv5] epoch 71/100 running
[YOLOv5] validation: all         80         84      0.872      0.833      0.849      0.451
[YOLOv5] epoch 72/100 running
[YOLOv5] validation: all         80         84      0.896      0.833      0.866      0.449
[YOLOv5] epoch 73/100 running
[YOLOv5] validation: all         80         84      0.888      0.869      0.898      0.442
[YOLOv5] epoch 74/100 running
[YOLOv5] validation: all         80         84      0.912      0.866      0.907      0.454
[YOLOv5] epoch 75/100 running
[YOLOv5] validation: all         80         84      0.891      0.845      0.852      0.427
[YOLOv5] epoch 76/100 running
[YOLOv5] validation: all         80         84      0.863      0.845      0.854      0.425
[YOLOv5] epoch 77/100 running
[YOLOv5] validation: all         80         84      0.894      0.821      0.884      0.466
[YOLOv5] epoch 78/100 running
[YOLOv5] validation: all         80         84      0.886      0.831       0.86      0.449
[YOLOv5] epoch 79/100 running
[YOLOv5] validation: all         80         84        0.9      0.858      0.882      0.475
[YOLOv5] epoch 80/100 running
[YOLOv5] validation: all         80         84      0.934      0.842      0.875      0.469
[YOLOv5] epoch 81/100 running
[YOLOv5] validation: all         80         84      0.907      0.798      0.881       0.47
[YOLOv5] epoch 82/100 running
[YOLOv5] validation: all         80         84      0.899      0.821      0.901      0.479
[YOLOv5] epoch 83/100 running
[YOLOv5] validation: all         80         84      0.905      0.833      0.892      0.471
[YOLOv5] epoch 84/100 running
[YOLOv5] validation: all         80         84      0.899      0.843      0.904      0.465
[YOLOv5] epoch 85/100 running
[YOLOv5] validation: all         80         84      0.885      0.821      0.885      0.452
[YOLOv5] epoch 86/100 running
[YOLOv5] validation: all         80         84      0.877       0.81      0.875      0.463
[YOLOv5] epoch 87/100 running
[YOLOv5] validation: all         80         84      0.885      0.845      0.899      0.469
[YOLOv5] epoch 88/100 running
[YOLOv5] validation: all         80         84      0.841      0.833      0.873      0.468
[YOLOv5] epoch 89/100 running
[YOLOv5] validation: all         80         84       0.93      0.821      0.912       0.48
[YOLOv5] epoch 90/100 running
[YOLOv5] validation: all         80         84      0.917      0.798      0.882      0.481
[YOLOv5] epoch 91/100 running
[YOLOv5] validation: all         80         84      0.907      0.821      0.889      0.478
[YOLOv5] epoch 92/100 running
[YOLOv5] validation: all         80         84       0.92      0.817      0.896       0.48
[YOLOv5] epoch 93/100 running
[YOLOv5] validation: all         80         84      0.889      0.833      0.889      0.487
[YOLOv5] epoch 94/100 running
[YOLOv5] validation: all         80         84      0.922      0.843      0.907      0.481
[YOLOv5] epoch 95/100 running
[YOLOv5] validation: all         80         84      0.942      0.833      0.907      0.483
[YOLOv5] epoch 96/100 running
[YOLOv5] validation: all         80         84       0.92      0.826      0.905      0.479
[YOLOv5] epoch 97/100 running
[YOLOv5] validation: all         80         84      0.907      0.869      0.903      0.476
[YOLOv5] epoch 98/100 running
[YOLOv5] validation: all         80         84      0.896      0.857      0.883      0.471
[YOLOv5] epoch 99/100 running
[YOLOv5] validation: all         80         84      0.899      0.845      0.872      0.481
[YOLOv5] epoch 100/100 running
[YOLOv5] validation: all         80         84        0.9      0.857      0.874      0.479
[YOLOv5] 100 epochs completed in 0.099 hours.
[YOLOv5] validation: all         80         84      0.932      0.869      0.935      0.434
[Task] training completed: 447.0s
[Task] evaluating: checkpoint=last, group=test, samples=80
[YOLOv5] validation: all         80         85      0.892      0.894       0.91      0.525
[Task] evaluation: checkpoint=last, group=test, mAP50-95=0.5254, mAP50=0.9100, time=16.3s
[Task] evaluating: checkpoint=best, group=test, samples=80
[YOLOv5] validation: all         80         85      0.893      0.888      0.921      0.497
[Task] evaluation: checkpoint=best, group=test, mAP50-95=0.4965, mAP50=0.9207, time=16.4s
[Task] completed: evaluation=32.7s, output=/home/lijinhe/work/YOLO_Retraining/runs/studies/0907_stroller_window10_learning_curve/experiment/sequence/StrollerWindow10Tau099_SplitS42__seq-full-cold__stage0-stage7__yolov5s__s42/tasks/007__stage7__full-cold
/home/lijinhe/work/YOLO_Retraining/runs/studies/0907_stroller_window10_learning_curve/experiment/sequence/StrollerWindow10Tau099_SplitS42__seq-full-cold__stage0-stage7__yolov5s__s42
[Study] starting split seed=43 on GPU=0
[Task] output: /home/lijinhe/work/YOLO_Retraining/runs/studies/0907_stroller_window10_learning_curve/experiment/sequence/StrollerWindow10Tau099_SplitS43__seq-full-cold__stage0-stage7__yolov5s__s42/tasks/000__stage0__full-cold
[Task] data: current=81, candidate=81, validation=80, test=80
[Task] selection: policy=full, selected=81, groups={'candidate': 81}, time=0.000s
[Task] training: backend=yolov5, epochs=100, batch=64, device=0
[YOLOv5] epoch 1/100 running
[YOLOv5] validation: all         80         82    0.00101     0.0854   0.000558   0.000138
[YOLOv5] epoch 2/100 running
[YOLOv5] validation: all         80         82   0.000848     0.0732   0.000463   0.000112
[YOLOv5] epoch 3/100 running
[YOLOv5] validation: all         80         82   0.000783     0.0732   0.000428   0.000104
[YOLOv5] epoch 4/100 running
[YOLOv5] validation: all         80         82    0.00117      0.122   0.000659   0.000165
[YOLOv5] epoch 5/100 running
[YOLOv5] validation: all         80         82    0.00181       0.22    0.00116   0.000245
[YOLOv5] epoch 6/100 running
[YOLOv5] validation: all         80         82    0.00241      0.341    0.00222   0.000481
[YOLOv5] epoch 7/100 running
[YOLOv5] validation: all         80         82    0.00263      0.427     0.0108    0.00219
[YOLOv5] epoch 8/100 running
[YOLOv5] validation: all         80         82    0.00315      0.561     0.0294    0.00464
[YOLOv5] epoch 9/100 running
[YOLOv5] validation: all         80         82    0.00334      0.646     0.0359    0.00616
[YOLOv5] epoch 10/100 running
[YOLOv5] validation: all         80         82    0.00349       0.72     0.0943     0.0193
[YOLOv5] epoch 11/100 running
[YOLOv5] validation: all         80         82     0.0233      0.659      0.134     0.0334
[YOLOv5] epoch 12/100 running
[YOLOv5] validation: all         80         82    0.00356      0.817    0.00664    0.00149
[YOLOv5] epoch 13/100 running
[YOLOv5] validation: all         80         82      0.042      0.598      0.119     0.0267
[YOLOv5] epoch 14/100 running
[YOLOv5] validation: all         80         82      0.239      0.341      0.171     0.0374
[YOLOv5] epoch 15/100 running
[YOLOv5] validation: all         80         82      0.132      0.146     0.0849     0.0179
[YOLOv5] epoch 16/100 running
[YOLOv5] validation: all         80         82      0.179      0.244     0.0865     0.0235
[YOLOv5] epoch 17/100 running
[YOLOv5] validation: all         80         82      0.227      0.183      0.168     0.0418
[YOLOv5] epoch 18/100 running
[YOLOv5] validation: all         80         82      0.305      0.268      0.238     0.0559
[YOLOv5] epoch 19/100 running
[YOLOv5] validation: all         80         82      0.382       0.28       0.26     0.0739
[YOLOv5] epoch 20/100 running
[YOLOv5] validation: all         80         82       0.35      0.317      0.245      0.072
[YOLOv5] epoch 21/100 running
[YOLOv5] validation: all         80         82      0.334       0.39      0.263     0.0636
[YOLOv5] epoch 22/100 running
[YOLOv5] validation: all         80         82      0.418      0.402      0.343     0.0922
[YOLOv5] epoch 23/100 running
[YOLOv5] validation: all         80         82       0.45      0.329      0.331     0.0873
[YOLOv5] epoch 24/100 running
[YOLOv5] validation: all         80         82      0.492      0.366      0.413      0.114
[YOLOv5] epoch 25/100 running
[YOLOv5] validation: all         80         82      0.341      0.439      0.298     0.0827
[YOLOv5] epoch 26/100 running
[YOLOv5] validation: all         80         82      0.506      0.427      0.432      0.142
[YOLOv5] epoch 27/100 running
[YOLOv5] validation: all         80         82      0.515      0.366      0.459      0.135
[YOLOv5] epoch 28/100 running
[YOLOv5] validation: all         80         82      0.539       0.39      0.488      0.161
[YOLOv5] epoch 29/100 running
[YOLOv5] validation: all         80         82      0.476      0.354      0.412      0.135
[YOLOv5] epoch 30/100 running
[YOLOv5] validation: all         80         82      0.246        0.5      0.203     0.0556
[YOLOv5] epoch 31/100 running
[YOLOv5] validation: all         80         82      0.431      0.366      0.371       0.12
[YOLOv5] epoch 32/100 running
[YOLOv5] validation: all         80         82      0.403      0.488      0.356      0.112
[YOLOv5] epoch 33/100 running
[YOLOv5] validation: all         80         82      0.318      0.451      0.301     0.0786
[YOLOv5] epoch 34/100 running
[YOLOv5] validation: all         80         82      0.409      0.488      0.372     0.0983
[YOLOv5] epoch 35/100 running
[YOLOv5] validation: all         80         82      0.564      0.474      0.529      0.146
[YOLOv5] epoch 36/100 running
[YOLOv5] validation: all         80         82      0.522      0.451      0.476      0.195
[YOLOv5] epoch 37/100 running
[YOLOv5] validation: all         80         82      0.473      0.463       0.49      0.199
[YOLOv5] epoch 38/100 running
[YOLOv5] validation: all         80         82      0.485       0.38      0.414      0.133
[YOLOv5] epoch 39/100 running
[YOLOv5] validation: all         80         82      0.474      0.415      0.485      0.201
[YOLOv5] epoch 40/100 running
[YOLOv5] validation: all         80         82      0.488      0.524      0.535      0.186
[YOLOv5] epoch 41/100 running
[YOLOv5] validation: all         80         82      0.555      0.549      0.579      0.242
[YOLOv5] epoch 42/100 running
[YOLOv5] validation: all         80         82      0.508      0.579      0.531       0.17
[YOLOv5] epoch 43/100 running
[YOLOv5] validation: all         80         82      0.524      0.551       0.51      0.182
[YOLOv5] epoch 44/100 running
[YOLOv5] validation: all         80         82      0.543      0.392      0.489      0.176
[YOLOv5] epoch 45/100 running
[YOLOv5] validation: all         80         82        0.7      0.561      0.607       0.24
[YOLOv5] epoch 46/100 running
[YOLOv5] validation: all         80         82      0.456      0.573       0.46      0.175
[YOLOv5] epoch 47/100 running
[YOLOv5] validation: all         80         82      0.534      0.586       0.56       0.23
[YOLOv5] epoch 48/100 running
[YOLOv5] validation: all         80         82      0.537      0.581      0.549      0.215
[YOLOv5] epoch 49/100 running
[YOLOv5] validation: all         80         82      0.581      0.512      0.544      0.228
[YOLOv5] epoch 50/100 running
[YOLOv5] validation: all         80         82      0.704        0.5      0.544      0.171
[YOLOv5] epoch 51/100 running
[YOLOv5] validation: all         80         82      0.537      0.476      0.466      0.173
[YOLOv5] epoch 52/100 running
[YOLOv5] validation: all         80         82      0.514      0.646      0.522      0.225
[YOLOv5] epoch 53/100 running
[YOLOv5] validation: all         80         82      0.522      0.634      0.549      0.214
[YOLOv5] epoch 54/100 running
[YOLOv5] validation: all         80         82        0.7      0.569       0.57      0.174
[YOLOv5] epoch 55/100 running
[YOLOv5] validation: all         80         82      0.468      0.601       0.48      0.187
[YOLOv5] epoch 56/100 running
[YOLOv5] validation: all         80         82      0.749       0.61       0.68      0.206
[YOLOv5] epoch 57/100 running
[YOLOv5] validation: all         80         82      0.615      0.622      0.628      0.249
[YOLOv5] epoch 58/100 running
[YOLOv5] validation: all         80         82      0.737       0.61      0.667      0.247
[YOLOv5] epoch 59/100 running
[YOLOv5] validation: all         80         82      0.591        0.6      0.559      0.228
[YOLOv5] epoch 60/100 running
[YOLOv5] validation: all         80         82      0.515      0.622      0.543      0.228
[YOLOv5] epoch 61/100 running
[YOLOv5] validation: all         80         82      0.579       0.61      0.573      0.231
[YOLOv5] epoch 62/100 running
[YOLOv5] validation: all         80         82       0.78      0.598      0.688      0.298
[YOLOv5] epoch 63/100 running
[YOLOv5] validation: all         80         82      0.776      0.671       0.73      0.314
[YOLOv5] epoch 64/100 running
[YOLOv5] validation: all         80         82      0.725      0.622      0.689      0.252
[YOLOv5] epoch 65/100 running
[YOLOv5] validation: all         80         82      0.716      0.622      0.689      0.314
[YOLOv5] epoch 66/100 running
[YOLOv5] validation: all         80         82      0.626      0.695      0.674      0.282
[YOLOv5] epoch 67/100 running
[YOLOv5] validation: all         80         82      0.841       0.58      0.689      0.318
[YOLOv5] epoch 68/100 running
[YOLOv5] validation: all         80         82      0.798      0.622      0.708      0.307
[YOLOv5] epoch 69/100 running
[YOLOv5] validation: all         80         82      0.881      0.634      0.749      0.328
[YOLOv5] epoch 70/100 running
[YOLOv5] validation: all         80         82      0.842       0.65      0.745      0.333
[YOLOv5] epoch 71/100 running
[YOLOv5] validation: all         80         82      0.801       0.64      0.701      0.289
[YOLOv5] epoch 72/100 running
[YOLOv5] validation: all         80         82      0.699      0.622      0.608      0.215
[YOLOv5] epoch 73/100 running
[YOLOv5] validation: all         80         82      0.834      0.675      0.717      0.324
[YOLOv5] epoch 74/100 running
[YOLOv5] validation: all         80         82      0.765      0.671      0.712      0.283
[YOLOv5] epoch 75/100 running
[YOLOv5] validation: all         80         82      0.822      0.675      0.704      0.314
[YOLOv5] epoch 76/100 running
[YOLOv5] validation: all         80         82      0.889      0.682      0.759      0.338
[YOLOv5] epoch 77/100 running
[YOLOv5] validation: all         80         82      0.865      0.701      0.758      0.345
[YOLOv5] epoch 78/100 running
[YOLOv5] validation: all         80         82      0.825      0.732      0.757      0.349
[YOLOv5] epoch 79/100 running
[YOLOv5] validation: all         80         82      0.815      0.751      0.764      0.341
[YOLOv5] epoch 80/100 running
[YOLOv5] validation: all         80         82      0.844      0.732      0.757      0.336
[YOLOv5] epoch 81/100 running
[YOLOv5] validation: all         80         82      0.838      0.683      0.719      0.313
[YOLOv5] epoch 82/100 running
[YOLOv5] validation: all         80         82      0.829      0.708      0.741      0.324
[YOLOv5] epoch 83/100 running
[YOLOv5] validation: all         80         82      0.829      0.671       0.73      0.295
[YOLOv5] epoch 84/100 running
[YOLOv5] validation: all         80         82      0.871      0.683      0.759       0.36
[YOLOv5] epoch 85/100 running
[YOLOv5] validation: all         80         82      0.866      0.671      0.724      0.329
[YOLOv5] epoch 86/100 running
[YOLOv5] validation: all         80         82      0.863      0.671      0.725      0.304
[YOLOv5] epoch 87/100 running
[YOLOv5] validation: all         80         82      0.855      0.683      0.732      0.327
[YOLOv5] epoch 88/100 running
[YOLOv5] validation: all         80         82      0.863       0.72      0.758      0.351
[YOLOv5] epoch 89/100 running
[YOLOv5] validation: all         80         82       0.85      0.707      0.727      0.279
[YOLOv5] epoch 90/100 running
[YOLOv5] validation: all         80         82      0.822       0.72       0.75      0.338
[YOLOv5] epoch 91/100 running
[YOLOv5] validation: all         80         82      0.845       0.72       0.75      0.356
[YOLOv5] epoch 92/100 running
[YOLOv5] validation: all         80         82      0.892      0.705      0.754      0.361
[YOLOv5] epoch 93/100 running
[YOLOv5] validation: all         80         82      0.868      0.723      0.755      0.356
[YOLOv5] epoch 94/100 running
[YOLOv5] validation: all         80         82       0.88      0.712      0.758      0.365
[YOLOv5] epoch 95/100 running
[YOLOv5] validation: all         80         82      0.881      0.726      0.757      0.355
[YOLOv5] epoch 96/100 running
[YOLOv5] validation: all         80         82      0.894      0.721      0.756      0.352
[YOLOv5] epoch 97/100 running
[YOLOv5] validation: all         80         82      0.895      0.725      0.756      0.357
[YOLOv5] epoch 98/100 running
[YOLOv5] validation: all         80         82       0.89       0.72      0.757      0.362
[YOLOv5] epoch 99/100 running
[YOLOv5] validation: all         80         82      0.891       0.72      0.757      0.357
[YOLOv5] epoch 100/100 running
[YOLOv5] validation: all         80         82      0.894      0.718      0.757      0.361
[YOLOv5] 100 epochs completed in 0.040 hours.
[YOLOv5] validation: all         80         82      0.815      0.753      0.765      0.342
[Task] training completed: 178.8s
[Task] evaluating: checkpoint=last, group=test, samples=80
[YOLOv5] validation: all         80         81      0.776      0.704      0.729      0.312
[Task] evaluation: checkpoint=last, group=test, mAP50-95=0.3118, mAP50=0.7289, time=19.2s
[Task] evaluating: checkpoint=best, group=test, samples=80
[YOLOv5] validation: all         80         81      0.794      0.619      0.707      0.287
[Task] evaluation: checkpoint=best, group=test, mAP50-95=0.2873, mAP50=0.7067, time=21.4s
[Task] completed: evaluation=40.6s, output=/home/lijinhe/work/YOLO_Retraining/runs/studies/0907_stroller_window10_learning_curve/experiment/sequence/StrollerWindow10Tau099_SplitS43__seq-full-cold__stage0-stage7__yolov5s__s42/tasks/000__stage0__full-cold
[Task] output: /home/lijinhe/work/YOLO_Retraining/runs/studies/0907_stroller_window10_learning_curve/experiment/sequence/StrollerWindow10Tau099_SplitS43__seq-full-cold__stage0-stage7__yolov5s__s42/tasks/001__stage1__full-cold
[Task] data: current=80, candidate=161, validation=80, test=80
[Task] selection: policy=full, selected=161, groups={'candidate': 161}, time=0.000s
[Task] training: backend=yolov5, epochs=100, batch=64, device=0
[YOLOv5] epoch 1/100 running
[YOLOv5] validation: all         80         82   0.000227     0.0244   0.000122   2.44e-05
[YOLOv5] epoch 2/100 running
[YOLOv5] validation: all         80         82   0.000936      0.122    0.00262   0.000326
[YOLOv5] epoch 3/100 running
[YOLOv5] validation: all         80         82    0.00176      0.293    0.00915    0.00159
[YOLOv5] epoch 4/100 running
[YOLOv5] validation: all         80         82    0.00711      0.354     0.0121     0.0027
[YOLOv5] epoch 5/100 running
[YOLOv5] validation: all         80         82     0.0178      0.317      0.033    0.00566
[YOLOv5] epoch 6/100 running
[YOLOv5] validation: all         80         82    0.00261      0.622    0.00461   0.000952
[YOLOv5] epoch 7/100 running
[YOLOv5] validation: all         80         82     0.0124      0.439     0.0213    0.00387
[YOLOv5] epoch 8/100 running
[YOLOv5] validation: all         80         82     0.0403      0.305     0.0314    0.00725
[YOLOv5] epoch 9/100 running
[YOLOv5] validation: all         80         82    0.00286     0.0488    0.00837    0.00204
[YOLOv5] epoch 10/100 running
[YOLOv5] validation: all         80         82     0.0716       0.39     0.0721     0.0164
[YOLOv5] epoch 11/100 running
[YOLOv5] validation: all         80         82     0.0316      0.439     0.0304    0.00713
[YOLOv5] epoch 12/100 running
[YOLOv5] validation: all         80         82      0.178      0.207      0.147     0.0341
[YOLOv5] epoch 13/100 running
[YOLOv5] validation: all         80         82      0.109      0.134     0.0534     0.0101
[YOLOv5] epoch 14/100 running
[YOLOv5] validation: all         80         82      0.339      0.445      0.335       0.11
[YOLOv5] epoch 15/100 running
[YOLOv5] validation: all         80         82      0.165      0.159     0.0806     0.0136
[YOLOv5] epoch 16/100 running
[YOLOv5] validation: all         80         82      0.472      0.439      0.337     0.0653
[YOLOv5] epoch 17/100 running
[YOLOv5] validation: all         80         82     0.0769      0.207     0.0647     0.0133
[YOLOv5] epoch 18/100 running
[YOLOv5] validation: all         80         82      0.522      0.476      0.428      0.108
[YOLOv5] epoch 19/100 running
[YOLOv5] validation: all         80         82       0.26      0.256      0.187     0.0431
[YOLOv5] epoch 20/100 running
[YOLOv5] validation: all         80         82      0.545      0.488      0.485      0.145
[YOLOv5] epoch 21/100 running
[YOLOv5] validation: all         80         82      0.576      0.531      0.492      0.143
[YOLOv5] epoch 22/100 running
[YOLOv5] validation: all         80         82      0.397       0.39      0.328       0.11
[YOLOv5] epoch 23/100 running
[YOLOv5] validation: all         80         82       0.49      0.504      0.414       0.15
[YOLOv5] epoch 24/100 running
[YOLOv5] validation: all         80         82      0.261      0.305      0.191     0.0553
[YOLOv5] epoch 25/100 running
[YOLOv5] validation: all         80         82      0.532        0.5      0.521      0.212
[YOLOv5] epoch 26/100 running
[YOLOv5] validation: all         80         82      0.304      0.317      0.269     0.0814
[YOLOv5] epoch 27/100 running
[YOLOv5] validation: all         80         82      0.463      0.439      0.398      0.104
[YOLOv5] epoch 28/100 running
[YOLOv5] validation: all         80         82      0.376      0.439      0.311      0.086
[YOLOv5] epoch 29/100 running
[YOLOv5] validation: all         80         82       0.45      0.598      0.438      0.181
[YOLOv5] epoch 30/100 running
[YOLOv5] validation: all         80         82      0.456      0.439      0.418      0.132
[YOLOv5] epoch 31/100 running
[YOLOv5] validation: all         80         82      0.362       0.52      0.389      0.138
[YOLOv5] epoch 32/100 running
[YOLOv5] validation: all         80         82      0.549      0.622      0.594      0.228
[YOLOv5] epoch 33/100 running
[YOLOv5] validation: all         80         82      0.451      0.501      0.461      0.149
[YOLOv5] epoch 34/100 running
[YOLOv5] validation: all         80         82      0.557      0.695      0.579      0.223
[YOLOv5] epoch 35/100 running
[YOLOv5] validation: all         80         82      0.415      0.561      0.431      0.112
[YOLOv5] epoch 36/100 running
[YOLOv5] validation: all         80         82      0.678      0.707      0.673      0.277
[YOLOv5] epoch 37/100 running
[YOLOv5] validation: all         80         82      0.622      0.524      0.545      0.183
[YOLOv5] epoch 38/100 running
[YOLOv5] validation: all         80         82      0.678      0.634      0.668      0.293
[YOLOv5] epoch 39/100 running
[YOLOv5] validation: all         80         82      0.423       0.61      0.434      0.208
[YOLOv5] epoch 40/100 running
[YOLOv5] validation: all         80         82      0.859      0.667      0.771      0.392
[YOLOv5] epoch 41/100 running
[YOLOv5] validation: all         80         82      0.669      0.641      0.588      0.194
[YOLOv5] epoch 42/100 running
[YOLOv5] validation: all         80         82      0.794      0.707      0.754       0.31
[YOLOv5] epoch 43/100 running
[YOLOv5] validation: all         80         82       0.54      0.671      0.576      0.205
[YOLOv5] epoch 44/100 running
[YOLOv5] validation: all         80         82       0.79      0.695      0.741      0.315
[YOLOv5] epoch 45/100 running
[YOLOv5] validation: all         80         82      0.643      0.671        0.6      0.221
[YOLOv5] epoch 46/100 running
[YOLOv5] validation: all         80         82      0.829       0.72      0.767      0.325
[YOLOv5] epoch 47/100 running
[YOLOv5] validation: all         80         82      0.685      0.622      0.576      0.207
[YOLOv5] epoch 48/100 running
[YOLOv5] validation: all         80         82      0.885      0.707      0.772      0.348
[YOLOv5] epoch 49/100 running
[YOLOv5] validation: all         80         82      0.774      0.683      0.676      0.248
[YOLOv5] epoch 50/100 running
[YOLOv5] validation: all         80         82      0.839      0.763      0.784      0.357
[YOLOv5] epoch 51/100 running
[YOLOv5] validation: all         80         82      0.764      0.732      0.768      0.332
[YOLOv5] epoch 52/100 running
[YOLOv5] validation: all         80         82      0.851      0.744      0.799      0.373
[YOLOv5] epoch 53/100 running
[YOLOv5] validation: all         80         82      0.815       0.75      0.795      0.351
[YOLOv5] epoch 54/100 running
[YOLOv5] validation: all         80         82      0.799      0.774      0.785      0.378
[YOLOv5] epoch 55/100 running
[YOLOv5] validation: all         80         82      0.743       0.74      0.744      0.347
[YOLOv5] epoch 56/100 running
[YOLOv5] validation: all         80         82      0.829      0.711      0.787      0.397
[YOLOv5] epoch 57/100 running
[YOLOv5] validation: all         80         82      0.775      0.793      0.765      0.346
[YOLOv5] epoch 58/100 running
[YOLOv5] validation: all         80         82      0.838      0.756      0.796      0.385
[YOLOv5] epoch 59/100 running
[YOLOv5] validation: all         80         82      0.822      0.744        0.8      0.357
[YOLOv5] epoch 60/100 running
[YOLOv5] validation: all         80         82       0.87      0.744      0.816      0.407
[YOLOv5] epoch 61/100 running
[YOLOv5] validation: all         80         82      0.862      0.761      0.817      0.376
[YOLOv5] epoch 62/100 running
[YOLOv5] validation: all         80         82      0.848      0.747      0.791      0.397
[YOLOv5] epoch 63/100 running
[YOLOv5] validation: all         80         82      0.891      0.699      0.808      0.378
[YOLOv5] epoch 64/100 running
[YOLOv5] validation: all         80         82      0.863       0.78      0.821      0.401
[YOLOv5] epoch 65/100 running
[YOLOv5] validation: all         80         82      0.885      0.756      0.819      0.392
[YOLOv5] epoch 66/100 running
[YOLOv5] validation: all         80         82      0.825      0.817      0.822      0.435
[YOLOv5] epoch 67/100 running
[YOLOv5] validation: all         80         82      0.835      0.829      0.839      0.396
[YOLOv5] epoch 68/100 running
[YOLOv5] validation: all         80         82      0.817      0.817      0.817      0.435
[YOLOv5] epoch 69/100 running
[YOLOv5] validation: all         80         82      0.861      0.753      0.823      0.408
[YOLOv5] epoch 70/100 running
[YOLOv5] validation: all         80         82      0.833       0.79      0.821      0.436
[YOLOv5] epoch 71/100 running
[YOLOv5] validation: all         80         82       0.85      0.805      0.842        0.4
[YOLOv5] epoch 72/100 running
[YOLOv5] validation: all         80         82      0.855       0.79        0.8      0.421
[YOLOv5] epoch 73/100 running
[YOLOv5] validation: all         80         82      0.835      0.829      0.823      0.397
[YOLOv5] epoch 74/100 running
[YOLOv5] validation: all         80         82      0.839      0.829      0.816      0.404
[YOLOv5] epoch 75/100 running
[YOLOv5] validation: all         80         82      0.831      0.837      0.823        0.4
[YOLOv5] epoch 76/100 running
[YOLOv5] validation: all         80         82       0.84      0.805      0.804      0.423
[YOLOv5] epoch 77/100 running
[YOLOv5] validation: all         80         82      0.867      0.817      0.823      0.411
[YOLOv5] epoch 78/100 running
[YOLOv5] validation: all         80         82      0.893      0.815      0.854      0.411
[YOLOv5] epoch 79/100 running
[YOLOv5] validation: all         80         82      0.883       0.78      0.825      0.395
[YOLOv5] epoch 80/100 running
[YOLOv5] validation: all         80         82      0.854      0.805       0.82      0.413
[YOLOv5] epoch 81/100 running
[YOLOv5] validation: all         80         82      0.879      0.801      0.829      0.407
[YOLOv5] epoch 82/100 running
[YOLOv5] validation: all         80         82      0.895      0.793      0.832      0.406
[YOLOv5] epoch 83/100 running
[YOLOv5] validation: all         80         82      0.892      0.803      0.842      0.405
[YOLOv5] epoch 84/100 running
[YOLOv5] validation: all         80         82      0.893      0.814      0.841        0.4
[YOLOv5] epoch 85/100 running
[YOLOv5] validation: all         80         82      0.889      0.805      0.834      0.406
[YOLOv5] epoch 86/100 running
[YOLOv5] validation: all         80         82      0.894      0.817      0.851      0.411
[YOLOv5] epoch 87/100 running
[YOLOv5] validation: all         80         82      0.885      0.829      0.846       0.42
[YOLOv5] epoch 88/100 running
[YOLOv5] validation: all         80         82       0.89      0.817       0.84      0.412
[YOLOv5] epoch 89/100 running
[YOLOv5] validation: all         80         82      0.874      0.817       0.84      0.405
[YOLOv5] epoch 90/100 running
[YOLOv5] validation: all         80         82      0.876      0.805      0.841      0.369
[YOLOv5] epoch 91/100 running
[YOLOv5] validation: all         80         82      0.869      0.806      0.843      0.414
[YOLOv5] epoch 92/100 running
[YOLOv5] validation: all         80         82      0.875      0.805      0.842      0.414
[YOLOv5] epoch 93/100 running
[YOLOv5] validation: all         80         82      0.891      0.805      0.848      0.396
[YOLOv5] epoch 94/100 running
[YOLOv5] validation: all         80         82      0.892       0.81      0.843      0.427
[YOLOv5] epoch 95/100 running
[YOLOv5] validation: all         80         82      0.903      0.829      0.843      0.409
[YOLOv5] epoch 96/100 running
[YOLOv5] validation: all         80         82        0.9      0.829      0.862      0.438
[YOLOv5] epoch 97/100 running
[YOLOv5] validation: all         80         82      0.886      0.841      0.851      0.433
[YOLOv5] epoch 98/100 running
[YOLOv5] validation: all         80         82      0.896      0.841      0.853      0.444
[YOLOv5] epoch 99/100 running
[YOLOv5] validation: all         80         82      0.896      0.839      0.865      0.439
[YOLOv5] epoch 100/100 running
[YOLOv5] validation: all         80         82      0.896      0.839      0.854      0.442
[YOLOv5] 100 epochs completed in 0.044 hours.
[YOLOv5] validation: all         80         82      0.896      0.839      0.865      0.435
[Task] training completed: 192.7s
[Task] evaluating: checkpoint=last, group=test, samples=80
[YOLOv5] validation: all         80         81      0.791      0.747      0.821      0.402
[Task] evaluation: checkpoint=last, group=test, mAP50-95=0.4025, mAP50=0.8208, time=19.9s
[Task] evaluating: checkpoint=best, group=test, samples=80
[YOLOv5] validation: all         80         81      0.802       0.75      0.819        0.4
[Task] evaluation: checkpoint=best, group=test, mAP50-95=0.3995, mAP50=0.8195, time=20.3s
[Task] completed: evaluation=40.2s, output=/home/lijinhe/work/YOLO_Retraining/runs/studies/0907_stroller_window10_learning_curve/experiment/sequence/StrollerWindow10Tau099_SplitS43__seq-full-cold__stage0-stage7__yolov5s__s42/tasks/001__stage1__full-cold
[Task] output: /home/lijinhe/work/YOLO_Retraining/runs/studies/0907_stroller_window10_learning_curve/experiment/sequence/StrollerWindow10Tau099_SplitS43__seq-full-cold__stage0-stage7__yolov5s__s42/tasks/002__stage2__full-cold
[Task] data: current=80, candidate=241, validation=80, test=80
[Task] selection: policy=full, selected=241, groups={'candidate': 241}, time=0.000s
[Task] training: backend=yolov5, epochs=100, batch=64, device=0
[YOLOv5] epoch 1/100 running
[YOLOv5] validation: all         80         82   0.000374     0.0366   0.000206   4.04e-05
[YOLOv5] epoch 2/100 running
[YOLOv5] validation: all         80         82    0.00186      0.244    0.00121   0.000352
[YOLOv5] epoch 3/100 running
[YOLOv5] validation: all         80         82    0.00284        0.5    0.00572    0.00124
[YOLOv5] epoch 4/100 running
[YOLOv5] validation: all         80         82    0.00312      0.671     0.0146    0.00317
[YOLOv5] epoch 5/100 running
[YOLOv5] validation: all         80         82     0.0388     0.0976     0.0293     0.0067
[YOLOv5] epoch 6/100 running
[YOLOv5] validation: all         80         82      0.124     0.0244      0.067     0.0166
[YOLOv5] epoch 7/100 running
[YOLOv5] validation: all         80         82       0.18      0.244      0.102     0.0304
[YOLOv5] epoch 8/100 running
[YOLOv5] validation: all         80         82      0.195      0.305      0.129     0.0412
[YOLOv5] epoch 9/100 running
[YOLOv5] validation: all         80         82      0.181      0.317      0.162      0.049
[YOLOv5] epoch 10/100 running
[YOLOv5] validation: all         80         82      0.236      0.341      0.201     0.0645
[YOLOv5] epoch 11/100 running
[YOLOv5] validation: all         80         82      0.295      0.341      0.256     0.0744
[YOLOv5] epoch 12/100 running
[YOLOv5] validation: all         80         82      0.294      0.341      0.273      0.082
[YOLOv5] epoch 13/100 running
[YOLOv5] validation: all         80         82      0.258       0.36      0.246     0.0731
[YOLOv5] epoch 14/100 running
[YOLOv5] validation: all         80         82      0.188      0.439      0.156     0.0453
[YOLOv5] epoch 15/100 running
[YOLOv5] validation: all         80         82      0.387      0.402       0.37      0.117
[YOLOv5] epoch 16/100 running
[YOLOv5] validation: all         80         82      0.281      0.524      0.238     0.0821
[YOLOv5] epoch 17/100 running
[YOLOv5] validation: all         80         82      0.436      0.461      0.437      0.172
[YOLOv5] epoch 18/100 running
[YOLOv5] validation: all         80         82      0.367      0.451      0.337      0.125
[YOLOv5] epoch 19/100 running
[YOLOv5] validation: all         80         82       0.37      0.451      0.373      0.111
[YOLOv5] epoch 20/100 running
[YOLOv5] validation: all         80         82       0.43      0.505      0.443       0.18
[YOLOv5] epoch 21/100 running
[YOLOv5] validation: all         80         82      0.444      0.476      0.428      0.146
[YOLOv5] epoch 22/100 running
[YOLOv5] validation: all         80         82      0.534      0.476      0.468      0.143
[YOLOv5] epoch 23/100 running
[YOLOv5] validation: all         80         82      0.698       0.61       0.68      0.277
[YOLOv5] epoch 24/100 running
[YOLOv5] validation: all         80         82      0.645      0.634      0.641      0.249
[YOLOv5] epoch 25/100 running
[YOLOv5] validation: all         80         82      0.664      0.659      0.668      0.251
[YOLOv5] epoch 26/100 running
[YOLOv5] validation: all         80         82      0.427      0.634       0.44      0.158
[YOLOv5] epoch 27/100 running
[YOLOv5] validation: all         80         82      0.743       0.74      0.718       0.34
[YOLOv5] epoch 28/100 running
[YOLOv5] validation: all         80         82      0.503      0.744      0.627      0.276
[YOLOv5] epoch 29/100 running
[YOLOv5] validation: all         80         82      0.728      0.646       0.68      0.253
[YOLOv5] epoch 30/100 running
[YOLOv5] validation: all         80         82      0.792      0.695      0.743      0.311
[YOLOv5] epoch 31/100 running
[YOLOv5] validation: all         80         82      0.756      0.717      0.727      0.308
[YOLOv5] epoch 32/100 running
[YOLOv5] validation: all         80         82      0.798      0.707      0.724      0.305
[YOLOv5] epoch 33/100 running
[YOLOv5] validation: all         80         82      0.788       0.72      0.748      0.321
[YOLOv5] epoch 34/100 running
[YOLOv5] validation: all         80         82      0.796      0.671      0.724      0.306
[YOLOv5] epoch 35/100 running
[YOLOv5] validation: all         80         82       0.73      0.683       0.72      0.301
[YOLOv5] epoch 36/100 running
[YOLOv5] validation: all         80         82      0.792      0.696      0.756      0.333
[YOLOv5] epoch 37/100 running
[YOLOv5] validation: all         80         82      0.849      0.744      0.776      0.317
[YOLOv5] epoch 38/100 running
[YOLOv5] validation: all         80         82      0.848      0.744      0.738      0.319
[YOLOv5] epoch 39/100 running
[YOLOv5] validation: all         80         82      0.829      0.771      0.786      0.361
[YOLOv5] epoch 40/100 running
[YOLOv5] validation: all         80         82      0.836      0.683      0.774      0.354
[YOLOv5] epoch 41/100 running
[YOLOv5] validation: all         80         82      0.877       0.72      0.823      0.403
[YOLOv5] epoch 42/100 running
[YOLOv5] validation: all         80         82      0.816       0.78      0.811      0.401
[YOLOv5] epoch 43/100 running
[YOLOv5] validation: all         80         82      0.861      0.744        0.8       0.38
[YOLOv5] epoch 44/100 running
[YOLOv5] validation: all         80         82       0.87      0.744      0.802      0.371
[YOLOv5] epoch 45/100 running
[YOLOv5] validation: all         80         82      0.896      0.737      0.812      0.388
[YOLOv5] epoch 46/100 running
[YOLOv5] validation: all         80         82       0.88      0.714      0.805      0.393
[YOLOv5] epoch 47/100 running
[YOLOv5] validation: all         80         82      0.905      0.732      0.831      0.399
[YOLOv5] epoch 48/100 running
[YOLOv5] validation: all         80         82      0.843      0.718      0.799      0.387
[YOLOv5] epoch 49/100 running
[YOLOv5] validation: all         80         82      0.851      0.744      0.831      0.408
[YOLOv5] epoch 50/100 running
[YOLOv5] validation: all         80         82      0.845      0.734      0.822      0.407
[YOLOv5] epoch 51/100 running
[YOLOv5] validation: all         80         82       0.87      0.768      0.833      0.414
[YOLOv5] epoch 52/100 running
[YOLOv5] validation: all         80         82      0.862      0.756      0.804        0.4
[YOLOv5] epoch 53/100 running
[YOLOv5] validation: all         80         82       0.86       0.75        0.8      0.394
[YOLOv5] epoch 54/100 running
[YOLOv5] validation: all         80         82      0.837      0.749      0.794      0.388
[YOLOv5] epoch 55/100 running
[YOLOv5] validation: all         80         82      0.787      0.768      0.773      0.359
[YOLOv5] epoch 56/100 running
[YOLOv5] validation: all         80         82      0.823       0.78      0.812      0.401
[YOLOv5] epoch 57/100 running
[YOLOv5] validation: all         80         82      0.823      0.829      0.826      0.391
[YOLOv5] epoch 58/100 running
[YOLOv5] validation: all         80         82      0.857      0.801      0.821      0.388
[YOLOv5] epoch 59/100 running
[YOLOv5] validation: all         80         82      0.863      0.805      0.808      0.374
[YOLOv5] epoch 60/100 running
[YOLOv5] validation: all         80         82      0.863       0.78      0.804      0.375
[YOLOv5] epoch 61/100 running
[YOLOv5] validation: all         80         82      0.848      0.816      0.808      0.388
[YOLOv5] epoch 62/100 running
[YOLOv5] validation: all         80         82      0.882      0.817      0.825      0.389
[YOLOv5] epoch 63/100 running
[YOLOv5] validation: all         80         82      0.833       0.78      0.829       0.38
[YOLOv5] epoch 64/100 running
[YOLOv5] validation: all         80         82       0.89       0.72      0.818      0.365
[YOLOv5] epoch 65/100 running
[YOLOv5] validation: all         80         82      0.837      0.811      0.818      0.355
[YOLOv5] epoch 66/100 running
[YOLOv5] validation: all         80         82      0.879      0.805      0.825      0.403
[YOLOv5] epoch 67/100 running
[YOLOv5] validation: all         80         82      0.882      0.756      0.833      0.371
[YOLOv5] epoch 68/100 running
[YOLOv5] validation: all         80         82      0.886      0.755      0.814      0.364
[YOLOv5] epoch 69/100 running
[YOLOv5] validation: all         80         82       0.89       0.78      0.832      0.404
[YOLOv5] epoch 70/100 running
[YOLOv5] validation: all         80         82      0.875      0.817       0.84      0.406
[YOLOv5] epoch 71/100 running
[YOLOv5] validation: all         80         82      0.892      0.806      0.836      0.404
[YOLOv5] epoch 72/100 running
[YOLOv5] validation: all         80         82      0.876      0.793      0.809      0.403
[YOLOv5] epoch 73/100 running
[YOLOv5] validation: all         80         82      0.884       0.78      0.811      0.397
[YOLOv5] epoch 74/100 running
[YOLOv5] validation: all         80         82      0.877      0.784      0.826      0.393
[YOLOv5] epoch 75/100 running
[YOLOv5] validation: all         80         82       0.89      0.805      0.823      0.392
[YOLOv5] epoch 76/100 running
[YOLOv5] validation: all         80         82      0.879      0.799      0.825      0.407
[YOLOv5] epoch 77/100 running
[YOLOv5] validation: all         80         82      0.897      0.805      0.841      0.425
[YOLOv5] epoch 78/100 running
[YOLOv5] validation: all         80         82      0.915      0.791      0.839      0.406
[YOLOv5] epoch 79/100 running
[YOLOv5] validation: all         80         82      0.914      0.779      0.849      0.433
[YOLOv5] epoch 80/100 running
[YOLOv5] validation: all         80         82      0.893      0.812      0.848      0.441
[YOLOv5] epoch 81/100 running
[YOLOv5] validation: all         80         82      0.915      0.793      0.844      0.431
[YOLOv5] epoch 82/100 running
[YOLOv5] validation: all         80         82      0.921       0.78       0.85      0.462
[YOLOv5] epoch 83/100 running
[YOLOv5] validation: all         80         82      0.905       0.78      0.856      0.441
[YOLOv5] epoch 84/100 running
[YOLOv5] validation: all         80         82      0.908      0.768      0.858       0.44
[YOLOv5] epoch 85/100 running
[YOLOv5] validation: all         80         82      0.901      0.773      0.861      0.447
[YOLOv5] epoch 86/100 running
[YOLOv5] validation: all         80         82      0.925      0.793      0.864      0.474
[YOLOv5] epoch 87/100 running
[YOLOv5] validation: all         80         82       0.92      0.793      0.867      0.473
[YOLOv5] epoch 88/100 running
[YOLOv5] validation: all         80         82      0.917      0.804      0.865      0.452
[YOLOv5] epoch 89/100 running
[YOLOv5] validation: all         80         82      0.904      0.801      0.862      0.467
[YOLOv5] epoch 90/100 running
[YOLOv5] validation: all         80         82      0.903      0.793      0.863      0.457
[YOLOv5] epoch 91/100 running
[YOLOv5] validation: all         80         82      0.884      0.793      0.858      0.461
[YOLOv5] epoch 92/100 running
[YOLOv5] validation: all         80         82      0.848      0.805      0.848      0.463
[YOLOv5] epoch 93/100 running
[YOLOv5] validation: all         80         82      0.862      0.817      0.861       0.46
[YOLOv5] epoch 94/100 running
[YOLOv5] validation: all         80         82      0.882      0.793      0.858      0.453
[YOLOv5] epoch 95/100 running
[YOLOv5] validation: all         80         82      0.891      0.801      0.851      0.454
[YOLOv5] epoch 96/100 running
[YOLOv5] validation: all         80         82      0.895      0.805      0.856      0.457
[YOLOv5] epoch 97/100 running
[YOLOv5] validation: all         80         82      0.908      0.805      0.854       0.45
[YOLOv5] epoch 98/100 running
[YOLOv5] validation: all         80         82      0.915      0.805      0.848      0.463
[YOLOv5] epoch 99/100 running
[YOLOv5] validation: all         80         82      0.904      0.793      0.848      0.462
[YOLOv5] epoch 100/100 running
[YOLOv5] validation: all         80         82      0.901      0.805      0.852       0.46
[YOLOv5] 100 epochs completed in 0.048 hours.
[YOLOv5] validation: all         80         82      0.927      0.793      0.866      0.475
[Task] training completed: 261.5s
[Task] evaluating: checkpoint=last, group=test, samples=80
[YOLOv5] validation: all         80         81      0.847       0.79      0.864      0.447
[Task] evaluation: checkpoint=last, group=test, mAP50-95=0.4469, mAP50=0.8641, time=18.2s
[Task] evaluating: checkpoint=best, group=test, samples=80
[YOLOv5] validation: all         80         81      0.879      0.815      0.874      0.447
[Task] evaluation: checkpoint=best, group=test, mAP50-95=0.4465, mAP50=0.8740, time=19.2s
[Task] completed: evaluation=37.4s, output=/home/lijinhe/work/YOLO_Retraining/runs/studies/0907_stroller_window10_learning_curve/experiment/sequence/StrollerWindow10Tau099_SplitS43__seq-full-cold__stage0-stage7__yolov5s__s42/tasks/002__stage2__full-cold
[Task] output: /home/lijinhe/work/YOLO_Retraining/runs/studies/0907_stroller_window10_learning_curve/experiment/sequence/StrollerWindow10Tau099_SplitS43__seq-full-cold__stage0-stage7__yolov5s__s42/tasks/003__stage3__full-cold
[Task] data: current=80, candidate=321, validation=80, test=80
[Task] selection: policy=full, selected=321, groups={'candidate': 321}, time=0.000s
[Task] training: backend=yolov5, epochs=100, batch=64, device=0
[YOLOv5] epoch 1/100 running
[YOLOv5] validation: all         80         82   0.000861     0.0488   0.000472   0.000139
[YOLOv5] epoch 2/100 running
[YOLOv5] validation: all         80         82      0.004      0.439    0.00587     0.0013
[YOLOv5] epoch 3/100 running
[YOLOv5] validation: all         80         82     0.0267      0.244     0.0554    0.00917
[YOLOv5] epoch 4/100 running
[YOLOv5] validation: all         80         82    0.00233      0.598    0.00213   0.000416
[YOLOv5] epoch 5/100 running
[YOLOv5] validation: all         80         82    0.00857      0.341    0.00857    0.00192
[YOLOv5] epoch 6/100 running
[YOLOv5] validation: all         80         82     0.0149      0.268     0.0156    0.00344
[YOLOv5] epoch 7/100 running
[YOLOv5] validation: all         80         82      0.107      0.268     0.0834     0.0167
[YOLOv5] epoch 8/100 running
[YOLOv5] validation: all         80         82     0.0334      0.317     0.0311    0.00848
[YOLOv5] epoch 9/100 running
[YOLOv5] validation: all         80         82      0.387      0.378       0.32     0.0826
[YOLOv5] epoch 10/100 running
[YOLOv5] validation: all         80         82      0.231      0.305      0.169      0.044
[YOLOv5] epoch 11/100 running
[YOLOv5] validation: all         80         82       0.12      0.215     0.0844     0.0255
[YOLOv5] epoch 12/100 running
[YOLOv5] validation: all         80         82      0.174      0.378      0.151     0.0342
[YOLOv5] epoch 13/100 running
[YOLOv5] validation: all         80         82      0.502      0.427       0.44      0.124
[YOLOv5] epoch 14/100 running
[YOLOv5] validation: all         80         82      0.188       0.22      0.154     0.0255
[YOLOv5] epoch 15/100 running
[YOLOv5] validation: all         80         82      0.221      0.354      0.174     0.0411
[YOLOv5] epoch 16/100 running
[YOLOv5] validation: all         80         82      0.392      0.589      0.401      0.145
[YOLOv5] epoch 17/100 running
[YOLOv5] validation: all         80         82       0.18      0.293      0.186     0.0336
[YOLOv5] epoch 18/100 running
[YOLOv5] validation: all         80         82      0.181      0.354       0.17     0.0422
[YOLOv5] epoch 19/100 running
[YOLOv5] validation: all         80         82      0.167      0.268      0.128     0.0339
[YOLOv5] epoch 20/100 running
[YOLOv5] validation: all         80         82      0.454      0.487      0.428      0.151
[YOLOv5] epoch 21/100 running
[YOLOv5] validation: all         80         82      0.491      0.573      0.504      0.179
[YOLOv5] epoch 22/100 running
[YOLOv5] validation: all         80         82      0.491       0.72      0.544      0.226
[YOLOv5] epoch 23/100 running
[YOLOv5] validation: all         80         82       0.46      0.585      0.482      0.139
[YOLOv5] epoch 24/100 running
[YOLOv5] validation: all         80         82      0.397      0.671      0.437      0.119
[YOLOv5] epoch 25/100 running
[YOLOv5] validation: all         80         82      0.509      0.697      0.602      0.204
[YOLOv5] epoch 26/100 running
[YOLOv5] validation: all         80         82      0.681       0.72      0.702      0.245
[YOLOv5] epoch 27/100 running
[YOLOv5] validation: all         80         82       0.43        0.5      0.386      0.114
[YOLOv5] epoch 28/100 running
[YOLOv5] validation: all         80         82       0.41      0.653      0.457       0.16
[YOLOv5] epoch 29/100 running
[YOLOv5] validation: all         80         82      0.642      0.634       0.66      0.286
[YOLOv5] epoch 30/100 running
[YOLOv5] validation: all         80         82        0.7      0.585      0.655      0.251
[YOLOv5] epoch 31/100 running
[YOLOv5] validation: all         80         82      0.614      0.732      0.625      0.284
[YOLOv5] epoch 32/100 running
[YOLOv5] validation: all         80         82      0.522      0.622      0.528       0.17
[YOLOv5] epoch 33/100 running
[YOLOv5] validation: all         80         82      0.821      0.732      0.794      0.311
[YOLOv5] epoch 34/100 running
[YOLOv5] validation: all         80         82      0.509      0.598      0.485      0.164
[YOLOv5] epoch 35/100 running
[YOLOv5] validation: all         80         82      0.796      0.756      0.765      0.303
[YOLOv5] epoch 36/100 running
[YOLOv5] validation: all         80         82      0.757      0.756      0.762      0.322
[YOLOv5] epoch 37/100 running
[YOLOv5] validation: all         80         82      0.622      0.683       0.66       0.26
[YOLOv5] epoch 38/100 running
[YOLOv5] validation: all         80         82      0.735      0.695      0.746       0.32
[YOLOv5] epoch 39/100 running
[YOLOv5] validation: all         80         82      0.613      0.756      0.693       0.33
[YOLOv5] epoch 40/100 running
[YOLOv5] validation: all         80         82      0.845      0.768       0.77      0.355
[YOLOv5] epoch 41/100 running
[YOLOv5] validation: all         80         82      0.672      0.659       0.64      0.252
[YOLOv5] epoch 42/100 running
[YOLOv5] validation: all         80         82      0.854      0.756      0.796      0.375
[YOLOv5] epoch 43/100 running
[YOLOv5] validation: all         80         82      0.857      0.656      0.741      0.279
[YOLOv5] epoch 44/100 running
[YOLOv5] validation: all         80         82      0.648      0.829      0.769      0.326
[YOLOv5] epoch 45/100 running
[YOLOv5] validation: all         80         82      0.845      0.768      0.795      0.361
[YOLOv5] epoch 46/100 running
[YOLOv5] validation: all         80         82      0.795      0.709      0.721      0.258
[YOLOv5] epoch 47/100 running
[YOLOv5] validation: all         80         82      0.813      0.741      0.781       0.37
[YOLOv5] epoch 48/100 running
[YOLOv5] validation: all         80         82      0.784      0.752      0.767      0.371
[YOLOv5] epoch 49/100 running
[YOLOv5] validation: all         80         82      0.815      0.683      0.782      0.355
[YOLOv5] epoch 50/100 running
[YOLOv5] validation: all         80         82      0.836      0.748      0.787      0.397
[YOLOv5] epoch 51/100 running
[YOLOv5] validation: all         80         82      0.874      0.768      0.814      0.358
[YOLOv5] epoch 52/100 running
[YOLOv5] validation: all         80         82      0.849      0.755      0.839      0.415
[YOLOv5] epoch 53/100 running
[YOLOv5] validation: all         80         82      0.695      0.744      0.768      0.373
[YOLOv5] epoch 54/100 running
[YOLOv5] validation: all         80         82      0.794      0.866      0.839      0.418
[YOLOv5] epoch 55/100 running
[YOLOv5] validation: all         80         82      0.825      0.817      0.816      0.366
[YOLOv5] epoch 56/100 running
[YOLOv5] validation: all         80         82      0.843      0.829      0.839      0.411
[YOLOv5] epoch 57/100 running
[YOLOv5] validation: all         80         82      0.844      0.793      0.821      0.361
[YOLOv5] epoch 58/100 running
[YOLOv5] validation: all         80         82      0.805      0.805      0.831      0.403
[YOLOv5] epoch 59/100 running
[YOLOv5] validation: all         80         82      0.799      0.793      0.814      0.376
[YOLOv5] epoch 60/100 running
[YOLOv5] validation: all         80         82      0.825      0.841      0.859      0.428
[YOLOv5] epoch 61/100 running
[YOLOv5] validation: all         80         82      0.873      0.757      0.842      0.418
[YOLOv5] epoch 62/100 running
[YOLOv5] validation: all         80         82      0.829      0.829      0.851        0.4
[YOLOv5] epoch 63/100 running
[YOLOv5] validation: all         80         82      0.836      0.768      0.822      0.395
[YOLOv5] epoch 64/100 running
[YOLOv5] validation: all         80         82      0.865      0.732      0.802      0.412
[YOLOv5] epoch 65/100 running
[YOLOv5] validation: all         80         82      0.846      0.806      0.838      0.394
[YOLOv5] epoch 66/100 running
[YOLOv5] validation: all         80         82      0.824      0.798      0.813      0.415
[YOLOv5] epoch 67/100 running
[YOLOv5] validation: all         80         82      0.792      0.805      0.789      0.405
[YOLOv5] epoch 68/100 running
[YOLOv5] validation: all         80         82      0.786      0.808      0.808      0.401
[YOLOv5] epoch 69/100 running
[YOLOv5] validation: all         80         82      0.845        0.8      0.818      0.426
[YOLOv5] epoch 70/100 running
[YOLOv5] validation: all         80         82      0.888      0.817      0.832       0.41
[YOLOv5] epoch 71/100 running
[YOLOv5] validation: all         80         82      0.852      0.842      0.853      0.413
[YOLOv5] epoch 72/100 running
[YOLOv5] validation: all         80         82      0.889      0.829      0.865      0.452
[YOLOv5] epoch 73/100 running
[YOLOv5] validation: all         80         82      0.881      0.811      0.854       0.43
[YOLOv5] epoch 74/100 running
[YOLOv5] validation: all         80         82      0.875      0.793      0.841      0.422
[YOLOv5] epoch 75/100 running
[YOLOv5] validation: all         80         82      0.864      0.768      0.829      0.418
[YOLOv5] epoch 76/100 running
[YOLOv5] validation: all         80         82      0.862      0.836      0.853      0.444
[YOLOv5] epoch 77/100 running
[YOLOv5] validation: all         80         82      0.848      0.829      0.855      0.424
[YOLOv5] epoch 78/100 running
[YOLOv5] validation: all         80         82      0.892      0.804      0.853      0.445
[YOLOv5] epoch 79/100 running
[YOLOv5] validation: all         80         82       0.91      0.817      0.872      0.433
[YOLOv5] epoch 80/100 running
[YOLOv5] validation: all         80         82      0.915      0.805      0.858      0.449
[YOLOv5] epoch 81/100 running
[YOLOv5] validation: all         80         82      0.901      0.774      0.849      0.445
[YOLOv5] epoch 82/100 running
[YOLOv5] validation: all         80         82      0.886      0.793      0.857      0.429
[YOLOv5] epoch 83/100 running
[YOLOv5] validation: all         80         82      0.837      0.817      0.853      0.435
[YOLOv5] epoch 84/100 running
[YOLOv5] validation: all         80         82      0.845      0.805       0.84      0.409
[YOLOv5] epoch 85/100 running
[YOLOv5] validation: all         80         82      0.875      0.767      0.832      0.434
[YOLOv5] epoch 86/100 running
[YOLOv5] validation: all         80         82      0.858      0.809      0.848      0.397
[YOLOv5] epoch 87/100 running
[YOLOv5] validation: all         80         82      0.823      0.841      0.848      0.424
[YOLOv5] epoch 88/100 running
[YOLOv5] validation: all         80         82      0.927      0.779      0.855      0.435
[YOLOv5] epoch 89/100 running
[YOLOv5] validation: all         80         82      0.886      0.757       0.84      0.407
[YOLOv5] epoch 90/100 running
[YOLOv5] validation: all         80         82       0.83      0.854      0.862      0.431
[YOLOv5] epoch 91/100 running
[YOLOv5] validation: all         80         82       0.81      0.829       0.85      0.435
[YOLOv5] epoch 92/100 running
[YOLOv5] validation: all         80         82      0.861      0.841      0.872      0.442
[YOLOv5] epoch 93/100 running
[YOLOv5] validation: all         80         82      0.914      0.777       0.86      0.439
[YOLOv5] epoch 94/100 running
[YOLOv5] validation: all         80         82      0.903      0.793      0.856      0.444
[YOLOv5] epoch 95/100 running
[YOLOv5] validation: all         80         82      0.917      0.756      0.856      0.435
[YOLOv5] epoch 96/100 running
[YOLOv5] validation: all         80         82      0.926      0.764      0.862       0.45
[YOLOv5] epoch 97/100 running
[YOLOv5] validation: all         80         82      0.816      0.878      0.862      0.452
[YOLOv5] epoch 98/100 running
[YOLOv5] validation: all         80         82      0.816      0.866      0.853      0.464
[YOLOv5] epoch 99/100 running
[YOLOv5] validation: all         80         82      0.812      0.866      0.853      0.454
[YOLOv5] epoch 100/100 running
[YOLOv5] validation: all         80         82      0.825      0.862      0.848      0.458
[YOLOv5] 100 epochs completed in 0.059 hours.
[YOLOv5] validation: all         80         82      0.862      0.841      0.872      0.442
[Task] training completed: 301.6s
[Task] evaluating: checkpoint=last, group=test, samples=80
[YOLOv5] validation: all         80         81      0.872       0.84      0.859      0.467
[Task] evaluation: checkpoint=last, group=test, mAP50-95=0.4671, mAP50=0.8590, time=15.6s
[Task] evaluating: checkpoint=best, group=test, samples=80
[YOLOv5] validation: all         80         81      0.826      0.823      0.856      0.458
[Task] evaluation: checkpoint=best, group=test, mAP50-95=0.4581, mAP50=0.8559, time=16.7s
[Task] completed: evaluation=32.3s, output=/home/lijinhe/work/YOLO_Retraining/runs/studies/0907_stroller_window10_learning_curve/experiment/sequence/StrollerWindow10Tau099_SplitS43__seq-full-cold__stage0-stage7__yolov5s__s42/tasks/003__stage3__full-cold
[Task] output: /home/lijinhe/work/YOLO_Retraining/runs/studies/0907_stroller_window10_learning_curve/experiment/sequence/StrollerWindow10Tau099_SplitS43__seq-full-cold__stage0-stage7__yolov5s__s42/tasks/004__stage4__full-cold
[Task] data: current=80, candidate=401, validation=80, test=80
[Task] selection: policy=full, selected=401, groups={'candidate': 401}, time=0.000s
[Task] training: backend=yolov5, epochs=100, batch=64, device=0
[YOLOv5] epoch 1/100 running
[YOLOv5] validation: all         80         82    0.00246       0.22    0.00159   0.000403
[YOLOv5] epoch 2/100 running
[YOLOv5] validation: all         80         82     0.0035      0.622     0.0265    0.00424
[YOLOv5] epoch 3/100 running
[YOLOv5] validation: all         80         82      0.156      0.402      0.132      0.031
[YOLOv5] epoch 4/100 running
[YOLOv5] validation: all         80         82      0.285      0.439      0.235     0.0625
[YOLOv5] epoch 5/100 running
[YOLOv5] validation: all         80         82     0.0421      0.439     0.0385    0.00967
[YOLOv5] epoch 6/100 running
[YOLOv5] validation: all         80         82      0.221      0.402       0.19     0.0425
[YOLOv5] epoch 7/100 running
[YOLOv5] validation: all         80         82      0.375      0.341      0.309     0.0874
[YOLOv5] epoch 8/100 running
[YOLOv5] validation: all         80         82      0.439      0.427      0.326     0.0991
[YOLOv5] epoch 9/100 running
[YOLOv5] validation: all         80         82      0.393       0.39      0.331     0.0935
[YOLOv5] epoch 10/100 running
[YOLOv5] validation: all         80         82      0.558      0.378      0.437      0.162
[YOLOv5] epoch 11/100 running
[YOLOv5] validation: all         80         82      0.452      0.463      0.401      0.117
[YOLOv5] epoch 12/100 running
[YOLOv5] validation: all         80         82       0.58      0.512      0.553      0.174
[YOLOv5] epoch 13/100 running
[YOLOv5] validation: all         80         82      0.516      0.561      0.564      0.234
[YOLOv5] epoch 14/100 running
[YOLOv5] validation: all         80         82      0.495      0.451       0.47      0.207
[YOLOv5] epoch 15/100 running
[YOLOv5] validation: all         80         82      0.624      0.646      0.628      0.268
[YOLOv5] epoch 16/100 running
[YOLOv5] validation: all         80         82      0.723      0.671      0.699      0.316
[YOLOv5] epoch 17/100 running
[YOLOv5] validation: all         80         82      0.652      0.663      0.653      0.277
[YOLOv5] epoch 18/100 running
[YOLOv5] validation: all         80         82      0.746      0.707      0.695      0.258
[YOLOv5] epoch 19/100 running
[YOLOv5] validation: all         80         82      0.592      0.732      0.622      0.242
[YOLOv5] epoch 20/100 running
[YOLOv5] validation: all         80         82      0.715       0.72      0.701      0.297
[YOLOv5] epoch 21/100 running
[YOLOv5] validation: all         80         82      0.806      0.762       0.79      0.388
[YOLOv5] epoch 22/100 running
[YOLOv5] validation: all         80         82      0.837      0.817      0.819      0.386
[YOLOv5] epoch 23/100 running
[YOLOv5] validation: all         80         82      0.781      0.739      0.748      0.355
[YOLOv5] epoch 24/100 running
[YOLOv5] validation: all         80         82      0.821      0.756      0.817      0.359
[YOLOv5] epoch 25/100 running
[YOLOv5] validation: all         80         82      0.644      0.706      0.708       0.31
[YOLOv5] epoch 26/100 running
[YOLOv5] validation: all         80         82       0.75      0.768      0.809      0.366
[YOLOv5] epoch 27/100 running
[YOLOv5] validation: all         80         82      0.892      0.732      0.824      0.391
[YOLOv5] epoch 28/100 running
[YOLOv5] validation: all         80         82      0.682      0.793      0.748      0.358
[YOLOv5] epoch 29/100 running
[YOLOv5] validation: all         80         82      0.823      0.793       0.81      0.382
[YOLOv5] epoch 30/100 running
[YOLOv5] validation: all         80         82      0.807      0.765      0.783      0.402
[YOLOv5] epoch 31/100 running
[YOLOv5] validation: all         80         82      0.855       0.78      0.832      0.439
[YOLOv5] epoch 32/100 running
[YOLOv5] validation: all         80         82      0.883      0.756      0.834      0.432
[YOLOv5] epoch 33/100 running
[YOLOv5] validation: all         80         82      0.882       0.78      0.832      0.433
[YOLOv5] epoch 34/100 running
[YOLOv5] validation: all         80         82      0.899      0.757      0.845      0.415
[YOLOv5] epoch 35/100 running
[YOLOv5] validation: all         80         82      0.908      0.843      0.886      0.407
[YOLOv5] epoch 36/100 running
[YOLOv5] validation: all         80         82      0.857      0.829      0.853      0.401
[YOLOv5] epoch 37/100 running
[YOLOv5] validation: all         80         82      0.883      0.828      0.841       0.44
[YOLOv5] epoch 38/100 running
[YOLOv5] validation: all         80         82      0.831       0.78      0.828      0.398
[YOLOv5] epoch 39/100 running
[YOLOv5] validation: all         80         82      0.837       0.78       0.82      0.423
[YOLOv5] epoch 40/100 running
[YOLOv5] validation: all         80         82      0.848      0.805      0.829      0.423
[YOLOv5] epoch 41/100 running
[YOLOv5] validation: all         80         82      0.859      0.805      0.831      0.443
[YOLOv5] epoch 42/100 running
[YOLOv5] validation: all         80         82      0.846      0.817      0.835      0.437
[YOLOv5] epoch 43/100 running
[YOLOv5] validation: all         80         82      0.867      0.817      0.841      0.457
[YOLOv5] epoch 44/100 running
[YOLOv5] validation: all         80         82      0.874      0.805      0.845      0.426
[YOLOv5] epoch 45/100 running
[YOLOv5] validation: all         80         82       0.88      0.805      0.838       0.42
[YOLOv5] epoch 46/100 running
[YOLOv5] validation: all         80         82      0.888       0.72      0.814       0.41
[YOLOv5] epoch 47/100 running
[YOLOv5] validation: all         80         82      0.857       0.73      0.812      0.422
[YOLOv5] epoch 48/100 running
[YOLOv5] validation: all         80         82      0.822      0.789      0.807      0.422
[YOLOv5] epoch 49/100 running
[YOLOv5] validation: all         80         82      0.875       0.78      0.842      0.423
[YOLOv5] epoch 50/100 running
[YOLOv5] validation: all         80         82      0.885      0.854      0.863      0.451
[YOLOv5] epoch 51/100 running
[YOLOv5] validation: all         80         82      0.852      0.841      0.828      0.436
[YOLOv5] epoch 52/100 running
[YOLOv5] validation: all         80         82      0.929      0.817       0.85      0.445
[YOLOv5] epoch 53/100 running
[YOLOv5] validation: all         80         82      0.837      0.812      0.805      0.386
[YOLOv5] epoch 54/100 running
[YOLOv5] validation: all         80         82      0.899      0.805      0.832      0.378
[YOLOv5] epoch 55/100 running
[YOLOv5] validation: all         80         82      0.914      0.793      0.837      0.414
[YOLOv5] epoch 56/100 running
[YOLOv5] validation: all         80         82      0.914      0.793       0.85      0.453
[YOLOv5] epoch 57/100 running
[YOLOv5] validation: all         80         82      0.866      0.817      0.846      0.452
[YOLOv5] epoch 58/100 running
[YOLOv5] validation: all         80         82      0.921       0.78      0.867       0.46
[YOLOv5] epoch 59/100 running
[YOLOv5] validation: all         80         82      0.926      0.762      0.866      0.461
[YOLOv5] epoch 60/100 running
[YOLOv5] validation: all         80         82      0.833      0.817      0.857      0.468
[YOLOv5] epoch 61/100 running
[YOLOv5] validation: all         80         82      0.881      0.815       0.84      0.454
[YOLOv5] epoch 62/100 running
[YOLOv5] validation: all         80         82      0.888      0.793      0.829      0.443
[YOLOv5] epoch 63/100 running
[YOLOv5] validation: all         80         82      0.873      0.754      0.823      0.434
[YOLOv5] epoch 64/100 running
[YOLOv5] validation: all         80         82      0.855      0.788        0.8      0.434
[YOLOv5] epoch 65/100 running
[YOLOv5] validation: all         80         82      0.843      0.783      0.814       0.46
[YOLOv5] epoch 66/100 running
[YOLOv5] validation: all         80         82      0.867      0.793      0.836      0.448
[YOLOv5] epoch 67/100 running
[YOLOv5] validation: all         80         82      0.847      0.813      0.853      0.465
[YOLOv5] epoch 68/100 running
[YOLOv5] validation: all         80         82      0.914      0.777      0.869      0.461
[YOLOv5] epoch 69/100 running
[YOLOv5] validation: all         80         82      0.858      0.829      0.856      0.448
[YOLOv5] epoch 70/100 running
[YOLOv5] validation: all         80         82      0.876      0.779      0.844      0.456
[YOLOv5] epoch 71/100 running
[YOLOv5] validation: all         80         82      0.901      0.777      0.836      0.464
[YOLOv5] epoch 72/100 running
[YOLOv5] validation: all         80         82       0.89      0.817      0.848      0.465
[YOLOv5] epoch 73/100 running
[YOLOv5] validation: all         80         82      0.918      0.805      0.853      0.457
[YOLOv5] epoch 74/100 running
[YOLOv5] validation: all         80         82      0.911      0.805      0.879      0.466
[YOLOv5] epoch 75/100 running
[YOLOv5] validation: all         80         82      0.883      0.817      0.873      0.465
[YOLOv5] epoch 76/100 running
[YOLOv5] validation: all         80         82      0.891      0.829      0.858      0.452
[YOLOv5] epoch 77/100 running
[YOLOv5] validation: all         80         82      0.851      0.841       0.86      0.449
[YOLOv5] epoch 78/100 running
[YOLOv5] validation: all         80         82      0.903      0.792       0.85      0.442
[YOLOv5] epoch 79/100 running
[YOLOv5] validation: all         80         82      0.889      0.805       0.86      0.457
[YOLOv5] epoch 80/100 running
[YOLOv5] validation: all         80         82      0.871      0.827       0.86      0.461
[YOLOv5] epoch 81/100 running
[YOLOv5] validation: all         80         82      0.902      0.805      0.869      0.478
[YOLOv5] epoch 82/100 running
[YOLOv5] validation: all         80         82      0.893      0.815      0.869       0.48
[YOLOv5] epoch 83/100 running
[YOLOv5] validation: all         80         82      0.892      0.802       0.87      0.469
[YOLOv5] epoch 84/100 running
[YOLOv5] validation: all         80         82      0.849      0.823      0.851      0.476
[YOLOv5] epoch 85/100 running
[YOLOv5] validation: all         80         82      0.865      0.805      0.856      0.489
[YOLOv5] epoch 86/100 running
[YOLOv5] validation: all         80         82      0.859       0.82      0.864       0.49
[YOLOv5] epoch 87/100 running
[YOLOv5] validation: all         80         82      0.881      0.829      0.858      0.471
[YOLOv5] epoch 88/100 running
[YOLOv5] validation: all         80         82      0.862      0.829      0.856      0.456
[YOLOv5] epoch 89/100 running
[YOLOv5] validation: all         80         82      0.904      0.802      0.859       0.47
[YOLOv5] epoch 90/100 running
[YOLOv5] validation: all         80         82      0.877       0.78      0.844       0.47
[YOLOv5] epoch 91/100 running
[YOLOv5] validation: all         80         82      0.867      0.841      0.855      0.459
[YOLOv5] epoch 92/100 running
[YOLOv5] validation: all         80         82      0.906      0.825      0.864      0.479
[YOLOv5] epoch 93/100 running
[YOLOv5] validation: all         80         82      0.883      0.841      0.868      0.496
[YOLOv5] epoch 94/100 running
[YOLOv5] validation: all         80         82      0.895      0.817      0.872      0.488
[YOLOv5] epoch 95/100 running
[YOLOv5] validation: all         80         82      0.895      0.828      0.873      0.492
[YOLOv5] epoch 96/100 running
[YOLOv5] validation: all         80         82      0.897      0.829      0.871      0.487
[YOLOv5] epoch 97/100 running
[YOLOv5] validation: all         80         82      0.895      0.834      0.868      0.482
[YOLOv5] epoch 98/100 running
[YOLOv5] validation: all         80         82      0.896      0.805      0.864      0.477
[YOLOv5] epoch 99/100 running
[YOLOv5] validation: all         80         82       0.88      0.805      0.856       0.48
[YOLOv5] epoch 100/100 running
[YOLOv5] validation: all         80         82      0.894      0.826      0.865      0.486
[YOLOv5] 100 epochs completed in 0.062 hours.
[YOLOv5] validation: all         80         82      0.908      0.847      0.886      0.406
[Task] training completed: 311.4s
[Task] evaluating: checkpoint=last, group=test, samples=80
[YOLOv5] validation: all         80         81      0.912       0.79      0.846      0.481
[Task] evaluation: checkpoint=last, group=test, mAP50-95=0.4806, mAP50=0.8463, time=16.6s
[Task] evaluating: checkpoint=best, group=test, samples=80
[YOLOv5] validation: all         80         81       0.87      0.745      0.861      0.416
[Task] evaluation: checkpoint=best, group=test, mAP50-95=0.4155, mAP50=0.8607, time=17.8s
[Task] completed: evaluation=34.4s, output=/home/lijinhe/work/YOLO_Retraining/runs/studies/0907_stroller_window10_learning_curve/experiment/sequence/StrollerWindow10Tau099_SplitS43__seq-full-cold__stage0-stage7__yolov5s__s42/tasks/004__stage4__full-cold
[Task] output: /home/lijinhe/work/YOLO_Retraining/runs/studies/0907_stroller_window10_learning_curve/experiment/sequence/StrollerWindow10Tau099_SplitS43__seq-full-cold__stage0-stage7__yolov5s__s42/tasks/005__stage5__full-cold
[Task] data: current=80, candidate=481, validation=80, test=80
[Task] selection: policy=full, selected=481, groups={'candidate': 481}, time=0.000s
[Task] training: backend=yolov5, epochs=100, batch=64, device=0
[YOLOv5] epoch 1/100 running
[YOLOv5] validation: all         80         82   0.000569      0.061   0.000303   4.78e-05
[YOLOv5] epoch 2/100 running
[YOLOv5] validation: all         80         82    0.00302      0.622    0.00862    0.00203
[YOLOv5] epoch 3/100 running
[YOLOv5] validation: all         80         82    0.00309      0.829     0.0344    0.00702
[YOLOv5] epoch 4/100 running
[YOLOv5] validation: all         80         82     0.0213      0.695     0.0557     0.0174
[YOLOv5] epoch 5/100 running
[YOLOv5] validation: all         80         82       0.27      0.366      0.231     0.0738
[YOLOv5] epoch 6/100 running
[YOLOv5] validation: all         80         82     0.0519      0.207     0.0389     0.0123
[YOLOv5] epoch 7/100 running
[YOLOv5] validation: all         80         82      0.366      0.354      0.276     0.0826
[YOLOv5] epoch 8/100 running
[YOLOv5] validation: all         80         82      0.421      0.305      0.324      0.117
[YOLOv5] epoch 9/100 running
[YOLOv5] validation: all         80         82      0.245       0.39      0.234     0.0535
[YOLOv5] epoch 10/100 running
[YOLOv5] validation: all         80         82      0.525      0.524      0.513      0.175
[YOLOv5] epoch 11/100 running
[YOLOv5] validation: all         80         82      0.534      0.634      0.619      0.246
[YOLOv5] epoch 12/100 running
[YOLOv5] validation: all         80         82      0.467       0.72      0.545      0.162
[YOLOv5] epoch 13/100 running
[YOLOv5] validation: all         80         82      0.407      0.646      0.475      0.171
[YOLOv5] epoch 14/100 running
[YOLOv5] validation: all         80         82      0.441      0.585      0.497      0.185
[YOLOv5] epoch 15/100 running
[YOLOv5] validation: all         80         82      0.614      0.695      0.628      0.233
[YOLOv5] epoch 16/100 running
[YOLOv5] validation: all         80         82      0.818      0.768      0.812      0.394
[YOLOv5] epoch 17/100 running
[YOLOv5] validation: all         80         82      0.514      0.683      0.555      0.219
[YOLOv5] epoch 18/100 running
[YOLOv5] validation: all         80         82      0.592      0.756      0.615       0.22
[YOLOv5] epoch 19/100 running
[YOLOv5] validation: all         80         82      0.682      0.744      0.734      0.319
[YOLOv5] epoch 20/100 running
[YOLOv5] validation: all         80         82       0.75      0.732       0.72      0.309
[YOLOv5] epoch 21/100 running
[YOLOv5] validation: all         80         82      0.875       0.78      0.846      0.385
[YOLOv5] epoch 22/100 running
[YOLOv5] validation: all         80         82       0.76       0.78      0.784      0.349
[YOLOv5] epoch 23/100 running
[YOLOv5] validation: all         80         82      0.837      0.754      0.789        0.4
[YOLOv5] epoch 24/100 running
[YOLOv5] validation: all         80         82      0.835      0.817      0.778       0.37
[YOLOv5] epoch 25/100 running
[YOLOv5] validation: all         80         82       0.84      0.768      0.815      0.401
[YOLOv5] epoch 26/100 running
[YOLOv5] validation: all         80         82      0.806      0.762      0.791      0.411
[YOLOv5] epoch 27/100 running
[YOLOv5] validation: all         80         82      0.913      0.768      0.833      0.396
[YOLOv5] epoch 28/100 running
[YOLOv5] validation: all         80         82      0.848      0.793      0.793      0.401
[YOLOv5] epoch 29/100 running
[YOLOv5] validation: all         80         82      0.887      0.763       0.82      0.383
[YOLOv5] epoch 30/100 running
[YOLOv5] validation: all         80         82      0.875      0.765      0.834      0.411
[YOLOv5] epoch 31/100 running
[YOLOv5] validation: all         80         82      0.854      0.768      0.847      0.406
[YOLOv5] epoch 32/100 running
[YOLOv5] validation: all         80         82      0.897      0.741      0.811      0.405
[YOLOv5] epoch 33/100 running
[YOLOv5] validation: all         80         82      0.884      0.741      0.786      0.416
[YOLOv5] epoch 34/100 running
[YOLOv5] validation: all         80         82      0.864      0.732      0.807      0.418
[YOLOv5] epoch 35/100 running
[YOLOv5] validation: all         80         82      0.856      0.799      0.834      0.424
[YOLOv5] epoch 36/100 running
[YOLOv5] validation: all         80         82       0.87      0.817      0.866      0.425
[YOLOv5] epoch 37/100 running
[YOLOv5] validation: all         80         82      0.858       0.81      0.878      0.429
[YOLOv5] epoch 38/100 running
[YOLOv5] validation: all         80         82      0.858      0.813      0.865      0.435
[YOLOv5] epoch 39/100 running
[YOLOv5] validation: all         80         82      0.846      0.829      0.852       0.43
[YOLOv5] epoch 40/100 running
[YOLOv5] validation: all         80         82       0.84      0.829      0.844      0.404
[YOLOv5] epoch 41/100 running
[YOLOv5] validation: all         80         82      0.849       0.82      0.832      0.415
[YOLOv5] epoch 42/100 running
[YOLOv5] validation: all         80         82      0.877      0.756      0.849      0.432
[YOLOv5] epoch 43/100 running
[YOLOv5] validation: all         80         82      0.853      0.854      0.869      0.424
[YOLOv5] epoch 44/100 running
[YOLOv5] validation: all         80         82       0.84      0.756      0.828      0.428
[YOLOv5] epoch 45/100 running
[YOLOv5] validation: all         80         82      0.893      0.814      0.839      0.423
[YOLOv5] epoch 46/100 running
[YOLOv5] validation: all         80         82      0.879      0.797      0.864      0.449
[YOLOv5] epoch 47/100 running
[YOLOv5] validation: all         80         82      0.864      0.851       0.88      0.465
[YOLOv5] epoch 48/100 running
[YOLOv5] validation: all         80         82      0.856      0.854      0.875      0.481
[YOLOv5] epoch 49/100 running
[YOLOv5] validation: all         80         82      0.891      0.817      0.865      0.462
[YOLOv5] epoch 50/100 running
[YOLOv5] validation: all         80         82      0.873      0.841      0.883      0.452
[YOLOv5] epoch 51/100 running
[YOLOv5] validation: all         80         82        0.9      0.805      0.868      0.472
[YOLOv5] epoch 52/100 running
[YOLOv5] validation: all         80         82      0.851      0.837      0.885       0.46
[YOLOv5] epoch 53/100 running
[YOLOv5] validation: all         80         82      0.848      0.805       0.86      0.462
[YOLOv5] epoch 54/100 running
[YOLOv5] validation: all         80         82      0.892      0.829       0.87      0.455
[YOLOv5] epoch 55/100 running
[YOLOv5] validation: all         80         82      0.915      0.829       0.88      0.464
[YOLOv5] epoch 56/100 running
[YOLOv5] validation: all         80         82      0.884      0.839      0.888      0.465
[YOLOv5] epoch 57/100 running
[YOLOv5] validation: all         80         82      0.927      0.817       0.88      0.466
[YOLOv5] epoch 58/100 running
[YOLOv5] validation: all         80         82      0.874      0.847      0.891      0.468
[YOLOv5] epoch 59/100 running
[YOLOv5] validation: all         80         82      0.896      0.838      0.912      0.461
[YOLOv5] epoch 60/100 running
[YOLOv5] validation: all         80         82      0.916      0.829       0.88      0.467
[YOLOv5] epoch 61/100 running
[YOLOv5] validation: all         80         82      0.942      0.817      0.885       0.49
[YOLOv5] epoch 62/100 running
[YOLOv5] validation: all         80         82      0.895      0.866      0.886      0.489
[YOLOv5] epoch 63/100 running
[YOLOv5] validation: all         80         82      0.857      0.876       0.88       0.49
[YOLOv5] epoch 64/100 running
[YOLOv5] validation: all         80         82      0.864      0.851      0.874      0.461
[YOLOv5] epoch 65/100 running
[YOLOv5] validation: all         80         82      0.863      0.817      0.865      0.466
[YOLOv5] epoch 66/100 running
[YOLOv5] validation: all         80         82      0.893      0.817      0.852      0.449
[YOLOv5] epoch 67/100 running
[YOLOv5] validation: all         80         82      0.915      0.789      0.834      0.433
[YOLOv5] epoch 68/100 running
[YOLOv5] validation: all         80         82      0.899      0.817      0.847      0.436
[YOLOv5] epoch 69/100 running
[YOLOv5] validation: all         80         82      0.892      0.829      0.856      0.447
[YOLOv5] epoch 70/100 running
[YOLOv5] validation: all         80         82      0.825      0.865      0.865       0.45
[YOLOv5] epoch 71/100 running
[YOLOv5] validation: all         80         82      0.869      0.841      0.872      0.436
[YOLOv5] epoch 72/100 running
[YOLOv5] validation: all         80         82        0.9       0.77      0.857      0.452
[YOLOv5] epoch 73/100 running
[YOLOv5] validation: all         80         82      0.858      0.808      0.849      0.449
[YOLOv5] epoch 74/100 running
[YOLOv5] validation: all         80         82      0.836      0.807      0.855      0.457
[YOLOv5] epoch 75/100 running
[YOLOv5] validation: all         80         82      0.876      0.805      0.878      0.474
[YOLOv5] epoch 76/100 running
[YOLOv5] validation: all         80         82      0.846      0.854      0.887      0.477
[YOLOv5] epoch 77/100 running
[YOLOv5] validation: all         80         82      0.879      0.829      0.876       0.46
[YOLOv5] epoch 78/100 running
[YOLOv5] validation: all         80         82      0.876      0.841      0.881      0.456
[YOLOv5] epoch 79/100 running
[YOLOv5] validation: all         80         82      0.915      0.805      0.875      0.459
[YOLOv5] epoch 80/100 running
[YOLOv5] validation: all         80         82      0.942      0.793       0.88       0.45
[YOLOv5] epoch 81/100 running
[YOLOv5] validation: all         80         82      0.881      0.815      0.879      0.472
[YOLOv5] epoch 82/100 running
[YOLOv5] validation: all         80         82      0.901      0.805      0.881       0.46
[YOLOv5] epoch 83/100 running
[YOLOv5] validation: all         80         82      0.938      0.805      0.885       0.49
[YOLOv5] epoch 84/100 running
[YOLOv5] validation: all         80         82      0.928      0.793       0.88      0.483
[YOLOv5] epoch 85/100 running
[YOLOv5] validation: all         80         82      0.884      0.834      0.878      0.484
[YOLOv5] epoch 86/100 running
[YOLOv5] validation: all         80         82      0.896       0.84      0.871      0.457
[YOLOv5] epoch 87/100 running
[YOLOv5] validation: all         80         82      0.889      0.829      0.869      0.476
[YOLOv5] epoch 88/100 running
[YOLOv5] validation: all         80         82      0.872      0.828      0.864      0.472
[YOLOv5] epoch 89/100 running
[YOLOv5] validation: all         80         82      0.894      0.821      0.874      0.484
[YOLOv5] epoch 90/100 running
[YOLOv5] validation: all         80         82      0.895      0.828      0.878      0.476
[YOLOv5] epoch 91/100 running
[YOLOv5] validation: all         80         82      0.894      0.826      0.869      0.471
[YOLOv5] epoch 92/100 running
[YOLOv5] validation: all         80         82      0.891      0.817      0.866      0.458
[YOLOv5] epoch 93/100 running
[YOLOv5] validation: all         80         82      0.893      0.813       0.87      0.466
[YOLOv5] epoch 94/100 running
[YOLOv5] validation: all         80         82      0.929      0.792      0.869      0.473
[YOLOv5] epoch 95/100 running
[YOLOv5] validation: all         80         82      0.913      0.793       0.87      0.476
[YOLOv5] epoch 96/100 running
[YOLOv5] validation: all         80         82      0.904      0.804      0.869       0.47
[YOLOv5] epoch 97/100 running
[YOLOv5] validation: all         80         82      0.904      0.805      0.866      0.472
[YOLOv5] epoch 98/100 running
[YOLOv5] validation: all         80         82      0.893      0.812       0.87      0.474
[YOLOv5] epoch 99/100 running
[YOLOv5] validation: all         80         82      0.904      0.805      0.868      0.477
[YOLOv5] epoch 100/100 running
[YOLOv5] validation: all         80         82      0.927       0.78       0.87      0.481
[YOLOv5] 100 epochs completed in 0.069 hours.
[YOLOv5] validation: all         80         82      0.893      0.841      0.912      0.462
[Task] training completed: 345.7s
[Task] evaluating: checkpoint=last, group=test, samples=80
[YOLOv5] validation: all         80         81      0.913       0.79      0.861      0.487
[Task] evaluation: checkpoint=last, group=test, mAP50-95=0.4865, mAP50=0.8614, time=17.8s
[Task] evaluating: checkpoint=best, group=test, samples=80
[YOLOv5] validation: all         80         81      0.907      0.802      0.891      0.473
[Task] evaluation: checkpoint=best, group=test, mAP50-95=0.4734, mAP50=0.8914, time=21.4s
[Task] completed: evaluation=39.2s, output=/home/lijinhe/work/YOLO_Retraining/runs/studies/0907_stroller_window10_learning_curve/experiment/sequence/StrollerWindow10Tau099_SplitS43__seq-full-cold__stage0-stage7__yolov5s__s42/tasks/005__stage5__full-cold
[Task] output: /home/lijinhe/work/YOLO_Retraining/runs/studies/0907_stroller_window10_learning_curve/experiment/sequence/StrollerWindow10Tau099_SplitS43__seq-full-cold__stage0-stage7__yolov5s__s42/tasks/006__stage6__full-cold
[Task] data: current=80, candidate=561, validation=80, test=80
[Task] selection: policy=full, selected=561, groups={'candidate': 561}, time=0.000s
[Task] training: backend=yolov5, epochs=100, batch=64, device=0
[YOLOv5] epoch 1/100 running
[YOLOv5] validation: all         80         82    0.00232      0.317    0.00293   0.000787
[YOLOv5] epoch 2/100 running
[YOLOv5] validation: all         80         82    0.00299      0.793    0.00689    0.00179
[YOLOv5] epoch 3/100 running
[YOLOv5] validation: all         80         82     0.0381       0.61     0.0498     0.0138
[YOLOv5] epoch 4/100 running
[YOLOv5] validation: all         80         82      0.361        0.5      0.354     0.0989
[YOLOv5] epoch 5/100 running
[YOLOv5] validation: all         80         82      0.361      0.427      0.276     0.0624
[YOLOv5] epoch 6/100 running
[YOLOv5] validation: all         80         82      0.338      0.439      0.324      0.109
[YOLOv5] epoch 7/100 running
[YOLOv5] validation: all         80         82      0.129      0.244     0.0986     0.0299
[YOLOv5] epoch 8/100 running
[YOLOv5] validation: all         80         82      0.404      0.512      0.371      0.138
[YOLOv5] epoch 9/100 running
[YOLOv5] validation: all         80         82      0.473      0.549      0.534      0.207
[YOLOv5] epoch 10/100 running
[YOLOv5] validation: all         80         82      0.477      0.623      0.506      0.225
[YOLOv5] epoch 11/100 running
[YOLOv5] validation: all         80         82      0.253      0.479      0.277     0.0947
[YOLOv5] epoch 12/100 running
[YOLOv5] validation: all         80         82      0.604      0.634      0.621      0.284
[YOLOv5] epoch 13/100 running
[YOLOv5] validation: all         80         82      0.631      0.709      0.597      0.222
[YOLOv5] epoch 14/100 running
[YOLOv5] validation: all         80         82      0.784      0.756      0.745      0.309
[YOLOv5] epoch 15/100 running
[YOLOv5] validation: all         80         82      0.486       0.72      0.507      0.223
[YOLOv5] epoch 16/100 running
[YOLOv5] validation: all         80         82      0.747       0.78      0.742      0.309
[YOLOv5] epoch 17/100 running
[YOLOv5] validation: all         80         82      0.714      0.768      0.657      0.242
[YOLOv5] epoch 18/100 running
[YOLOv5] validation: all         80         82      0.863      0.683      0.774      0.358
[YOLOv5] epoch 19/100 running
[YOLOv5] validation: all         80         82      0.765      0.683      0.726      0.286
[YOLOv5] epoch 20/100 running
[YOLOv5] validation: all         80         82      0.841      0.829      0.826       0.39
[YOLOv5] epoch 21/100 running
[YOLOv5] validation: all         80         82       0.79      0.781      0.787      0.357
[YOLOv5] epoch 22/100 running
[YOLOv5] validation: all         80         82      0.772      0.841      0.826      0.414
[YOLOv5] epoch 23/100 running
[YOLOv5] validation: all         80         82      0.851       0.78      0.821      0.356
[YOLOv5] epoch 24/100 running
[YOLOv5] validation: all         80         82      0.811      0.785      0.804      0.398
[YOLOv5] epoch 25/100 running
[YOLOv5] validation: all         80         82      0.863       0.72      0.823      0.421
[YOLOv5] epoch 26/100 running
[YOLOv5] validation: all         80         82      0.812      0.817      0.867      0.466
[YOLOv5] epoch 27/100 running
[YOLOv5] validation: all         80         82      0.878      0.793      0.874       0.41
[YOLOv5] epoch 28/100 running
[YOLOv5] validation: all         80         82      0.902      0.783      0.826      0.425
[YOLOv5] epoch 29/100 running
[YOLOv5] validation: all         80         82      0.803      0.745      0.797      0.365
[YOLOv5] epoch 30/100 running
[YOLOv5] validation: all         80         82      0.887      0.766       0.82      0.414
[YOLOv5] epoch 31/100 running
[YOLOv5] validation: all         80         82      0.838      0.744      0.819      0.393
[YOLOv5] epoch 32/100 running
[YOLOv5] validation: all         80         82      0.891        0.8      0.856      0.438
[YOLOv5] epoch 33/100 running
[YOLOv5] validation: all         80         82      0.856       0.78      0.848      0.454
[YOLOv5] epoch 34/100 running
[YOLOv5] validation: all         80         82      0.812      0.866      0.871      0.468
[YOLOv5] epoch 35/100 running
[YOLOv5] validation: all         80         82      0.854      0.859      0.892      0.483
[YOLOv5] epoch 36/100 running
[YOLOv5] validation: all         80         82      0.853      0.776       0.85      0.403
[YOLOv5] epoch 37/100 running
[YOLOv5] validation: all         80         82      0.867      0.793      0.867      0.454
[YOLOv5] epoch 38/100 running
[YOLOv5] validation: all         80         82      0.747      0.841      0.799      0.415
[YOLOv5] epoch 39/100 running
[YOLOv5] validation: all         80         82      0.842       0.78       0.83      0.411
[YOLOv5] epoch 40/100 running
[YOLOv5] validation: all         80         82      0.922      0.768      0.854      0.451
[YOLOv5] epoch 41/100 running
[YOLOv5] validation: all         80         82       0.88      0.805      0.831      0.398
[YOLOv5] epoch 42/100 running
[YOLOv5] validation: all         80         82      0.836      0.817       0.85      0.441
[YOLOv5] epoch 43/100 running
[YOLOv5] validation: all         80         82      0.984       0.73       0.89      0.487
[YOLOv5] epoch 44/100 running
[YOLOv5] validation: all         80         82      0.916      0.803      0.889      0.487
[YOLOv5] epoch 45/100 running
[YOLOv5] validation: all         80         82      0.871      0.822      0.872      0.454
[YOLOv5] epoch 46/100 running
[YOLOv5] validation: all         80         82      0.926      0.758      0.874      0.501
[YOLOv5] epoch 47/100 running
[YOLOv5] validation: all         80         82      0.939      0.753      0.888      0.488
[YOLOv5] epoch 48/100 running
[YOLOv5] validation: all         80         82      0.913      0.767      0.863      0.451
[YOLOv5] epoch 49/100 running
[YOLOv5] validation: all         80         82      0.842       0.78      0.854      0.405
[YOLOv5] epoch 50/100 running
[YOLOv5] validation: all         80         82      0.838      0.768      0.846      0.401
[YOLOv5] epoch 51/100 running
[YOLOv5] validation: all         80         82      0.944      0.744      0.879       0.46
[YOLOv5] epoch 52/100 running
[YOLOv5] validation: all         80         82      0.884      0.793      0.884      0.436
[YOLOv5] epoch 53/100 running
[YOLOv5] validation: all         80         82       0.91      0.817      0.904      0.447
[YOLOv5] epoch 54/100 running
[YOLOv5] validation: all         80         82      0.883      0.829      0.889      0.468
[YOLOv5] epoch 55/100 running
[YOLOv5] validation: all         80         82      0.944      0.816      0.892       0.46
[YOLOv5] epoch 56/100 running
[YOLOv5] validation: all         80         82      0.835      0.829      0.864       0.48
[YOLOv5] epoch 57/100 running
[YOLOv5] validation: all         80         82      0.884      0.839      0.866      0.445
[YOLOv5] epoch 58/100 running
[YOLOv5] validation: all         80         82      0.854      0.878      0.896      0.466
[YOLOv5] epoch 59/100 running
[YOLOv5] validation: all         80         82      0.905      0.816      0.883      0.462
[YOLOv5] epoch 60/100 running
[YOLOv5] validation: all         80         82      0.898      0.859      0.898      0.498
[YOLOv5] epoch 61/100 running
[YOLOv5] validation: all         80         82      0.909      0.829      0.902      0.469
[YOLOv5] epoch 62/100 running
[YOLOv5] validation: all         80         82       0.93      0.813      0.896      0.467
[YOLOv5] epoch 63/100 running
[YOLOv5] validation: all         80         82      0.917       0.81      0.862      0.449
[YOLOv5] epoch 64/100 running
[YOLOv5] validation: all         80         82      0.921      0.851      0.885      0.457
[YOLOv5] epoch 65/100 running
[YOLOv5] validation: all         80         82      0.921      0.854      0.901      0.487
[YOLOv5] epoch 66/100 running
[YOLOv5] validation: all         80         82      0.906      0.821      0.894      0.477
[YOLOv5] epoch 67/100 running
[YOLOv5] validation: all         80         82       0.92      0.854      0.908      0.489
[YOLOv5] epoch 68/100 running
[YOLOv5] validation: all         80         82      0.907      0.866      0.909      0.508
[YOLOv5] epoch 69/100 running
[YOLOv5] validation: all         80         82      0.913      0.841      0.903      0.475
[YOLOv5] epoch 70/100 running
[YOLOv5] validation: all         80         82      0.898      0.866      0.893       0.48
[YOLOv5] epoch 71/100 running
[YOLOv5] validation: all         80         82      0.915      0.817      0.905      0.483
[YOLOv5] epoch 72/100 running
[YOLOv5] validation: all         80         82      0.904      0.841      0.913      0.492
[YOLOv5] epoch 73/100 running
[YOLOv5] validation: all         80         82      0.909      0.841      0.915      0.513
[YOLOv5] epoch 74/100 running
[YOLOv5] validation: all         80         82      0.918      0.824      0.915      0.505
[YOLOv5] epoch 75/100 running
[YOLOv5] validation: all         80         82       0.93      0.816      0.897      0.493
[YOLOv5] epoch 76/100 running
[YOLOv5] validation: all         80         82      0.918      0.805      0.892      0.492
[YOLOv5] epoch 77/100 running
[YOLOv5] validation: all         80         82      0.914      0.817      0.883      0.492
[YOLOv5] epoch 78/100 running
[YOLOv5] validation: all         80         82      0.908      0.838      0.886      0.486
[YOLOv5] epoch 79/100 running
[YOLOv5] validation: all         80         82      0.912      0.854      0.904      0.498
[YOLOv5] epoch 80/100 running
[YOLOv5] validation: all         80         82      0.922      0.862      0.905      0.513
[YOLOv5] epoch 81/100 running
[YOLOv5] validation: all         80         82      0.915      0.829      0.878      0.507
[YOLOv5] epoch 82/100 running
[YOLOv5] validation: all         80         82      0.941      0.817      0.889      0.501
[YOLOv5] epoch 83/100 running
[YOLOv5] validation: all         80         82      0.904      0.841      0.887      0.481
[YOLOv5] epoch 84/100 running
[YOLOv5] validation: all         80         82      0.864      0.855      0.885      0.492
[YOLOv5] epoch 85/100 running
[YOLOv5] validation: all         80         82      0.894      0.841      0.876      0.483
[YOLOv5] epoch 86/100 running
[YOLOv5] validation: all         80         82      0.905      0.817      0.879      0.478
[YOLOv5] epoch 87/100 running
[YOLOv5] validation: all         80         82      0.941      0.779      0.883       0.49
[YOLOv5] epoch 88/100 running
[YOLOv5] validation: all         80         82      0.909      0.805      0.885      0.485
[YOLOv5] epoch 89/100 running
[YOLOv5] validation: all         80         82      0.906       0.82      0.862      0.489
[YOLOv5] epoch 90/100 running
[YOLOv5] validation: all         80         82      0.932      0.833      0.883      0.478
[YOLOv5] epoch 91/100 running
[YOLOv5] validation: all         80         82      0.907      0.828      0.888      0.483
[YOLOv5] epoch 92/100 running
[YOLOv5] validation: all         80         82      0.921      0.817      0.892      0.489
[YOLOv5] epoch 93/100 running
[YOLOv5] validation: all         80         82      0.907      0.833      0.888       0.49
[YOLOv5] epoch 94/100 running
[YOLOv5] validation: all         80         82      0.906      0.829      0.899      0.493
[YOLOv5] epoch 95/100 running
[YOLOv5] validation: all         80         82      0.934      0.793      0.898      0.482
[YOLOv5] epoch 96/100 running
[YOLOv5] validation: all         80         82       0.91      0.817      0.898       0.49
[YOLOv5] epoch 97/100 running
[YOLOv5] validation: all         80         82      0.919      0.825      0.901      0.487
[YOLOv5] epoch 98/100 running
[YOLOv5] validation: all         80         82      0.918      0.819      0.904      0.494
[YOLOv5] epoch 99/100 running
[YOLOv5] validation: all         80         82       0.93      0.814      0.903      0.496
[YOLOv5] epoch 100/100 running
[YOLOv5] validation: all         80         82       0.93      0.816      0.903      0.491
[YOLOv5] 100 epochs completed in 0.085 hours.
[YOLOv5] validation: all         80         82      0.908      0.841      0.915      0.512
[Task] training completed: 393.8s
[Task] evaluating: checkpoint=last, group=test, samples=80
[YOLOv5] validation: all         80         81       0.91      0.875      0.888      0.521
[Task] evaluation: checkpoint=last, group=test, mAP50-95=0.5211, mAP50=0.8878, time=17.8s
[Task] evaluating: checkpoint=best, group=test, samples=80
[YOLOv5] validation: all         80         81      0.881      0.889       0.88      0.479
[Task] evaluation: checkpoint=best, group=test, mAP50-95=0.4791, mAP50=0.8798, time=18.9s
[Task] completed: evaluation=36.7s, output=/home/lijinhe/work/YOLO_Retraining/runs/studies/0907_stroller_window10_learning_curve/experiment/sequence/StrollerWindow10Tau099_SplitS43__seq-full-cold__stage0-stage7__yolov5s__s42/tasks/006__stage6__full-cold
[Task] output: /home/lijinhe/work/YOLO_Retraining/runs/studies/0907_stroller_window10_learning_curve/experiment/sequence/StrollerWindow10Tau099_SplitS43__seq-full-cold__stage0-stage7__yolov5s__s42/tasks/007__stage7__full-cold
[Task] data: current=80, candidate=641, validation=80, test=80
[Task] selection: policy=full, selected=641, groups={'candidate': 641}, time=0.000s
[Task] training: backend=yolov5, epochs=100, batch=64, device=0
[YOLOv5] epoch 1/100 running
[YOLOv5] validation: all         80         82    0.00336      0.354     0.0132    0.00202
[YOLOv5] epoch 2/100 running
[YOLOv5] validation: all         80         82     0.0572      0.244      0.038      0.008
[YOLOv5] epoch 3/100 running
[YOLOv5] validation: all         80         82      0.015      0.585     0.0139    0.00387
[YOLOv5] epoch 4/100 running
[YOLOv5] validation: all         80         82      0.295      0.329      0.193     0.0426
[YOLOv5] epoch 5/100 running
[YOLOv5] validation: all         80         82        0.3      0.415      0.233     0.0625
[YOLOv5] epoch 6/100 running
[YOLOv5] validation: all         80         82      0.354      0.378      0.287     0.0652
[YOLOv5] epoch 7/100 running
[YOLOv5] validation: all         80         82      0.256      0.354      0.213     0.0526
[YOLOv5] epoch 8/100 running
[YOLOv5] validation: all         80         82       0.24      0.439      0.252     0.0656
[YOLOv5] epoch 9/100 running
[YOLOv5] validation: all         80         82      0.219      0.402      0.206     0.0598
[YOLOv5] epoch 10/100 running
[YOLOv5] validation: all         80         82      0.401      0.571      0.444      0.168
[YOLOv5] epoch 11/100 running
[YOLOv5] validation: all         80         82      0.121      0.598      0.104      0.033
[YOLOv5] epoch 12/100 running
[YOLOv5] validation: all         80         82      0.483      0.593      0.534      0.215
[YOLOv5] epoch 13/100 running
[YOLOv5] validation: all         80         82      0.428      0.451      0.446      0.161
[YOLOv5] epoch 14/100 running
[YOLOv5] validation: all         80         82       0.49      0.634      0.542      0.191
[YOLOv5] epoch 15/100 running
[YOLOv5] validation: all         80         82      0.772      0.707      0.761      0.295
[YOLOv5] epoch 16/100 running
[YOLOv5] validation: all         80         82      0.743      0.742      0.689      0.266
[YOLOv5] epoch 17/100 running
[YOLOv5] validation: all         80         82      0.726      0.732      0.742       0.29
[YOLOv5] epoch 18/100 running
[YOLOv5] validation: all         80         82      0.834      0.768        0.8      0.372
[YOLOv5] epoch 19/100 running
[YOLOv5] validation: all         80         82      0.858      0.634       0.73      0.312
[YOLOv5] epoch 20/100 running
[YOLOv5] validation: all         80         82      0.791      0.744      0.729      0.325
[YOLOv5] epoch 21/100 running
[YOLOv5] validation: all         80         82      0.825      0.524      0.704      0.345
[YOLOv5] epoch 22/100 running
[YOLOv5] validation: all         80         82      0.677      0.598      0.617      0.223
[YOLOv5] epoch 23/100 running
[YOLOv5] validation: all         80         82      0.767       0.72      0.728      0.311
[YOLOv5] epoch 24/100 running
[YOLOv5] validation: all         80         82       0.85      0.762      0.838      0.344
[YOLOv5] epoch 25/100 running
[YOLOv5] validation: all         80         82      0.737      0.768      0.772       0.35
[YOLOv5] epoch 26/100 running
[YOLOv5] validation: all         80         82       0.83      0.707      0.779      0.337
[YOLOv5] epoch 27/100 running
[YOLOv5] validation: all         80         82      0.765      0.716       0.75      0.318
[YOLOv5] epoch 28/100 running
[YOLOv5] validation: all         80         82      0.842       0.72      0.752      0.272
[YOLOv5] epoch 29/100 running
[YOLOv5] validation: all         80         82      0.804      0.744      0.808      0.299
[YOLOv5] epoch 30/100 running
[YOLOv5] validation: all         80         82      0.845      0.707       0.82      0.411
[YOLOv5] epoch 31/100 running
[YOLOv5] validation: all         80         82      0.687      0.756      0.758      0.329
[YOLOv5] epoch 32/100 running
[YOLOv5] validation: all         80         82      0.886      0.793      0.842      0.346
[YOLOv5] epoch 33/100 running
[YOLOv5] validation: all         80         82      0.826      0.817      0.821      0.354
[YOLOv5] epoch 34/100 running
[YOLOv5] validation: all         80         82      0.816      0.768      0.817      0.436
[YOLOv5] epoch 35/100 running
[YOLOv5] validation: all         80         82      0.846      0.744      0.794      0.361
[YOLOv5] epoch 36/100 running
[YOLOv5] validation: all         80         82      0.863      0.768      0.827      0.421
[YOLOv5] epoch 37/100 running
[YOLOv5] validation: all         80         82      0.853      0.779      0.805      0.361
[YOLOv5] epoch 38/100 running
[YOLOv5] validation: all         80         82      0.852       0.72      0.814      0.427
[YOLOv5] epoch 39/100 running
[YOLOv5] validation: all         80         82      0.885       0.78      0.839      0.417
[YOLOv5] epoch 40/100 running
[YOLOv5] validation: all         80         82      0.868      0.756      0.807      0.397
[YOLOv5] epoch 41/100 running
[YOLOv5] validation: all         80         82      0.849       0.78      0.834      0.417
[YOLOv5] epoch 42/100 running
[YOLOv5] validation: all         80         82      0.846       0.78      0.822      0.404
[YOLOv5] epoch 43/100 running
[YOLOv5] validation: all         80         82       0.83      0.756      0.826      0.441
[YOLOv5] epoch 44/100 running
[YOLOv5] validation: all         80         82      0.819      0.768      0.822       0.41
[YOLOv5] epoch 45/100 running
[YOLOv5] validation: all         80         82      0.838       0.78       0.83      0.418
[YOLOv5] epoch 46/100 running
[YOLOv5] validation: all         80         82        0.9      0.793      0.845      0.427
[YOLOv5] epoch 47/100 running
[YOLOv5] validation: all         80         82      0.939      0.793      0.871      0.408
[YOLOv5] epoch 48/100 running
[YOLOv5] validation: all         80         82      0.893      0.812       0.84      0.424
[YOLOv5] epoch 49/100 running
[YOLOv5] validation: all         80         82      0.933       0.72      0.821      0.401
[YOLOv5] epoch 50/100 running
[YOLOv5] validation: all         80         82      0.896      0.837      0.883      0.389
[YOLOv5] epoch 51/100 running
[YOLOv5] validation: all         80         82      0.926      0.805      0.893      0.449
[YOLOv5] epoch 52/100 running
[YOLOv5] validation: all         80         82      0.925      0.752      0.857      0.455
[YOLOv5] epoch 53/100 running
[YOLOv5] validation: all         80         82      0.885      0.768      0.826      0.409
[YOLOv5] epoch 54/100 running
[YOLOv5] validation: all         80         82      0.901      0.805      0.849      0.433
[YOLOv5] epoch 55/100 running
[YOLOv5] validation: all         80         82       0.86      0.824      0.854      0.407
[YOLOv5] epoch 56/100 running
[YOLOv5] validation: all         80         82      0.879      0.801      0.856       0.39
[YOLOv5] epoch 57/100 running
[YOLOv5] validation: all         80         82      0.864      0.777      0.864      0.441
[YOLOv5] epoch 58/100 running
[YOLOv5] validation: all         80         82      0.837       0.78      0.834      0.429
[YOLOv5] epoch 59/100 running
[YOLOv5] validation: all         80         82      0.879      0.805      0.814      0.426
[YOLOv5] epoch 60/100 running
[YOLOv5] validation: all         80         82      0.855      0.817      0.842       0.43
[YOLOv5] epoch 61/100 running
[YOLOv5] validation: all         80         82      0.905      0.829       0.84      0.426
[YOLOv5] epoch 62/100 running
[YOLOv5] validation: all         80         82      0.862      0.837      0.866      0.466
[YOLOv5] epoch 63/100 running
[YOLOv5] validation: all         80         82      0.906      0.829      0.887      0.476
[YOLOv5] epoch 64/100 running
[YOLOv5] validation: all         80         82      0.862      0.839      0.863      0.471
[YOLOv5] epoch 65/100 running
[YOLOv5] validation: all         80         82      0.883      0.854      0.889      0.496
[YOLOv5] epoch 66/100 running
[YOLOv5] validation: all         80         82        0.9      0.874      0.896      0.482
[YOLOv5] epoch 67/100 running
[YOLOv5] validation: all         80         82      0.904      0.829      0.879      0.478
[YOLOv5] epoch 68/100 running
[YOLOv5] validation: all         80         82       0.93      0.793      0.879      0.464
[YOLOv5] epoch 69/100 running
[YOLOv5] validation: all         80         82      0.906      0.821       0.87      0.461
[YOLOv5] epoch 70/100 running
[YOLOv5] validation: all         80         82      0.917      0.805      0.871      0.483
[YOLOv5] epoch 71/100 running
[YOLOv5] validation: all         80         82      0.866      0.829      0.866      0.454
[YOLOv5] epoch 72/100 running
[YOLOv5] validation: all         80         82      0.886       0.85      0.869      0.457
[YOLOv5] epoch 73/100 running
[YOLOv5] validation: all         80         82      0.897       0.85      0.882      0.481
[YOLOv5] epoch 74/100 running
[YOLOv5] validation: all         80         82      0.897      0.866      0.887      0.475
[YOLOv5] epoch 75/100 running
[YOLOv5] validation: all         80         82      0.885      0.841      0.878      0.456
[YOLOv5] epoch 76/100 running
[YOLOv5] validation: all         80         82      0.885      0.866      0.871      0.452
[YOLOv5] epoch 77/100 running
[YOLOv5] validation: all         80         82      0.867      0.829       0.87       0.47
[YOLOv5] epoch 78/100 running
[YOLOv5] validation: all         80         82      0.903      0.829      0.883      0.459
[YOLOv5] epoch 79/100 running
[YOLOv5] validation: all         80         82      0.887      0.861      0.895      0.496
[YOLOv5] epoch 80/100 running
[YOLOv5] validation: all         80         82      0.905      0.814      0.878      0.495
[YOLOv5] epoch 81/100 running
[YOLOv5] validation: all         80         82      0.877      0.817      0.872      0.487
[YOLOv5] epoch 82/100 running
[YOLOv5] validation: all         80         82      0.905      0.815      0.874      0.492
[YOLOv5] epoch 83/100 running
[YOLOv5] validation: all         80         82      0.925      0.854      0.906      0.514
[YOLOv5] epoch 84/100 running
[YOLOv5] validation: all         80         82      0.917      0.841      0.895      0.493
[YOLOv5] epoch 85/100 running
[YOLOv5] validation: all         80         82       0.92      0.841      0.896      0.499
[YOLOv5] epoch 86/100 running
[YOLOv5] validation: all         80         82      0.907      0.866        0.9      0.508
[YOLOv5] epoch 87/100 running
[YOLOv5] validation: all         80         82       0.92      0.841      0.901      0.498
[YOLOv5] epoch 88/100 running
[YOLOv5] validation: all         80         82       0.92      0.841      0.898      0.502
[YOLOv5] epoch 89/100 running
[YOLOv5] validation: all         80         82      0.898      0.861      0.878      0.476
[YOLOv5] epoch 90/100 running
[YOLOv5] validation: all         80         82      0.918      0.866      0.893      0.487
[YOLOv5] epoch 91/100 running
[YOLOv5] validation: all         80         82      0.924      0.884      0.898      0.508
[YOLOv5] epoch 92/100 running
[YOLOv5] validation: all         80         82      0.921      0.853      0.891      0.499
[YOLOv5] epoch 93/100 running
[YOLOv5] validation: all         80         82      0.921      0.854      0.898      0.518
[YOLOv5] epoch 94/100 running
[YOLOv5] validation: all         80         82      0.908      0.839       0.89      0.506
[YOLOv5] epoch 95/100 running
[YOLOv5] validation: all         80         82      0.908      0.838      0.889      0.515
[YOLOv5] epoch 96/100 running
[YOLOv5] validation: all         80         82      0.903      0.829      0.886      0.495
[YOLOv5] epoch 97/100 running
[YOLOv5] validation: all         80         82       0.92      0.841      0.897      0.504
[YOLOv5] epoch 98/100 running
[YOLOv5] validation: all         80         82      0.932       0.84      0.899      0.515
[YOLOv5] epoch 99/100 running
[YOLOv5] validation: all         80         82      0.921       0.85      0.899      0.512
[YOLOv5] epoch 100/100 running
[YOLOv5] validation: all         80         82      0.921       0.85      0.898      0.516
[YOLOv5] 100 epochs completed in 0.192 hours.
[YOLOv5] validation: all         80         82      0.925      0.854      0.906      0.515
[Task] training completed: 784.7s
[Task] evaluating: checkpoint=last, group=test, samples=80
[YOLOv5] validation: all         80         81      0.872      0.839      0.854      0.503
[Task] evaluation: checkpoint=last, group=test, mAP50-95=0.5034, mAP50=0.8543, time=16.7s
[Task] evaluating: checkpoint=best, group=test, samples=80
[YOLOv5] validation: all         80         81      0.858      0.818      0.845      0.506
[Task] evaluation: checkpoint=best, group=test, mAP50-95=0.5060, mAP50=0.8448, time=17.7s
[Task] completed: evaluation=34.5s, output=/home/lijinhe/work/YOLO_Retraining/runs/studies/0907_stroller_window10_learning_curve/experiment/sequence/StrollerWindow10Tau099_SplitS43__seq-full-cold__stage0-stage7__yolov5s__s42/tasks/007__stage7__full-cold
/home/lijinhe/work/YOLO_Retraining/runs/studies/0907_stroller_window10_learning_curve/experiment/sequence/StrollerWindow10Tau099_SplitS43__seq-full-cold__stage0-stage7__yolov5s__s42
{
  "study": "0907_stroller_window10_learning_curve",
  "status": "completed",
  "split_seeds": [
    41,
    42,
    43
  ],
  "training_seed_schedule": "42-49 per sequence",
  "metric_source": "task_result.json -> metrics.best.test",
  "x_axis": "task_result.json -> cost.selected_count",
  "test_images_per_curve": 80,
  "protocol_validation": {
    "x_points": [
      81,
      161,
      241,
      321,
      401,
      481,
      561,
      641
    ],
    "per_stage": [
      {
        "stage": 0,
        "cumulative_train_images": 81,
        "map50_95_mean": 0.35050440162928415,
        "map50_95_min": 0.2872708253482851,
        "map50_95_max": 0.3988005401898487,
        "map50_95_range": 0.1115297148415636,
        "map50_mean": 0.7880681282263664,
        "map50_min": 0.7067068010008889,
        "map50_max": 0.8391240273931654,
        "map50_range": 0.1324172263922765
      },
      {
        "stage": 1,
        "cumulative_train_images": 161,
        "map50_95_mean": 0.4348724356007712,
        "map50_95_min": 0.3995028151525674,
        "map50_95_max": 0.4607949629172663,
        "map50_95_range": 0.06129214776469888,
        "map50_mean": 0.8521162930364218,
        "map50_min": 0.819482292107379,
        "map50_max": 0.8752402302336326,
        "map50_range": 0.055757938126253626
      },
      {
        "stage": 2,
        "cumulative_train_images": 241,
        "map50_95_mean": 0.4604026151537301,
        "map50_95_min": 0.44650088100274476,
        "map50_95_max": 0.47465292398235465,
        "map50_95_range": 0.02815204297960988,
        "map50_mean": 0.8796206937670515,
        "map50_min": 0.8671810983798462,
        "map50_max": 0.8976710886754693,
        "map50_range": 0.03048999029562305
      },
      {
        "stage": 3,
        "cumulative_train_images": 321,
        "map50_95_mean": 0.47451418144158625,
        "map50_95_min": 0.45807963212785985,
        "map50_95_max": 0.4944333002943952,
        "map50_95_range": 0.03635366816653535,
        "map50_mean": 0.8761431354189341,
        "map50_min": 0.8558976857604809,
        "map50_max": 0.8947632391901337,
        "map50_range": 0.03886555342965281
      },
      {
        "stage": 4,
        "cumulative_train_images": 401,
        "map50_95_mean": 0.4624159395611676,
        "map50_95_min": 0.4155306201211048,
        "map50_95_max": 0.4939775469323607,
        "map50_95_range": 0.07844692681125587,
        "map50_mean": 0.9007048891946284,
        "map50_min": 0.860658953774012,
        "map50_max": 0.9350288097475989,
        "map50_range": 0.07436985597358692
      },
      {
        "stage": 5,
        "cumulative_train_images": 481,
        "map50_95_mean": 0.5173292498870435,
        "map50_95_min": 0.47341098754424704,
        "map50_95_max": 0.5545138229409831,
        "map50_95_range": 0.08110283539673602,
        "map50_mean": 0.919225667019381,
        "map50_min": 0.8913654581496189,
        "map50_max": 0.9491044604821045,
        "map50_range": 0.057739002332485634
      },
      {
        "stage": 6,
        "cumulative_train_images": 561,
        "map50_95_mean": 0.48296119078940863,
        "map50_95_min": 0.4403200952652517,
        "map50_95_max": 0.5294632265649468,
        "map50_95_range": 0.08914313129969514,
        "map50_mean": 0.8925792709678216,
        "map50_min": 0.8648959552971097,
        "map50_max": 0.9329969656517862,
        "map50_range": 0.06810101035467653
      },
      {
        "stage": 7,
        "cumulative_train_images": 641,
        "map50_95_mean": 0.5121904881441012,
        "map50_95_min": 0.4965222207724816,
        "map50_95_max": 0.5340989251631411,
        "map50_95_range": 0.037576704390659466,
        "map50_mean": 0.8962795124875241,
        "map50_min": 0.844846716856723,
        "map50_max": 0.9233226087859783,
        "map50_range": 0.0784758919292553
      }
    ]
  },
  "outputs": {
    "csv": "metrics_by_split_seed.csv",
    "png": "learning_curve_by_split_seed.png",
    "svg": "learning_curve_by_split_seed.svg"
  }
}
[Study] all three sequences and the learning-curve summary completed.
