[Task] output: /home/lijinhe/work/YOLO_Retraining/runs/studies/0907_stroller_window10_learning_curve/experiment/sequence/StrollerWindow10Tau099_SplitS42__seq-full-cold__stage0-stage7__yolov5s__s42/tasks/000__stage0__full-cold
[Task] data: current=81, candidate=81, validation=80, test=80
[Task] selection: policy=full, selected=81, groups={'candidate': 81}, time=0.000s
[Task] training: backend=yolov5, epochs=100, batch=64, device=0
[YOLOv5] epoch 1/100 running
[YOLOv5] validation: all         80         84   0.000885     0.0714   0.000487   0.000104
[YOLOv5] epoch 2/100 running
[YOLOv5] validation: all         80         84   0.000836     0.0714   0.000472   0.000107
[YOLOv5] epoch 3/100 running
[YOLOv5] validation: all         80         84    0.00115      0.107   0.000655   0.000143
[YOLOv5] epoch 4/100 running
[YOLOv5] validation: all         80         84    0.00137      0.143   0.000846   0.000188
[YOLOv5] epoch 5/100 running
[YOLOv5] validation: all         80         84    0.00197      0.238     0.0013   0.000265
[YOLOv5] epoch 6/100 running
[YOLOv5] validation: all         80         84    0.00246      0.345    0.00287    0.00057
[YOLOv5] epoch 7/100 running
[YOLOv5] validation: all         80         84    0.00296      0.476     0.0139    0.00216
[YOLOv5] epoch 8/100 running
[YOLOv5] validation: all         80         84    0.00344      0.607     0.0278    0.00447
[YOLOv5] epoch 9/100 running
[YOLOv5] validation: all         80         84    0.00399       0.75     0.0424    0.00653
[YOLOv5] epoch 10/100 running
[YOLOv5] validation: all         80         84    0.00389      0.774     0.0801     0.0165
[YOLOv5] epoch 11/100 running
[YOLOv5] validation: all         80         84    0.00788       0.69     0.0811      0.017
[YOLOv5] epoch 12/100 running
[YOLOv5] validation: all         80         84     0.0135      0.619      0.112      0.023
[YOLOv5] epoch 13/100 running
[YOLOv5] validation: all         80         84     0.0165      0.464     0.0411    0.00802
[YOLOv5] epoch 14/100 running
[YOLOv5] validation: all         80         84     0.0618      0.631      0.155     0.0392
[YOLOv5] epoch 15/100 running
[YOLOv5] validation: all         80         84    0.00341      0.881     0.0104    0.00282
[YOLOv5] epoch 16/100 running
[YOLOv5] validation: all         80         84     0.0533      0.536      0.132     0.0315
[YOLOv5] epoch 17/100 running
[YOLOv5] validation: all         80         84     0.0474      0.512     0.0923     0.0218
[YOLOv5] epoch 18/100 running
[YOLOv5] validation: all         80         84      0.163      0.298      0.125     0.0321
[YOLOv5] epoch 19/100 running
[YOLOv5] validation: all         80         84      0.209       0.44      0.184       0.05
[YOLOv5] epoch 20/100 running
[YOLOv5] validation: all         80         84      0.226      0.381       0.18     0.0522
[YOLOv5] epoch 21/100 running
[YOLOv5] validation: all         80         84      0.248      0.298       0.17     0.0378
[YOLOv5] epoch 22/100 running
[YOLOv5] validation: all         80         84      0.308      0.357      0.279     0.0826
[YOLOv5] epoch 23/100 running
[YOLOv5] validation: all         80         84      0.231      0.229      0.185     0.0479
[YOLOv5] epoch 24/100 running
[YOLOv5] validation: all         80         84        0.5      0.333      0.361      0.109
[YOLOv5] epoch 25/100 running
[YOLOv5] validation: all         80         84       0.42      0.238      0.228      0.052
[YOLOv5] epoch 26/100 running
[YOLOv5] validation: all         80         84      0.455       0.31      0.351     0.0972
[YOLOv5] epoch 27/100 running
[YOLOv5] validation: all         80         84      0.534      0.405      0.437      0.145
[YOLOv5] epoch 28/100 running
[YOLOv5] validation: all         80         84      0.454      0.345      0.382      0.125
[YOLOv5] epoch 29/100 running
[YOLOv5] validation: all         80         84      0.528      0.476      0.491       0.17
[YOLOv5] epoch 30/100 running
[YOLOv5] validation: all         80         84      0.467      0.369      0.393      0.123
[YOLOv5] epoch 31/100 running
[YOLOv5] validation: all         80         84      0.439      0.446      0.434      0.145
[YOLOv5] epoch 32/100 running
[YOLOv5] validation: all         80         84      0.364      0.476      0.334     0.0986
[YOLOv5] epoch 33/100 running
[YOLOv5] validation: all         80         84      0.544      0.452      0.438      0.152
[YOLOv5] epoch 34/100 running
[YOLOv5] validation: all         80         84        0.4       0.31      0.355     0.0837
[YOLOv5] epoch 35/100 running
[YOLOv5] validation: all         80         84      0.454      0.429      0.394      0.133
[YOLOv5] epoch 36/100 running
[YOLOv5] validation: all         80         84      0.579      0.381      0.412       0.13
[YOLOv5] epoch 37/100 running
[YOLOv5] validation: all         80         84      0.609      0.405      0.454      0.148
[YOLOv5] epoch 38/100 running
[YOLOv5] validation: all         80         84      0.567       0.42      0.443      0.131
[YOLOv5] epoch 39/100 running
[YOLOv5] validation: all         80         84      0.644      0.405      0.419      0.164
[YOLOv5] epoch 40/100 running
[YOLOv5] validation: all         80         84      0.557      0.452      0.461      0.162
[YOLOv5] epoch 41/100 running
[YOLOv5] validation: all         80         84      0.578      0.464      0.474      0.165
[YOLOv5] epoch 42/100 running
[YOLOv5] validation: all         80         84      0.504      0.452       0.45      0.154
[YOLOv5] epoch 43/100 running
[YOLOv5] validation: all         80         84      0.554       0.44      0.464       0.18
[YOLOv5] epoch 44/100 running
[YOLOv5] validation: all         80         84      0.654      0.451      0.477      0.156
[YOLOv5] epoch 45/100 running
[YOLOv5] validation: all         80         84      0.645      0.429      0.506      0.176
[YOLOv5] epoch 46/100 running
[YOLOv5] validation: all         80         84      0.745      0.417      0.512       0.19
[YOLOv5] epoch 47/100 running
[YOLOv5] validation: all         80         84      0.502      0.468      0.485      0.213
[YOLOv5] epoch 48/100 running
[YOLOv5] validation: all         80         84      0.579      0.381      0.446       0.15
[YOLOv5] epoch 49/100 running
[YOLOv5] validation: all         80         84      0.502      0.512        0.5      0.149
[YOLOv5] epoch 50/100 running
[YOLOv5] validation: all         80         84      0.738        0.5      0.582      0.191
[YOLOv5] epoch 51/100 running
[YOLOv5] validation: all         80         84      0.698      0.549      0.608      0.197
[YOLOv5] epoch 52/100 running
[YOLOv5] validation: all         80         84      0.641      0.551      0.607       0.23
[YOLOv5] epoch 53/100 running
[YOLOv5] validation: all         80         84      0.507      0.548      0.526      0.202
[YOLOv5] epoch 54/100 running
[YOLOv5] validation: all         80         84      0.743      0.551      0.655      0.241
[YOLOv5] epoch 55/100 running
[YOLOv5] validation: all         80         84      0.792      0.488      0.652      0.236
[YOLOv5] epoch 56/100 running
[YOLOv5] validation: all         80         84      0.789      0.488      0.597       0.19
[YOLOv5] epoch 57/100 running
[YOLOv5] validation: all         80         84      0.749      0.571      0.665      0.234
[YOLOv5] epoch 58/100 running
[YOLOv5] validation: all         80         84      0.806      0.496      0.641      0.257
[YOLOv5] epoch 59/100 running
[YOLOv5] validation: all         80         84      0.803      0.464      0.622      0.211
[YOLOv5] epoch 60/100 running
[YOLOv5] validation: all         80         84      0.801        0.5      0.608      0.239
[YOLOv5] epoch 61/100 running
[YOLOv5] validation: all         80         84      0.736      0.497      0.608      0.243
[YOLOv5] epoch 62/100 running
[YOLOv5] validation: all         80         84      0.855        0.5      0.668      0.279
[YOLOv5] epoch 63/100 running
[YOLOv5] validation: all         80         84      0.754       0.51      0.634      0.228
[YOLOv5] epoch 64/100 running
[YOLOv5] validation: all         80         84      0.694      0.405      0.501      0.202
[YOLOv5] epoch 65/100 running
[YOLOv5] validation: all         80         84      0.652      0.488      0.549       0.23
[YOLOv5] epoch 66/100 running
[YOLOv5] validation: all         80         84      0.637      0.405      0.488      0.195
[YOLOv5] epoch 67/100 running
[YOLOv5] validation: all         80         84      0.596      0.544      0.574      0.236
[YOLOv5] epoch 68/100 running
[YOLOv5] validation: all         80         84      0.816      0.474       0.59      0.246
[YOLOv5] epoch 69/100 running
[YOLOv5] validation: all         80         84      0.652        0.5      0.566      0.242
[YOLOv5] epoch 70/100 running
[YOLOv5] validation: all         80         84      0.899      0.536      0.652      0.241
[YOLOv5] epoch 71/100 running
[YOLOv5] validation: all         80         84      0.776      0.571       0.66      0.251
[YOLOv5] epoch 72/100 running
[YOLOv5] validation: all         80         84      0.818      0.524      0.598      0.236
[YOLOv5] epoch 73/100 running
[YOLOv5] validation: all         80         84      0.779      0.503      0.582      0.241
[YOLOv5] epoch 74/100 running
[YOLOv5] validation: all         80         84      0.822       0.44      0.547      0.228
[YOLOv5] epoch 75/100 running
[YOLOv5] validation: all         80         84      0.689      0.449      0.486      0.181
[YOLOv5] epoch 76/100 running
[YOLOv5] validation: all         80         84      0.785      0.464       0.56      0.238
[YOLOv5] epoch 77/100 running
[YOLOv5] validation: all         80         84      0.785      0.478      0.583      0.254
[YOLOv5] epoch 78/100 running
[YOLOv5] validation: all         80         84      0.837      0.536      0.624      0.263
[YOLOv5] epoch 79/100 running
[YOLOv5] validation: all         80         84      0.821      0.546      0.625      0.261
[YOLOv5] epoch 80/100 running
[YOLOv5] validation: all         80         84      0.808      0.571      0.626      0.263
[YOLOv5] epoch 81/100 running
[YOLOv5] validation: all         80         84      0.825      0.562      0.632      0.281
[YOLOv5] epoch 82/100 running
[YOLOv5] validation: all         80         84      0.839       0.56      0.641      0.281
[YOLOv5] epoch 83/100 running
[YOLOv5] validation: all         80         84      0.836       0.56      0.638      0.293
[YOLOv5] epoch 84/100 running
[YOLOv5] validation: all         80         84      0.808      0.571      0.652      0.291
[YOLOv5] epoch 85/100 running
[YOLOv5] validation: all         80         84      0.794      0.595      0.677      0.281
[YOLOv5] epoch 86/100 running
[YOLOv5] validation: all         80         84      0.778      0.584      0.638      0.286
[YOLOv5] epoch 87/100 running
[YOLOv5] validation: all         80         84      0.792       0.59      0.654      0.291
[YOLOv5] epoch 88/100 running
[YOLOv5] validation: all         80         84      0.813      0.621      0.685      0.282
[YOLOv5] epoch 89/100 running
[YOLOv5] validation: all         80         84      0.825      0.619      0.676      0.291
[YOLOv5] epoch 90/100 running
[YOLOv5] validation: all         80         84      0.799      0.607      0.663       0.29
[YOLOv5] epoch 91/100 running
[YOLOv5] validation: all         80         84      0.811      0.613      0.674       0.29
[YOLOv5] epoch 92/100 running
[YOLOv5] validation: all         80         84      0.861      0.595      0.667      0.296
[YOLOv5] epoch 93/100 running
[YOLOv5] validation: all         80         84      0.885      0.641      0.708       0.29
[YOLOv5] epoch 94/100 running
[YOLOv5] validation: all         80         84      0.802      0.607      0.644      0.282
[YOLOv5] epoch 95/100 running
[YOLOv5] validation: all         80         84      0.815      0.607      0.639      0.289
[YOLOv5] epoch 96/100 running
[YOLOv5] validation: all         80         84      0.829      0.619      0.664      0.293
[YOLOv5] epoch 97/100 running
[YOLOv5] validation: all         80         84       0.84      0.619      0.664      0.293
[YOLOv5] epoch 98/100 running
[YOLOv5] validation: all         80         84      0.826      0.621      0.668      0.296
[YOLOv5] epoch 99/100 running
[YOLOv5] validation: all         80         84      0.857      0.642      0.686      0.305
[YOLOv5] epoch 100/100 running
[YOLOv5] validation: all         80         84      0.813       0.62       0.66      0.299
[YOLOv5] 100 epochs completed in 0.041 hours.
[YOLOv5] validation: all         80         84      0.884      0.636      0.709       0.29
[Task] training completed: 183.4s
[Task] evaluating: checkpoint=last, group=test, samples=80
[YOLOv5] validation: all         80         85      0.817      0.786      0.809      0.382
[Task] evaluation: checkpoint=last, group=test, mAP50-95=0.3823, mAP50=0.8090, time=19.3s
[Task] evaluating: checkpoint=best, group=test, samples=80
[YOLOv5] validation: all         80         85      0.823      0.776      0.818      0.365
[Task] evaluation: checkpoint=best, group=test, mAP50-95=0.3654, mAP50=0.8184, time=19.7s
[Task] completed: evaluation=39.0s, output=/home/lijinhe/work/YOLO_Retraining/runs/studies/0907_stroller_window10_learning_curve/experiment/sequence/StrollerWindow10Tau099_SplitS42__seq-full-cold__stage0-stage7__yolov5s__s42/tasks/000__stage0__full-cold
[Task] output: /home/lijinhe/work/YOLO_Retraining/runs/studies/0907_stroller_window10_learning_curve/experiment/sequence/StrollerWindow10Tau099_SplitS42__seq-full-cold__stage0-stage7__yolov5s__s42/tasks/001__stage1__full-cold
[Task] data: current=80, candidate=161, validation=80, test=80
[Task] selection: policy=full, selected=161, groups={'candidate': 161}, time=0.000s
[Task] training: backend=yolov5, epochs=100, batch=64, device=0
[YOLOv5] epoch 1/100 running
[YOLOv5] validation: all         80         84   0.000336     0.0357   0.000197    3.1e-05
[YOLOv5] epoch 2/100 running
[YOLOv5] validation: all         80         84    0.00166      0.214    0.00133    0.00024
[YOLOv5] epoch 3/100 running
[YOLOv5] validation: all         80         84    0.00167      0.274     0.0029   0.000937
[YOLOv5] epoch 4/100 running
[YOLOv5] validation: all         80         84    0.00286      0.548     0.0264    0.00482
[YOLOv5] epoch 5/100 running
[YOLOv5] validation: all         80         84     0.0232      0.417     0.0245    0.00393
[YOLOv5] epoch 6/100 running
[YOLOv5] validation: all         80         84     0.0214       0.31      0.015    0.00293
[YOLOv5] epoch 7/100 running
[YOLOv5] validation: all         80         84      0.121      0.275     0.0922     0.0163
[YOLOv5] epoch 8/100 running
[YOLOv5] validation: all         80         84     0.0827       0.25     0.0573      0.011
[YOLOv5] epoch 9/100 running
[YOLOv5] validation: all         80         84    0.00302      0.833    0.00556    0.00133
[YOLOv5] epoch 10/100 running
[YOLOv5] validation: all         80         84     0.0415      0.286     0.0359    0.00865
[YOLOv5] epoch 11/100 running
[YOLOv5] validation: all         80         84     0.0639      0.393     0.0987     0.0209
[YOLOv5] epoch 12/100 running
[YOLOv5] validation: all         80         84      0.148      0.298      0.161      0.036
[YOLOv5] epoch 13/100 running
[YOLOv5] validation: all         80         84      0.238      0.369      0.231     0.0566
[YOLOv5] epoch 14/100 running
[YOLOv5] validation: all         80         84      0.345      0.286      0.242      0.058
[YOLOv5] epoch 15/100 running
[YOLOv5] validation: all         80         84      0.317      0.381      0.281     0.0828
[YOLOv5] epoch 16/100 running
[YOLOv5] validation: all         80         84       0.45      0.405      0.357     0.0874
[YOLOv5] epoch 17/100 running
[YOLOv5] validation: all         80         84     0.0374     0.0952     0.0233     0.0058
[YOLOv5] epoch 18/100 running
[YOLOv5] validation: all         80         84      0.397      0.464      0.333     0.0889
[YOLOv5] epoch 19/100 running
[YOLOv5] validation: all         80         84      0.513      0.414      0.355     0.0881
[YOLOv5] epoch 20/100 running
[YOLOv5] validation: all         80         84      0.371      0.436      0.286     0.0686
[YOLOv5] epoch 21/100 running
[YOLOv5] validation: all         80         84      0.524      0.471      0.398     0.0969
[YOLOv5] epoch 22/100 running
[YOLOv5] validation: all         80         84       0.32      0.512      0.246     0.0621
[YOLOv5] epoch 23/100 running
[YOLOv5] validation: all         80         84      0.262      0.405      0.236     0.0632
[YOLOv5] epoch 24/100 running
[YOLOv5] validation: all         80         84      0.306      0.488      0.292     0.0798
[YOLOv5] epoch 25/100 running
[YOLOv5] validation: all         80         84      0.294      0.369      0.215     0.0618
[YOLOv5] epoch 26/100 running
[YOLOv5] validation: all         80         84      0.437      0.512      0.417      0.132
[YOLOv5] epoch 27/100 running
[YOLOv5] validation: all         80         84       0.27      0.369      0.226       0.08
[YOLOv5] epoch 28/100 running
[YOLOv5] validation: all         80         84      0.492      0.381      0.416     0.0991
[YOLOv5] epoch 29/100 running
[YOLOv5] validation: all         80         84      0.341      0.381      0.315       0.11
[YOLOv5] epoch 30/100 running
[YOLOv5] validation: all         80         84      0.502      0.464      0.478      0.147
[YOLOv5] epoch 31/100 running
[YOLOv5] validation: all         80         84       0.31      0.405      0.276     0.0847
[YOLOv5] epoch 32/100 running
[YOLOv5] validation: all         80         84      0.532       0.44      0.452      0.161
[YOLOv5] epoch 33/100 running
[YOLOv5] validation: all         80         84       0.41      0.405       0.35      0.116
[YOLOv5] epoch 34/100 running
[YOLOv5] validation: all         80         84      0.529       0.56      0.558      0.191
[YOLOv5] epoch 35/100 running
[YOLOv5] validation: all         80         84      0.346      0.536      0.371      0.145
[YOLOv5] epoch 36/100 running
[YOLOv5] validation: all         80         84      0.383      0.643      0.455      0.166
[YOLOv5] epoch 37/100 running
[YOLOv5] validation: all         80         84      0.425       0.56      0.498      0.184
[YOLOv5] epoch 38/100 running
[YOLOv5] validation: all         80         84      0.615      0.595      0.619      0.221
[YOLOv5] epoch 39/100 running
[YOLOv5] validation: all         80         84      0.481      0.353      0.393      0.132
[YOLOv5] epoch 40/100 running
[YOLOv5] validation: all         80         84      0.717      0.571      0.652      0.245
[YOLOv5] epoch 41/100 running
[YOLOv5] validation: all         80         84      0.615      0.655       0.64      0.223
[YOLOv5] epoch 42/100 running
[YOLOv5] validation: all         80         84      0.831      0.417      0.533      0.186
[YOLOv5] epoch 43/100 running
[YOLOv5] validation: all         80         84      0.614      0.655       0.65      0.229
[YOLOv5] epoch 44/100 running
[YOLOv5] validation: all         80         84      0.625      0.417      0.504      0.178
[YOLOv5] epoch 45/100 running
[YOLOv5] validation: all         80         84      0.751      0.681      0.736      0.276
[YOLOv5] epoch 46/100 running
[YOLOv5] validation: all         80         84       0.36      0.548      0.418      0.135
[YOLOv5] epoch 47/100 running
[YOLOv5] validation: all         80         84      0.694      0.667      0.693      0.265
[YOLOv5] epoch 48/100 running
[YOLOv5] validation: all         80         84      0.576      0.486      0.508      0.191
[YOLOv5] epoch 49/100 running
[YOLOv5] validation: all         80         84      0.725      0.626      0.662       0.25
[YOLOv5] epoch 50/100 running
[YOLOv5] validation: all         80         84      0.642      0.511      0.555      0.184
[YOLOv5] epoch 51/100 running
[YOLOv5] validation: all         80         84      0.731      0.614      0.669      0.258
[YOLOv5] epoch 52/100 running
[YOLOv5] validation: all         80         84      0.562      0.571      0.538      0.198
[YOLOv5] epoch 53/100 running
[YOLOv5] validation: all         80         84      0.773      0.702      0.761      0.283
[YOLOv5] epoch 54/100 running
[YOLOv5] validation: all         80         84      0.634      0.577      0.605      0.212
[YOLOv5] epoch 55/100 running
[YOLOv5] validation: all         80         84      0.716       0.69       0.69      0.269
[YOLOv5] epoch 56/100 running
[YOLOv5] validation: all         80         84      0.773      0.689      0.753      0.291
[YOLOv5] epoch 57/100 running
[YOLOv5] validation: all         80         84      0.783      0.702      0.741      0.288
[YOLOv5] epoch 58/100 running
[YOLOv5] validation: all         80         84      0.792      0.681      0.732      0.301
[YOLOv5] epoch 59/100 running
[YOLOv5] validation: all         80         84      0.851      0.682      0.752       0.31
[YOLOv5] epoch 60/100 running
[YOLOv5] validation: all         80         84      0.805       0.69      0.771      0.317
[YOLOv5] epoch 61/100 running
[YOLOv5] validation: all         80         84      0.856       0.69       0.82      0.347
[YOLOv5] epoch 62/100 running
[YOLOv5] validation: all         80         84      0.702      0.726      0.739      0.308
[YOLOv5] epoch 63/100 running
[YOLOv5] validation: all         80         84      0.764      0.726      0.764      0.338
[YOLOv5] epoch 64/100 running
[YOLOv5] validation: all         80         84      0.708      0.738      0.747      0.311
[YOLOv5] epoch 65/100 running
[YOLOv5] validation: all         80         84      0.728      0.762      0.768      0.333
[YOLOv5] epoch 66/100 running
[YOLOv5] validation: all         80         84      0.688      0.738      0.727      0.311
[YOLOv5] epoch 67/100 running
[YOLOv5] validation: all         80         84      0.753      0.727      0.763      0.347
[YOLOv5] epoch 68/100 running
[YOLOv5] validation: all         80         84      0.786       0.75      0.822      0.359
[YOLOv5] epoch 69/100 running
[YOLOv5] validation: all         80         84      0.764      0.657      0.739      0.308
[YOLOv5] epoch 70/100 running
[YOLOv5] validation: all         80         84      0.865      0.685       0.78      0.351
[YOLOv5] epoch 71/100 running
[YOLOv5] validation: all         80         84       0.79      0.714      0.752      0.312
[YOLOv5] epoch 72/100 running
[YOLOv5] validation: all         80         84      0.873      0.714      0.822      0.337
[YOLOv5] epoch 73/100 running
[YOLOv5] validation: all         80         84      0.818      0.738       0.79      0.327
[YOLOv5] epoch 74/100 running
[YOLOv5] validation: all         80         84      0.826      0.726      0.802      0.336
[YOLOv5] epoch 75/100 running
[YOLOv5] validation: all         80         84      0.786      0.698      0.737      0.306
[YOLOv5] epoch 76/100 running
[YOLOv5] validation: all         80         84      0.837       0.69      0.784      0.354
[YOLOv5] epoch 77/100 running
[YOLOv5] validation: all         80         84      0.734      0.714       0.75      0.322
[YOLOv5] epoch 78/100 running
[YOLOv5] validation: all         80         84      0.867      0.595      0.747      0.326
[YOLOv5] epoch 79/100 running
[YOLOv5] validation: all         80         84      0.761      0.726      0.794       0.34
[YOLOv5] epoch 80/100 running
[YOLOv5] validation: all         80         84      0.776      0.738      0.779      0.346
[YOLOv5] epoch 81/100 running
[YOLOv5] validation: all         80         84      0.778      0.726      0.775       0.33
[YOLOv5] epoch 82/100 running
[YOLOv5] validation: all         80         84      0.779      0.738      0.788      0.344
[YOLOv5] epoch 83/100 running
[YOLOv5] validation: all         80         84      0.766      0.774      0.794      0.335
[YOLOv5] epoch 84/100 running
[YOLOv5] validation: all         80         84      0.755      0.738      0.764      0.358
[YOLOv5] epoch 85/100 running
[YOLOv5] validation: all         80         84      0.787      0.703      0.762      0.328
[YOLOv5] epoch 86/100 running
[YOLOv5] validation: all         80         84      0.898       0.69        0.8       0.36
[YOLOv5] epoch 87/100 running
[YOLOv5] validation: all         80         84      0.861      0.663      0.764      0.346
[YOLOv5] epoch 88/100 running
[YOLOv5] validation: all         80         84      0.816      0.737      0.785      0.353
[YOLOv5] epoch 89/100 running
[YOLOv5] validation: all         80         84      0.817      0.726      0.784      0.346
[YOLOv5] epoch 90/100 running
[YOLOv5] validation: all         80         84      0.811      0.738       0.78      0.344
[YOLOv5] epoch 91/100 running
[YOLOv5] validation: all         80         84      0.845      0.738      0.784      0.347
[YOLOv5] epoch 92/100 running
[YOLOv5] validation: all         80         84      0.892      0.689      0.788      0.365
[YOLOv5] epoch 93/100 running
[YOLOv5] validation: all         80         84      0.889       0.69      0.785      0.338
[YOLOv5] epoch 94/100 running
[YOLOv5] validation: all         80         84      0.888       0.69      0.801      0.367
[YOLOv5] epoch 95/100 running
[YOLOv5] validation: all         80         84       0.89       0.69      0.802      0.362
[YOLOv5] epoch 96/100 running
[YOLOv5] validation: all         80         84      0.917      0.656      0.797      0.364
[YOLOv5] epoch 97/100 running
[YOLOv5] validation: all         80         84      0.932      0.654      0.778      0.361
[YOLOv5] epoch 98/100 running
[YOLOv5] validation: all         80         84      0.933       0.66      0.778       0.37
[YOLOv5] epoch 99/100 running
[YOLOv5] validation: all         80         84       0.89      0.673      0.777      0.363
[YOLOv5] epoch 100/100 running
[YOLOv5] validation: all         80         84       0.89      0.675      0.786       0.37
[YOLOv5] 100 epochs completed in 0.044 hours.
[YOLOv5] validation: all         80         84      0.883       0.72      0.822      0.337
[Task] training completed: 192.7s
[Task] evaluating: checkpoint=last, group=test, samples=80
[YOLOv5] validation: all         80         85      0.919      0.802      0.902      0.473
[Task] evaluation: checkpoint=last, group=test, mAP50-95=0.4727, mAP50=0.9016, time=19.3s
[Task] evaluating: checkpoint=best, group=test, samples=80
[YOLOv5] validation: all         80         85      0.803      0.861      0.862      0.461
[Task] evaluation: checkpoint=best, group=test, mAP50-95=0.4608, mAP50=0.8616, time=19.6s
[Task] completed: evaluation=38.9s, output=/home/lijinhe/work/YOLO_Retraining/runs/studies/0907_stroller_window10_learning_curve/experiment/sequence/StrollerWindow10Tau099_SplitS42__seq-full-cold__stage0-stage7__yolov5s__s42/tasks/001__stage1__full-cold
[Task] output: /home/lijinhe/work/YOLO_Retraining/runs/studies/0907_stroller_window10_learning_curve/experiment/sequence/StrollerWindow10Tau099_SplitS42__seq-full-cold__stage0-stage7__yolov5s__s42/tasks/002__stage2__full-cold
[Task] data: current=80, candidate=241, validation=80, test=80
[Task] selection: policy=full, selected=241, groups={'candidate': 241}, time=0.000s
[Task] training: backend=yolov5, epochs=100, batch=64, device=0
[YOLOv5] epoch 1/100 running
[YOLOv5] validation: all         80         84   0.000127     0.0119   6.47e-05   1.29e-05
[YOLOv5] epoch 2/100 running
[YOLOv5] validation: all         80         84    0.00145      0.179   0.000887    0.00015
[YOLOv5] epoch 3/100 running
[YOLOv5] validation: all         80         84    0.00352      0.583    0.00998    0.00178
[YOLOv5] epoch 4/100 running
[YOLOv5] validation: all         80         84     0.0038      0.774     0.0179    0.00383
[YOLOv5] epoch 5/100 running
[YOLOv5] validation: all         80         84    0.00362      0.833     0.0325     0.0084
[YOLOv5] epoch 6/100 running
[YOLOv5] validation: all         80         84     0.0328      0.607     0.0772     0.0203
[YOLOv5] epoch 7/100 running
[YOLOv5] validation: all         80         84       0.17       0.28       0.11     0.0289
[YOLOv5] epoch 8/100 running
[YOLOv5] validation: all         80         84        0.2       0.44      0.149     0.0405
[YOLOv5] epoch 9/100 running
[YOLOv5] validation: all         80         84      0.242      0.274      0.156     0.0394
[YOLOv5] epoch 10/100 running
[YOLOv5] validation: all         80         84      0.305      0.405       0.27     0.0764
[YOLOv5] epoch 11/100 running
[YOLOv5] validation: all         80         84     0.0784      0.202     0.0442    0.00998
[YOLOv5] epoch 12/100 running
[YOLOv5] validation: all         80         84      0.129      0.298      0.101     0.0285
[YOLOv5] epoch 13/100 running
[YOLOv5] validation: all         80         84      0.407      0.405      0.304     0.0912
[YOLOv5] epoch 14/100 running
[YOLOv5] validation: all         80         84      0.418      0.417        0.3     0.0916
[YOLOv5] epoch 15/100 running
[YOLOv5] validation: all         80         84      0.456      0.417      0.414      0.152
[YOLOv5] epoch 16/100 running
[YOLOv5] validation: all         80         84      0.378      0.345       0.35     0.0934
[YOLOv5] epoch 17/100 running
[YOLOv5] validation: all         80         84      0.585      0.476      0.527       0.19
[YOLOv5] epoch 18/100 running
[YOLOv5] validation: all         80         84      0.488      0.429      0.444      0.161
[YOLOv5] epoch 19/100 running
[YOLOv5] validation: all         80         84      0.383      0.429      0.399       0.13
[YOLOv5] epoch 20/100 running
[YOLOv5] validation: all         80         84      0.405       0.56      0.442      0.163
[YOLOv5] epoch 21/100 running
[YOLOv5] validation: all         80         84      0.326      0.495      0.354      0.132
[YOLOv5] epoch 22/100 running
[YOLOv5] validation: all         80         84      0.467      0.548      0.501      0.175
[YOLOv5] epoch 23/100 running
[YOLOv5] validation: all         80         84       0.44        0.5      0.477      0.173
[YOLOv5] epoch 24/100 running
[YOLOv5] validation: all         80         84      0.354      0.571      0.395      0.124
[YOLOv5] epoch 25/100 running
[YOLOv5] validation: all         80         84      0.599      0.516       0.57      0.245
[YOLOv5] epoch 26/100 running
[YOLOv5] validation: all         80         84      0.357      0.512      0.344     0.0988
[YOLOv5] epoch 27/100 running
[YOLOv5] validation: all         80         84      0.329      0.583       0.43       0.16
[YOLOv5] epoch 28/100 running
[YOLOv5] validation: all         80         84      0.327        0.5       0.36      0.137
[YOLOv5] epoch 29/100 running
[YOLOv5] validation: all         80         84      0.333      0.381      0.325      0.119
[YOLOv5] epoch 30/100 running
[YOLOv5] validation: all         80         84      0.348      0.417      0.327     0.0953
[YOLOv5] epoch 31/100 running
[YOLOv5] validation: all         80         84      0.429      0.369      0.309      0.114
[YOLOv5] epoch 32/100 running
[YOLOv5] validation: all         80         84      0.462      0.595      0.513        0.2
[YOLOv5] epoch 33/100 running
[YOLOv5] validation: all         80         84      0.404      0.607       0.42      0.171
[YOLOv5] epoch 34/100 running
[YOLOv5] validation: all         80         84      0.409      0.592      0.479      0.186
[YOLOv5] epoch 35/100 running
[YOLOv5] validation: all         80         84       0.68      0.643      0.647       0.26
[YOLOv5] epoch 36/100 running
[YOLOv5] validation: all         80         84      0.592       0.57      0.593      0.248
[YOLOv5] epoch 37/100 running
[YOLOv5] validation: all         80         84      0.703      0.583      0.631      0.255
[YOLOv5] epoch 38/100 running
[YOLOv5] validation: all         80         84      0.768      0.583      0.682      0.289
[YOLOv5] epoch 39/100 running
[YOLOv5] validation: all         80         84      0.745      0.697      0.705      0.323
[YOLOv5] epoch 40/100 running
[YOLOv5] validation: all         80         84      0.744      0.656      0.703      0.301
[YOLOv5] epoch 41/100 running
[YOLOv5] validation: all         80         84      0.723      0.684      0.665      0.271
[YOLOv5] epoch 42/100 running
[YOLOv5] validation: all         80         84       0.59      0.685      0.622      0.255
[YOLOv5] epoch 43/100 running
[YOLOv5] validation: all         80         84      0.703      0.732      0.739      0.297
[YOLOv5] epoch 44/100 running
[YOLOv5] validation: all         80         84      0.709       0.75      0.743      0.311
[YOLOv5] epoch 45/100 running
[YOLOv5] validation: all         80         84      0.788      0.709      0.727       0.31
[YOLOv5] epoch 46/100 running
[YOLOv5] validation: all         80         84      0.783      0.702      0.767      0.306
[YOLOv5] epoch 47/100 running
[YOLOv5] validation: all         80         84      0.742      0.702      0.746      0.328
[YOLOv5] epoch 48/100 running
[YOLOv5] validation: all         80         84      0.859      0.714      0.807       0.36
[YOLOv5] epoch 49/100 running
[YOLOv5] validation: all         80         84      0.815      0.774      0.818       0.35
[YOLOv5] epoch 50/100 running
[YOLOv5] validation: all         80         84      0.802      0.772      0.822       0.35
[YOLOv5] epoch 51/100 running
[YOLOv5] validation: all         80         84      0.761      0.774      0.803      0.314
[YOLOv5] epoch 52/100 running
[YOLOv5] validation: all         80         84      0.711      0.821      0.819      0.348
[YOLOv5] epoch 53/100 running
[YOLOv5] validation: all         80         84      0.895      0.643      0.785      0.359
[YOLOv5] epoch 54/100 running
[YOLOv5] validation: all         80         84      0.721      0.714      0.747      0.328
[YOLOv5] epoch 55/100 running
[YOLOv5] validation: all         80         84      0.757      0.726       0.78      0.334
[YOLOv5] epoch 56/100 running
[YOLOv5] validation: all         80         84       0.86      0.619      0.745      0.349
[YOLOv5] epoch 57/100 running
[YOLOv5] validation: all         80         84      0.845       0.75      0.801      0.361
[YOLOv5] epoch 58/100 running
[YOLOv5] validation: all         80         84      0.804       0.78      0.801      0.368
[YOLOv5] epoch 59/100 running
[YOLOv5] validation: all         80         84      0.876      0.754      0.817      0.355
[YOLOv5] epoch 60/100 running
[YOLOv5] validation: all         80         84      0.874      0.741      0.813      0.351
[YOLOv5] epoch 61/100 running
[YOLOv5] validation: all         80         84      0.844      0.702      0.784      0.331
[YOLOv5] epoch 62/100 running
[YOLOv5] validation: all         80         84      0.857      0.679      0.745      0.323
[YOLOv5] epoch 63/100 running
[YOLOv5] validation: all         80         84      0.858      0.679      0.756      0.312
[YOLOv5] epoch 64/100 running
[YOLOv5] validation: all         80         84      0.805      0.689      0.733      0.344
[YOLOv5] epoch 65/100 running
[YOLOv5] validation: all         80         84      0.796      0.726      0.734      0.331
[YOLOv5] epoch 66/100 running
[YOLOv5] validation: all         80         84      0.856      0.786      0.778       0.37
[YOLOv5] epoch 67/100 running
[YOLOv5] validation: all         80         84      0.842      0.726      0.786      0.353
[YOLOv5] epoch 68/100 running
[YOLOv5] validation: all         80         84      0.768       0.69       0.73      0.333
[YOLOv5] epoch 69/100 running
[YOLOv5] validation: all         80         84      0.837      0.762       0.78      0.363
[YOLOv5] epoch 70/100 running
[YOLOv5] validation: all         80         84      0.815      0.786      0.841      0.377
[YOLOv5] epoch 71/100 running
[YOLOv5] validation: all         80         84      0.913      0.762      0.863      0.394
[YOLOv5] epoch 72/100 running
[YOLOv5] validation: all         80         84      0.921      0.774      0.866      0.387
[YOLOv5] epoch 73/100 running
[YOLOv5] validation: all         80         84      0.861      0.833      0.846      0.377
[YOLOv5] epoch 74/100 running
[YOLOv5] validation: all         80         84      0.849      0.821       0.82      0.378
[YOLOv5] epoch 75/100 running
[YOLOv5] validation: all         80         84      0.847       0.79      0.795      0.369
[YOLOv5] epoch 76/100 running
[YOLOv5] validation: all         80         84      0.864      0.798      0.832      0.392
[YOLOv5] epoch 77/100 running
[YOLOv5] validation: all         80         84      0.866      0.767      0.828      0.392
[YOLOv5] epoch 78/100 running
[YOLOv5] validation: all         80         84      0.877      0.765      0.849      0.394
[YOLOv5] epoch 79/100 running
[YOLOv5] validation: all         80         84      0.875      0.753      0.852      0.396
[YOLOv5] epoch 80/100 running
[YOLOv5] validation: all         80         84      0.857      0.783      0.846      0.403
[YOLOv5] epoch 81/100 running
[YOLOv5] validation: all         80         84      0.859      0.786      0.841      0.403
[YOLOv5] epoch 82/100 running
[YOLOv5] validation: all         80         84      0.857      0.784      0.829      0.391
[YOLOv5] epoch 83/100 running
[YOLOv5] validation: all         80         84      0.822      0.768      0.806       0.38
[YOLOv5] epoch 84/100 running
[YOLOv5] validation: all         80         84      0.845      0.777       0.83      0.374
[YOLOv5] epoch 85/100 running
[YOLOv5] validation: all         80         84      0.813      0.726      0.814      0.373
[YOLOv5] epoch 86/100 running
[YOLOv5] validation: all         80         84      0.816      0.774      0.839      0.385
[YOLOv5] epoch 87/100 running
[YOLOv5] validation: all         80         84      0.824      0.762      0.826      0.391
[YOLOv5] epoch 88/100 running
[YOLOv5] validation: all         80         84      0.782      0.725      0.786      0.367
[YOLOv5] epoch 89/100 running
[YOLOv5] validation: all         80         84      0.798      0.762      0.806      0.376
[YOLOv5] epoch 90/100 running
[YOLOv5] validation: all         80         84      0.795       0.75      0.787      0.378
[YOLOv5] epoch 91/100 running
[YOLOv5] validation: all         80         84      0.803      0.726      0.812      0.387
[YOLOv5] epoch 92/100 running
[YOLOv5] validation: all         80         84      0.905      0.683      0.812      0.382
[YOLOv5] epoch 93/100 running
[YOLOv5] validation: all         80         84      0.893      0.698      0.813      0.384
[YOLOv5] epoch 94/100 running
[YOLOv5] validation: all         80         84      0.818       0.75       0.79      0.393
[YOLOv5] epoch 95/100 running
[YOLOv5] validation: all         80         84      0.831      0.759      0.796      0.396
[YOLOv5] epoch 96/100 running
[YOLOv5] validation: all         80         84      0.894      0.704      0.793      0.386
[YOLOv5] epoch 97/100 running
[YOLOv5] validation: all         80         84      0.895      0.711      0.795      0.382
[YOLOv5] epoch 98/100 running
[YOLOv5] validation: all         80         84      0.822      0.768      0.815      0.384
[YOLOv5] epoch 99/100 running
[YOLOv5] validation: all         80         84      0.821      0.766      0.812      0.389
[YOLOv5] epoch 100/100 running
[YOLOv5] validation: all         80         84      0.828      0.762      0.809      0.387
[YOLOv5] 100 epochs completed in 0.046 hours.
[YOLOv5] validation: all         80         84      0.922      0.774      0.866      0.385
[Task] training completed: 256.5s
[Task] evaluating: checkpoint=last, group=test, samples=80
[YOLOv5] validation: all         80         85      0.837      0.907      0.899      0.456
[Task] evaluation: checkpoint=last, group=test, mAP50-95=0.4563, mAP50=0.8986, time=17.9s
[Task] evaluating: checkpoint=best, group=test, samples=80
[YOLOv5] validation: all         80         85      0.852      0.812      0.867       0.46
[Task] evaluation: checkpoint=best, group=test, mAP50-95=0.4601, mAP50=0.8672, time=19.3s
[Task] completed: evaluation=37.2s, output=/home/lijinhe/work/YOLO_Retraining/runs/studies/0907_stroller_window10_learning_curve/experiment/sequence/StrollerWindow10Tau099_SplitS42__seq-full-cold__stage0-stage7__yolov5s__s42/tasks/002__stage2__full-cold
[Task] output: /home/lijinhe/work/YOLO_Retraining/runs/studies/0907_stroller_window10_learning_curve/experiment/sequence/StrollerWindow10Tau099_SplitS42__seq-full-cold__stage0-stage7__yolov5s__s42/tasks/003__stage3__full-cold
[Task] data: current=80, candidate=321, validation=80, test=80
[Task] selection: policy=full, selected=321, groups={'candidate': 321}, time=0.000s
[Task] training: backend=yolov5, epochs=100, batch=64, device=0
[YOLOv5] epoch 1/100 running
[YOLOv5] validation: all         80         84   0.000423     0.0238   0.000224   7.76e-05
[YOLOv5] epoch 2/100 running
[YOLOv5] validation: all         80         84    0.00391      0.417    0.00537   0.000908
[YOLOv5] epoch 3/100 running
[YOLOv5] validation: all         80         84    0.00359      0.571     0.0097    0.00162
[YOLOv5] epoch 4/100 running
[YOLOv5] validation: all         80         84    0.00254      0.643    0.00364   0.000727
[YOLOv5] epoch 5/100 running
[YOLOv5] validation: all         80         84     0.0208        0.5     0.0472    0.00802
[YOLOv5] epoch 6/100 running
[YOLOv5] validation: all         80         84     0.0177      0.262     0.0155    0.00344
[YOLOv5] epoch 7/100 running
[YOLOv5] validation: all         80         84     0.0239     0.0833     0.0141    0.00334
[YOLOv5] epoch 8/100 running
[YOLOv5] validation: all         80         84     0.0158     0.0476     0.0152    0.00413
[YOLOv5] epoch 9/100 running
[YOLOv5] validation: all         80         84       0.44      0.393       0.39      0.108
[YOLOv5] epoch 10/100 running
[YOLOv5] validation: all         80         84      0.477      0.417      0.361      0.111
[YOLOv5] epoch 11/100 running
[YOLOv5] validation: all         80         84      0.359      0.381      0.299     0.0785
[YOLOv5] epoch 12/100 running
[YOLOv5] validation: all         80         84      0.227      0.369      0.182     0.0486
[YOLOv5] epoch 13/100 running
[YOLOv5] validation: all         80         84      0.313      0.333      0.292     0.0635
[YOLOv5] epoch 14/100 running
[YOLOv5] validation: all         80         84      0.378      0.417      0.357      0.111
[YOLOv5] epoch 15/100 running
[YOLOv5] validation: all         80         84      0.234      0.238      0.164     0.0495
[YOLOv5] epoch 16/100 running
[YOLOv5] validation: all         80         84      0.251       0.31      0.179     0.0421
[YOLOv5] epoch 17/100 running
[YOLOv5] validation: all         80         84      0.203      0.429       0.17      0.034
[YOLOv5] epoch 18/100 running
[YOLOv5] validation: all         80         84      0.379       0.44      0.342     0.0969
[YOLOv5] epoch 19/100 running
[YOLOv5] validation: all         80         84      0.212      0.202      0.168     0.0592
[YOLOv5] epoch 20/100 running
[YOLOv5] validation: all         80         84      0.289      0.667      0.309      0.106
[YOLOv5] epoch 21/100 running
[YOLOv5] validation: all         80         84      0.629      0.714      0.689      0.227
[YOLOv5] epoch 22/100 running
[YOLOv5] validation: all         80         84      0.433      0.547      0.435      0.158
[YOLOv5] epoch 23/100 running
[YOLOv5] validation: all         80         84      0.485      0.714      0.642      0.246
[YOLOv5] epoch 24/100 running
[YOLOv5] validation: all         80         84      0.347      0.714      0.357      0.106
[YOLOv5] epoch 25/100 running
[YOLOv5] validation: all         80         84      0.416      0.484      0.376      0.111
[YOLOv5] epoch 26/100 running
[YOLOv5] validation: all         80         84      0.636      0.548      0.596       0.22
[YOLOv5] epoch 27/100 running
[YOLOv5] validation: all         80         84      0.358       0.56      0.399      0.169
[YOLOv5] epoch 28/100 running
[YOLOv5] validation: all         80         84      0.448      0.512      0.451      0.162
[YOLOv5] epoch 29/100 running
[YOLOv5] validation: all         80         84      0.398      0.536      0.442      0.163
[YOLOv5] epoch 30/100 running
[YOLOv5] validation: all         80         84      0.492      0.703      0.582      0.168
[YOLOv5] epoch 31/100 running
[YOLOv5] validation: all         80         84      0.595      0.682      0.693      0.258
[YOLOv5] epoch 32/100 running
[YOLOv5] validation: all         80         84      0.585       0.44       0.55      0.208
[YOLOv5] epoch 33/100 running
[YOLOv5] validation: all         80         84      0.568      0.679      0.662      0.279
[YOLOv5] epoch 34/100 running
[YOLOv5] validation: all         80         84      0.612      0.469      0.569      0.237
[YOLOv5] epoch 35/100 running
[YOLOv5] validation: all         80         84      0.823      0.655      0.731      0.296
[YOLOv5] epoch 36/100 running
[YOLOv5] validation: all         80         84       0.62      0.545      0.567      0.187
[YOLOv5] epoch 37/100 running
[YOLOv5] validation: all         80         84      0.732       0.69      0.751      0.339
[YOLOv5] epoch 38/100 running
[YOLOv5] validation: all         80         84      0.617      0.488       0.52      0.181
[YOLOv5] epoch 39/100 running
[YOLOv5] validation: all         80         84      0.807      0.795       0.84      0.374
[YOLOv5] epoch 40/100 running
[YOLOv5] validation: all         80         84      0.546      0.631      0.529      0.204
[YOLOv5] epoch 41/100 running
[YOLOv5] validation: all         80         84      0.828       0.75        0.8      0.339
[YOLOv5] epoch 42/100 running
[YOLOv5] validation: all         80         84      0.831      0.644      0.757      0.289
[YOLOv5] epoch 43/100 running
[YOLOv5] validation: all         80         84      0.819      0.754      0.853      0.376
[YOLOv5] epoch 44/100 running
[YOLOv5] validation: all         80         84      0.804      0.682      0.756      0.329
[YOLOv5] epoch 45/100 running
[YOLOv5] validation: all         80         84      0.909      0.762      0.839       0.38
[YOLOv5] epoch 46/100 running
[YOLOv5] validation: all         80         84      0.789      0.738      0.749      0.305
[YOLOv5] epoch 47/100 running
[YOLOv5] validation: all         80         84      0.837      0.797      0.858       0.38
[YOLOv5] epoch 48/100 running
[YOLOv5] validation: all         80         84       0.79      0.715      0.761      0.324
[YOLOv5] epoch 49/100 running
[YOLOv5] validation: all         80         84      0.878      0.738      0.842       0.35
[YOLOv5] epoch 50/100 running
[YOLOv5] validation: all         80         84      0.849      0.734      0.818      0.364
[YOLOv5] epoch 51/100 running
[YOLOv5] validation: all         80         84      0.812      0.798      0.852      0.338
[YOLOv5] epoch 52/100 running
[YOLOv5] validation: all         80         84      0.831      0.876       0.88       0.39
[YOLOv5] epoch 53/100 running
[YOLOv5] validation: all         80         84      0.862       0.75      0.847      0.393
[YOLOv5] epoch 54/100 running
[YOLOv5] validation: all         80         84      0.831      0.762      0.805      0.343
[YOLOv5] epoch 55/100 running
[YOLOv5] validation: all         80         84      0.799      0.786      0.821       0.35
[YOLOv5] epoch 56/100 running
[YOLOv5] validation: all         80         84      0.837       0.75       0.83      0.341
[YOLOv5] epoch 57/100 running
[YOLOv5] validation: all         80         84      0.881      0.794      0.846      0.392
[YOLOv5] epoch 58/100 running
[YOLOv5] validation: all         80         84      0.811      0.765      0.791      0.344
[YOLOv5] epoch 59/100 running
[YOLOv5] validation: all         80         84      0.792      0.771      0.796      0.344
[YOLOv5] epoch 60/100 running
[YOLOv5] validation: all         80         84      0.869      0.774      0.829      0.407
[YOLOv5] epoch 61/100 running
[YOLOv5] validation: all         80         84      0.826      0.732      0.763      0.337
[YOLOv5] epoch 62/100 running
[YOLOv5] validation: all         80         84       0.89      0.773      0.838      0.409
[YOLOv5] epoch 63/100 running
[YOLOv5] validation: all         80         84      0.798        0.8      0.754      0.347
[YOLOv5] epoch 64/100 running
[YOLOv5] validation: all         80         84      0.881      0.794      0.834      0.405
[YOLOv5] epoch 65/100 running
[YOLOv5] validation: all         80         84      0.867      0.833      0.845      0.406
[YOLOv5] epoch 66/100 running
[YOLOv5] validation: all         80         84      0.837      0.794      0.813      0.353
[YOLOv5] epoch 67/100 running
[YOLOv5] validation: all         80         84      0.868      0.881      0.867      0.405
[YOLOv5] epoch 68/100 running
[YOLOv5] validation: all         80         84      0.868      0.861      0.867        0.4
[YOLOv5] epoch 69/100 running
[YOLOv5] validation: all         80         84      0.809      0.806      0.795      0.379
[YOLOv5] epoch 70/100 running
[YOLOv5] validation: all         80         84      0.866      0.849      0.873      0.427
[YOLOv5] epoch 71/100 running
[YOLOv5] validation: all         80         84      0.826      0.798      0.821      0.381
[YOLOv5] epoch 72/100 running
[YOLOv5] validation: all         80         84      0.857      0.857      0.868      0.444
[YOLOv5] epoch 73/100 running
[YOLOv5] validation: all         80         84       0.93      0.785      0.869      0.452
[YOLOv5] epoch 74/100 running
[YOLOv5] validation: all         80         84      0.901      0.774      0.859      0.439
[YOLOv5] epoch 75/100 running
[YOLOv5] validation: all         80         84      0.862      0.815       0.85      0.444
[YOLOv5] epoch 76/100 running
[YOLOv5] validation: all         80         84      0.898      0.821      0.886      0.442
[YOLOv5] epoch 77/100 running
[YOLOv5] validation: all         80         84      0.895      0.809      0.878      0.403
[YOLOv5] epoch 78/100 running
[YOLOv5] validation: all         80         84      0.882      0.802      0.873      0.445
[YOLOv5] epoch 79/100 running
[YOLOv5] validation: all         80         84      0.895      0.762      0.853      0.412
[YOLOv5] epoch 80/100 running
[YOLOv5] validation: all         80         84      0.885      0.774      0.864      0.406
[YOLOv5] epoch 81/100 running
[YOLOv5] validation: all         80         84      0.912      0.833      0.894      0.446
[YOLOv5] epoch 82/100 running
[YOLOv5] validation: all         80         84      0.887       0.81      0.866      0.405
[YOLOv5] epoch 83/100 running
[YOLOv5] validation: all         80         84      0.851       0.81       0.85      0.404
[YOLOv5] epoch 84/100 running
[YOLOv5] validation: all         80         84      0.852      0.819      0.843      0.415
[YOLOv5] epoch 85/100 running
[YOLOv5] validation: all         80         84      0.859      0.801      0.841      0.418
[YOLOv5] epoch 86/100 running
[YOLOv5] validation: all         80         84      0.835      0.782      0.836      0.385
[YOLOv5] epoch 87/100 running
[YOLOv5] validation: all         80         84       0.86       0.81      0.853      0.436
[YOLOv5] epoch 88/100 running
[YOLOv5] validation: all         80         84      0.818      0.833      0.858      0.399
[YOLOv5] epoch 89/100 running
[YOLOv5] validation: all         80         84      0.843       0.83      0.857      0.417
[YOLOv5] epoch 90/100 running
[YOLOv5] validation: all         80         84      0.867      0.833      0.857      0.461
[YOLOv5] epoch 91/100 running
[YOLOv5] validation: all         80         84      0.881      0.845      0.879      0.442
[YOLOv5] epoch 92/100 running
[YOLOv5] validation: all         80         84      0.866       0.85      0.874      0.444
[YOLOv5] epoch 93/100 running
[YOLOv5] validation: all         80         84      0.859        0.8      0.861      0.438
[YOLOv5] epoch 94/100 running
[YOLOv5] validation: all         80         84      0.877      0.821      0.858      0.414
[YOLOv5] epoch 95/100 running
[YOLOv5] validation: all         80         84      0.863      0.826      0.858      0.438
[YOLOv5] epoch 96/100 running
[YOLOv5] validation: all         80         84       0.85      0.845      0.865      0.427
[YOLOv5] epoch 97/100 running
[YOLOv5] validation: all         80         84      0.918      0.804      0.858      0.447
[YOLOv5] epoch 98/100 running
[YOLOv5] validation: all         80         84      0.918      0.821      0.857      0.447
[YOLOv5] epoch 99/100 running
[YOLOv5] validation: all         80         84      0.915      0.821      0.854      0.456
[YOLOv5] epoch 100/100 running
[YOLOv5] validation: all         80         84      0.906      0.821      0.848      0.437
[YOLOv5] 100 epochs completed in 0.057 hours.
[YOLOv5] validation: all         80         84      0.913      0.833      0.894      0.446
[Task] training completed: 295.5s
[Task] evaluating: checkpoint=last, group=test, samples=80
[YOLOv5] validation: all         80         85      0.882      0.812      0.889      0.487
[Task] evaluation: checkpoint=last, group=test, mAP50-95=0.4871, mAP50=0.8895, time=17.0s
[Task] evaluating: checkpoint=best, group=test, samples=80
[YOLOv5] validation: all         80         85      0.809      0.871      0.878      0.494
[Task] evaluation: checkpoint=best, group=test, mAP50-95=0.4944, mAP50=0.8778, time=18.3s
[Task] completed: evaluation=35.4s, output=/home/lijinhe/work/YOLO_Retraining/runs/studies/0907_stroller_window10_learning_curve/experiment/sequence/StrollerWindow10Tau099_SplitS42__seq-full-cold__stage0-stage7__yolov5s__s42/tasks/003__stage3__full-cold
[Task] output: /home/lijinhe/work/YOLO_Retraining/runs/studies/0907_stroller_window10_learning_curve/experiment/sequence/StrollerWindow10Tau099_SplitS42__seq-full-cold__stage0-stage7__yolov5s__s42/tasks/004__stage4__full-cold
[Task] data: current=80, candidate=401, validation=80, test=80
[Task] selection: policy=full, selected=401, groups={'candidate': 401}, time=0.000s
[Task] training: backend=yolov5, epochs=100, batch=64, device=0
[YOLOv5] epoch 1/100 running
[YOLOv5] validation: all         80         84    0.00229      0.202    0.00141   0.000289
[YOLOv5] epoch 2/100 running
[YOLOv5] validation: all         80         84    0.00304      0.524     0.0192    0.00328
[YOLOv5] epoch 3/100 running
[YOLOv5] validation: all         80         84      0.081      0.536      0.127     0.0253
[YOLOv5] epoch 4/100 running
[YOLOv5] validation: all         80         84      0.199      0.369       0.18     0.0417
[YOLOv5] epoch 5/100 running
[YOLOv5] validation: all         80         84     0.0175      0.833     0.0256     0.0066
[YOLOv5] epoch 6/100 running
[YOLOv5] validation: all         80         84      0.225      0.452      0.188     0.0499
[YOLOv5] epoch 7/100 running
[YOLOv5] validation: all         80         84      0.261      0.405      0.222      0.054
[YOLOv5] epoch 8/100 running
[YOLOv5] validation: all         80         84      0.432      0.417      0.303     0.0845
[YOLOv5] epoch 9/100 running
[YOLOv5] validation: all         80         84      0.483      0.405      0.365     0.0933
[YOLOv5] epoch 10/100 running
[YOLOv5] validation: all         80         84      0.536       0.44      0.429      0.156
[YOLOv5] epoch 11/100 running
[YOLOv5] validation: all         80         84      0.353      0.405      0.356     0.0958
[YOLOv5] epoch 12/100 running
[YOLOv5] validation: all         80         84      0.654      0.429      0.505       0.18
[YOLOv5] epoch 13/100 running
[YOLOv5] validation: all         80         84      0.642      0.429      0.535      0.195
[YOLOv5] epoch 14/100 running
[YOLOv5] validation: all         80         84      0.299        0.5      0.368      0.143
[YOLOv5] epoch 15/100 running
[YOLOv5] validation: all         80         84      0.527      0.548      0.523      0.175
[YOLOv5] epoch 16/100 running
[YOLOv5] validation: all         80         84      0.507      0.551      0.548      0.191
[YOLOv5] epoch 17/100 running
[YOLOv5] validation: all         80         84      0.787      0.488      0.606      0.204
[YOLOv5] epoch 18/100 running
[YOLOv5] validation: all         80         84      0.668      0.648      0.702      0.247
[YOLOv5] epoch 19/100 running
[YOLOv5] validation: all         80         84      0.464      0.667      0.539      0.173
[YOLOv5] epoch 20/100 running
[YOLOv5] validation: all         80         84      0.599      0.655      0.647       0.23
[YOLOv5] epoch 21/100 running
[YOLOv5] validation: all         80         84      0.628      0.667      0.625      0.256
[YOLOv5] epoch 22/100 running
[YOLOv5] validation: all         80         84      0.636      0.726      0.727      0.311
[YOLOv5] epoch 23/100 running
[YOLOv5] validation: all         80         84      0.696      0.643      0.725      0.285
[YOLOv5] epoch 24/100 running
[YOLOv5] validation: all         80         84      0.881      0.705      0.809      0.329
[YOLOv5] epoch 25/100 running
[YOLOv5] validation: all         80         84      0.774      0.762      0.768      0.348
[YOLOv5] epoch 26/100 running
[YOLOv5] validation: all         80         84      0.856      0.707      0.803      0.382
[YOLOv5] epoch 27/100 running
[YOLOv5] validation: all         80         84      0.807      0.698        0.8      0.384
[YOLOv5] epoch 28/100 running
[YOLOv5] validation: all         80         84       0.77      0.845      0.858      0.374
[YOLOv5] epoch 29/100 running
[YOLOv5] validation: all         80         84      0.835      0.774      0.851      0.346
[YOLOv5] epoch 30/100 running
[YOLOv5] validation: all         80         84      0.805       0.75      0.836      0.366
[YOLOv5] epoch 31/100 running
[YOLOv5] validation: all         80         84      0.821      0.845      0.868      0.379
[YOLOv5] epoch 32/100 running
[YOLOv5] validation: all         80         84      0.782      0.857      0.863      0.364
[YOLOv5] epoch 33/100 running
[YOLOv5] validation: all         80         84      0.855      0.714      0.831      0.327
[YOLOv5] epoch 34/100 running
[YOLOv5] validation: all         80         84      0.757      0.741      0.764      0.344
[YOLOv5] epoch 35/100 running
[YOLOv5] validation: all         80         84      0.784      0.821       0.84      0.373
[YOLOv5] epoch 36/100 running
[YOLOv5] validation: all         80         84      0.809      0.845      0.858      0.396
[YOLOv5] epoch 37/100 running
[YOLOv5] validation: all         80         84      0.805      0.885      0.868      0.374
[YOLOv5] epoch 38/100 running
[YOLOv5] validation: all         80         84      0.842      0.833      0.831      0.378
[YOLOv5] epoch 39/100 running
[YOLOv5] validation: all         80         84      0.878       0.81      0.853      0.385
[YOLOv5] epoch 40/100 running
[YOLOv5] validation: all         80         84      0.882        0.8       0.88      0.417
[YOLOv5] epoch 41/100 running
[YOLOv5] validation: all         80         84      0.815       0.84      0.854      0.408
[YOLOv5] epoch 42/100 running
[YOLOv5] validation: all         80         84      0.807      0.798      0.847      0.396
[YOLOv5] epoch 43/100 running
[YOLOv5] validation: all         80         84      0.888      0.726      0.829      0.367
[YOLOv5] epoch 44/100 running
[YOLOv5] validation: all         80         84      0.877      0.786      0.843       0.38
[YOLOv5] epoch 45/100 running
[YOLOv5] validation: all         80         84       0.79      0.853      0.866      0.371
[YOLOv5] epoch 46/100 running
[YOLOv5] validation: all         80         84      0.842      0.845      0.884      0.422
[YOLOv5] epoch 47/100 running
[YOLOv5] validation: all         80         84      0.859      0.867      0.905      0.408
[YOLOv5] epoch 48/100 running
[YOLOv5] validation: all         80         84      0.877      0.849      0.882      0.417
[YOLOv5] epoch 49/100 running
[YOLOv5] validation: all         80         84      0.891      0.876      0.881      0.418
[YOLOv5] epoch 50/100 running
[YOLOv5] validation: all         80         84      0.849      0.871      0.893       0.41
[YOLOv5] epoch 51/100 running
[YOLOv5] validation: all         80         84      0.874      0.845      0.883      0.402
[YOLOv5] epoch 52/100 running
[YOLOv5] validation: all         80         84      0.846      0.833      0.865      0.397
[YOLOv5] epoch 53/100 running
[YOLOv5] validation: all         80         84      0.882      0.821      0.888      0.412
[YOLOv5] epoch 54/100 running
[YOLOv5] validation: all         80         84       0.88       0.87      0.894      0.415
[YOLOv5] epoch 55/100 running
[YOLOv5] validation: all         80         84      0.923      0.854      0.904      0.411
[YOLOv5] epoch 56/100 running
[YOLOv5] validation: all         80         84      0.937      0.879      0.907      0.424
[YOLOv5] epoch 57/100 running
[YOLOv5] validation: all         80         84      0.868      0.845      0.897      0.424
[YOLOv5] epoch 58/100 running
[YOLOv5] validation: all         80         84      0.911      0.855      0.898      0.412
[YOLOv5] epoch 59/100 running
[YOLOv5] validation: all         80         84      0.902      0.857      0.912      0.418
[YOLOv5] epoch 60/100 running
[YOLOv5] validation: all         80         84      0.898      0.869      0.908      0.417
[YOLOv5] epoch 61/100 running
[YOLOv5] validation: all         80         84      0.888      0.851      0.895        0.4
[YOLOv5] epoch 62/100 running
[YOLOv5] validation: all         80         84      0.881      0.883      0.912      0.418
[YOLOv5] epoch 63/100 running
[YOLOv5] validation: all         80         84      0.948      0.865       0.94       0.43
[YOLOv5] epoch 64/100 running
[YOLOv5] validation: all         80         84      0.948      0.864      0.876      0.416
[YOLOv5] epoch 65/100 running
[YOLOv5] validation: all         80         84      0.901      0.869      0.892      0.428
[YOLOv5] epoch 66/100 running
[YOLOv5] validation: all         80         84      0.898      0.839      0.892      0.425
[YOLOv5] epoch 67/100 running
[YOLOv5] validation: all         80         84       0.86      0.798      0.832      0.378
[YOLOv5] epoch 68/100 running
[YOLOv5] validation: all         80         84      0.886      0.857      0.899      0.439
[YOLOv5] epoch 69/100 running
[YOLOv5] validation: all         80         84      0.869      0.857      0.901      0.419
[YOLOv5] epoch 70/100 running
[YOLOv5] validation: all         80         84      0.912      0.845      0.895      0.432
[YOLOv5] epoch 71/100 running
[YOLOv5] validation: all         80         84      0.856      0.821      0.871      0.415
[YOLOv5] epoch 72/100 running
[YOLOv5] validation: all         80         84      0.867      0.851      0.885      0.439
[YOLOv5] epoch 73/100 running
[YOLOv5] validation: all         80         84      0.922      0.843      0.912      0.454
[YOLOv5] epoch 74/100 running
[YOLOv5] validation: all         80         84      0.894      0.869      0.902      0.432
[YOLOv5] epoch 75/100 running
[YOLOv5] validation: all         80         84      0.909      0.833      0.888      0.439
[YOLOv5] epoch 76/100 running
[YOLOv5] validation: all         80         84       0.94      0.869      0.916      0.446
[YOLOv5] epoch 77/100 running
[YOLOv5] validation: all         80         84      0.923       0.81      0.907      0.444
[YOLOv5] epoch 78/100 running
[YOLOv5] validation: all         80         84      0.903      0.857      0.904      0.448
[YOLOv5] epoch 79/100 running
[YOLOv5] validation: all         80         84      0.848      0.862      0.874      0.432
[YOLOv5] epoch 80/100 running
[YOLOv5] validation: all         80         84      0.913      0.833      0.893      0.427
[YOLOv5] epoch 81/100 running
[YOLOv5] validation: all         80         84      0.911      0.852      0.909      0.437
[YOLOv5] epoch 82/100 running
[YOLOv5] validation: all         80         84      0.899      0.845       0.88      0.426
[YOLOv5] epoch 83/100 running
[YOLOv5] validation: all         80         84      0.884      0.845      0.873      0.423
[YOLOv5] epoch 84/100 running
[YOLOv5] validation: all         80         84        0.9      0.845      0.883       0.42
[YOLOv5] epoch 85/100 running
[YOLOv5] validation: all         80         84      0.911      0.858       0.91      0.439
[YOLOv5] epoch 86/100 running
[YOLOv5] validation: all         80         84      0.936      0.874      0.929      0.449
[YOLOv5] epoch 87/100 running
[YOLOv5] validation: all         80         84      0.942      0.869      0.921      0.446
[YOLOv5] epoch 88/100 running
[YOLOv5] validation: all         80         84      0.928      0.857      0.907      0.428
[YOLOv5] epoch 89/100 running
[YOLOv5] validation: all         80         84      0.913      0.869      0.896      0.428
[YOLOv5] epoch 90/100 running
[YOLOv5] validation: all         80         84      0.919      0.869      0.894      0.437
[YOLOv5] epoch 91/100 running
[YOLOv5] validation: all         80         84      0.925       0.88      0.905      0.442
[YOLOv5] epoch 92/100 running
[YOLOv5] validation: all         80         84      0.911      0.856      0.862      0.421
[YOLOv5] epoch 93/100 running
[YOLOv5] validation: all         80         84      0.925      0.876      0.888      0.426
[YOLOv5] epoch 94/100 running
[YOLOv5] validation: all         80         84      0.923      0.857      0.885      0.413
[YOLOv5] epoch 95/100 running
[YOLOv5] validation: all         80         84      0.914      0.869      0.884      0.434
[YOLOv5] epoch 96/100 running
[YOLOv5] validation: all         80         84      0.911      0.856      0.875      0.431
[YOLOv5] epoch 97/100 running
[YOLOv5] validation: all         80         84      0.921      0.869       0.89      0.442
[YOLOv5] epoch 98/100 running
[YOLOv5] validation: all         80         84      0.914      0.857      0.883      0.432
[YOLOv5] epoch 99/100 running
[YOLOv5] validation: all         80         84      0.918      0.857      0.886      0.448
[YOLOv5] epoch 100/100 running
[YOLOv5] validation: all         80         84      0.921      0.857      0.889       0.44
[YOLOv5] 100 epochs completed in 0.060 hours.
[YOLOv5] validation: all         80         84      0.948      0.865       0.94       0.43
[Task] training completed: 304.7s
[Task] evaluating: checkpoint=last, group=test, samples=80
[YOLOv5] validation: all         80         85      0.899      0.859      0.913      0.499
[Task] evaluation: checkpoint=last, group=test, mAP50-95=0.4995, mAP50=0.9132, time=16.7s
[Task] evaluating: checkpoint=best, group=test, samples=80
[YOLOv5] validation: all         80         85      0.865      0.902      0.906      0.478
[Task] evaluation: checkpoint=best, group=test, mAP50-95=0.4777, mAP50=0.9064, time=18.4s
[Task] completed: evaluation=35.2s, output=/home/lijinhe/work/YOLO_Retraining/runs/studies/0907_stroller_window10_learning_curve/experiment/sequence/StrollerWindow10Tau099_SplitS42__seq-full-cold__stage0-stage7__yolov5s__s42/tasks/004__stage4__full-cold
[Task] output: /home/lijinhe/work/YOLO_Retraining/runs/studies/0907_stroller_window10_learning_curve/experiment/sequence/StrollerWindow10Tau099_SplitS42__seq-full-cold__stage0-stage7__yolov5s__s42/tasks/005__stage5__full-cold
[Task] data: current=80, candidate=481, validation=80, test=80
[Task] selection: policy=full, selected=481, groups={'candidate': 481}, time=0.000s
[Task] training: backend=yolov5, epochs=100, batch=64, device=0
[YOLOv5] epoch 1/100 running
[YOLOv5] validation: all         80         84    0.00046     0.0476   0.000347    6.2e-05
[YOLOv5] epoch 2/100 running
[YOLOv5] validation: all         80         84    0.00294      0.595    0.00486    0.00109
[YOLOv5] epoch 3/100 running
[YOLOv5] validation: all         80         84    0.00324      0.845     0.0357    0.00827
[YOLOv5] epoch 4/100 running
[YOLOv5] validation: all         80         84      0.011      0.857     0.0586     0.0162
[YOLOv5] epoch 5/100 running
[YOLOv5] validation: all         80         84      0.217      0.301      0.185     0.0522
[YOLOv5] epoch 6/100 running
[YOLOv5] validation: all         80         84     0.0662      0.238      0.048     0.0121
[YOLOv5] epoch 7/100 running
[YOLOv5] validation: all         80         84       0.17      0.179      0.105     0.0325
[YOLOv5] epoch 8/100 running
[YOLOv5] validation: all         80         84      0.113      0.321     0.0818     0.0243
[YOLOv5] epoch 9/100 running
[YOLOv5] validation: all         80         84      0.282      0.384      0.214       0.07
[YOLOv5] epoch 10/100 running
[YOLOv5] validation: all         80         84      0.173      0.321      0.176     0.0739
[YOLOv5] epoch 11/100 running
[YOLOv5] validation: all         80         84      0.311      0.464      0.283     0.0997
[YOLOv5] epoch 12/100 running
[YOLOv5] validation: all         80         84      0.231      0.525      0.235     0.0771
[YOLOv5] epoch 13/100 running
[YOLOv5] validation: all         80         84      0.302      0.459      0.292     0.0964
[YOLOv5] epoch 14/100 running
[YOLOv5] validation: all         80         84      0.293      0.381      0.273     0.0875
[YOLOv5] epoch 15/100 running
[YOLOv5] validation: all         80         84      0.437      0.488      0.398      0.132
[YOLOv5] epoch 16/100 running
[YOLOv5] validation: all         80         84      0.415      0.574      0.485      0.212
[YOLOv5] epoch 17/100 running
[YOLOv5] validation: all         80         84      0.703      0.675      0.658      0.273
[YOLOv5] epoch 18/100 running
[YOLOv5] validation: all         80         84      0.585       0.56      0.634      0.262
[YOLOv5] epoch 19/100 running
[YOLOv5] validation: all         80         84      0.638      0.607      0.609      0.272
[YOLOv5] epoch 20/100 running
[YOLOv5] validation: all         80         84      0.705      0.726      0.732      0.289
[YOLOv5] epoch 21/100 running
[YOLOv5] validation: all         80         84      0.626      0.738      0.756      0.326
[YOLOv5] epoch 22/100 running
[YOLOv5] validation: all         80         84      0.763      0.738      0.768      0.338
[YOLOv5] epoch 23/100 running
[YOLOv5] validation: all         80         84      0.793       0.82      0.843      0.362
[YOLOv5] epoch 24/100 running
[YOLOv5] validation: all         80         84      0.699      0.738      0.743      0.296
[YOLOv5] epoch 25/100 running
[YOLOv5] validation: all         80         84      0.752      0.795      0.794      0.347
[YOLOv5] epoch 26/100 running
[YOLOv5] validation: all         80         84      0.794      0.821      0.801      0.365
[YOLOv5] epoch 27/100 running
[YOLOv5] validation: all         80         84      0.852      0.798      0.832      0.357
[YOLOv5] epoch 28/100 running
[YOLOv5] validation: all         80         84      0.734      0.854      0.838      0.358
[YOLOv5] epoch 29/100 running
[YOLOv5] validation: all         80         84      0.868      0.833      0.874      0.367
[YOLOv5] epoch 30/100 running
[YOLOv5] validation: all         80         84      0.727       0.81      0.786      0.329
[YOLOv5] epoch 31/100 running
[YOLOv5] validation: all         80         84      0.885      0.826      0.844      0.364
[YOLOv5] epoch 32/100 running
[YOLOv5] validation: all         80         84      0.884      0.845      0.896      0.403
[YOLOv5] epoch 33/100 running
[YOLOv5] validation: all         80         84      0.856      0.851       0.88      0.402
[YOLOv5] epoch 34/100 running
[YOLOv5] validation: all         80         84      0.899      0.847        0.9      0.416
[YOLOv5] epoch 35/100 running
[YOLOv5] validation: all         80         84      0.825      0.841      0.858      0.386
[YOLOv5] epoch 36/100 running
[YOLOv5] validation: all         80         84      0.835      0.842      0.884      0.404
[YOLOv5] epoch 37/100 running
[YOLOv5] validation: all         80         84      0.845      0.917      0.882      0.402
[YOLOv5] epoch 38/100 running
[YOLOv5] validation: all         80         84      0.854      0.798      0.824      0.375
[YOLOv5] epoch 39/100 running
[YOLOv5] validation: all         80         84      0.883      0.833      0.844       0.38
[YOLOv5] epoch 40/100 running
[YOLOv5] validation: all         80         84      0.864      0.893      0.895      0.405
[YOLOv5] epoch 41/100 running
[YOLOv5] validation: all         80         84      0.931      0.802      0.888      0.383
[YOLOv5] epoch 42/100 running
[YOLOv5] validation: all         80         84      0.877      0.767      0.851      0.399
[YOLOv5] epoch 43/100 running
[YOLOv5] validation: all         80         84      0.887      0.841      0.893      0.426
[YOLOv5] epoch 44/100 running
[YOLOv5] validation: all         80         84      0.824      0.889      0.866      0.412
[YOLOv5] epoch 45/100 running
[YOLOv5] validation: all         80         84      0.854      0.881      0.861      0.388
[YOLOv5] epoch 46/100 running
[YOLOv5] validation: all         80         84       0.89      0.868      0.891      0.418
[YOLOv5] epoch 47/100 running
[YOLOv5] validation: all         80         84      0.912      0.865      0.888       0.41
[YOLOv5] epoch 48/100 running
[YOLOv5] validation: all         80         84      0.881       0.88      0.888      0.437
[YOLOv5] epoch 49/100 running
[YOLOv5] validation: all         80         84      0.899      0.774      0.854      0.427
[YOLOv5] epoch 50/100 running
[YOLOv5] validation: all         80         84      0.896      0.774      0.828      0.396
[YOLOv5] epoch 51/100 running
[YOLOv5] validation: all         80         84      0.875      0.857      0.883       0.41
[YOLOv5] epoch 52/100 running
[YOLOv5] validation: all         80         84       0.89       0.81      0.889      0.421
[YOLOv5] epoch 53/100 running
[YOLOv5] validation: all         80         84       0.89      0.857      0.908      0.451
[YOLOv5] epoch 54/100 running
[YOLOv5] validation: all         80         84      0.859      0.869      0.887      0.417
[YOLOv5] epoch 55/100 running
[YOLOv5] validation: all         80         84      0.887       0.81      0.869      0.416
[YOLOv5] epoch 56/100 running
[YOLOv5] validation: all         80         84      0.892      0.917        0.9      0.429
[YOLOv5] epoch 57/100 running
[YOLOv5] validation: all         80         84      0.892      0.845       0.88      0.439
[YOLOv5] epoch 58/100 running
[YOLOv5] validation: all         80         84      0.885      0.821      0.875      0.443
[YOLOv5] epoch 59/100 running
[YOLOv5] validation: all         80         84       0.87       0.88      0.882      0.409
[YOLOv5] epoch 60/100 running
[YOLOv5] validation: all         80         84      0.859      0.867      0.883      0.426
[YOLOv5] epoch 61/100 running
[YOLOv5] validation: all         80         84      0.914      0.885      0.898      0.416
[YOLOv5] epoch 62/100 running
[YOLOv5] validation: all         80         84      0.861      0.882      0.882       0.43
[YOLOv5] epoch 63/100 running
[YOLOv5] validation: all         80         84      0.882      0.881      0.888      0.433
[YOLOv5] epoch 64/100 running
[YOLOv5] validation: all         80         84      0.893      0.891      0.904      0.446
[YOLOv5] epoch 65/100 running
[YOLOv5] validation: all         80         84      0.871      0.857      0.866      0.447
[YOLOv5] epoch 66/100 running
[YOLOv5] validation: all         80         84       0.88      0.917      0.923      0.434
[YOLOv5] epoch 67/100 running
[YOLOv5] validation: all         80         84      0.913      0.881      0.916      0.429
[YOLOv5] epoch 68/100 running
[YOLOv5] validation: all         80         84      0.883      0.905      0.895      0.406
[YOLOv5] epoch 69/100 running
[YOLOv5] validation: all         80         84      0.894      0.881      0.887       0.42
[YOLOv5] epoch 70/100 running
[YOLOv5] validation: all         80         84      0.885      0.828      0.894      0.414
[YOLOv5] epoch 71/100 running
[YOLOv5] validation: all         80         84      0.907      0.809      0.875      0.407
[YOLOv5] epoch 72/100 running
[YOLOv5] validation: all         80         84      0.888      0.833      0.877      0.419
[YOLOv5] epoch 73/100 running
[YOLOv5] validation: all         80         84      0.914      0.885      0.924      0.432
[YOLOv5] epoch 74/100 running
[YOLOv5] validation: all         80         84      0.914      0.883      0.919      0.429
[YOLOv5] epoch 75/100 running
[YOLOv5] validation: all         80         84      0.871      0.929      0.914      0.434
[YOLOv5] epoch 76/100 running
[YOLOv5] validation: all         80         84      0.858      0.905      0.905      0.424
[YOLOv5] epoch 77/100 running
[YOLOv5] validation: all         80         84      0.903      0.884      0.901      0.435
[YOLOv5] epoch 78/100 running
[YOLOv5] validation: all         80         84       0.91      0.869      0.882      0.446
[YOLOv5] epoch 79/100 running
[YOLOv5] validation: all         80         84      0.931      0.857      0.881      0.445
[YOLOv5] epoch 80/100 running
[YOLOv5] validation: all         80         84      0.936      0.876      0.887      0.425
[YOLOv5] epoch 81/100 running
[YOLOv5] validation: all         80         84      0.919      0.857        0.9      0.442
[YOLOv5] epoch 82/100 running
[YOLOv5] validation: all         80         84      0.921      0.837      0.876      0.422
[YOLOv5] epoch 83/100 running
[YOLOv5] validation: all         80         84      0.912      0.869      0.879      0.422
[YOLOv5] epoch 84/100 running
[YOLOv5] validation: all         80         84      0.897      0.832      0.869      0.425
[YOLOv5] epoch 85/100 running
[YOLOv5] validation: all         80         84      0.873      0.857      0.875      0.429
[YOLOv5] epoch 86/100 running
[YOLOv5] validation: all         80         84      0.901      0.863      0.886      0.421
[YOLOv5] epoch 87/100 running
[YOLOv5] validation: all         80         84      0.884      0.881      0.897      0.437
[YOLOv5] epoch 88/100 running
[YOLOv5] validation: all         80         84      0.902      0.877      0.911      0.439
[YOLOv5] epoch 89/100 running
[YOLOv5] validation: all         80         84      0.897      0.869      0.901       0.44
[YOLOv5] epoch 90/100 running
[YOLOv5] validation: all         80         84      0.867      0.851      0.876      0.444
[YOLOv5] epoch 91/100 running
[YOLOv5] validation: all         80         84      0.876      0.842      0.881      0.446
[YOLOv5] epoch 92/100 running
[YOLOv5] validation: all         80         84      0.935      0.854       0.89      0.434
[YOLOv5] epoch 93/100 running
[YOLOv5] validation: all         80         84      0.918      0.845      0.888      0.427
[YOLOv5] epoch 94/100 running
[YOLOv5] validation: all         80         84      0.936      0.868      0.899      0.432
[YOLOv5] epoch 95/100 running
[YOLOv5] validation: all         80         84      0.937      0.881      0.899      0.435
[YOLOv5] epoch 96/100 running
[YOLOv5] validation: all         80         84      0.949      0.886       0.93      0.453
[YOLOv5] epoch 97/100 running
[YOLOv5] validation: all         80         84      0.924      0.881      0.912      0.444
[YOLOv5] epoch 98/100 running
[YOLOv5] validation: all         80         84      0.912      0.881      0.904      0.449
[YOLOv5] epoch 99/100 running
[YOLOv5] validation: all         80         84      0.936      0.868      0.907      0.456
[YOLOv5] epoch 100/100 running
[YOLOv5] validation: all         80         84      0.936      0.867      0.906      0.456
[YOLOv5] 100 epochs completed in 0.069 hours.
[YOLOv5] validation: all         80         84      0.949      0.886      0.919      0.452
[Task] training completed: 336.5s
[Task] evaluating: checkpoint=last, group=test, samples=80
[YOLOv5] validation: all         80         85      0.912      0.858      0.923      0.524
[Task] evaluation: checkpoint=last, group=test, mAP50-95=0.5238, mAP50=0.9234, time=15.3s
[Task] evaluating: checkpoint=best, group=test, samples=80
[YOLOv5] validation: all         80         85      0.831      0.927      0.917      0.524
[Task] evaluation: checkpoint=best, group=test, mAP50-95=0.5241, mAP50=0.9172, time=17.8s
[Task] completed: evaluation=33.1s, output=/home/lijinhe/work/YOLO_Retraining/runs/studies/0907_stroller_window10_learning_curve/experiment/sequence/StrollerWindow10Tau099_SplitS42__seq-full-cold__stage0-stage7__yolov5s__s42/tasks/005__stage5__full-cold
[Task] output: /home/lijinhe/work/YOLO_Retraining/runs/studies/0907_stroller_window10_learning_curve/experiment/sequence/StrollerWindow10Tau099_SplitS42__seq-full-cold__stage0-stage7__yolov5s__s42/tasks/006__stage6__full-cold
[Task] data: current=80, candidate=561, validation=80, test=80
[Task] selection: policy=full, selected=561, groups={'candidate': 561}, time=0.000s
[Task] training: backend=yolov5, epochs=100, batch=64, device=0
[YOLOv5] epoch 1/100 running
[YOLOv5] validation: all         80         84    0.00267      0.369    0.00335   0.000775
[YOLOv5] epoch 2/100 running
[YOLOv5] validation: all         80         84     0.0149      0.476     0.0392    0.00843
[YOLOv5] epoch 3/100 running
[YOLOv5] validation: all         80         84     0.0189       0.69     0.0216    0.00532
[YOLOv5] epoch 4/100 running
[YOLOv5] validation: all         80         84      0.094      0.355     0.0738     0.0144
[YOLOv5] epoch 5/100 running
[YOLOv5] validation: all         80         84      0.358      0.369      0.306     0.0762
[YOLOv5] epoch 6/100 running
[YOLOv5] validation: all         80         84      0.152       0.25      0.116     0.0277
[YOLOv5] epoch 7/100 running
[YOLOv5] validation: all         80         84      0.326      0.381      0.259     0.0726
[YOLOv5] epoch 8/100 running
[YOLOv5] validation: all         80         84      0.375      0.393      0.315      0.105
[YOLOv5] epoch 9/100 running
[YOLOv5] validation: all         80         84      0.362      0.399      0.303      0.103
[YOLOv5] epoch 10/100 running
[YOLOv5] validation: all         80         84      0.426       0.56       0.42      0.145
[YOLOv5] epoch 11/100 running
[YOLOv5] validation: all         80         84       0.33      0.452      0.264     0.0852
[YOLOv5] epoch 12/100 running
[YOLOv5] validation: all         80         84      0.469      0.583      0.545      0.206
[YOLOv5] epoch 13/100 running
[YOLOv5] validation: all         80         84      0.813      0.619      0.729       0.23
[YOLOv5] epoch 14/100 running
[YOLOv5] validation: all         80         84      0.317      0.607      0.338      0.116
[YOLOv5] epoch 15/100 running
[YOLOv5] validation: all         80         84       0.59      0.685      0.654      0.219
[YOLOv5] epoch 16/100 running
[YOLOv5] validation: all         80         84      0.398      0.524      0.432      0.166
[YOLOv5] epoch 17/100 running
[YOLOv5] validation: all         80         84      0.775      0.833      0.853      0.299
[YOLOv5] epoch 18/100 running
[YOLOv5] validation: all         80         84      0.783      0.714      0.788      0.321
[YOLOv5] epoch 19/100 running
[YOLOv5] validation: all         80         84      0.816      0.774      0.808      0.364
[YOLOv5] epoch 20/100 running
[YOLOv5] validation: all         80         84      0.746      0.548      0.667      0.262
[YOLOv5] epoch 21/100 running
[YOLOv5] validation: all         80         84      0.788      0.774      0.786      0.349
[YOLOv5] epoch 22/100 running
[YOLOv5] validation: all         80         84      0.776       0.75      0.778      0.326
[YOLOv5] epoch 23/100 running
[YOLOv5] validation: all         80         84      0.794       0.81      0.833      0.322
[YOLOv5] epoch 24/100 running
[YOLOv5] validation: all         80         84      0.782      0.798      0.832      0.349
[YOLOv5] epoch 25/100 running
[YOLOv5] validation: all         80         84      0.926      0.746      0.867      0.339
[YOLOv5] epoch 26/100 running
[YOLOv5] validation: all         80         84      0.887       0.75      0.857      0.397
[YOLOv5] epoch 27/100 running
[YOLOv5] validation: all         80         84      0.813      0.714      0.843      0.393
[YOLOv5] epoch 28/100 running
[YOLOv5] validation: all         80         84      0.815      0.774      0.845      0.404
[YOLOv5] epoch 29/100 running
[YOLOv5] validation: all         80         84      0.797      0.841      0.843      0.402
[YOLOv5] epoch 30/100 running
[YOLOv5] validation: all         80         84      0.866      0.762      0.847      0.369
[YOLOv5] epoch 31/100 running
[YOLOv5] validation: all         80         84      0.898      0.733      0.825      0.389
[YOLOv5] epoch 32/100 running
[YOLOv5] validation: all         80         84      0.877      0.762      0.827       0.37
[YOLOv5] epoch 33/100 running
[YOLOv5] validation: all         80         84      0.849      0.801      0.816      0.356
[YOLOv5] epoch 34/100 running
[YOLOv5] validation: all         80         84      0.817      0.893      0.841      0.352
[YOLOv5] epoch 35/100 running
[YOLOv5] validation: all         80         84      0.825      0.845      0.866      0.393
[YOLOv5] epoch 36/100 running
[YOLOv5] validation: all         80         84      0.868      0.798      0.875      0.392
[YOLOv5] epoch 37/100 running
[YOLOv5] validation: all         80         84      0.828      0.833      0.849      0.383
[YOLOv5] epoch 38/100 running
[YOLOv5] validation: all         80         84      0.821      0.857      0.837      0.377
[YOLOv5] epoch 39/100 running
[YOLOv5] validation: all         80         84      0.874      0.745       0.85      0.396
[YOLOv5] epoch 40/100 running
[YOLOv5] validation: all         80         84      0.869       0.75      0.823      0.381
[YOLOv5] epoch 41/100 running
[YOLOv5] validation: all         80         84      0.896      0.857      0.889      0.439
[YOLOv5] epoch 42/100 running
[YOLOv5] validation: all         80         84      0.893      0.792      0.839      0.386
[YOLOv5] epoch 43/100 running
[YOLOv5] validation: all         80         84      0.914      0.758      0.814      0.396
[YOLOv5] epoch 44/100 running
[YOLOv5] validation: all         80         84      0.844      0.773      0.809      0.379
[YOLOv5] epoch 45/100 running
[YOLOv5] validation: all         80         84      0.889      0.763      0.835      0.364
[YOLOv5] epoch 46/100 running
[YOLOv5] validation: all         80         84      0.905      0.793      0.851        0.4
[YOLOv5] epoch 47/100 running
[YOLOv5] validation: all         80         84      0.918      0.803      0.885      0.411
[YOLOv5] epoch 48/100 running
[YOLOv5] validation: all         80         84      0.925      0.762      0.872      0.434
[YOLOv5] epoch 49/100 running
[YOLOv5] validation: all         80         84      0.878      0.881      0.912      0.441
[YOLOv5] epoch 50/100 running
[YOLOv5] validation: all         80         84      0.891       0.81      0.861       0.41
[YOLOv5] epoch 51/100 running
[YOLOv5] validation: all         80         84      0.851      0.817      0.862      0.429
[YOLOv5] epoch 52/100 running
[YOLOv5] validation: all         80         84      0.916      0.798      0.873       0.43
[YOLOv5] epoch 53/100 running
[YOLOv5] validation: all         80         84      0.876      0.798      0.853       0.42
[YOLOv5] epoch 54/100 running
[YOLOv5] validation: all         80         84      0.887      0.841      0.874      0.412
[YOLOv5] epoch 55/100 running
[YOLOv5] validation: all         80         84      0.901      0.869      0.895      0.436
[YOLOv5] epoch 56/100 running
[YOLOv5] validation: all         80         84      0.931      0.845      0.914      0.437
[YOLOv5] epoch 57/100 running
[YOLOv5] validation: all         80         84        0.9      0.859      0.909      0.428
[YOLOv5] epoch 58/100 running
[YOLOv5] validation: all         80         84      0.908      0.827       0.88      0.404
[YOLOv5] epoch 59/100 running
[YOLOv5] validation: all         80         84      0.919      0.807      0.883      0.413
[YOLOv5] epoch 60/100 running
[YOLOv5] validation: all         80         84      0.856      0.852      0.856      0.434
[YOLOv5] epoch 61/100 running
[YOLOv5] validation: all         80         84      0.895      0.833      0.879      0.442
[YOLOv5] epoch 62/100 running
[YOLOv5] validation: all         80         84       0.85      0.877      0.884      0.445
[YOLOv5] epoch 63/100 running
[YOLOv5] validation: all         80         84       0.83      0.857      0.888      0.459
[YOLOv5] epoch 64/100 running
[YOLOv5] validation: all         80         84      0.857      0.869        0.9      0.469
[YOLOv5] epoch 65/100 running
[YOLOv5] validation: all         80         84       0.88       0.81      0.875      0.451
[YOLOv5] epoch 66/100 running
[YOLOv5] validation: all         80         84      0.925      0.798      0.874      0.427
[YOLOv5] epoch 67/100 running
[YOLOv5] validation: all         80         84      0.896      0.821      0.889      0.436
[YOLOv5] epoch 68/100 running
[YOLOv5] validation: all         80         84      0.865      0.821      0.874       0.44
[YOLOv5] epoch 69/100 running
[YOLOv5] validation: all         80         84      0.863      0.833      0.876      0.411
[YOLOv5] epoch 70/100 running
[YOLOv5] validation: all         80         84      0.866      0.844       0.86      0.436
[YOLOv5] epoch 71/100 running
[YOLOv5] validation: all         80         84      0.841      0.816      0.843      0.437
[YOLOv5] epoch 72/100 running
[YOLOv5] validation: all         80         84      0.879      0.781       0.86      0.445
[YOLOv5] epoch 73/100 running
[YOLOv5] validation: all         80         84      0.885      0.833      0.865      0.447
[YOLOv5] epoch 74/100 running
[YOLOv5] validation: all         80         84      0.904      0.821      0.895      0.466
[YOLOv5] epoch 75/100 running
[YOLOv5] validation: all         80         84      0.914      0.845      0.898      0.473
[YOLOv5] epoch 76/100 running
[YOLOv5] validation: all         80         84      0.894      0.857      0.884      0.456
[YOLOv5] epoch 77/100 running
[YOLOv5] validation: all         80         84      0.862      0.857      0.883      0.463
[YOLOv5] epoch 78/100 running
[YOLOv5] validation: all         80         84      0.864      0.833      0.882      0.449
[YOLOv5] epoch 79/100 running
[YOLOv5] validation: all         80         84      0.864      0.833      0.862      0.446
[YOLOv5] epoch 80/100 running
[YOLOv5] validation: all         80         84      0.909      0.834      0.882       0.45
[YOLOv5] epoch 81/100 running
[YOLOv5] validation: all         80         84      0.888      0.849      0.878      0.453
[YOLOv5] epoch 82/100 running
[YOLOv5] validation: all         80         84      0.905      0.821      0.873      0.443
[YOLOv5] epoch 83/100 running
[YOLOv5] validation: all         80         84       0.93      0.797      0.881       0.46
[YOLOv5] epoch 84/100 running
[YOLOv5] validation: all         80         84      0.922      0.842      0.896      0.462
[YOLOv5] epoch 85/100 running
[YOLOv5] validation: all         80         84      0.894      0.833      0.877      0.452
[YOLOv5] epoch 86/100 running
[YOLOv5] validation: all         80         84      0.909       0.83      0.884      0.448
[YOLOv5] epoch 87/100 running
[YOLOv5] validation: all         80         84      0.887      0.845      0.893      0.445
[YOLOv5] epoch 88/100 running
[YOLOv5] validation: all         80         84      0.909      0.828      0.884      0.442
[YOLOv5] epoch 89/100 running
[YOLOv5] validation: all         80         84      0.909      0.828      0.889      0.447
[YOLOv5] epoch 90/100 running
[YOLOv5] validation: all         80         84      0.916      0.821       0.89      0.447
[YOLOv5] epoch 91/100 running
[YOLOv5] validation: all         80         84      0.875      0.836      0.868      0.453
[YOLOv5] epoch 92/100 running
[YOLOv5] validation: all         80         84      0.888      0.854       0.88      0.457
[YOLOv5] epoch 93/100 running
[YOLOv5] validation: all         80         84      0.889      0.856      0.885       0.47
[YOLOv5] epoch 94/100 running
[YOLOv5] validation: all         80         84      0.888      0.857       0.88      0.457
[YOLOv5] epoch 95/100 running
[YOLOv5] validation: all         80         84      0.902      0.879      0.897      0.454
[YOLOv5] epoch 96/100 running
[YOLOv5] validation: all         80         84      0.881      0.857      0.876      0.454
[YOLOv5] epoch 97/100 running
[YOLOv5] validation: all         80         84      0.868      0.845      0.876      0.457
[YOLOv5] epoch 98/100 running
[YOLOv5] validation: all         80         84      0.878      0.856      0.879      0.457
[YOLOv5] epoch 99/100 running
[YOLOv5] validation: all         80         84      0.878      0.853      0.891      0.462
[YOLOv5] epoch 100/100 running
[YOLOv5] validation: all         80         84      0.876      0.844      0.889      0.468
[YOLOv5] 100 epochs completed in 0.075 hours.
[YOLOv5] validation: all         80         84      0.933      0.845      0.914      0.436
[Task] training completed: 359.4s
[Task] evaluating: checkpoint=last, group=test, samples=80
[YOLOv5] validation: all         80         85      0.865      0.859      0.888      0.509
[Task] evaluation: checkpoint=last, group=test, mAP50-95=0.5087, mAP50=0.8877, time=16.3s
[Task] evaluating: checkpoint=best, group=test, samples=80
[YOLOv5] validation: all         80         85      0.789      0.871      0.865       0.44
[Task] evaluation: checkpoint=best, group=test, mAP50-95=0.4403, mAP50=0.8649, time=15.9s
[Task] completed: evaluation=32.2s, output=/home/lijinhe/work/YOLO_Retraining/runs/studies/0907_stroller_window10_learning_curve/experiment/sequence/StrollerWindow10Tau099_SplitS42__seq-full-cold__stage0-stage7__yolov5s__s42/tasks/006__stage6__full-cold
[Task] output: /home/lijinhe/work/YOLO_Retraining/runs/studies/0907_stroller_window10_learning_curve/experiment/sequence/StrollerWindow10Tau099_SplitS42__seq-full-cold__stage0-stage7__yolov5s__s42/tasks/007__stage7__full-cold
[Task] data: current=80, candidate=641, validation=80, test=80
[Task] selection: policy=full, selected=641, groups={'candidate': 641}, time=0.000s
[Task] training: backend=yolov5, epochs=100, batch=64, device=0
[YOLOv5] epoch 1/100 running
[YOLOv5] validation: all         80         84    0.00274      0.321     0.0038   0.000598
[YOLOv5] epoch 2/100 running
[YOLOv5] validation: all         80         84      0.034      0.131     0.0191    0.00359
[YOLOv5] epoch 3/100 running
[YOLOv5] validation: all         80         84     0.0212      0.131     0.0225    0.00632
[YOLOv5] epoch 4/100 running
[YOLOv5] validation: all         80         84      0.252      0.417      0.236     0.0568
[YOLOv5] epoch 5/100 running
[YOLOv5] validation: all         80         84      0.178      0.381      0.112     0.0303
[YOLOv5] epoch 6/100 running
[YOLOv5] validation: all         80         84      0.142      0.333     0.0855     0.0195
[YOLOv5] epoch 7/100 running
[YOLOv5] validation: all         80         84      0.333      0.429      0.277     0.0586
[YOLOv5] epoch 8/100 running
[YOLOv5] validation: all         80         84      0.288      0.202      0.151     0.0339
[YOLOv5] epoch 9/100 running
[YOLOv5] validation: all         80         84      0.223      0.429      0.152     0.0473
[YOLOv5] epoch 10/100 running
[YOLOv5] validation: all         80         84      0.142      0.333      0.177     0.0495
[YOLOv5] epoch 11/100 running
[YOLOv5] validation: all         80         84      0.598      0.452      0.401     0.0974
[YOLOv5] epoch 12/100 running
[YOLOv5] validation: all         80         84      0.621       0.56      0.509      0.107
[YOLOv5] epoch 13/100 running
[YOLOv5] validation: all         80         84      0.613      0.655      0.615      0.168
[YOLOv5] epoch 14/100 running
[YOLOv5] validation: all         80         84       0.72      0.571      0.648      0.174
[YOLOv5] epoch 15/100 running
[YOLOv5] validation: all         80         84      0.743      0.643      0.688      0.232
[YOLOv5] epoch 16/100 running
[YOLOv5] validation: all         80         84      0.542      0.679      0.584      0.188
[YOLOv5] epoch 17/100 running
[YOLOv5] validation: all         80         84      0.591      0.738      0.634      0.265
[YOLOv5] epoch 18/100 running
[YOLOv5] validation: all         80         84      0.603      0.523      0.541      0.179
[YOLOv5] epoch 19/100 running
[YOLOv5] validation: all         80         84      0.687      0.631      0.705      0.342
[YOLOv5] epoch 20/100 running
[YOLOv5] validation: all         80         84       0.68      0.643      0.681       0.29
[YOLOv5] epoch 21/100 running
[YOLOv5] validation: all         80         84       0.76       0.64      0.707      0.228
[YOLOv5] epoch 22/100 running
[YOLOv5] validation: all         80         84      0.573      0.702       0.64      0.244
[YOLOv5] epoch 23/100 running
[YOLOv5] validation: all         80         84      0.662      0.746        0.7      0.258
[YOLOv5] epoch 24/100 running
[YOLOv5] validation: all         80         84      0.755      0.732      0.778      0.292
[YOLOv5] epoch 25/100 running
[YOLOv5] validation: all         80         84      0.672      0.702      0.728      0.287
[YOLOv5] epoch 26/100 running
[YOLOv5] validation: all         80         84      0.787      0.762      0.823      0.338
[YOLOv5] epoch 27/100 running
[YOLOv5] validation: all         80         84      0.796      0.774      0.794      0.372
[YOLOv5] epoch 28/100 running
[YOLOv5] validation: all         80         84      0.765      0.619      0.754      0.357
[YOLOv5] epoch 29/100 running
[YOLOv5] validation: all         80         84      0.737        0.8      0.765       0.35
[YOLOv5] epoch 30/100 running
[YOLOv5] validation: all         80         84      0.843      0.786      0.848      0.419
[YOLOv5] epoch 31/100 running
[YOLOv5] validation: all         80         84      0.723      0.762      0.748      0.328
[YOLOv5] epoch 32/100 running
[YOLOv5] validation: all         80         84      0.849      0.714      0.776      0.354
[YOLOv5] epoch 33/100 running
[YOLOv5] validation: all         80         84      0.831      0.761      0.799      0.319
[YOLOv5] epoch 34/100 running
[YOLOv5] validation: all         80         84      0.804      0.685      0.715      0.285
[YOLOv5] epoch 35/100 running
[YOLOv5] validation: all         80         84      0.778      0.857      0.876      0.365
[YOLOv5] epoch 36/100 running
[YOLOv5] validation: all         80         84      0.873      0.833      0.883      0.389
[YOLOv5] epoch 37/100 running
[YOLOv5] validation: all         80         84       0.92      0.774       0.87      0.367
[YOLOv5] epoch 38/100 running
[YOLOv5] validation: all         80         84      0.812      0.833      0.868      0.389
[YOLOv5] epoch 39/100 running
[YOLOv5] validation: all         80         84      0.951      0.699       0.87       0.36
[YOLOv5] epoch 40/100 running
[YOLOv5] validation: all         80         84      0.896      0.738      0.852      0.385
[YOLOv5] epoch 41/100 running
[YOLOv5] validation: all         80         84       0.83      0.857      0.894      0.374
[YOLOv5] epoch 42/100 running
[YOLOv5] validation: all         80         84      0.877       0.81      0.855      0.401
[YOLOv5] epoch 43/100 running
[YOLOv5] validation: all         80         84       0.85      0.798      0.846      0.398
[YOLOv5] epoch 44/100 running
[YOLOv5] validation: all         80         84      0.898      0.774      0.813      0.391
[YOLOv5] epoch 45/100 running
[YOLOv5] validation: all         80         84      0.851      0.818      0.852      0.402
[YOLOv5] epoch 46/100 running
[YOLOv5] validation: all         80         84      0.822      0.821      0.833      0.391
[YOLOv5] epoch 47/100 running
[YOLOv5] validation: all         80         84      0.877      0.798      0.853      0.399
[YOLOv5] epoch 48/100 running
[YOLOv5] validation: all         80         84      0.872      0.798       0.86      0.395
[YOLOv5] epoch 49/100 running
[YOLOv5] validation: all         80         84      0.837      0.859      0.874      0.413
[YOLOv5] epoch 50/100 running
[YOLOv5] validation: all         80         84      0.874      0.833      0.898      0.434
[YOLOv5] epoch 51/100 running
[YOLOv5] validation: all         80         84      0.866       0.85        0.9      0.445
[YOLOv5] epoch 52/100 running
[YOLOv5] validation: all         80         84      0.855      0.881      0.917      0.415
[YOLOv5] epoch 53/100 running
[YOLOv5] validation: all         80         84      0.909       0.81      0.905      0.435
[YOLOv5] epoch 54/100 running
[YOLOv5] validation: all         80         84      0.811      0.881      0.889      0.421
[YOLOv5] epoch 55/100 running
[YOLOv5] validation: all         80         84      0.923      0.857      0.932      0.425
[YOLOv5] epoch 56/100 running
[YOLOv5] validation: all         80         84      0.912      0.869      0.906      0.419
[YOLOv5] epoch 57/100 running
[YOLOv5] validation: all         80         84      0.929      0.779      0.853      0.393
[YOLOv5] epoch 58/100 running
[YOLOv5] validation: all         80         84      0.897      0.833      0.863      0.407
[YOLOv5] epoch 59/100 running
[YOLOv5] validation: all         80         84      0.842      0.833      0.829      0.418
[YOLOv5] epoch 60/100 running
[YOLOv5] validation: all         80         84      0.876      0.844      0.858      0.432
[YOLOv5] epoch 61/100 running
[YOLOv5] validation: all         80         84      0.932      0.869      0.935      0.434
[YOLOv5] epoch 62/100 running
[YOLOv5] validation: all         80         84      0.864      0.869      0.869      0.437
[YOLOv5] epoch 63/100 running
[YOLOv5] validation: all         80         84      0.901      0.786      0.874      0.442
[YOLOv5] epoch 64/100 running
[YOLOv5] validation: all         80         84      0.878      0.845      0.881      0.438
[YOLOv5] epoch 65/100 running
[YOLOv5] validation: all         80         84      0.918      0.795      0.885      0.428
[YOLOv5] epoch 66/100 running
[YOLOv5] validation: all         80         84      0.875      0.821      0.844      0.417
[YOLOv5] epoch 67/100 running
[YOLOv5] validation: all         80         84      0.913      0.798      0.888      0.456
[YOLOv5] epoch 68/100 running
[YOLOv5] validation: all         80         84      0.882      0.797      0.864      0.432
[YOLOv5] epoch 69/100 running
[YOLOv5] validation: all         80         84      0.858      0.821      0.841       0.44
[YOLOv5] epoch 70/100 running
[YOLOv5] validation: all         80         84      0.855      0.845      0.843      0.452
[YOLOv5] epoch 71/100 running
[YOLOv5] validation: all         80         84      0.872      0.833      0.849      0.451
[YOLOv5] epoch 72/100 running
[YOLOv5] validation: all         80         84      0.896      0.833      0.866      0.449
[YOLOv5] epoch 73/100 running
[YOLOv5] validation: all         80         84      0.888      0.869      0.898      0.442
[YOLOv5] epoch 74/100 running
[YOLOv5] validation: all         80         84      0.912      0.866      0.907      0.454
[YOLOv5] epoch 75/100 running
[YOLOv5] validation: all         80         84      0.891      0.845      0.852      0.427
[YOLOv5] epoch 76/100 running
[YOLOv5] validation: all         80         84      0.863      0.845      0.854      0.425
[YOLOv5] epoch 77/100 running
[YOLOv5] validation: all         80         84      0.894      0.821      0.884      0.466
[YOLOv5] epoch 78/100 running
[YOLOv5] validation: all         80         84      0.886      0.831       0.86      0.449
[YOLOv5] epoch 79/100 running
[YOLOv5] validation: all         80         84        0.9      0.858      0.882      0.475
[YOLOv5] epoch 80/100 running
[YOLOv5] validation: all         80         84      0.934      0.842      0.875      0.469
[YOLOv5] epoch 81/100 running
[YOLOv5] validation: all         80         84      0.907      0.798      0.881       0.47
[YOLOv5] epoch 82/100 running
[YOLOv5] validation: all         80         84      0.899      0.821      0.901      0.479
[YOLOv5] epoch 83/100 running
[YOLOv5] validation: all         80         84      0.905      0.833      0.892      0.471
[YOLOv5] epoch 84/100 running
[YOLOv5] validation: all         80         84      0.899      0.843      0.904      0.465
[YOLOv5] epoch 85/100 running
[YOLOv5] validation: all         80         84      0.885      0.821      0.885      0.452
[YOLOv5] epoch 86/100 running
[YOLOv5] validation: all         80         84      0.877       0.81      0.875      0.463
[YOLOv5] epoch 87/100 running
[YOLOv5] validation: all         80         84      0.885      0.845      0.899      0.469
[YOLOv5] epoch 88/100 running
[YOLOv5] validation: all         80         84      0.841      0.833      0.873      0.468
[YOLOv5] epoch 89/100 running
[YOLOv5] validation: all         80         84       0.93      0.821      0.912       0.48
[YOLOv5] epoch 90/100 running
[YOLOv5] validation: all         80         84      0.917      0.798      0.882      0.481
[YOLOv5] epoch 91/100 running
[YOLOv5] validation: all         80         84      0.907      0.821      0.889      0.478
[YOLOv5] epoch 92/100 running
[YOLOv5] validation: all         80         84       0.92      0.817      0.896       0.48
[YOLOv5] epoch 93/100 running
[YOLOv5] validation: all         80         84      0.889      0.833      0.889      0.487
[YOLOv5] epoch 94/100 running
[YOLOv5] validation: all         80         84      0.922      0.843      0.907      0.481
[YOLOv5] epoch 95/100 running
[YOLOv5] validation: all         80         84      0.942      0.833      0.907      0.483
[YOLOv5] epoch 96/100 running
[YOLOv5] validation: all         80         84       0.92      0.826      0.905      0.479
[YOLOv5] epoch 97/100 running
[YOLOv5] validation: all         80         84      0.907      0.869      0.903      0.476
[YOLOv5] epoch 98/100 running
[YOLOv5] validation: all         80         84      0.896      0.857      0.883      0.471
[YOLOv5] epoch 99/100 running
[YOLOv5] validation: all         80         84      0.899      0.845      0.872      0.481
[YOLOv5] epoch 100/100 running
[YOLOv5] validation: all         80         84        0.9      0.857      0.874      0.479
[YOLOv5] 100 epochs completed in 0.099 hours.
[YOLOv5] validation: all         80         84      0.932      0.869      0.935      0.434
[Task] training completed: 447.0s
[Task] evaluating: checkpoint=last, group=test, samples=80
[YOLOv5] validation: all         80         85      0.892      0.894       0.91      0.525
[Task] evaluation: checkpoint=last, group=test, mAP50-95=0.5254, mAP50=0.9100, time=16.3s
[Task] evaluating: checkpoint=best, group=test, samples=80
[YOLOv5] validation: all         80         85      0.893      0.888      0.921      0.497
[Task] evaluation: checkpoint=best, group=test, mAP50-95=0.4965, mAP50=0.9207, time=16.4s
[Task] completed: evaluation=32.7s, output=/home/lijinhe/work/YOLO_Retraining/runs/studies/0907_stroller_window10_learning_curve/experiment/sequence/StrollerWindow10Tau099_SplitS42__seq-full-cold__stage0-stage7__yolov5s__s42/tasks/007__stage7__full-cold
/home/lijinhe/work/YOLO_Retraining/runs/studies/0907_stroller_window10_learning_curve/experiment/sequence/StrollerWindow10Tau099_SplitS42__seq-full-cold__stage0-stage7__yolov5s__s42
