[Task] output: /home/lijinhe/work/YOLO_Retraining/runs/studies/0907_stroller_window10_learning_curve/experiment/sequence/StrollerWindow10Tau099_SplitS43__seq-full-cold__stage0-stage7__yolov5s__s42/tasks/000__stage0__full-cold
[Task] data: current=81, candidate=81, validation=80, test=80
[Task] selection: policy=full, selected=81, groups={'candidate': 81}, time=0.000s
[Task] training: backend=yolov5, epochs=100, batch=64, device=0
[YOLOv5] epoch 1/100 running
[YOLOv5] validation: all         80         82    0.00101     0.0854   0.000558   0.000138
[YOLOv5] epoch 2/100 running
[YOLOv5] validation: all         80         82   0.000848     0.0732   0.000463   0.000112
[YOLOv5] epoch 3/100 running
[YOLOv5] validation: all         80         82   0.000783     0.0732   0.000428   0.000104
[YOLOv5] epoch 4/100 running
[YOLOv5] validation: all         80         82    0.00117      0.122   0.000659   0.000165
[YOLOv5] epoch 5/100 running
[YOLOv5] validation: all         80         82    0.00181       0.22    0.00116   0.000245
[YOLOv5] epoch 6/100 running
[YOLOv5] validation: all         80         82    0.00241      0.341    0.00222   0.000481
[YOLOv5] epoch 7/100 running
[YOLOv5] validation: all         80         82    0.00263      0.427     0.0108    0.00219
[YOLOv5] epoch 8/100 running
[YOLOv5] validation: all         80         82    0.00315      0.561     0.0294    0.00464
[YOLOv5] epoch 9/100 running
[YOLOv5] validation: all         80         82    0.00334      0.646     0.0359    0.00616
[YOLOv5] epoch 10/100 running
[YOLOv5] validation: all         80         82    0.00349       0.72     0.0943     0.0193
[YOLOv5] epoch 11/100 running
[YOLOv5] validation: all         80         82     0.0233      0.659      0.134     0.0334
[YOLOv5] epoch 12/100 running
[YOLOv5] validation: all         80         82    0.00356      0.817    0.00664    0.00149
[YOLOv5] epoch 13/100 running
[YOLOv5] validation: all         80         82      0.042      0.598      0.119     0.0267
[YOLOv5] epoch 14/100 running
[YOLOv5] validation: all         80         82      0.239      0.341      0.171     0.0374
[YOLOv5] epoch 15/100 running
[YOLOv5] validation: all         80         82      0.132      0.146     0.0849     0.0179
[YOLOv5] epoch 16/100 running
[YOLOv5] validation: all         80         82      0.179      0.244     0.0865     0.0235
[YOLOv5] epoch 17/100 running
[YOLOv5] validation: all         80         82      0.227      0.183      0.168     0.0418
[YOLOv5] epoch 18/100 running
[YOLOv5] validation: all         80         82      0.305      0.268      0.238     0.0559
[YOLOv5] epoch 19/100 running
[YOLOv5] validation: all         80         82      0.382       0.28       0.26     0.0739
[YOLOv5] epoch 20/100 running
[YOLOv5] validation: all         80         82       0.35      0.317      0.245      0.072
[YOLOv5] epoch 21/100 running
[YOLOv5] validation: all         80         82      0.334       0.39      0.263     0.0636
[YOLOv5] epoch 22/100 running
[YOLOv5] validation: all         80         82      0.418      0.402      0.343     0.0922
[YOLOv5] epoch 23/100 running
[YOLOv5] validation: all         80         82       0.45      0.329      0.331     0.0873
[YOLOv5] epoch 24/100 running
[YOLOv5] validation: all         80         82      0.492      0.366      0.413      0.114
[YOLOv5] epoch 25/100 running
[YOLOv5] validation: all         80         82      0.341      0.439      0.298     0.0827
[YOLOv5] epoch 26/100 running
[YOLOv5] validation: all         80         82      0.506      0.427      0.432      0.142
[YOLOv5] epoch 27/100 running
[YOLOv5] validation: all         80         82      0.515      0.366      0.459      0.135
[YOLOv5] epoch 28/100 running
[YOLOv5] validation: all         80         82      0.539       0.39      0.488      0.161
[YOLOv5] epoch 29/100 running
[YOLOv5] validation: all         80         82      0.476      0.354      0.412      0.135
[YOLOv5] epoch 30/100 running
[YOLOv5] validation: all         80         82      0.246        0.5      0.203     0.0556
[YOLOv5] epoch 31/100 running
[YOLOv5] validation: all         80         82      0.431      0.366      0.371       0.12
[YOLOv5] epoch 32/100 running
[YOLOv5] validation: all         80         82      0.403      0.488      0.356      0.112
[YOLOv5] epoch 33/100 running
[YOLOv5] validation: all         80         82      0.318      0.451      0.301     0.0786
[YOLOv5] epoch 34/100 running
[YOLOv5] validation: all         80         82      0.409      0.488      0.372     0.0983
[YOLOv5] epoch 35/100 running
[YOLOv5] validation: all         80         82      0.564      0.474      0.529      0.146
[YOLOv5] epoch 36/100 running
[YOLOv5] validation: all         80         82      0.522      0.451      0.476      0.195
[YOLOv5] epoch 37/100 running
[YOLOv5] validation: all         80         82      0.473      0.463       0.49      0.199
[YOLOv5] epoch 38/100 running
[YOLOv5] validation: all         80         82      0.485       0.38      0.414      0.133
[YOLOv5] epoch 39/100 running
[YOLOv5] validation: all         80         82      0.474      0.415      0.485      0.201
[YOLOv5] epoch 40/100 running
[YOLOv5] validation: all         80         82      0.488      0.524      0.535      0.186
[YOLOv5] epoch 41/100 running
[YOLOv5] validation: all         80         82      0.555      0.549      0.579      0.242
[YOLOv5] epoch 42/100 running
[YOLOv5] validation: all         80         82      0.508      0.579      0.531       0.17
[YOLOv5] epoch 43/100 running
[YOLOv5] validation: all         80         82      0.524      0.551       0.51      0.182
[YOLOv5] epoch 44/100 running
[YOLOv5] validation: all         80         82      0.543      0.392      0.489      0.176
[YOLOv5] epoch 45/100 running
[YOLOv5] validation: all         80         82        0.7      0.561      0.607       0.24
[YOLOv5] epoch 46/100 running
[YOLOv5] validation: all         80         82      0.456      0.573       0.46      0.175
[YOLOv5] epoch 47/100 running
[YOLOv5] validation: all         80         82      0.534      0.586       0.56       0.23
[YOLOv5] epoch 48/100 running
[YOLOv5] validation: all         80         82      0.537      0.581      0.549      0.215
[YOLOv5] epoch 49/100 running
[YOLOv5] validation: all         80         82      0.581      0.512      0.544      0.228
[YOLOv5] epoch 50/100 running
[YOLOv5] validation: all         80         82      0.704        0.5      0.544      0.171
[YOLOv5] epoch 51/100 running
[YOLOv5] validation: all         80         82      0.537      0.476      0.466      0.173
[YOLOv5] epoch 52/100 running
[YOLOv5] validation: all         80         82      0.514      0.646      0.522      0.225
[YOLOv5] epoch 53/100 running
[YOLOv5] validation: all         80         82      0.522      0.634      0.549      0.214
[YOLOv5] epoch 54/100 running
[YOLOv5] validation: all         80         82        0.7      0.569       0.57      0.174
[YOLOv5] epoch 55/100 running
[YOLOv5] validation: all         80         82      0.468      0.601       0.48      0.187
[YOLOv5] epoch 56/100 running
[YOLOv5] validation: all         80         82      0.749       0.61       0.68      0.206
[YOLOv5] epoch 57/100 running
[YOLOv5] validation: all         80         82      0.615      0.622      0.628      0.249
[YOLOv5] epoch 58/100 running
[YOLOv5] validation: all         80         82      0.737       0.61      0.667      0.247
[YOLOv5] epoch 59/100 running
[YOLOv5] validation: all         80         82      0.591        0.6      0.559      0.228
[YOLOv5] epoch 60/100 running
[YOLOv5] validation: all         80         82      0.515      0.622      0.543      0.228
[YOLOv5] epoch 61/100 running
[YOLOv5] validation: all         80         82      0.579       0.61      0.573      0.231
[YOLOv5] epoch 62/100 running
[YOLOv5] validation: all         80         82       0.78      0.598      0.688      0.298
[YOLOv5] epoch 63/100 running
[YOLOv5] validation: all         80         82      0.776      0.671       0.73      0.314
[YOLOv5] epoch 64/100 running
[YOLOv5] validation: all         80         82      0.725      0.622      0.689      0.252
[YOLOv5] epoch 65/100 running
[YOLOv5] validation: all         80         82      0.716      0.622      0.689      0.314
[YOLOv5] epoch 66/100 running
[YOLOv5] validation: all         80         82      0.626      0.695      0.674      0.282
[YOLOv5] epoch 67/100 running
[YOLOv5] validation: all         80         82      0.841       0.58      0.689      0.318
[YOLOv5] epoch 68/100 running
[YOLOv5] validation: all         80         82      0.798      0.622      0.708      0.307
[YOLOv5] epoch 69/100 running
[YOLOv5] validation: all         80         82      0.881      0.634      0.749      0.328
[YOLOv5] epoch 70/100 running
[YOLOv5] validation: all         80         82      0.842       0.65      0.745      0.333
[YOLOv5] epoch 71/100 running
[YOLOv5] validation: all         80         82      0.801       0.64      0.701      0.289
[YOLOv5] epoch 72/100 running
[YOLOv5] validation: all         80         82      0.699      0.622      0.608      0.215
[YOLOv5] epoch 73/100 running
[YOLOv5] validation: all         80         82      0.834      0.675      0.717      0.324
[YOLOv5] epoch 74/100 running
[YOLOv5] validation: all         80         82      0.765      0.671      0.712      0.283
[YOLOv5] epoch 75/100 running
[YOLOv5] validation: all         80         82      0.822      0.675      0.704      0.314
[YOLOv5] epoch 76/100 running
[YOLOv5] validation: all         80         82      0.889      0.682      0.759      0.338
[YOLOv5] epoch 77/100 running
[YOLOv5] validation: all         80         82      0.865      0.701      0.758      0.345
[YOLOv5] epoch 78/100 running
[YOLOv5] validation: all         80         82      0.825      0.732      0.757      0.349
[YOLOv5] epoch 79/100 running
[YOLOv5] validation: all         80         82      0.815      0.751      0.764      0.341
[YOLOv5] epoch 80/100 running
[YOLOv5] validation: all         80         82      0.844      0.732      0.757      0.336
[YOLOv5] epoch 81/100 running
[YOLOv5] validation: all         80         82      0.838      0.683      0.719      0.313
[YOLOv5] epoch 82/100 running
[YOLOv5] validation: all         80         82      0.829      0.708      0.741      0.324
[YOLOv5] epoch 83/100 running
[YOLOv5] validation: all         80         82      0.829      0.671       0.73      0.295
[YOLOv5] epoch 84/100 running
[YOLOv5] validation: all         80         82      0.871      0.683      0.759       0.36
[YOLOv5] epoch 85/100 running
[YOLOv5] validation: all         80         82      0.866      0.671      0.724      0.329
[YOLOv5] epoch 86/100 running
[YOLOv5] validation: all         80         82      0.863      0.671      0.725      0.304
[YOLOv5] epoch 87/100 running
[YOLOv5] validation: all         80         82      0.855      0.683      0.732      0.327
[YOLOv5] epoch 88/100 running
[YOLOv5] validation: all         80         82      0.863       0.72      0.758      0.351
[YOLOv5] epoch 89/100 running
[YOLOv5] validation: all         80         82       0.85      0.707      0.727      0.279
[YOLOv5] epoch 90/100 running
[YOLOv5] validation: all         80         82      0.822       0.72       0.75      0.338
[YOLOv5] epoch 91/100 running
[YOLOv5] validation: all         80         82      0.845       0.72       0.75      0.356
[YOLOv5] epoch 92/100 running
[YOLOv5] validation: all         80         82      0.892      0.705      0.754      0.361
[YOLOv5] epoch 93/100 running
[YOLOv5] validation: all         80         82      0.868      0.723      0.755      0.356
[YOLOv5] epoch 94/100 running
[YOLOv5] validation: all         80         82       0.88      0.712      0.758      0.365
[YOLOv5] epoch 95/100 running
[YOLOv5] validation: all         80         82      0.881      0.726      0.757      0.355
[YOLOv5] epoch 96/100 running
[YOLOv5] validation: all         80         82      0.894      0.721      0.756      0.352
[YOLOv5] epoch 97/100 running
[YOLOv5] validation: all         80         82      0.895      0.725      0.756      0.357
[YOLOv5] epoch 98/100 running
[YOLOv5] validation: all         80         82       0.89       0.72      0.757      0.362
[YOLOv5] epoch 99/100 running
[YOLOv5] validation: all         80         82      0.891       0.72      0.757      0.357
[YOLOv5] epoch 100/100 running
[YOLOv5] validation: all         80         82      0.894      0.718      0.757      0.361
[YOLOv5] 100 epochs completed in 0.040 hours.
[YOLOv5] validation: all         80         82      0.815      0.753      0.765      0.342
[Task] training completed: 178.8s
[Task] evaluating: checkpoint=last, group=test, samples=80
[YOLOv5] validation: all         80         81      0.776      0.704      0.729      0.312
[Task] evaluation: checkpoint=last, group=test, mAP50-95=0.3118, mAP50=0.7289, time=19.2s
[Task] evaluating: checkpoint=best, group=test, samples=80
[YOLOv5] validation: all         80         81      0.794      0.619      0.707      0.287
[Task] evaluation: checkpoint=best, group=test, mAP50-95=0.2873, mAP50=0.7067, time=21.4s
[Task] completed: evaluation=40.6s, output=/home/lijinhe/work/YOLO_Retraining/runs/studies/0907_stroller_window10_learning_curve/experiment/sequence/StrollerWindow10Tau099_SplitS43__seq-full-cold__stage0-stage7__yolov5s__s42/tasks/000__stage0__full-cold
[Task] output: /home/lijinhe/work/YOLO_Retraining/runs/studies/0907_stroller_window10_learning_curve/experiment/sequence/StrollerWindow10Tau099_SplitS43__seq-full-cold__stage0-stage7__yolov5s__s42/tasks/001__stage1__full-cold
[Task] data: current=80, candidate=161, validation=80, test=80
[Task] selection: policy=full, selected=161, groups={'candidate': 161}, time=0.000s
[Task] training: backend=yolov5, epochs=100, batch=64, device=0
[YOLOv5] epoch 1/100 running
[YOLOv5] validation: all         80         82   0.000227     0.0244   0.000122   2.44e-05
[YOLOv5] epoch 2/100 running
[YOLOv5] validation: all         80         82   0.000936      0.122    0.00262   0.000326
[YOLOv5] epoch 3/100 running
[YOLOv5] validation: all         80         82    0.00176      0.293    0.00915    0.00159
[YOLOv5] epoch 4/100 running
[YOLOv5] validation: all         80         82    0.00711      0.354     0.0121     0.0027
[YOLOv5] epoch 5/100 running
[YOLOv5] validation: all         80         82     0.0178      0.317      0.033    0.00566
[YOLOv5] epoch 6/100 running
[YOLOv5] validation: all         80         82    0.00261      0.622    0.00461   0.000952
[YOLOv5] epoch 7/100 running
[YOLOv5] validation: all         80         82     0.0124      0.439     0.0213    0.00387
[YOLOv5] epoch 8/100 running
[YOLOv5] validation: all         80         82     0.0403      0.305     0.0314    0.00725
[YOLOv5] epoch 9/100 running
[YOLOv5] validation: all         80         82    0.00286     0.0488    0.00837    0.00204
[YOLOv5] epoch 10/100 running
[YOLOv5] validation: all         80         82     0.0716       0.39     0.0721     0.0164
[YOLOv5] epoch 11/100 running
[YOLOv5] validation: all         80         82     0.0316      0.439     0.0304    0.00713
[YOLOv5] epoch 12/100 running
[YOLOv5] validation: all         80         82      0.178      0.207      0.147     0.0341
[YOLOv5] epoch 13/100 running
[YOLOv5] validation: all         80         82      0.109      0.134     0.0534     0.0101
[YOLOv5] epoch 14/100 running
[YOLOv5] validation: all         80         82      0.339      0.445      0.335       0.11
[YOLOv5] epoch 15/100 running
[YOLOv5] validation: all         80         82      0.165      0.159     0.0806     0.0136
[YOLOv5] epoch 16/100 running
[YOLOv5] validation: all         80         82      0.472      0.439      0.337     0.0653
[YOLOv5] epoch 17/100 running
[YOLOv5] validation: all         80         82     0.0769      0.207     0.0647     0.0133
[YOLOv5] epoch 18/100 running
[YOLOv5] validation: all         80         82      0.522      0.476      0.428      0.108
[YOLOv5] epoch 19/100 running
[YOLOv5] validation: all         80         82       0.26      0.256      0.187     0.0431
[YOLOv5] epoch 20/100 running
[YOLOv5] validation: all         80         82      0.545      0.488      0.485      0.145
[YOLOv5] epoch 21/100 running
[YOLOv5] validation: all         80         82      0.576      0.531      0.492      0.143
[YOLOv5] epoch 22/100 running
[YOLOv5] validation: all         80         82      0.397       0.39      0.328       0.11
[YOLOv5] epoch 23/100 running
[YOLOv5] validation: all         80         82       0.49      0.504      0.414       0.15
[YOLOv5] epoch 24/100 running
[YOLOv5] validation: all         80         82      0.261      0.305      0.191     0.0553
[YOLOv5] epoch 25/100 running
[YOLOv5] validation: all         80         82      0.532        0.5      0.521      0.212
[YOLOv5] epoch 26/100 running
[YOLOv5] validation: all         80         82      0.304      0.317      0.269     0.0814
[YOLOv5] epoch 27/100 running
[YOLOv5] validation: all         80         82      0.463      0.439      0.398      0.104
[YOLOv5] epoch 28/100 running
[YOLOv5] validation: all         80         82      0.376      0.439      0.311      0.086
[YOLOv5] epoch 29/100 running
[YOLOv5] validation: all         80         82       0.45      0.598      0.438      0.181
[YOLOv5] epoch 30/100 running
[YOLOv5] validation: all         80         82      0.456      0.439      0.418      0.132
[YOLOv5] epoch 31/100 running
[YOLOv5] validation: all         80         82      0.362       0.52      0.389      0.138
[YOLOv5] epoch 32/100 running
[YOLOv5] validation: all         80         82      0.549      0.622      0.594      0.228
[YOLOv5] epoch 33/100 running
[YOLOv5] validation: all         80         82      0.451      0.501      0.461      0.149
[YOLOv5] epoch 34/100 running
[YOLOv5] validation: all         80         82      0.557      0.695      0.579      0.223
[YOLOv5] epoch 35/100 running
[YOLOv5] validation: all         80         82      0.415      0.561      0.431      0.112
[YOLOv5] epoch 36/100 running
[YOLOv5] validation: all         80         82      0.678      0.707      0.673      0.277
[YOLOv5] epoch 37/100 running
[YOLOv5] validation: all         80         82      0.622      0.524      0.545      0.183
[YOLOv5] epoch 38/100 running
[YOLOv5] validation: all         80         82      0.678      0.634      0.668      0.293
[YOLOv5] epoch 39/100 running
[YOLOv5] validation: all         80         82      0.423       0.61      0.434      0.208
[YOLOv5] epoch 40/100 running
[YOLOv5] validation: all         80         82      0.859      0.667      0.771      0.392
[YOLOv5] epoch 41/100 running
[YOLOv5] validation: all         80         82      0.669      0.641      0.588      0.194
[YOLOv5] epoch 42/100 running
[YOLOv5] validation: all         80         82      0.794      0.707      0.754       0.31
[YOLOv5] epoch 43/100 running
[YOLOv5] validation: all         80         82       0.54      0.671      0.576      0.205
[YOLOv5] epoch 44/100 running
[YOLOv5] validation: all         80         82       0.79      0.695      0.741      0.315
[YOLOv5] epoch 45/100 running
[YOLOv5] validation: all         80         82      0.643      0.671        0.6      0.221
[YOLOv5] epoch 46/100 running
[YOLOv5] validation: all         80         82      0.829       0.72      0.767      0.325
[YOLOv5] epoch 47/100 running
[YOLOv5] validation: all         80         82      0.685      0.622      0.576      0.207
[YOLOv5] epoch 48/100 running
[YOLOv5] validation: all         80         82      0.885      0.707      0.772      0.348
[YOLOv5] epoch 49/100 running
[YOLOv5] validation: all         80         82      0.774      0.683      0.676      0.248
[YOLOv5] epoch 50/100 running
[YOLOv5] validation: all         80         82      0.839      0.763      0.784      0.357
[YOLOv5] epoch 51/100 running
[YOLOv5] validation: all         80         82      0.764      0.732      0.768      0.332
[YOLOv5] epoch 52/100 running
[YOLOv5] validation: all         80         82      0.851      0.744      0.799      0.373
[YOLOv5] epoch 53/100 running
[YOLOv5] validation: all         80         82      0.815       0.75      0.795      0.351
[YOLOv5] epoch 54/100 running
[YOLOv5] validation: all         80         82      0.799      0.774      0.785      0.378
[YOLOv5] epoch 55/100 running
[YOLOv5] validation: all         80         82      0.743       0.74      0.744      0.347
[YOLOv5] epoch 56/100 running
[YOLOv5] validation: all         80         82      0.829      0.711      0.787      0.397
[YOLOv5] epoch 57/100 running
[YOLOv5] validation: all         80         82      0.775      0.793      0.765      0.346
[YOLOv5] epoch 58/100 running
[YOLOv5] validation: all         80         82      0.838      0.756      0.796      0.385
[YOLOv5] epoch 59/100 running
[YOLOv5] validation: all         80         82      0.822      0.744        0.8      0.357
[YOLOv5] epoch 60/100 running
[YOLOv5] validation: all         80         82       0.87      0.744      0.816      0.407
[YOLOv5] epoch 61/100 running
[YOLOv5] validation: all         80         82      0.862      0.761      0.817      0.376
[YOLOv5] epoch 62/100 running
[YOLOv5] validation: all         80         82      0.848      0.747      0.791      0.397
[YOLOv5] epoch 63/100 running
[YOLOv5] validation: all         80         82      0.891      0.699      0.808      0.378
[YOLOv5] epoch 64/100 running
[YOLOv5] validation: all         80         82      0.863       0.78      0.821      0.401
[YOLOv5] epoch 65/100 running
[YOLOv5] validation: all         80         82      0.885      0.756      0.819      0.392
[YOLOv5] epoch 66/100 running
[YOLOv5] validation: all         80         82      0.825      0.817      0.822      0.435
[YOLOv5] epoch 67/100 running
[YOLOv5] validation: all         80         82      0.835      0.829      0.839      0.396
[YOLOv5] epoch 68/100 running
[YOLOv5] validation: all         80         82      0.817      0.817      0.817      0.435
[YOLOv5] epoch 69/100 running
[YOLOv5] validation: all         80         82      0.861      0.753      0.823      0.408
[YOLOv5] epoch 70/100 running
[YOLOv5] validation: all         80         82      0.833       0.79      0.821      0.436
[YOLOv5] epoch 71/100 running
[YOLOv5] validation: all         80         82       0.85      0.805      0.842        0.4
[YOLOv5] epoch 72/100 running
[YOLOv5] validation: all         80         82      0.855       0.79        0.8      0.421
[YOLOv5] epoch 73/100 running
[YOLOv5] validation: all         80         82      0.835      0.829      0.823      0.397
[YOLOv5] epoch 74/100 running
[YOLOv5] validation: all         80         82      0.839      0.829      0.816      0.404
[YOLOv5] epoch 75/100 running
[YOLOv5] validation: all         80         82      0.831      0.837      0.823        0.4
[YOLOv5] epoch 76/100 running
[YOLOv5] validation: all         80         82       0.84      0.805      0.804      0.423
[YOLOv5] epoch 77/100 running
[YOLOv5] validation: all         80         82      0.867      0.817      0.823      0.411
[YOLOv5] epoch 78/100 running
[YOLOv5] validation: all         80         82      0.893      0.815      0.854      0.411
[YOLOv5] epoch 79/100 running
[YOLOv5] validation: all         80         82      0.883       0.78      0.825      0.395
[YOLOv5] epoch 80/100 running
[YOLOv5] validation: all         80         82      0.854      0.805       0.82      0.413
[YOLOv5] epoch 81/100 running
[YOLOv5] validation: all         80         82      0.879      0.801      0.829      0.407
[YOLOv5] epoch 82/100 running
[YOLOv5] validation: all         80         82      0.895      0.793      0.832      0.406
[YOLOv5] epoch 83/100 running
[YOLOv5] validation: all         80         82      0.892      0.803      0.842      0.405
[YOLOv5] epoch 84/100 running
[YOLOv5] validation: all         80         82      0.893      0.814      0.841        0.4
[YOLOv5] epoch 85/100 running
[YOLOv5] validation: all         80         82      0.889      0.805      0.834      0.406
[YOLOv5] epoch 86/100 running
[YOLOv5] validation: all         80         82      0.894      0.817      0.851      0.411
[YOLOv5] epoch 87/100 running
[YOLOv5] validation: all         80         82      0.885      0.829      0.846       0.42
[YOLOv5] epoch 88/100 running
[YOLOv5] validation: all         80         82       0.89      0.817       0.84      0.412
[YOLOv5] epoch 89/100 running
[YOLOv5] validation: all         80         82      0.874      0.817       0.84      0.405
[YOLOv5] epoch 90/100 running
[YOLOv5] validation: all         80         82      0.876      0.805      0.841      0.369
[YOLOv5] epoch 91/100 running
[YOLOv5] validation: all         80         82      0.869      0.806      0.843      0.414
[YOLOv5] epoch 92/100 running
[YOLOv5] validation: all         80         82      0.875      0.805      0.842      0.414
[YOLOv5] epoch 93/100 running
[YOLOv5] validation: all         80         82      0.891      0.805      0.848      0.396
[YOLOv5] epoch 94/100 running
[YOLOv5] validation: all         80         82      0.892       0.81      0.843      0.427
[YOLOv5] epoch 95/100 running
[YOLOv5] validation: all         80         82      0.903      0.829      0.843      0.409
[YOLOv5] epoch 96/100 running
[YOLOv5] validation: all         80         82        0.9      0.829      0.862      0.438
[YOLOv5] epoch 97/100 running
[YOLOv5] validation: all         80         82      0.886      0.841      0.851      0.433
[YOLOv5] epoch 98/100 running
[YOLOv5] validation: all         80         82      0.896      0.841      0.853      0.444
[YOLOv5] epoch 99/100 running
[YOLOv5] validation: all         80         82      0.896      0.839      0.865      0.439
[YOLOv5] epoch 100/100 running
[YOLOv5] validation: all         80         82      0.896      0.839      0.854      0.442
[YOLOv5] 100 epochs completed in 0.044 hours.
[YOLOv5] validation: all         80         82      0.896      0.839      0.865      0.435
[Task] training completed: 192.7s
[Task] evaluating: checkpoint=last, group=test, samples=80
[YOLOv5] validation: all         80         81      0.791      0.747      0.821      0.402
[Task] evaluation: checkpoint=last, group=test, mAP50-95=0.4025, mAP50=0.8208, time=19.9s
[Task] evaluating: checkpoint=best, group=test, samples=80
[YOLOv5] validation: all         80         81      0.802       0.75      0.819        0.4
[Task] evaluation: checkpoint=best, group=test, mAP50-95=0.3995, mAP50=0.8195, time=20.3s
[Task] completed: evaluation=40.2s, output=/home/lijinhe/work/YOLO_Retraining/runs/studies/0907_stroller_window10_learning_curve/experiment/sequence/StrollerWindow10Tau099_SplitS43__seq-full-cold__stage0-stage7__yolov5s__s42/tasks/001__stage1__full-cold
[Task] output: /home/lijinhe/work/YOLO_Retraining/runs/studies/0907_stroller_window10_learning_curve/experiment/sequence/StrollerWindow10Tau099_SplitS43__seq-full-cold__stage0-stage7__yolov5s__s42/tasks/002__stage2__full-cold
[Task] data: current=80, candidate=241, validation=80, test=80
[Task] selection: policy=full, selected=241, groups={'candidate': 241}, time=0.000s
[Task] training: backend=yolov5, epochs=100, batch=64, device=0
[YOLOv5] epoch 1/100 running
[YOLOv5] validation: all         80         82   0.000374     0.0366   0.000206   4.04e-05
[YOLOv5] epoch 2/100 running
[YOLOv5] validation: all         80         82    0.00186      0.244    0.00121   0.000352
[YOLOv5] epoch 3/100 running
[YOLOv5] validation: all         80         82    0.00284        0.5    0.00572    0.00124
[YOLOv5] epoch 4/100 running
[YOLOv5] validation: all         80         82    0.00312      0.671     0.0146    0.00317
[YOLOv5] epoch 5/100 running
[YOLOv5] validation: all         80         82     0.0388     0.0976     0.0293     0.0067
[YOLOv5] epoch 6/100 running
[YOLOv5] validation: all         80         82      0.124     0.0244      0.067     0.0166
[YOLOv5] epoch 7/100 running
[YOLOv5] validation: all         80         82       0.18      0.244      0.102     0.0304
[YOLOv5] epoch 8/100 running
[YOLOv5] validation: all         80         82      0.195      0.305      0.129     0.0412
[YOLOv5] epoch 9/100 running
[YOLOv5] validation: all         80         82      0.181      0.317      0.162      0.049
[YOLOv5] epoch 10/100 running
[YOLOv5] validation: all         80         82      0.236      0.341      0.201     0.0645
[YOLOv5] epoch 11/100 running
[YOLOv5] validation: all         80         82      0.295      0.341      0.256     0.0744
[YOLOv5] epoch 12/100 running
[YOLOv5] validation: all         80         82      0.294      0.341      0.273      0.082
[YOLOv5] epoch 13/100 running
[YOLOv5] validation: all         80         82      0.258       0.36      0.246     0.0731
[YOLOv5] epoch 14/100 running
[YOLOv5] validation: all         80         82      0.188      0.439      0.156     0.0453
[YOLOv5] epoch 15/100 running
[YOLOv5] validation: all         80         82      0.387      0.402       0.37      0.117
[YOLOv5] epoch 16/100 running
[YOLOv5] validation: all         80         82      0.281      0.524      0.238     0.0821
[YOLOv5] epoch 17/100 running
[YOLOv5] validation: all         80         82      0.436      0.461      0.437      0.172
[YOLOv5] epoch 18/100 running
[YOLOv5] validation: all         80         82      0.367      0.451      0.337      0.125
[YOLOv5] epoch 19/100 running
[YOLOv5] validation: all         80         82       0.37      0.451      0.373      0.111
[YOLOv5] epoch 20/100 running
[YOLOv5] validation: all         80         82       0.43      0.505      0.443       0.18
[YOLOv5] epoch 21/100 running
[YOLOv5] validation: all         80         82      0.444      0.476      0.428      0.146
[YOLOv5] epoch 22/100 running
[YOLOv5] validation: all         80         82      0.534      0.476      0.468      0.143
[YOLOv5] epoch 23/100 running
[YOLOv5] validation: all         80         82      0.698       0.61       0.68      0.277
[YOLOv5] epoch 24/100 running
[YOLOv5] validation: all         80         82      0.645      0.634      0.641      0.249
[YOLOv5] epoch 25/100 running
[YOLOv5] validation: all         80         82      0.664      0.659      0.668      0.251
[YOLOv5] epoch 26/100 running
[YOLOv5] validation: all         80         82      0.427      0.634       0.44      0.158
[YOLOv5] epoch 27/100 running
[YOLOv5] validation: all         80         82      0.743       0.74      0.718       0.34
[YOLOv5] epoch 28/100 running
[YOLOv5] validation: all         80         82      0.503      0.744      0.627      0.276
[YOLOv5] epoch 29/100 running
[YOLOv5] validation: all         80         82      0.728      0.646       0.68      0.253
[YOLOv5] epoch 30/100 running
[YOLOv5] validation: all         80         82      0.792      0.695      0.743      0.311
[YOLOv5] epoch 31/100 running
[YOLOv5] validation: all         80         82      0.756      0.717      0.727      0.308
[YOLOv5] epoch 32/100 running
[YOLOv5] validation: all         80         82      0.798      0.707      0.724      0.305
[YOLOv5] epoch 33/100 running
[YOLOv5] validation: all         80         82      0.788       0.72      0.748      0.321
[YOLOv5] epoch 34/100 running
[YOLOv5] validation: all         80         82      0.796      0.671      0.724      0.306
[YOLOv5] epoch 35/100 running
[YOLOv5] validation: all         80         82       0.73      0.683       0.72      0.301
[YOLOv5] epoch 36/100 running
[YOLOv5] validation: all         80         82      0.792      0.696      0.756      0.333
[YOLOv5] epoch 37/100 running
[YOLOv5] validation: all         80         82      0.849      0.744      0.776      0.317
[YOLOv5] epoch 38/100 running
[YOLOv5] validation: all         80         82      0.848      0.744      0.738      0.319
[YOLOv5] epoch 39/100 running
[YOLOv5] validation: all         80         82      0.829      0.771      0.786      0.361
[YOLOv5] epoch 40/100 running
[YOLOv5] validation: all         80         82      0.836      0.683      0.774      0.354
[YOLOv5] epoch 41/100 running
[YOLOv5] validation: all         80         82      0.877       0.72      0.823      0.403
[YOLOv5] epoch 42/100 running
[YOLOv5] validation: all         80         82      0.816       0.78      0.811      0.401
[YOLOv5] epoch 43/100 running
[YOLOv5] validation: all         80         82      0.861      0.744        0.8       0.38
[YOLOv5] epoch 44/100 running
[YOLOv5] validation: all         80         82       0.87      0.744      0.802      0.371
[YOLOv5] epoch 45/100 running
[YOLOv5] validation: all         80         82      0.896      0.737      0.812      0.388
[YOLOv5] epoch 46/100 running
[YOLOv5] validation: all         80         82       0.88      0.714      0.805      0.393
[YOLOv5] epoch 47/100 running
[YOLOv5] validation: all         80         82      0.905      0.732      0.831      0.399
[YOLOv5] epoch 48/100 running
[YOLOv5] validation: all         80         82      0.843      0.718      0.799      0.387
[YOLOv5] epoch 49/100 running
[YOLOv5] validation: all         80         82      0.851      0.744      0.831      0.408
[YOLOv5] epoch 50/100 running
[YOLOv5] validation: all         80         82      0.845      0.734      0.822      0.407
[YOLOv5] epoch 51/100 running
[YOLOv5] validation: all         80         82       0.87      0.768      0.833      0.414
[YOLOv5] epoch 52/100 running
[YOLOv5] validation: all         80         82      0.862      0.756      0.804        0.4
[YOLOv5] epoch 53/100 running
[YOLOv5] validation: all         80         82       0.86       0.75        0.8      0.394
[YOLOv5] epoch 54/100 running
[YOLOv5] validation: all         80         82      0.837      0.749      0.794      0.388
[YOLOv5] epoch 55/100 running
[YOLOv5] validation: all         80         82      0.787      0.768      0.773      0.359
[YOLOv5] epoch 56/100 running
[YOLOv5] validation: all         80         82      0.823       0.78      0.812      0.401
[YOLOv5] epoch 57/100 running
[YOLOv5] validation: all         80         82      0.823      0.829      0.826      0.391
[YOLOv5] epoch 58/100 running
[YOLOv5] validation: all         80         82      0.857      0.801      0.821      0.388
[YOLOv5] epoch 59/100 running
[YOLOv5] validation: all         80         82      0.863      0.805      0.808      0.374
[YOLOv5] epoch 60/100 running
[YOLOv5] validation: all         80         82      0.863       0.78      0.804      0.375
[YOLOv5] epoch 61/100 running
[YOLOv5] validation: all         80         82      0.848      0.816      0.808      0.388
[YOLOv5] epoch 62/100 running
[YOLOv5] validation: all         80         82      0.882      0.817      0.825      0.389
[YOLOv5] epoch 63/100 running
[YOLOv5] validation: all         80         82      0.833       0.78      0.829       0.38
[YOLOv5] epoch 64/100 running
[YOLOv5] validation: all         80         82       0.89       0.72      0.818      0.365
[YOLOv5] epoch 65/100 running
[YOLOv5] validation: all         80         82      0.837      0.811      0.818      0.355
[YOLOv5] epoch 66/100 running
[YOLOv5] validation: all         80         82      0.879      0.805      0.825      0.403
[YOLOv5] epoch 67/100 running
[YOLOv5] validation: all         80         82      0.882      0.756      0.833      0.371
[YOLOv5] epoch 68/100 running
[YOLOv5] validation: all         80         82      0.886      0.755      0.814      0.364
[YOLOv5] epoch 69/100 running
[YOLOv5] validation: all         80         82       0.89       0.78      0.832      0.404
[YOLOv5] epoch 70/100 running
[YOLOv5] validation: all         80         82      0.875      0.817       0.84      0.406
[YOLOv5] epoch 71/100 running
[YOLOv5] validation: all         80         82      0.892      0.806      0.836      0.404
[YOLOv5] epoch 72/100 running
[YOLOv5] validation: all         80         82      0.876      0.793      0.809      0.403
[YOLOv5] epoch 73/100 running
[YOLOv5] validation: all         80         82      0.884       0.78      0.811      0.397
[YOLOv5] epoch 74/100 running
[YOLOv5] validation: all         80         82      0.877      0.784      0.826      0.393
[YOLOv5] epoch 75/100 running
[YOLOv5] validation: all         80         82       0.89      0.805      0.823      0.392
[YOLOv5] epoch 76/100 running
[YOLOv5] validation: all         80         82      0.879      0.799      0.825      0.407
[YOLOv5] epoch 77/100 running
[YOLOv5] validation: all         80         82      0.897      0.805      0.841      0.425
[YOLOv5] epoch 78/100 running
[YOLOv5] validation: all         80         82      0.915      0.791      0.839      0.406
[YOLOv5] epoch 79/100 running
[YOLOv5] validation: all         80         82      0.914      0.779      0.849      0.433
[YOLOv5] epoch 80/100 running
[YOLOv5] validation: all         80         82      0.893      0.812      0.848      0.441
[YOLOv5] epoch 81/100 running
[YOLOv5] validation: all         80         82      0.915      0.793      0.844      0.431
[YOLOv5] epoch 82/100 running
[YOLOv5] validation: all         80         82      0.921       0.78       0.85      0.462
[YOLOv5] epoch 83/100 running
[YOLOv5] validation: all         80         82      0.905       0.78      0.856      0.441
[YOLOv5] epoch 84/100 running
[YOLOv5] validation: all         80         82      0.908      0.768      0.858       0.44
[YOLOv5] epoch 85/100 running
[YOLOv5] validation: all         80         82      0.901      0.773      0.861      0.447
[YOLOv5] epoch 86/100 running
[YOLOv5] validation: all         80         82      0.925      0.793      0.864      0.474
[YOLOv5] epoch 87/100 running
[YOLOv5] validation: all         80         82       0.92      0.793      0.867      0.473
[YOLOv5] epoch 88/100 running
[YOLOv5] validation: all         80         82      0.917      0.804      0.865      0.452
[YOLOv5] epoch 89/100 running
[YOLOv5] validation: all         80         82      0.904      0.801      0.862      0.467
[YOLOv5] epoch 90/100 running
[YOLOv5] validation: all         80         82      0.903      0.793      0.863      0.457
[YOLOv5] epoch 91/100 running
[YOLOv5] validation: all         80         82      0.884      0.793      0.858      0.461
[YOLOv5] epoch 92/100 running
[YOLOv5] validation: all         80         82      0.848      0.805      0.848      0.463
[YOLOv5] epoch 93/100 running
[YOLOv5] validation: all         80         82      0.862      0.817      0.861       0.46
[YOLOv5] epoch 94/100 running
[YOLOv5] validation: all         80         82      0.882      0.793      0.858      0.453
[YOLOv5] epoch 95/100 running
[YOLOv5] validation: all         80         82      0.891      0.801      0.851      0.454
[YOLOv5] epoch 96/100 running
[YOLOv5] validation: all         80         82      0.895      0.805      0.856      0.457
[YOLOv5] epoch 97/100 running
[YOLOv5] validation: all         80         82      0.908      0.805      0.854       0.45
[YOLOv5] epoch 98/100 running
[YOLOv5] validation: all         80         82      0.915      0.805      0.848      0.463
[YOLOv5] epoch 99/100 running
[YOLOv5] validation: all         80         82      0.904      0.793      0.848      0.462
[YOLOv5] epoch 100/100 running
[YOLOv5] validation: all         80         82      0.901      0.805      0.852       0.46
[YOLOv5] 100 epochs completed in 0.048 hours.
[YOLOv5] validation: all         80         82      0.927      0.793      0.866      0.475
[Task] training completed: 261.5s
[Task] evaluating: checkpoint=last, group=test, samples=80
[YOLOv5] validation: all         80         81      0.847       0.79      0.864      0.447
[Task] evaluation: checkpoint=last, group=test, mAP50-95=0.4469, mAP50=0.8641, time=18.2s
[Task] evaluating: checkpoint=best, group=test, samples=80
[YOLOv5] validation: all         80         81      0.879      0.815      0.874      0.447
[Task] evaluation: checkpoint=best, group=test, mAP50-95=0.4465, mAP50=0.8740, time=19.2s
[Task] completed: evaluation=37.4s, output=/home/lijinhe/work/YOLO_Retraining/runs/studies/0907_stroller_window10_learning_curve/experiment/sequence/StrollerWindow10Tau099_SplitS43__seq-full-cold__stage0-stage7__yolov5s__s42/tasks/002__stage2__full-cold
[Task] output: /home/lijinhe/work/YOLO_Retraining/runs/studies/0907_stroller_window10_learning_curve/experiment/sequence/StrollerWindow10Tau099_SplitS43__seq-full-cold__stage0-stage7__yolov5s__s42/tasks/003__stage3__full-cold
[Task] data: current=80, candidate=321, validation=80, test=80
[Task] selection: policy=full, selected=321, groups={'candidate': 321}, time=0.000s
[Task] training: backend=yolov5, epochs=100, batch=64, device=0
[YOLOv5] epoch 1/100 running
[YOLOv5] validation: all         80         82   0.000861     0.0488   0.000472   0.000139
[YOLOv5] epoch 2/100 running
[YOLOv5] validation: all         80         82      0.004      0.439    0.00587     0.0013
[YOLOv5] epoch 3/100 running
[YOLOv5] validation: all         80         82     0.0267      0.244     0.0554    0.00917
[YOLOv5] epoch 4/100 running
[YOLOv5] validation: all         80         82    0.00233      0.598    0.00213   0.000416
[YOLOv5] epoch 5/100 running
[YOLOv5] validation: all         80         82    0.00857      0.341    0.00857    0.00192
[YOLOv5] epoch 6/100 running
[YOLOv5] validation: all         80         82     0.0149      0.268     0.0156    0.00344
[YOLOv5] epoch 7/100 running
[YOLOv5] validation: all         80         82      0.107      0.268     0.0834     0.0167
[YOLOv5] epoch 8/100 running
[YOLOv5] validation: all         80         82     0.0334      0.317     0.0311    0.00848
[YOLOv5] epoch 9/100 running
[YOLOv5] validation: all         80         82      0.387      0.378       0.32     0.0826
[YOLOv5] epoch 10/100 running
[YOLOv5] validation: all         80         82      0.231      0.305      0.169      0.044
[YOLOv5] epoch 11/100 running
[YOLOv5] validation: all         80         82       0.12      0.215     0.0844     0.0255
[YOLOv5] epoch 12/100 running
[YOLOv5] validation: all         80         82      0.174      0.378      0.151     0.0342
[YOLOv5] epoch 13/100 running
[YOLOv5] validation: all         80         82      0.502      0.427       0.44      0.124
[YOLOv5] epoch 14/100 running
[YOLOv5] validation: all         80         82      0.188       0.22      0.154     0.0255
[YOLOv5] epoch 15/100 running
[YOLOv5] validation: all         80         82      0.221      0.354      0.174     0.0411
[YOLOv5] epoch 16/100 running
[YOLOv5] validation: all         80         82      0.392      0.589      0.401      0.145
[YOLOv5] epoch 17/100 running
[YOLOv5] validation: all         80         82       0.18      0.293      0.186     0.0336
[YOLOv5] epoch 18/100 running
[YOLOv5] validation: all         80         82      0.181      0.354       0.17     0.0422
[YOLOv5] epoch 19/100 running
[YOLOv5] validation: all         80         82      0.167      0.268      0.128     0.0339
[YOLOv5] epoch 20/100 running
[YOLOv5] validation: all         80         82      0.454      0.487      0.428      0.151
[YOLOv5] epoch 21/100 running
[YOLOv5] validation: all         80         82      0.491      0.573      0.504      0.179
[YOLOv5] epoch 22/100 running
[YOLOv5] validation: all         80         82      0.491       0.72      0.544      0.226
[YOLOv5] epoch 23/100 running
[YOLOv5] validation: all         80         82       0.46      0.585      0.482      0.139
[YOLOv5] epoch 24/100 running
[YOLOv5] validation: all         80         82      0.397      0.671      0.437      0.119
[YOLOv5] epoch 25/100 running
[YOLOv5] validation: all         80         82      0.509      0.697      0.602      0.204
[YOLOv5] epoch 26/100 running
[YOLOv5] validation: all         80         82      0.681       0.72      0.702      0.245
[YOLOv5] epoch 27/100 running
[YOLOv5] validation: all         80         82       0.43        0.5      0.386      0.114
[YOLOv5] epoch 28/100 running
[YOLOv5] validation: all         80         82       0.41      0.653      0.457       0.16
[YOLOv5] epoch 29/100 running
[YOLOv5] validation: all         80         82      0.642      0.634       0.66      0.286
[YOLOv5] epoch 30/100 running
[YOLOv5] validation: all         80         82        0.7      0.585      0.655      0.251
[YOLOv5] epoch 31/100 running
[YOLOv5] validation: all         80         82      0.614      0.732      0.625      0.284
[YOLOv5] epoch 32/100 running
[YOLOv5] validation: all         80         82      0.522      0.622      0.528       0.17
[YOLOv5] epoch 33/100 running
[YOLOv5] validation: all         80         82      0.821      0.732      0.794      0.311
[YOLOv5] epoch 34/100 running
[YOLOv5] validation: all         80         82      0.509      0.598      0.485      0.164
[YOLOv5] epoch 35/100 running
[YOLOv5] validation: all         80         82      0.796      0.756      0.765      0.303
[YOLOv5] epoch 36/100 running
[YOLOv5] validation: all         80         82      0.757      0.756      0.762      0.322
[YOLOv5] epoch 37/100 running
[YOLOv5] validation: all         80         82      0.622      0.683       0.66       0.26
[YOLOv5] epoch 38/100 running
[YOLOv5] validation: all         80         82      0.735      0.695      0.746       0.32
[YOLOv5] epoch 39/100 running
[YOLOv5] validation: all         80         82      0.613      0.756      0.693       0.33
[YOLOv5] epoch 40/100 running
[YOLOv5] validation: all         80         82      0.845      0.768       0.77      0.355
[YOLOv5] epoch 41/100 running
[YOLOv5] validation: all         80         82      0.672      0.659       0.64      0.252
[YOLOv5] epoch 42/100 running
[YOLOv5] validation: all         80         82      0.854      0.756      0.796      0.375
[YOLOv5] epoch 43/100 running
[YOLOv5] validation: all         80         82      0.857      0.656      0.741      0.279
[YOLOv5] epoch 44/100 running
[YOLOv5] validation: all         80         82      0.648      0.829      0.769      0.326
[YOLOv5] epoch 45/100 running
[YOLOv5] validation: all         80         82      0.845      0.768      0.795      0.361
[YOLOv5] epoch 46/100 running
[YOLOv5] validation: all         80         82      0.795      0.709      0.721      0.258
[YOLOv5] epoch 47/100 running
[YOLOv5] validation: all         80         82      0.813      0.741      0.781       0.37
[YOLOv5] epoch 48/100 running
[YOLOv5] validation: all         80         82      0.784      0.752      0.767      0.371
[YOLOv5] epoch 49/100 running
[YOLOv5] validation: all         80         82      0.815      0.683      0.782      0.355
[YOLOv5] epoch 50/100 running
[YOLOv5] validation: all         80         82      0.836      0.748      0.787      0.397
[YOLOv5] epoch 51/100 running
[YOLOv5] validation: all         80         82      0.874      0.768      0.814      0.358
[YOLOv5] epoch 52/100 running
[YOLOv5] validation: all         80         82      0.849      0.755      0.839      0.415
[YOLOv5] epoch 53/100 running
[YOLOv5] validation: all         80         82      0.695      0.744      0.768      0.373
[YOLOv5] epoch 54/100 running
[YOLOv5] validation: all         80         82      0.794      0.866      0.839      0.418
[YOLOv5] epoch 55/100 running
[YOLOv5] validation: all         80         82      0.825      0.817      0.816      0.366
[YOLOv5] epoch 56/100 running
[YOLOv5] validation: all         80         82      0.843      0.829      0.839      0.411
[YOLOv5] epoch 57/100 running
[YOLOv5] validation: all         80         82      0.844      0.793      0.821      0.361
[YOLOv5] epoch 58/100 running
[YOLOv5] validation: all         80         82      0.805      0.805      0.831      0.403
[YOLOv5] epoch 59/100 running
[YOLOv5] validation: all         80         82      0.799      0.793      0.814      0.376
[YOLOv5] epoch 60/100 running
[YOLOv5] validation: all         80         82      0.825      0.841      0.859      0.428
[YOLOv5] epoch 61/100 running
[YOLOv5] validation: all         80         82      0.873      0.757      0.842      0.418
[YOLOv5] epoch 62/100 running
[YOLOv5] validation: all         80         82      0.829      0.829      0.851        0.4
[YOLOv5] epoch 63/100 running
[YOLOv5] validation: all         80         82      0.836      0.768      0.822      0.395
[YOLOv5] epoch 64/100 running
[YOLOv5] validation: all         80         82      0.865      0.732      0.802      0.412
[YOLOv5] epoch 65/100 running
[YOLOv5] validation: all         80         82      0.846      0.806      0.838      0.394
[YOLOv5] epoch 66/100 running
[YOLOv5] validation: all         80         82      0.824      0.798      0.813      0.415
[YOLOv5] epoch 67/100 running
[YOLOv5] validation: all         80         82      0.792      0.805      0.789      0.405
[YOLOv5] epoch 68/100 running
[YOLOv5] validation: all         80         82      0.786      0.808      0.808      0.401
[YOLOv5] epoch 69/100 running
[YOLOv5] validation: all         80         82      0.845        0.8      0.818      0.426
[YOLOv5] epoch 70/100 running
[YOLOv5] validation: all         80         82      0.888      0.817      0.832       0.41
[YOLOv5] epoch 71/100 running
[YOLOv5] validation: all         80         82      0.852      0.842      0.853      0.413
[YOLOv5] epoch 72/100 running
[YOLOv5] validation: all         80         82      0.889      0.829      0.865      0.452
[YOLOv5] epoch 73/100 running
[YOLOv5] validation: all         80         82      0.881      0.811      0.854       0.43
[YOLOv5] epoch 74/100 running
[YOLOv5] validation: all         80         82      0.875      0.793      0.841      0.422
[YOLOv5] epoch 75/100 running
[YOLOv5] validation: all         80         82      0.864      0.768      0.829      0.418
[YOLOv5] epoch 76/100 running
[YOLOv5] validation: all         80         82      0.862      0.836      0.853      0.444
[YOLOv5] epoch 77/100 running
[YOLOv5] validation: all         80         82      0.848      0.829      0.855      0.424
[YOLOv5] epoch 78/100 running
[YOLOv5] validation: all         80         82      0.892      0.804      0.853      0.445
[YOLOv5] epoch 79/100 running
[YOLOv5] validation: all         80         82       0.91      0.817      0.872      0.433
[YOLOv5] epoch 80/100 running
[YOLOv5] validation: all         80         82      0.915      0.805      0.858      0.449
[YOLOv5] epoch 81/100 running
[YOLOv5] validation: all         80         82      0.901      0.774      0.849      0.445
[YOLOv5] epoch 82/100 running
[YOLOv5] validation: all         80         82      0.886      0.793      0.857      0.429
[YOLOv5] epoch 83/100 running
[YOLOv5] validation: all         80         82      0.837      0.817      0.853      0.435
[YOLOv5] epoch 84/100 running
[YOLOv5] validation: all         80         82      0.845      0.805       0.84      0.409
[YOLOv5] epoch 85/100 running
[YOLOv5] validation: all         80         82      0.875      0.767      0.832      0.434
[YOLOv5] epoch 86/100 running
[YOLOv5] validation: all         80         82      0.858      0.809      0.848      0.397
[YOLOv5] epoch 87/100 running
[YOLOv5] validation: all         80         82      0.823      0.841      0.848      0.424
[YOLOv5] epoch 88/100 running
[YOLOv5] validation: all         80         82      0.927      0.779      0.855      0.435
[YOLOv5] epoch 89/100 running
[YOLOv5] validation: all         80         82      0.886      0.757       0.84      0.407
[YOLOv5] epoch 90/100 running
[YOLOv5] validation: all         80         82       0.83      0.854      0.862      0.431
[YOLOv5] epoch 91/100 running
[YOLOv5] validation: all         80         82       0.81      0.829       0.85      0.435
[YOLOv5] epoch 92/100 running
[YOLOv5] validation: all         80         82      0.861      0.841      0.872      0.442
[YOLOv5] epoch 93/100 running
[YOLOv5] validation: all         80         82      0.914      0.777       0.86      0.439
[YOLOv5] epoch 94/100 running
[YOLOv5] validation: all         80         82      0.903      0.793      0.856      0.444
[YOLOv5] epoch 95/100 running
[YOLOv5] validation: all         80         82      0.917      0.756      0.856      0.435
[YOLOv5] epoch 96/100 running
[YOLOv5] validation: all         80         82      0.926      0.764      0.862       0.45
[YOLOv5] epoch 97/100 running
[YOLOv5] validation: all         80         82      0.816      0.878      0.862      0.452
[YOLOv5] epoch 98/100 running
[YOLOv5] validation: all         80         82      0.816      0.866      0.853      0.464
[YOLOv5] epoch 99/100 running
[YOLOv5] validation: all         80         82      0.812      0.866      0.853      0.454
[YOLOv5] epoch 100/100 running
[YOLOv5] validation: all         80         82      0.825      0.862      0.848      0.458
[YOLOv5] 100 epochs completed in 0.059 hours.
[YOLOv5] validation: all         80         82      0.862      0.841      0.872      0.442
[Task] training completed: 301.6s
[Task] evaluating: checkpoint=last, group=test, samples=80
[YOLOv5] validation: all         80         81      0.872       0.84      0.859      0.467
[Task] evaluation: checkpoint=last, group=test, mAP50-95=0.4671, mAP50=0.8590, time=15.6s
[Task] evaluating: checkpoint=best, group=test, samples=80
[YOLOv5] validation: all         80         81      0.826      0.823      0.856      0.458
[Task] evaluation: checkpoint=best, group=test, mAP50-95=0.4581, mAP50=0.8559, time=16.7s
[Task] completed: evaluation=32.3s, output=/home/lijinhe/work/YOLO_Retraining/runs/studies/0907_stroller_window10_learning_curve/experiment/sequence/StrollerWindow10Tau099_SplitS43__seq-full-cold__stage0-stage7__yolov5s__s42/tasks/003__stage3__full-cold
[Task] output: /home/lijinhe/work/YOLO_Retraining/runs/studies/0907_stroller_window10_learning_curve/experiment/sequence/StrollerWindow10Tau099_SplitS43__seq-full-cold__stage0-stage7__yolov5s__s42/tasks/004__stage4__full-cold
[Task] data: current=80, candidate=401, validation=80, test=80
[Task] selection: policy=full, selected=401, groups={'candidate': 401}, time=0.000s
[Task] training: backend=yolov5, epochs=100, batch=64, device=0
[YOLOv5] epoch 1/100 running
[YOLOv5] validation: all         80         82    0.00246       0.22    0.00159   0.000403
[YOLOv5] epoch 2/100 running
[YOLOv5] validation: all         80         82     0.0035      0.622     0.0265    0.00424
[YOLOv5] epoch 3/100 running
[YOLOv5] validation: all         80         82      0.156      0.402      0.132      0.031
[YOLOv5] epoch 4/100 running
[YOLOv5] validation: all         80         82      0.285      0.439      0.235     0.0625
[YOLOv5] epoch 5/100 running
[YOLOv5] validation: all         80         82     0.0421      0.439     0.0385    0.00967
[YOLOv5] epoch 6/100 running
[YOLOv5] validation: all         80         82      0.221      0.402       0.19     0.0425
[YOLOv5] epoch 7/100 running
[YOLOv5] validation: all         80         82      0.375      0.341      0.309     0.0874
[YOLOv5] epoch 8/100 running
[YOLOv5] validation: all         80         82      0.439      0.427      0.326     0.0991
[YOLOv5] epoch 9/100 running
[YOLOv5] validation: all         80         82      0.393       0.39      0.331     0.0935
[YOLOv5] epoch 10/100 running
[YOLOv5] validation: all         80         82      0.558      0.378      0.437      0.162
[YOLOv5] epoch 11/100 running
[YOLOv5] validation: all         80         82      0.452      0.463      0.401      0.117
[YOLOv5] epoch 12/100 running
[YOLOv5] validation: all         80         82       0.58      0.512      0.553      0.174
[YOLOv5] epoch 13/100 running
[YOLOv5] validation: all         80         82      0.516      0.561      0.564      0.234
[YOLOv5] epoch 14/100 running
[YOLOv5] validation: all         80         82      0.495      0.451       0.47      0.207
[YOLOv5] epoch 15/100 running
[YOLOv5] validation: all         80         82      0.624      0.646      0.628      0.268
[YOLOv5] epoch 16/100 running
[YOLOv5] validation: all         80         82      0.723      0.671      0.699      0.316
[YOLOv5] epoch 17/100 running
[YOLOv5] validation: all         80         82      0.652      0.663      0.653      0.277
[YOLOv5] epoch 18/100 running
[YOLOv5] validation: all         80         82      0.746      0.707      0.695      0.258
[YOLOv5] epoch 19/100 running
[YOLOv5] validation: all         80         82      0.592      0.732      0.622      0.242
[YOLOv5] epoch 20/100 running
[YOLOv5] validation: all         80         82      0.715       0.72      0.701      0.297
[YOLOv5] epoch 21/100 running
[YOLOv5] validation: all         80         82      0.806      0.762       0.79      0.388
[YOLOv5] epoch 22/100 running
[YOLOv5] validation: all         80         82      0.837      0.817      0.819      0.386
[YOLOv5] epoch 23/100 running
[YOLOv5] validation: all         80         82      0.781      0.739      0.748      0.355
[YOLOv5] epoch 24/100 running
[YOLOv5] validation: all         80         82      0.821      0.756      0.817      0.359
[YOLOv5] epoch 25/100 running
[YOLOv5] validation: all         80         82      0.644      0.706      0.708       0.31
[YOLOv5] epoch 26/100 running
[YOLOv5] validation: all         80         82       0.75      0.768      0.809      0.366
[YOLOv5] epoch 27/100 running
[YOLOv5] validation: all         80         82      0.892      0.732      0.824      0.391
[YOLOv5] epoch 28/100 running
[YOLOv5] validation: all         80         82      0.682      0.793      0.748      0.358
[YOLOv5] epoch 29/100 running
[YOLOv5] validation: all         80         82      0.823      0.793       0.81      0.382
[YOLOv5] epoch 30/100 running
[YOLOv5] validation: all         80         82      0.807      0.765      0.783      0.402
[YOLOv5] epoch 31/100 running
[YOLOv5] validation: all         80         82      0.855       0.78      0.832      0.439
[YOLOv5] epoch 32/100 running
[YOLOv5] validation: all         80         82      0.883      0.756      0.834      0.432
[YOLOv5] epoch 33/100 running
[YOLOv5] validation: all         80         82      0.882       0.78      0.832      0.433
[YOLOv5] epoch 34/100 running
[YOLOv5] validation: all         80         82      0.899      0.757      0.845      0.415
[YOLOv5] epoch 35/100 running
[YOLOv5] validation: all         80         82      0.908      0.843      0.886      0.407
[YOLOv5] epoch 36/100 running
[YOLOv5] validation: all         80         82      0.857      0.829      0.853      0.401
[YOLOv5] epoch 37/100 running
[YOLOv5] validation: all         80         82      0.883      0.828      0.841       0.44
[YOLOv5] epoch 38/100 running
[YOLOv5] validation: all         80         82      0.831       0.78      0.828      0.398
[YOLOv5] epoch 39/100 running
[YOLOv5] validation: all         80         82      0.837       0.78       0.82      0.423
[YOLOv5] epoch 40/100 running
[YOLOv5] validation: all         80         82      0.848      0.805      0.829      0.423
[YOLOv5] epoch 41/100 running
[YOLOv5] validation: all         80         82      0.859      0.805      0.831      0.443
[YOLOv5] epoch 42/100 running
[YOLOv5] validation: all         80         82      0.846      0.817      0.835      0.437
[YOLOv5] epoch 43/100 running
[YOLOv5] validation: all         80         82      0.867      0.817      0.841      0.457
[YOLOv5] epoch 44/100 running
[YOLOv5] validation: all         80         82      0.874      0.805      0.845      0.426
[YOLOv5] epoch 45/100 running
[YOLOv5] validation: all         80         82       0.88      0.805      0.838       0.42
[YOLOv5] epoch 46/100 running
[YOLOv5] validation: all         80         82      0.888       0.72      0.814       0.41
[YOLOv5] epoch 47/100 running
[YOLOv5] validation: all         80         82      0.857       0.73      0.812      0.422
[YOLOv5] epoch 48/100 running
[YOLOv5] validation: all         80         82      0.822      0.789      0.807      0.422
[YOLOv5] epoch 49/100 running
[YOLOv5] validation: all         80         82      0.875       0.78      0.842      0.423
[YOLOv5] epoch 50/100 running
[YOLOv5] validation: all         80         82      0.885      0.854      0.863      0.451
[YOLOv5] epoch 51/100 running
[YOLOv5] validation: all         80         82      0.852      0.841      0.828      0.436
[YOLOv5] epoch 52/100 running
[YOLOv5] validation: all         80         82      0.929      0.817       0.85      0.445
[YOLOv5] epoch 53/100 running
[YOLOv5] validation: all         80         82      0.837      0.812      0.805      0.386
[YOLOv5] epoch 54/100 running
[YOLOv5] validation: all         80         82      0.899      0.805      0.832      0.378
[YOLOv5] epoch 55/100 running
[YOLOv5] validation: all         80         82      0.914      0.793      0.837      0.414
[YOLOv5] epoch 56/100 running
[YOLOv5] validation: all         80         82      0.914      0.793       0.85      0.453
[YOLOv5] epoch 57/100 running
[YOLOv5] validation: all         80         82      0.866      0.817      0.846      0.452
[YOLOv5] epoch 58/100 running
[YOLOv5] validation: all         80         82      0.921       0.78      0.867       0.46
[YOLOv5] epoch 59/100 running
[YOLOv5] validation: all         80         82      0.926      0.762      0.866      0.461
[YOLOv5] epoch 60/100 running
[YOLOv5] validation: all         80         82      0.833      0.817      0.857      0.468
[YOLOv5] epoch 61/100 running
[YOLOv5] validation: all         80         82      0.881      0.815       0.84      0.454
[YOLOv5] epoch 62/100 running
[YOLOv5] validation: all         80         82      0.888      0.793      0.829      0.443
[YOLOv5] epoch 63/100 running
[YOLOv5] validation: all         80         82      0.873      0.754      0.823      0.434
[YOLOv5] epoch 64/100 running
[YOLOv5] validation: all         80         82      0.855      0.788        0.8      0.434
[YOLOv5] epoch 65/100 running
[YOLOv5] validation: all         80         82      0.843      0.783      0.814       0.46
[YOLOv5] epoch 66/100 running
[YOLOv5] validation: all         80         82      0.867      0.793      0.836      0.448
[YOLOv5] epoch 67/100 running
[YOLOv5] validation: all         80         82      0.847      0.813      0.853      0.465
[YOLOv5] epoch 68/100 running
[YOLOv5] validation: all         80         82      0.914      0.777      0.869      0.461
[YOLOv5] epoch 69/100 running
[YOLOv5] validation: all         80         82      0.858      0.829      0.856      0.448
[YOLOv5] epoch 70/100 running
[YOLOv5] validation: all         80         82      0.876      0.779      0.844      0.456
[YOLOv5] epoch 71/100 running
[YOLOv5] validation: all         80         82      0.901      0.777      0.836      0.464
[YOLOv5] epoch 72/100 running
[YOLOv5] validation: all         80         82       0.89      0.817      0.848      0.465
[YOLOv5] epoch 73/100 running
[YOLOv5] validation: all         80         82      0.918      0.805      0.853      0.457
[YOLOv5] epoch 74/100 running
[YOLOv5] validation: all         80         82      0.911      0.805      0.879      0.466
[YOLOv5] epoch 75/100 running
[YOLOv5] validation: all         80         82      0.883      0.817      0.873      0.465
[YOLOv5] epoch 76/100 running
[YOLOv5] validation: all         80         82      0.891      0.829      0.858      0.452
[YOLOv5] epoch 77/100 running
[YOLOv5] validation: all         80         82      0.851      0.841       0.86      0.449
[YOLOv5] epoch 78/100 running
[YOLOv5] validation: all         80         82      0.903      0.792       0.85      0.442
[YOLOv5] epoch 79/100 running
[YOLOv5] validation: all         80         82      0.889      0.805       0.86      0.457
[YOLOv5] epoch 80/100 running
[YOLOv5] validation: all         80         82      0.871      0.827       0.86      0.461
[YOLOv5] epoch 81/100 running
[YOLOv5] validation: all         80         82      0.902      0.805      0.869      0.478
[YOLOv5] epoch 82/100 running
[YOLOv5] validation: all         80         82      0.893      0.815      0.869       0.48
[YOLOv5] epoch 83/100 running
[YOLOv5] validation: all         80         82      0.892      0.802       0.87      0.469
[YOLOv5] epoch 84/100 running
[YOLOv5] validation: all         80         82      0.849      0.823      0.851      0.476
[YOLOv5] epoch 85/100 running
[YOLOv5] validation: all         80         82      0.865      0.805      0.856      0.489
[YOLOv5] epoch 86/100 running
[YOLOv5] validation: all         80         82      0.859       0.82      0.864       0.49
[YOLOv5] epoch 87/100 running
[YOLOv5] validation: all         80         82      0.881      0.829      0.858      0.471
[YOLOv5] epoch 88/100 running
[YOLOv5] validation: all         80         82      0.862      0.829      0.856      0.456
[YOLOv5] epoch 89/100 running
[YOLOv5] validation: all         80         82      0.904      0.802      0.859       0.47
[YOLOv5] epoch 90/100 running
[YOLOv5] validation: all         80         82      0.877       0.78      0.844       0.47
[YOLOv5] epoch 91/100 running
[YOLOv5] validation: all         80         82      0.867      0.841      0.855      0.459
[YOLOv5] epoch 92/100 running
[YOLOv5] validation: all         80         82      0.906      0.825      0.864      0.479
[YOLOv5] epoch 93/100 running
[YOLOv5] validation: all         80         82      0.883      0.841      0.868      0.496
[YOLOv5] epoch 94/100 running
[YOLOv5] validation: all         80         82      0.895      0.817      0.872      0.488
[YOLOv5] epoch 95/100 running
[YOLOv5] validation: all         80         82      0.895      0.828      0.873      0.492
[YOLOv5] epoch 96/100 running
[YOLOv5] validation: all         80         82      0.897      0.829      0.871      0.487
[YOLOv5] epoch 97/100 running
[YOLOv5] validation: all         80         82      0.895      0.834      0.868      0.482
[YOLOv5] epoch 98/100 running
[YOLOv5] validation: all         80         82      0.896      0.805      0.864      0.477
[YOLOv5] epoch 99/100 running
[YOLOv5] validation: all         80         82       0.88      0.805      0.856       0.48
[YOLOv5] epoch 100/100 running
[YOLOv5] validation: all         80         82      0.894      0.826      0.865      0.486
[YOLOv5] 100 epochs completed in 0.062 hours.
[YOLOv5] validation: all         80         82      0.908      0.847      0.886      0.406
[Task] training completed: 311.4s
[Task] evaluating: checkpoint=last, group=test, samples=80
[YOLOv5] validation: all         80         81      0.912       0.79      0.846      0.481
[Task] evaluation: checkpoint=last, group=test, mAP50-95=0.4806, mAP50=0.8463, time=16.6s
[Task] evaluating: checkpoint=best, group=test, samples=80
[YOLOv5] validation: all         80         81       0.87      0.745      0.861      0.416
[Task] evaluation: checkpoint=best, group=test, mAP50-95=0.4155, mAP50=0.8607, time=17.8s
[Task] completed: evaluation=34.4s, output=/home/lijinhe/work/YOLO_Retraining/runs/studies/0907_stroller_window10_learning_curve/experiment/sequence/StrollerWindow10Tau099_SplitS43__seq-full-cold__stage0-stage7__yolov5s__s42/tasks/004__stage4__full-cold
[Task] output: /home/lijinhe/work/YOLO_Retraining/runs/studies/0907_stroller_window10_learning_curve/experiment/sequence/StrollerWindow10Tau099_SplitS43__seq-full-cold__stage0-stage7__yolov5s__s42/tasks/005__stage5__full-cold
[Task] data: current=80, candidate=481, validation=80, test=80
[Task] selection: policy=full, selected=481, groups={'candidate': 481}, time=0.000s
[Task] training: backend=yolov5, epochs=100, batch=64, device=0
[YOLOv5] epoch 1/100 running
[YOLOv5] validation: all         80         82   0.000569      0.061   0.000303   4.78e-05
[YOLOv5] epoch 2/100 running
[YOLOv5] validation: all         80         82    0.00302      0.622    0.00862    0.00203
[YOLOv5] epoch 3/100 running
[YOLOv5] validation: all         80         82    0.00309      0.829     0.0344    0.00702
[YOLOv5] epoch 4/100 running
[YOLOv5] validation: all         80         82     0.0213      0.695     0.0557     0.0174
[YOLOv5] epoch 5/100 running
[YOLOv5] validation: all         80         82       0.27      0.366      0.231     0.0738
[YOLOv5] epoch 6/100 running
[YOLOv5] validation: all         80         82     0.0519      0.207     0.0389     0.0123
[YOLOv5] epoch 7/100 running
[YOLOv5] validation: all         80         82      0.366      0.354      0.276     0.0826
[YOLOv5] epoch 8/100 running
[YOLOv5] validation: all         80         82      0.421      0.305      0.324      0.117
[YOLOv5] epoch 9/100 running
[YOLOv5] validation: all         80         82      0.245       0.39      0.234     0.0535
[YOLOv5] epoch 10/100 running
[YOLOv5] validation: all         80         82      0.525      0.524      0.513      0.175
[YOLOv5] epoch 11/100 running
[YOLOv5] validation: all         80         82      0.534      0.634      0.619      0.246
[YOLOv5] epoch 12/100 running
[YOLOv5] validation: all         80         82      0.467       0.72      0.545      0.162
[YOLOv5] epoch 13/100 running
[YOLOv5] validation: all         80         82      0.407      0.646      0.475      0.171
[YOLOv5] epoch 14/100 running
[YOLOv5] validation: all         80         82      0.441      0.585      0.497      0.185
[YOLOv5] epoch 15/100 running
[YOLOv5] validation: all         80         82      0.614      0.695      0.628      0.233
[YOLOv5] epoch 16/100 running
[YOLOv5] validation: all         80         82      0.818      0.768      0.812      0.394
[YOLOv5] epoch 17/100 running
[YOLOv5] validation: all         80         82      0.514      0.683      0.555      0.219
[YOLOv5] epoch 18/100 running
[YOLOv5] validation: all         80         82      0.592      0.756      0.615       0.22
[YOLOv5] epoch 19/100 running
[YOLOv5] validation: all         80         82      0.682      0.744      0.734      0.319
[YOLOv5] epoch 20/100 running
[YOLOv5] validation: all         80         82       0.75      0.732       0.72      0.309
[YOLOv5] epoch 21/100 running
[YOLOv5] validation: all         80         82      0.875       0.78      0.846      0.385
[YOLOv5] epoch 22/100 running
[YOLOv5] validation: all         80         82       0.76       0.78      0.784      0.349
[YOLOv5] epoch 23/100 running
[YOLOv5] validation: all         80         82      0.837      0.754      0.789        0.4
[YOLOv5] epoch 24/100 running
[YOLOv5] validation: all         80         82      0.835      0.817      0.778       0.37
[YOLOv5] epoch 25/100 running
[YOLOv5] validation: all         80         82       0.84      0.768      0.815      0.401
[YOLOv5] epoch 26/100 running
[YOLOv5] validation: all         80         82      0.806      0.762      0.791      0.411
[YOLOv5] epoch 27/100 running
[YOLOv5] validation: all         80         82      0.913      0.768      0.833      0.396
[YOLOv5] epoch 28/100 running
[YOLOv5] validation: all         80         82      0.848      0.793      0.793      0.401
[YOLOv5] epoch 29/100 running
[YOLOv5] validation: all         80         82      0.887      0.763       0.82      0.383
[YOLOv5] epoch 30/100 running
[YOLOv5] validation: all         80         82      0.875      0.765      0.834      0.411
[YOLOv5] epoch 31/100 running
[YOLOv5] validation: all         80         82      0.854      0.768      0.847      0.406
[YOLOv5] epoch 32/100 running
[YOLOv5] validation: all         80         82      0.897      0.741      0.811      0.405
[YOLOv5] epoch 33/100 running
[YOLOv5] validation: all         80         82      0.884      0.741      0.786      0.416
[YOLOv5] epoch 34/100 running
[YOLOv5] validation: all         80         82      0.864      0.732      0.807      0.418
[YOLOv5] epoch 35/100 running
[YOLOv5] validation: all         80         82      0.856      0.799      0.834      0.424
[YOLOv5] epoch 36/100 running
[YOLOv5] validation: all         80         82       0.87      0.817      0.866      0.425
[YOLOv5] epoch 37/100 running
[YOLOv5] validation: all         80         82      0.858       0.81      0.878      0.429
[YOLOv5] epoch 38/100 running
[YOLOv5] validation: all         80         82      0.858      0.813      0.865      0.435
[YOLOv5] epoch 39/100 running
[YOLOv5] validation: all         80         82      0.846      0.829      0.852       0.43
[YOLOv5] epoch 40/100 running
[YOLOv5] validation: all         80         82       0.84      0.829      0.844      0.404
[YOLOv5] epoch 41/100 running
[YOLOv5] validation: all         80         82      0.849       0.82      0.832      0.415
[YOLOv5] epoch 42/100 running
[YOLOv5] validation: all         80         82      0.877      0.756      0.849      0.432
[YOLOv5] epoch 43/100 running
[YOLOv5] validation: all         80         82      0.853      0.854      0.869      0.424
[YOLOv5] epoch 44/100 running
[YOLOv5] validation: all         80         82       0.84      0.756      0.828      0.428
[YOLOv5] epoch 45/100 running
[YOLOv5] validation: all         80         82      0.893      0.814      0.839      0.423
[YOLOv5] epoch 46/100 running
[YOLOv5] validation: all         80         82      0.879      0.797      0.864      0.449
[YOLOv5] epoch 47/100 running
[YOLOv5] validation: all         80         82      0.864      0.851       0.88      0.465
[YOLOv5] epoch 48/100 running
[YOLOv5] validation: all         80         82      0.856      0.854      0.875      0.481
[YOLOv5] epoch 49/100 running
[YOLOv5] validation: all         80         82      0.891      0.817      0.865      0.462
[YOLOv5] epoch 50/100 running
[YOLOv5] validation: all         80         82      0.873      0.841      0.883      0.452
[YOLOv5] epoch 51/100 running
[YOLOv5] validation: all         80         82        0.9      0.805      0.868      0.472
[YOLOv5] epoch 52/100 running
[YOLOv5] validation: all         80         82      0.851      0.837      0.885       0.46
[YOLOv5] epoch 53/100 running
[YOLOv5] validation: all         80         82      0.848      0.805       0.86      0.462
[YOLOv5] epoch 54/100 running
[YOLOv5] validation: all         80         82      0.892      0.829       0.87      0.455
[YOLOv5] epoch 55/100 running
[YOLOv5] validation: all         80         82      0.915      0.829       0.88      0.464
[YOLOv5] epoch 56/100 running
[YOLOv5] validation: all         80         82      0.884      0.839      0.888      0.465
[YOLOv5] epoch 57/100 running
[YOLOv5] validation: all         80         82      0.927      0.817       0.88      0.466
[YOLOv5] epoch 58/100 running
[YOLOv5] validation: all         80         82      0.874      0.847      0.891      0.468
[YOLOv5] epoch 59/100 running
[YOLOv5] validation: all         80         82      0.896      0.838      0.912      0.461
[YOLOv5] epoch 60/100 running
[YOLOv5] validation: all         80         82      0.916      0.829       0.88      0.467
[YOLOv5] epoch 61/100 running
[YOLOv5] validation: all         80         82      0.942      0.817      0.885       0.49
[YOLOv5] epoch 62/100 running
[YOLOv5] validation: all         80         82      0.895      0.866      0.886      0.489
[YOLOv5] epoch 63/100 running
[YOLOv5] validation: all         80         82      0.857      0.876       0.88       0.49
[YOLOv5] epoch 64/100 running
[YOLOv5] validation: all         80         82      0.864      0.851      0.874      0.461
[YOLOv5] epoch 65/100 running
[YOLOv5] validation: all         80         82      0.863      0.817      0.865      0.466
[YOLOv5] epoch 66/100 running
[YOLOv5] validation: all         80         82      0.893      0.817      0.852      0.449
[YOLOv5] epoch 67/100 running
[YOLOv5] validation: all         80         82      0.915      0.789      0.834      0.433
[YOLOv5] epoch 68/100 running
[YOLOv5] validation: all         80         82      0.899      0.817      0.847      0.436
[YOLOv5] epoch 69/100 running
[YOLOv5] validation: all         80         82      0.892      0.829      0.856      0.447
[YOLOv5] epoch 70/100 running
[YOLOv5] validation: all         80         82      0.825      0.865      0.865       0.45
[YOLOv5] epoch 71/100 running
[YOLOv5] validation: all         80         82      0.869      0.841      0.872      0.436
[YOLOv5] epoch 72/100 running
[YOLOv5] validation: all         80         82        0.9       0.77      0.857      0.452
[YOLOv5] epoch 73/100 running
[YOLOv5] validation: all         80         82      0.858      0.808      0.849      0.449
[YOLOv5] epoch 74/100 running
[YOLOv5] validation: all         80         82      0.836      0.807      0.855      0.457
[YOLOv5] epoch 75/100 running
[YOLOv5] validation: all         80         82      0.876      0.805      0.878      0.474
[YOLOv5] epoch 76/100 running
[YOLOv5] validation: all         80         82      0.846      0.854      0.887      0.477
[YOLOv5] epoch 77/100 running
[YOLOv5] validation: all         80         82      0.879      0.829      0.876       0.46
[YOLOv5] epoch 78/100 running
[YOLOv5] validation: all         80         82      0.876      0.841      0.881      0.456
[YOLOv5] epoch 79/100 running
[YOLOv5] validation: all         80         82      0.915      0.805      0.875      0.459
[YOLOv5] epoch 80/100 running
[YOLOv5] validation: all         80         82      0.942      0.793       0.88       0.45
[YOLOv5] epoch 81/100 running
[YOLOv5] validation: all         80         82      0.881      0.815      0.879      0.472
[YOLOv5] epoch 82/100 running
[YOLOv5] validation: all         80         82      0.901      0.805      0.881       0.46
[YOLOv5] epoch 83/100 running
[YOLOv5] validation: all         80         82      0.938      0.805      0.885       0.49
[YOLOv5] epoch 84/100 running
[YOLOv5] validation: all         80         82      0.928      0.793       0.88      0.483
[YOLOv5] epoch 85/100 running
[YOLOv5] validation: all         80         82      0.884      0.834      0.878      0.484
[YOLOv5] epoch 86/100 running
[YOLOv5] validation: all         80         82      0.896       0.84      0.871      0.457
[YOLOv5] epoch 87/100 running
[YOLOv5] validation: all         80         82      0.889      0.829      0.869      0.476
[YOLOv5] epoch 88/100 running
[YOLOv5] validation: all         80         82      0.872      0.828      0.864      0.472
[YOLOv5] epoch 89/100 running
[YOLOv5] validation: all         80         82      0.894      0.821      0.874      0.484
[YOLOv5] epoch 90/100 running
[YOLOv5] validation: all         80         82      0.895      0.828      0.878      0.476
[YOLOv5] epoch 91/100 running
[YOLOv5] validation: all         80         82      0.894      0.826      0.869      0.471
[YOLOv5] epoch 92/100 running
[YOLOv5] validation: all         80         82      0.891      0.817      0.866      0.458
[YOLOv5] epoch 93/100 running
[YOLOv5] validation: all         80         82      0.893      0.813       0.87      0.466
[YOLOv5] epoch 94/100 running
[YOLOv5] validation: all         80         82      0.929      0.792      0.869      0.473
[YOLOv5] epoch 95/100 running
[YOLOv5] validation: all         80         82      0.913      0.793       0.87      0.476
[YOLOv5] epoch 96/100 running
[YOLOv5] validation: all         80         82      0.904      0.804      0.869       0.47
[YOLOv5] epoch 97/100 running
[YOLOv5] validation: all         80         82      0.904      0.805      0.866      0.472
[YOLOv5] epoch 98/100 running
[YOLOv5] validation: all         80         82      0.893      0.812       0.87      0.474
[YOLOv5] epoch 99/100 running
[YOLOv5] validation: all         80         82      0.904      0.805      0.868      0.477
[YOLOv5] epoch 100/100 running
[YOLOv5] validation: all         80         82      0.927       0.78       0.87      0.481
[YOLOv5] 100 epochs completed in 0.069 hours.
[YOLOv5] validation: all         80         82      0.893      0.841      0.912      0.462
[Task] training completed: 345.7s
[Task] evaluating: checkpoint=last, group=test, samples=80
[YOLOv5] validation: all         80         81      0.913       0.79      0.861      0.487
[Task] evaluation: checkpoint=last, group=test, mAP50-95=0.4865, mAP50=0.8614, time=17.8s
[Task] evaluating: checkpoint=best, group=test, samples=80
[YOLOv5] validation: all         80         81      0.907      0.802      0.891      0.473
[Task] evaluation: checkpoint=best, group=test, mAP50-95=0.4734, mAP50=0.8914, time=21.4s
[Task] completed: evaluation=39.2s, output=/home/lijinhe/work/YOLO_Retraining/runs/studies/0907_stroller_window10_learning_curve/experiment/sequence/StrollerWindow10Tau099_SplitS43__seq-full-cold__stage0-stage7__yolov5s__s42/tasks/005__stage5__full-cold
[Task] output: /home/lijinhe/work/YOLO_Retraining/runs/studies/0907_stroller_window10_learning_curve/experiment/sequence/StrollerWindow10Tau099_SplitS43__seq-full-cold__stage0-stage7__yolov5s__s42/tasks/006__stage6__full-cold
[Task] data: current=80, candidate=561, validation=80, test=80
[Task] selection: policy=full, selected=561, groups={'candidate': 561}, time=0.000s
[Task] training: backend=yolov5, epochs=100, batch=64, device=0
[YOLOv5] epoch 1/100 running
[YOLOv5] validation: all         80         82    0.00232      0.317    0.00293   0.000787
[YOLOv5] epoch 2/100 running
[YOLOv5] validation: all         80         82    0.00299      0.793    0.00689    0.00179
[YOLOv5] epoch 3/100 running
[YOLOv5] validation: all         80         82     0.0381       0.61     0.0498     0.0138
[YOLOv5] epoch 4/100 running
[YOLOv5] validation: all         80         82      0.361        0.5      0.354     0.0989
[YOLOv5] epoch 5/100 running
[YOLOv5] validation: all         80         82      0.361      0.427      0.276     0.0624
[YOLOv5] epoch 6/100 running
[YOLOv5] validation: all         80         82      0.338      0.439      0.324      0.109
[YOLOv5] epoch 7/100 running
[YOLOv5] validation: all         80         82      0.129      0.244     0.0986     0.0299
[YOLOv5] epoch 8/100 running
[YOLOv5] validation: all         80         82      0.404      0.512      0.371      0.138
[YOLOv5] epoch 9/100 running
[YOLOv5] validation: all         80         82      0.473      0.549      0.534      0.207
[YOLOv5] epoch 10/100 running
[YOLOv5] validation: all         80         82      0.477      0.623      0.506      0.225
[YOLOv5] epoch 11/100 running
[YOLOv5] validation: all         80         82      0.253      0.479      0.277     0.0947
[YOLOv5] epoch 12/100 running
[YOLOv5] validation: all         80         82      0.604      0.634      0.621      0.284
[YOLOv5] epoch 13/100 running
[YOLOv5] validation: all         80         82      0.631      0.709      0.597      0.222
[YOLOv5] epoch 14/100 running
[YOLOv5] validation: all         80         82      0.784      0.756      0.745      0.309
[YOLOv5] epoch 15/100 running
[YOLOv5] validation: all         80         82      0.486       0.72      0.507      0.223
[YOLOv5] epoch 16/100 running
[YOLOv5] validation: all         80         82      0.747       0.78      0.742      0.309
[YOLOv5] epoch 17/100 running
[YOLOv5] validation: all         80         82      0.714      0.768      0.657      0.242
[YOLOv5] epoch 18/100 running
[YOLOv5] validation: all         80         82      0.863      0.683      0.774      0.358
[YOLOv5] epoch 19/100 running
[YOLOv5] validation: all         80         82      0.765      0.683      0.726      0.286
[YOLOv5] epoch 20/100 running
[YOLOv5] validation: all         80         82      0.841      0.829      0.826       0.39
[YOLOv5] epoch 21/100 running
[YOLOv5] validation: all         80         82       0.79      0.781      0.787      0.357
[YOLOv5] epoch 22/100 running
[YOLOv5] validation: all         80         82      0.772      0.841      0.826      0.414
[YOLOv5] epoch 23/100 running
[YOLOv5] validation: all         80         82      0.851       0.78      0.821      0.356
[YOLOv5] epoch 24/100 running
[YOLOv5] validation: all         80         82      0.811      0.785      0.804      0.398
[YOLOv5] epoch 25/100 running
[YOLOv5] validation: all         80         82      0.863       0.72      0.823      0.421
[YOLOv5] epoch 26/100 running
[YOLOv5] validation: all         80         82      0.812      0.817      0.867      0.466
[YOLOv5] epoch 27/100 running
[YOLOv5] validation: all         80         82      0.878      0.793      0.874       0.41
[YOLOv5] epoch 28/100 running
[YOLOv5] validation: all         80         82      0.902      0.783      0.826      0.425
[YOLOv5] epoch 29/100 running
[YOLOv5] validation: all         80         82      0.803      0.745      0.797      0.365
[YOLOv5] epoch 30/100 running
[YOLOv5] validation: all         80         82      0.887      0.766       0.82      0.414
[YOLOv5] epoch 31/100 running
[YOLOv5] validation: all         80         82      0.838      0.744      0.819      0.393
[YOLOv5] epoch 32/100 running
[YOLOv5] validation: all         80         82      0.891        0.8      0.856      0.438
[YOLOv5] epoch 33/100 running
[YOLOv5] validation: all         80         82      0.856       0.78      0.848      0.454
[YOLOv5] epoch 34/100 running
[YOLOv5] validation: all         80         82      0.812      0.866      0.871      0.468
[YOLOv5] epoch 35/100 running
[YOLOv5] validation: all         80         82      0.854      0.859      0.892      0.483
[YOLOv5] epoch 36/100 running
[YOLOv5] validation: all         80         82      0.853      0.776       0.85      0.403
[YOLOv5] epoch 37/100 running
[YOLOv5] validation: all         80         82      0.867      0.793      0.867      0.454
[YOLOv5] epoch 38/100 running
[YOLOv5] validation: all         80         82      0.747      0.841      0.799      0.415
[YOLOv5] epoch 39/100 running
[YOLOv5] validation: all         80         82      0.842       0.78       0.83      0.411
[YOLOv5] epoch 40/100 running
[YOLOv5] validation: all         80         82      0.922      0.768      0.854      0.451
[YOLOv5] epoch 41/100 running
[YOLOv5] validation: all         80         82       0.88      0.805      0.831      0.398
[YOLOv5] epoch 42/100 running
[YOLOv5] validation: all         80         82      0.836      0.817       0.85      0.441
[YOLOv5] epoch 43/100 running
[YOLOv5] validation: all         80         82      0.984       0.73       0.89      0.487
[YOLOv5] epoch 44/100 running
[YOLOv5] validation: all         80         82      0.916      0.803      0.889      0.487
[YOLOv5] epoch 45/100 running
[YOLOv5] validation: all         80         82      0.871      0.822      0.872      0.454
[YOLOv5] epoch 46/100 running
[YOLOv5] validation: all         80         82      0.926      0.758      0.874      0.501
[YOLOv5] epoch 47/100 running
[YOLOv5] validation: all         80         82      0.939      0.753      0.888      0.488
[YOLOv5] epoch 48/100 running
[YOLOv5] validation: all         80         82      0.913      0.767      0.863      0.451
[YOLOv5] epoch 49/100 running
[YOLOv5] validation: all         80         82      0.842       0.78      0.854      0.405
[YOLOv5] epoch 50/100 running
[YOLOv5] validation: all         80         82      0.838      0.768      0.846      0.401
[YOLOv5] epoch 51/100 running
[YOLOv5] validation: all         80         82      0.944      0.744      0.879       0.46
[YOLOv5] epoch 52/100 running
[YOLOv5] validation: all         80         82      0.884      0.793      0.884      0.436
[YOLOv5] epoch 53/100 running
[YOLOv5] validation: all         80         82       0.91      0.817      0.904      0.447
[YOLOv5] epoch 54/100 running
[YOLOv5] validation: all         80         82      0.883      0.829      0.889      0.468
[YOLOv5] epoch 55/100 running
[YOLOv5] validation: all         80         82      0.944      0.816      0.892       0.46
[YOLOv5] epoch 56/100 running
[YOLOv5] validation: all         80         82      0.835      0.829      0.864       0.48
[YOLOv5] epoch 57/100 running
[YOLOv5] validation: all         80         82      0.884      0.839      0.866      0.445
[YOLOv5] epoch 58/100 running
[YOLOv5] validation: all         80         82      0.854      0.878      0.896      0.466
[YOLOv5] epoch 59/100 running
[YOLOv5] validation: all         80         82      0.905      0.816      0.883      0.462
[YOLOv5] epoch 60/100 running
[YOLOv5] validation: all         80         82      0.898      0.859      0.898      0.498
[YOLOv5] epoch 61/100 running
[YOLOv5] validation: all         80         82      0.909      0.829      0.902      0.469
[YOLOv5] epoch 62/100 running
[YOLOv5] validation: all         80         82       0.93      0.813      0.896      0.467
[YOLOv5] epoch 63/100 running
[YOLOv5] validation: all         80         82      0.917       0.81      0.862      0.449
[YOLOv5] epoch 64/100 running
[YOLOv5] validation: all         80         82      0.921      0.851      0.885      0.457
[YOLOv5] epoch 65/100 running
[YOLOv5] validation: all         80         82      0.921      0.854      0.901      0.487
[YOLOv5] epoch 66/100 running
[YOLOv5] validation: all         80         82      0.906      0.821      0.894      0.477
[YOLOv5] epoch 67/100 running
[YOLOv5] validation: all         80         82       0.92      0.854      0.908      0.489
[YOLOv5] epoch 68/100 running
[YOLOv5] validation: all         80         82      0.907      0.866      0.909      0.508
[YOLOv5] epoch 69/100 running
[YOLOv5] validation: all         80         82      0.913      0.841      0.903      0.475
[YOLOv5] epoch 70/100 running
[YOLOv5] validation: all         80         82      0.898      0.866      0.893       0.48
[YOLOv5] epoch 71/100 running
[YOLOv5] validation: all         80         82      0.915      0.817      0.905      0.483
[YOLOv5] epoch 72/100 running
[YOLOv5] validation: all         80         82      0.904      0.841      0.913      0.492
[YOLOv5] epoch 73/100 running
[YOLOv5] validation: all         80         82      0.909      0.841      0.915      0.513
[YOLOv5] epoch 74/100 running
[YOLOv5] validation: all         80         82      0.918      0.824      0.915      0.505
[YOLOv5] epoch 75/100 running
[YOLOv5] validation: all         80         82       0.93      0.816      0.897      0.493
[YOLOv5] epoch 76/100 running
[YOLOv5] validation: all         80         82      0.918      0.805      0.892      0.492
[YOLOv5] epoch 77/100 running
[YOLOv5] validation: all         80         82      0.914      0.817      0.883      0.492
[YOLOv5] epoch 78/100 running
[YOLOv5] validation: all         80         82      0.908      0.838      0.886      0.486
[YOLOv5] epoch 79/100 running
[YOLOv5] validation: all         80         82      0.912      0.854      0.904      0.498
[YOLOv5] epoch 80/100 running
[YOLOv5] validation: all         80         82      0.922      0.862      0.905      0.513
[YOLOv5] epoch 81/100 running
[YOLOv5] validation: all         80         82      0.915      0.829      0.878      0.507
[YOLOv5] epoch 82/100 running
[YOLOv5] validation: all         80         82      0.941      0.817      0.889      0.501
[YOLOv5] epoch 83/100 running
[YOLOv5] validation: all         80         82      0.904      0.841      0.887      0.481
[YOLOv5] epoch 84/100 running
[YOLOv5] validation: all         80         82      0.864      0.855      0.885      0.492
[YOLOv5] epoch 85/100 running
[YOLOv5] validation: all         80         82      0.894      0.841      0.876      0.483
[YOLOv5] epoch 86/100 running
[YOLOv5] validation: all         80         82      0.905      0.817      0.879      0.478
[YOLOv5] epoch 87/100 running
[YOLOv5] validation: all         80         82      0.941      0.779      0.883       0.49
[YOLOv5] epoch 88/100 running
[YOLOv5] validation: all         80         82      0.909      0.805      0.885      0.485
[YOLOv5] epoch 89/100 running
[YOLOv5] validation: all         80         82      0.906       0.82      0.862      0.489
[YOLOv5] epoch 90/100 running
[YOLOv5] validation: all         80         82      0.932      0.833      0.883      0.478
[YOLOv5] epoch 91/100 running
[YOLOv5] validation: all         80         82      0.907      0.828      0.888      0.483
[YOLOv5] epoch 92/100 running
[YOLOv5] validation: all         80         82      0.921      0.817      0.892      0.489
[YOLOv5] epoch 93/100 running
[YOLOv5] validation: all         80         82      0.907      0.833      0.888       0.49
[YOLOv5] epoch 94/100 running
[YOLOv5] validation: all         80         82      0.906      0.829      0.899      0.493
[YOLOv5] epoch 95/100 running
[YOLOv5] validation: all         80         82      0.934      0.793      0.898      0.482
[YOLOv5] epoch 96/100 running
[YOLOv5] validation: all         80         82       0.91      0.817      0.898       0.49
[YOLOv5] epoch 97/100 running
[YOLOv5] validation: all         80         82      0.919      0.825      0.901      0.487
[YOLOv5] epoch 98/100 running
[YOLOv5] validation: all         80         82      0.918      0.819      0.904      0.494
[YOLOv5] epoch 99/100 running
[YOLOv5] validation: all         80         82       0.93      0.814      0.903      0.496
[YOLOv5] epoch 100/100 running
[YOLOv5] validation: all         80         82       0.93      0.816      0.903      0.491
[YOLOv5] 100 epochs completed in 0.085 hours.
[YOLOv5] validation: all         80         82      0.908      0.841      0.915      0.512
[Task] training completed: 393.8s
[Task] evaluating: checkpoint=last, group=test, samples=80
[YOLOv5] validation: all         80         81       0.91      0.875      0.888      0.521
[Task] evaluation: checkpoint=last, group=test, mAP50-95=0.5211, mAP50=0.8878, time=17.8s
[Task] evaluating: checkpoint=best, group=test, samples=80
[YOLOv5] validation: all         80         81      0.881      0.889       0.88      0.479
[Task] evaluation: checkpoint=best, group=test, mAP50-95=0.4791, mAP50=0.8798, time=18.9s
[Task] completed: evaluation=36.7s, output=/home/lijinhe/work/YOLO_Retraining/runs/studies/0907_stroller_window10_learning_curve/experiment/sequence/StrollerWindow10Tau099_SplitS43__seq-full-cold__stage0-stage7__yolov5s__s42/tasks/006__stage6__full-cold
[Task] output: /home/lijinhe/work/YOLO_Retraining/runs/studies/0907_stroller_window10_learning_curve/experiment/sequence/StrollerWindow10Tau099_SplitS43__seq-full-cold__stage0-stage7__yolov5s__s42/tasks/007__stage7__full-cold
[Task] data: current=80, candidate=641, validation=80, test=80
[Task] selection: policy=full, selected=641, groups={'candidate': 641}, time=0.000s
[Task] training: backend=yolov5, epochs=100, batch=64, device=0
[YOLOv5] epoch 1/100 running
[YOLOv5] validation: all         80         82    0.00336      0.354     0.0132    0.00202
[YOLOv5] epoch 2/100 running
[YOLOv5] validation: all         80         82     0.0572      0.244      0.038      0.008
[YOLOv5] epoch 3/100 running
[YOLOv5] validation: all         80         82      0.015      0.585     0.0139    0.00387
[YOLOv5] epoch 4/100 running
[YOLOv5] validation: all         80         82      0.295      0.329      0.193     0.0426
[YOLOv5] epoch 5/100 running
[YOLOv5] validation: all         80         82        0.3      0.415      0.233     0.0625
[YOLOv5] epoch 6/100 running
[YOLOv5] validation: all         80         82      0.354      0.378      0.287     0.0652
[YOLOv5] epoch 7/100 running
[YOLOv5] validation: all         80         82      0.256      0.354      0.213     0.0526
[YOLOv5] epoch 8/100 running
[YOLOv5] validation: all         80         82       0.24      0.439      0.252     0.0656
[YOLOv5] epoch 9/100 running
[YOLOv5] validation: all         80         82      0.219      0.402      0.206     0.0598
[YOLOv5] epoch 10/100 running
[YOLOv5] validation: all         80         82      0.401      0.571      0.444      0.168
[YOLOv5] epoch 11/100 running
[YOLOv5] validation: all         80         82      0.121      0.598      0.104      0.033
[YOLOv5] epoch 12/100 running
[YOLOv5] validation: all         80         82      0.483      0.593      0.534      0.215
[YOLOv5] epoch 13/100 running
[YOLOv5] validation: all         80         82      0.428      0.451      0.446      0.161
[YOLOv5] epoch 14/100 running
[YOLOv5] validation: all         80         82       0.49      0.634      0.542      0.191
[YOLOv5] epoch 15/100 running
[YOLOv5] validation: all         80         82      0.772      0.707      0.761      0.295
[YOLOv5] epoch 16/100 running
[YOLOv5] validation: all         80         82      0.743      0.742      0.689      0.266
[YOLOv5] epoch 17/100 running
[YOLOv5] validation: all         80         82      0.726      0.732      0.742       0.29
[YOLOv5] epoch 18/100 running
[YOLOv5] validation: all         80         82      0.834      0.768        0.8      0.372
[YOLOv5] epoch 19/100 running
[YOLOv5] validation: all         80         82      0.858      0.634       0.73      0.312
[YOLOv5] epoch 20/100 running
[YOLOv5] validation: all         80         82      0.791      0.744      0.729      0.325
[YOLOv5] epoch 21/100 running
[YOLOv5] validation: all         80         82      0.825      0.524      0.704      0.345
[YOLOv5] epoch 22/100 running
[YOLOv5] validation: all         80         82      0.677      0.598      0.617      0.223
[YOLOv5] epoch 23/100 running
[YOLOv5] validation: all         80         82      0.767       0.72      0.728      0.311
[YOLOv5] epoch 24/100 running
[YOLOv5] validation: all         80         82       0.85      0.762      0.838      0.344
[YOLOv5] epoch 25/100 running
[YOLOv5] validation: all         80         82      0.737      0.768      0.772       0.35
[YOLOv5] epoch 26/100 running
[YOLOv5] validation: all         80         82       0.83      0.707      0.779      0.337
[YOLOv5] epoch 27/100 running
[YOLOv5] validation: all         80         82      0.765      0.716       0.75      0.318
[YOLOv5] epoch 28/100 running
[YOLOv5] validation: all         80         82      0.842       0.72      0.752      0.272
[YOLOv5] epoch 29/100 running
[YOLOv5] validation: all         80         82      0.804      0.744      0.808      0.299
[YOLOv5] epoch 30/100 running
[YOLOv5] validation: all         80         82      0.845      0.707       0.82      0.411
[YOLOv5] epoch 31/100 running
[YOLOv5] validation: all         80         82      0.687      0.756      0.758      0.329
[YOLOv5] epoch 32/100 running
[YOLOv5] validation: all         80         82      0.886      0.793      0.842      0.346
[YOLOv5] epoch 33/100 running
[YOLOv5] validation: all         80         82      0.826      0.817      0.821      0.354
[YOLOv5] epoch 34/100 running
[YOLOv5] validation: all         80         82      0.816      0.768      0.817      0.436
[YOLOv5] epoch 35/100 running
[YOLOv5] validation: all         80         82      0.846      0.744      0.794      0.361
[YOLOv5] epoch 36/100 running
[YOLOv5] validation: all         80         82      0.863      0.768      0.827      0.421
[YOLOv5] epoch 37/100 running
[YOLOv5] validation: all         80         82      0.853      0.779      0.805      0.361
[YOLOv5] epoch 38/100 running
[YOLOv5] validation: all         80         82      0.852       0.72      0.814      0.427
[YOLOv5] epoch 39/100 running
[YOLOv5] validation: all         80         82      0.885       0.78      0.839      0.417
[YOLOv5] epoch 40/100 running
[YOLOv5] validation: all         80         82      0.868      0.756      0.807      0.397
[YOLOv5] epoch 41/100 running
[YOLOv5] validation: all         80         82      0.849       0.78      0.834      0.417
[YOLOv5] epoch 42/100 running
[YOLOv5] validation: all         80         82      0.846       0.78      0.822      0.404
[YOLOv5] epoch 43/100 running
[YOLOv5] validation: all         80         82       0.83      0.756      0.826      0.441
[YOLOv5] epoch 44/100 running
[YOLOv5] validation: all         80         82      0.819      0.768      0.822       0.41
[YOLOv5] epoch 45/100 running
[YOLOv5] validation: all         80         82      0.838       0.78       0.83      0.418
[YOLOv5] epoch 46/100 running
[YOLOv5] validation: all         80         82        0.9      0.793      0.845      0.427
[YOLOv5] epoch 47/100 running
[YOLOv5] validation: all         80         82      0.939      0.793      0.871      0.408
[YOLOv5] epoch 48/100 running
[YOLOv5] validation: all         80         82      0.893      0.812       0.84      0.424
[YOLOv5] epoch 49/100 running
[YOLOv5] validation: all         80         82      0.933       0.72      0.821      0.401
[YOLOv5] epoch 50/100 running
[YOLOv5] validation: all         80         82      0.896      0.837      0.883      0.389
[YOLOv5] epoch 51/100 running
[YOLOv5] validation: all         80         82      0.926      0.805      0.893      0.449
[YOLOv5] epoch 52/100 running
[YOLOv5] validation: all         80         82      0.925      0.752      0.857      0.455
[YOLOv5] epoch 53/100 running
[YOLOv5] validation: all         80         82      0.885      0.768      0.826      0.409
[YOLOv5] epoch 54/100 running
[YOLOv5] validation: all         80         82      0.901      0.805      0.849      0.433
[YOLOv5] epoch 55/100 running
[YOLOv5] validation: all         80         82       0.86      0.824      0.854      0.407
[YOLOv5] epoch 56/100 running
[YOLOv5] validation: all         80         82      0.879      0.801      0.856       0.39
[YOLOv5] epoch 57/100 running
[YOLOv5] validation: all         80         82      0.864      0.777      0.864      0.441
[YOLOv5] epoch 58/100 running
[YOLOv5] validation: all         80         82      0.837       0.78      0.834      0.429
[YOLOv5] epoch 59/100 running
[YOLOv5] validation: all         80         82      0.879      0.805      0.814      0.426
[YOLOv5] epoch 60/100 running
[YOLOv5] validation: all         80         82      0.855      0.817      0.842       0.43
[YOLOv5] epoch 61/100 running
[YOLOv5] validation: all         80         82      0.905      0.829       0.84      0.426
[YOLOv5] epoch 62/100 running
[YOLOv5] validation: all         80         82      0.862      0.837      0.866      0.466
[YOLOv5] epoch 63/100 running
[YOLOv5] validation: all         80         82      0.906      0.829      0.887      0.476
[YOLOv5] epoch 64/100 running
[YOLOv5] validation: all         80         82      0.862      0.839      0.863      0.471
[YOLOv5] epoch 65/100 running
[YOLOv5] validation: all         80         82      0.883      0.854      0.889      0.496
[YOLOv5] epoch 66/100 running
[YOLOv5] validation: all         80         82        0.9      0.874      0.896      0.482
[YOLOv5] epoch 67/100 running
[YOLOv5] validation: all         80         82      0.904      0.829      0.879      0.478
[YOLOv5] epoch 68/100 running
[YOLOv5] validation: all         80         82       0.93      0.793      0.879      0.464
[YOLOv5] epoch 69/100 running
[YOLOv5] validation: all         80         82      0.906      0.821       0.87      0.461
[YOLOv5] epoch 70/100 running
[YOLOv5] validation: all         80         82      0.917      0.805      0.871      0.483
[YOLOv5] epoch 71/100 running
[YOLOv5] validation: all         80         82      0.866      0.829      0.866      0.454
[YOLOv5] epoch 72/100 running
[YOLOv5] validation: all         80         82      0.886       0.85      0.869      0.457
[YOLOv5] epoch 73/100 running
[YOLOv5] validation: all         80         82      0.897       0.85      0.882      0.481
[YOLOv5] epoch 74/100 running
[YOLOv5] validation: all         80         82      0.897      0.866      0.887      0.475
[YOLOv5] epoch 75/100 running
[YOLOv5] validation: all         80         82      0.885      0.841      0.878      0.456
[YOLOv5] epoch 76/100 running
[YOLOv5] validation: all         80         82      0.885      0.866      0.871      0.452
[YOLOv5] epoch 77/100 running
[YOLOv5] validation: all         80         82      0.867      0.829       0.87       0.47
[YOLOv5] epoch 78/100 running
[YOLOv5] validation: all         80         82      0.903      0.829      0.883      0.459
[YOLOv5] epoch 79/100 running
[YOLOv5] validation: all         80         82      0.887      0.861      0.895      0.496
[YOLOv5] epoch 80/100 running
[YOLOv5] validation: all         80         82      0.905      0.814      0.878      0.495
[YOLOv5] epoch 81/100 running
[YOLOv5] validation: all         80         82      0.877      0.817      0.872      0.487
[YOLOv5] epoch 82/100 running
[YOLOv5] validation: all         80         82      0.905      0.815      0.874      0.492
[YOLOv5] epoch 83/100 running
[YOLOv5] validation: all         80         82      0.925      0.854      0.906      0.514
[YOLOv5] epoch 84/100 running
[YOLOv5] validation: all         80         82      0.917      0.841      0.895      0.493
[YOLOv5] epoch 85/100 running
[YOLOv5] validation: all         80         82       0.92      0.841      0.896      0.499
[YOLOv5] epoch 86/100 running
[YOLOv5] validation: all         80         82      0.907      0.866        0.9      0.508
[YOLOv5] epoch 87/100 running
[YOLOv5] validation: all         80         82       0.92      0.841      0.901      0.498
[YOLOv5] epoch 88/100 running
[YOLOv5] validation: all         80         82       0.92      0.841      0.898      0.502
[YOLOv5] epoch 89/100 running
[YOLOv5] validation: all         80         82      0.898      0.861      0.878      0.476
[YOLOv5] epoch 90/100 running
[YOLOv5] validation: all         80         82      0.918      0.866      0.893      0.487
[YOLOv5] epoch 91/100 running
[YOLOv5] validation: all         80         82      0.924      0.884      0.898      0.508
[YOLOv5] epoch 92/100 running
[YOLOv5] validation: all         80         82      0.921      0.853      0.891      0.499
[YOLOv5] epoch 93/100 running
[YOLOv5] validation: all         80         82      0.921      0.854      0.898      0.518
[YOLOv5] epoch 94/100 running
[YOLOv5] validation: all         80         82      0.908      0.839       0.89      0.506
[YOLOv5] epoch 95/100 running
[YOLOv5] validation: all         80         82      0.908      0.838      0.889      0.515
[YOLOv5] epoch 96/100 running
[YOLOv5] validation: all         80         82      0.903      0.829      0.886      0.495
[YOLOv5] epoch 97/100 running
[YOLOv5] validation: all         80         82       0.92      0.841      0.897      0.504
[YOLOv5] epoch 98/100 running
[YOLOv5] validation: all         80         82      0.932       0.84      0.899      0.515
[YOLOv5] epoch 99/100 running
[YOLOv5] validation: all         80         82      0.921       0.85      0.899      0.512
[YOLOv5] epoch 100/100 running
[YOLOv5] validation: all         80         82      0.921       0.85      0.898      0.516
[YOLOv5] 100 epochs completed in 0.192 hours.
[YOLOv5] validation: all         80         82      0.925      0.854      0.906      0.515
[Task] training completed: 784.7s
[Task] evaluating: checkpoint=last, group=test, samples=80
[YOLOv5] validation: all         80         81      0.872      0.839      0.854      0.503
[Task] evaluation: checkpoint=last, group=test, mAP50-95=0.5034, mAP50=0.8543, time=16.7s
[Task] evaluating: checkpoint=best, group=test, samples=80
[YOLOv5] validation: all         80         81      0.858      0.818      0.845      0.506
[Task] evaluation: checkpoint=best, group=test, mAP50-95=0.5060, mAP50=0.8448, time=17.7s
[Task] completed: evaluation=34.5s, output=/home/lijinhe/work/YOLO_Retraining/runs/studies/0907_stroller_window10_learning_curve/experiment/sequence/StrollerWindow10Tau099_SplitS43__seq-full-cold__stage0-stage7__yolov5s__s42/tasks/007__stage7__full-cold
/home/lijinhe/work/YOLO_Retraining/runs/studies/0907_stroller_window10_learning_curve/experiment/sequence/StrollerWindow10Tau099_SplitS43__seq-full-cold__stage0-stage7__yolov5s__s42
