[Task] output: /home/lijinhe/work/YOLO_Retraining/runs/studies/0907_stroller_window10_learning_curve/experiment/sequence/StrollerWindow10Tau099_SplitS41__seq-full-cold__stage0-stage7__yolov5s__s42/tasks/000__stage0__full-cold
[Task] data: current=81, candidate=81, validation=80, test=80
[Task] selection: policy=full, selected=81, groups={'candidate': 81}, time=0.000s
[Task] training: backend=yolov5, epochs=100, batch=64, device=0
[YOLOv5] epoch 1/100 running
[YOLOv5] validation: all         80         88    0.00121     0.0909   0.000672   0.000106
[YOLOv5] epoch 2/100 running
[YOLOv5] validation: all         80         88    0.00114     0.0909   0.000638   9.34e-05
[YOLOv5] epoch 3/100 running
[YOLOv5] validation: all         80         88   0.000781     0.0682   0.000419   7.57e-05
[YOLOv5] epoch 4/100 running
[YOLOv5] validation: all         80         88   0.000807     0.0795   0.000442   0.000113
[YOLOv5] epoch 5/100 running
[YOLOv5] validation: all         80         88    0.00169      0.193    0.00104   0.000252
[YOLOv5] epoch 6/100 running
[YOLOv5] validation: all         80         88    0.00221      0.295    0.00402   0.000649
[YOLOv5] epoch 7/100 running
[YOLOv5] validation: all         80         88    0.00251      0.386     0.0108    0.00226
[YOLOv5] epoch 8/100 running
[YOLOv5] validation: all         80         88     0.0032      0.545     0.0274    0.00544
[YOLOv5] epoch 9/100 running
[YOLOv5] validation: all         80         88    0.00357      0.659     0.0201    0.00422
[YOLOv5] epoch 10/100 running
[YOLOv5] validation: all         80         88    0.00377      0.727     0.0907     0.0222
[YOLOv5] epoch 11/100 running
[YOLOv5] validation: all         80         88    0.00388      0.784      0.105     0.0217
[YOLOv5] epoch 12/100 running
[YOLOv5] validation: all         80         88    0.00405      0.852      0.116     0.0239
[YOLOv5] epoch 13/100 running
[YOLOv5] validation: all         80         88    0.00392      0.864      0.082     0.0187
[YOLOv5] epoch 14/100 running
[YOLOv5] validation: all         80         88    0.00426      0.852     0.0699     0.0138
[YOLOv5] epoch 15/100 running
[YOLOv5] validation: all         80         88     0.0241      0.727      0.151     0.0338
[YOLOv5] epoch 16/100 running
[YOLOv5] validation: all         80         88     0.0106      0.881     0.0942     0.0182
[YOLOv5] epoch 17/100 running
[YOLOv5] validation: all         80         88     0.0316      0.852      0.199     0.0492
[YOLOv5] epoch 18/100 running
[YOLOv5] validation: all         80         88      0.164      0.318      0.163     0.0399
[YOLOv5] epoch 19/100 running
[YOLOv5] validation: all         80         88      0.201      0.334      0.211     0.0522
[YOLOv5] epoch 20/100 running
[YOLOv5] validation: all         80         88      0.257      0.295      0.193      0.044
[YOLOv5] epoch 21/100 running
[YOLOv5] validation: all         80         88      0.291      0.409      0.323     0.0814
[YOLOv5] epoch 22/100 running
[YOLOv5] validation: all         80         88      0.283      0.352      0.265     0.0558
[YOLOv5] epoch 23/100 running
[YOLOv5] validation: all         80         88      0.416      0.455      0.363     0.0829
[YOLOv5] epoch 24/100 running
[YOLOv5] validation: all         80         88       0.48      0.466      0.445      0.107
[YOLOv5] epoch 25/100 running
[YOLOv5] validation: all         80         88      0.453      0.511      0.411      0.148
[YOLOv5] epoch 26/100 running
[YOLOv5] validation: all         80         88      0.457      0.375       0.34     0.0883
[YOLOv5] epoch 27/100 running
[YOLOv5] validation: all         80         88      0.497       0.42      0.453       0.12
[YOLOv5] epoch 28/100 running
[YOLOv5] validation: all         80         88      0.507      0.409      0.435      0.169
[YOLOv5] epoch 29/100 running
[YOLOv5] validation: all         80         88      0.564      0.443      0.474       0.17
[YOLOv5] epoch 30/100 running
[YOLOv5] validation: all         80         88      0.492      0.534      0.501       0.16
[YOLOv5] epoch 31/100 running
[YOLOv5] validation: all         80         88      0.442        0.5      0.447      0.111
[YOLOv5] epoch 32/100 running
[YOLOv5] validation: all         80         88      0.201      0.398      0.198     0.0526
[YOLOv5] epoch 33/100 running
[YOLOv5] validation: all         80         88      0.284      0.466      0.283     0.0819
[YOLOv5] epoch 34/100 running
[YOLOv5] validation: all         80         88      0.267      0.534      0.248     0.0788
[YOLOv5] epoch 35/100 running
[YOLOv5] validation: all         80         88      0.452      0.443      0.393      0.108
[YOLOv5] epoch 36/100 running
[YOLOv5] validation: all         80         88      0.382      0.614       0.38      0.105
[YOLOv5] epoch 37/100 running
[YOLOv5] validation: all         80         88      0.522        0.5      0.507      0.182
[YOLOv5] epoch 38/100 running
[YOLOv5] validation: all         80         88      0.349      0.534      0.375      0.112
[YOLOv5] epoch 39/100 running
[YOLOv5] validation: all         80         88      0.434      0.409      0.416      0.151
[YOLOv5] epoch 40/100 running
[YOLOv5] validation: all         80         88      0.525      0.453      0.431      0.143
[YOLOv5] epoch 41/100 running
[YOLOv5] validation: all         80         88      0.487      0.474      0.395      0.126
[YOLOv5] epoch 42/100 running
[YOLOv5] validation: all         80         88      0.492      0.545      0.471      0.144
[YOLOv5] epoch 43/100 running
[YOLOv5] validation: all         80         88      0.517       0.58       0.46      0.137
[YOLOv5] epoch 44/100 running
[YOLOv5] validation: all         80         88      0.503      0.545      0.448      0.159
[YOLOv5] epoch 45/100 running
[YOLOv5] validation: all         80         88      0.483      0.626      0.576      0.209
[YOLOv5] epoch 46/100 running
[YOLOv5] validation: all         80         88       0.65      0.386      0.491      0.169
[YOLOv5] epoch 47/100 running
[YOLOv5] validation: all         80         88      0.569       0.42      0.482      0.139
[YOLOv5] epoch 48/100 running
[YOLOv5] validation: all         80         88      0.645       0.42      0.488      0.147
[YOLOv5] epoch 49/100 running
[YOLOv5] validation: all         80         88      0.699      0.523      0.548      0.212
[YOLOv5] epoch 50/100 running
[YOLOv5] validation: all         80         88      0.507      0.511      0.455      0.128
[YOLOv5] epoch 51/100 running
[YOLOv5] validation: all         80         88      0.659      0.571      0.567      0.233
[YOLOv5] epoch 52/100 running
[YOLOv5] validation: all         80         88      0.618      0.568      0.509      0.185
[YOLOv5] epoch 53/100 running
[YOLOv5] validation: all         80         88      0.712      0.506      0.574      0.245
[YOLOv5] epoch 54/100 running
[YOLOv5] validation: all         80         88      0.583      0.534      0.538      0.213
[YOLOv5] epoch 55/100 running
[YOLOv5] validation: all         80         88      0.726      0.557      0.637       0.23
[YOLOv5] epoch 56/100 running
[YOLOv5] validation: all         80         88      0.479      0.534        0.5        0.2
[YOLOv5] epoch 57/100 running
[YOLOv5] validation: all         80         88      0.578      0.468      0.507      0.215
[YOLOv5] epoch 58/100 running
[YOLOv5] validation: all         80         88      0.448      0.477      0.436      0.158
[YOLOv5] epoch 59/100 running
[YOLOv5] validation: all         80         88      0.636      0.555      0.588      0.211
[YOLOv5] epoch 60/100 running
[YOLOv5] validation: all         80         88      0.576      0.591      0.588      0.199
[YOLOv5] epoch 61/100 running
[YOLOv5] validation: all         80         88      0.639       0.58      0.642       0.24
[YOLOv5] epoch 62/100 running
[YOLOv5] validation: all         80         88      0.662      0.557      0.609      0.234
[YOLOv5] epoch 63/100 running
[YOLOv5] validation: all         80         88      0.597      0.622      0.656      0.231
[YOLOv5] epoch 64/100 running
[YOLOv5] validation: all         80         88       0.52      0.615      0.574      0.212
[YOLOv5] epoch 65/100 running
[YOLOv5] validation: all         80         88      0.701      0.716      0.701      0.258
[YOLOv5] epoch 66/100 running
[YOLOv5] validation: all         80         88      0.514      0.591      0.592      0.238
[YOLOv5] epoch 67/100 running
[YOLOv5] validation: all         80         88      0.777      0.636      0.711      0.299
[YOLOv5] epoch 68/100 running
[YOLOv5] validation: all         80         88       0.43       0.75      0.565      0.211
[YOLOv5] epoch 69/100 running
[YOLOv5] validation: all         80         88      0.686      0.625      0.693      0.262
[YOLOv5] epoch 70/100 running
[YOLOv5] validation: all         80         88      0.756      0.659      0.714      0.279
[YOLOv5] epoch 71/100 running
[YOLOv5] validation: all         80         88      0.769      0.659      0.729      0.284
[YOLOv5] epoch 72/100 running
[YOLOv5] validation: all         80         88      0.759      0.644      0.712      0.282
[YOLOv5] epoch 73/100 running
[YOLOv5] validation: all         80         88      0.719      0.728      0.723        0.3
[YOLOv5] epoch 74/100 running
[YOLOv5] validation: all         80         88      0.783       0.67      0.733      0.284
[YOLOv5] epoch 75/100 running
[YOLOv5] validation: all         80         88       0.79      0.598      0.685      0.268
[YOLOv5] epoch 76/100 running
[YOLOv5] validation: all         80         88       0.78      0.659      0.714      0.277
[YOLOv5] epoch 77/100 running
[YOLOv5] validation: all         80         88      0.828      0.648      0.747      0.307
[YOLOv5] epoch 78/100 running
[YOLOv5] validation: all         80         88      0.828      0.654      0.737      0.301
[YOLOv5] epoch 79/100 running
[YOLOv5] validation: all         80         88      0.826      0.646      0.725      0.308
[YOLOv5] epoch 80/100 running
[YOLOv5] validation: all         80         88      0.843      0.636      0.734      0.321
[YOLOv5] epoch 81/100 running
[YOLOv5] validation: all         80         88      0.838      0.647      0.741      0.311
[YOLOv5] epoch 82/100 running
[YOLOv5] validation: all         80         88      0.855      0.604      0.727      0.311
[YOLOv5] epoch 83/100 running
[YOLOv5] validation: all         80         88      0.659      0.614      0.634      0.277
[YOLOv5] epoch 84/100 running
[YOLOv5] validation: all         80         88      0.892      0.658       0.76      0.311
[YOLOv5] epoch 85/100 running
[YOLOv5] validation: all         80         88      0.858      0.727      0.795      0.332
[YOLOv5] epoch 86/100 running
[YOLOv5] validation: all         80         88      0.769       0.75      0.791      0.326
[YOLOv5] epoch 87/100 running
[YOLOv5] validation: all         80         88      0.788      0.727      0.771      0.325
[YOLOv5] epoch 88/100 running
[YOLOv5] validation: all         80         88      0.781      0.727      0.769      0.321
[YOLOv5] epoch 89/100 running
[YOLOv5] validation: all         80         88      0.801      0.705      0.751      0.323
[YOLOv5] epoch 90/100 running
[YOLOv5] validation: all         80         88      0.818      0.716      0.769       0.34
[YOLOv5] epoch 91/100 running
[YOLOv5] validation: all         80         88      0.801      0.731      0.766       0.33
[YOLOv5] epoch 92/100 running
[YOLOv5] validation: all         80         88      0.817       0.76      0.784      0.334
[YOLOv5] epoch 93/100 running
[YOLOv5] validation: all         80         88      0.795      0.747      0.783      0.335
[YOLOv5] epoch 94/100 running
[YOLOv5] validation: all         80         88      0.804      0.745      0.788      0.332
[YOLOv5] epoch 95/100 running
[YOLOv5] validation: all         80         88      0.814      0.761      0.796      0.338
[YOLOv5] epoch 96/100 running
[YOLOv5] validation: all         80         88      0.815       0.75      0.793      0.338
[YOLOv5] epoch 97/100 running
[YOLOv5] validation: all         80         88      0.791      0.774       0.79      0.347
[YOLOv5] epoch 98/100 running
[YOLOv5] validation: all         80         88      0.762      0.761      0.768       0.33
[YOLOv5] epoch 99/100 running
[YOLOv5] validation: all         80         88      0.759      0.761      0.763       0.33
[YOLOv5] epoch 100/100 running
[YOLOv5] validation: all         80         88      0.782      0.772      0.781      0.327
[YOLOv5] 100 epochs completed in 0.050 hours.
[YOLOv5] validation: all         80         88      0.816      0.754      0.795      0.338
[Task] training completed: 216.6s
[Task] evaluating: checkpoint=last, group=test, samples=80
[YOLOv5] validation: all         80         82      0.844       0.78      0.839      0.395
[Task] evaluation: checkpoint=last, group=test, mAP50-95=0.3950, mAP50=0.8392, time=19.9s
[Task] evaluating: checkpoint=best, group=test, samples=80
[YOLOv5] validation: all         80         82      0.826      0.805      0.839      0.399
[Task] evaluation: checkpoint=best, group=test, mAP50-95=0.3988, mAP50=0.8391, time=19.1s
[Task] completed: evaluation=39.0s, output=/home/lijinhe/work/YOLO_Retraining/runs/studies/0907_stroller_window10_learning_curve/experiment/sequence/StrollerWindow10Tau099_SplitS41__seq-full-cold__stage0-stage7__yolov5s__s42/tasks/000__stage0__full-cold
[Task] output: /home/lijinhe/work/YOLO_Retraining/runs/studies/0907_stroller_window10_learning_curve/experiment/sequence/StrollerWindow10Tau099_SplitS41__seq-full-cold__stage0-stage7__yolov5s__s42/tasks/001__stage1__full-cold
[Task] data: current=80, candidate=161, validation=80, test=80
[Task] selection: policy=full, selected=161, groups={'candidate': 161}, time=0.000s
[Task] training: backend=yolov5, epochs=100, batch=64, device=0
[YOLOv5] epoch 1/100 running
[YOLOv5] validation: all         80         88   0.000114     0.0114   0.000339   3.39e-05
[YOLOv5] epoch 2/100 running
[YOLOv5] validation: all         80         88   0.000842      0.102   0.000549   0.000118
[YOLOv5] epoch 3/100 running
[YOLOv5] validation: all         80         88    0.00204      0.318    0.00435   0.000713
[YOLOv5] epoch 4/100 running
[YOLOv5] validation: all         80         88    0.00295      0.545     0.0245    0.00436
[YOLOv5] epoch 5/100 running
[YOLOv5] validation: all         80         88     0.0402      0.352     0.0448    0.00951
[YOLOv5] epoch 6/100 running
[YOLOv5] validation: all         80         88      0.012      0.227     0.0114    0.00219
[YOLOv5] epoch 7/100 running
[YOLOv5] validation: all         80         88     0.0714      0.364       0.07     0.0171
[YOLOv5] epoch 8/100 running
[YOLOv5] validation: all         80         88     0.0221      0.193     0.0164    0.00298
[YOLOv5] epoch 9/100 running
[YOLOv5] validation: all         80         88     0.0235      0.205     0.0242    0.00456
[YOLOv5] epoch 10/100 running
[YOLOv5] validation: all         80         88     0.0355      0.205     0.0263     0.0051
[YOLOv5] epoch 11/100 running
[YOLOv5] validation: all         80         88     0.0371      0.205     0.0323    0.00571
[YOLOv5] epoch 12/100 running
[YOLOv5] validation: all         80         88     0.0877      0.409     0.0781     0.0181
[YOLOv5] epoch 13/100 running
[YOLOv5] validation: all         80         88      0.189      0.261      0.117     0.0256
[YOLOv5] epoch 14/100 running
[YOLOv5] validation: all         80         88      0.379      0.477      0.331     0.0796
[YOLOv5] epoch 15/100 running
[YOLOv5] validation: all         80         88      0.294      0.205      0.121     0.0181
[YOLOv5] epoch 16/100 running
[YOLOv5] validation: all         80         88      0.163       0.17      0.116      0.018
[YOLOv5] epoch 17/100 running
[YOLOv5] validation: all         80         88      0.571      0.432      0.467      0.109
[YOLOv5] epoch 18/100 running
[YOLOv5] validation: all         80         88       0.16       0.17      0.125     0.0254
[YOLOv5] epoch 19/100 running
[YOLOv5] validation: all         80         88      0.497      0.477      0.519      0.174
[YOLOv5] epoch 20/100 running
[YOLOv5] validation: all         80         88      0.447      0.432      0.433       0.13
[YOLOv5] epoch 21/100 running
[YOLOv5] validation: all         80         88      0.445      0.443      0.412      0.142
[YOLOv5] epoch 22/100 running
[YOLOv5] validation: all         80         88      0.429       0.42      0.367      0.104
[YOLOv5] epoch 23/100 running
[YOLOv5] validation: all         80         88      0.338      0.398      0.268     0.0749
[YOLOv5] epoch 24/100 running
[YOLOv5] validation: all         80         88      0.485      0.364      0.387      0.113
[YOLOv5] epoch 25/100 running
[YOLOv5] validation: all         80         88      0.347      0.409      0.323      0.124
[YOLOv5] epoch 26/100 running
[YOLOv5] validation: all         80         88      0.357      0.386      0.339     0.0915
[YOLOv5] epoch 27/100 running
[YOLOv5] validation: all         80         88      0.328       0.42      0.318      0.103
[YOLOv5] epoch 28/100 running
[YOLOv5] validation: all         80         88      0.375      0.443      0.369      0.103
[YOLOv5] epoch 29/100 running
[YOLOv5] validation: all         80         88      0.247      0.515      0.279     0.0992
[YOLOv5] epoch 30/100 running
[YOLOv5] validation: all         80         88      0.462      0.534      0.454      0.139
[YOLOv5] epoch 31/100 running
[YOLOv5] validation: all         80         88      0.264      0.545      0.262     0.0742
[YOLOv5] epoch 32/100 running
[YOLOv5] validation: all         80         88      0.469      0.477      0.421      0.133
[YOLOv5] epoch 33/100 running
[YOLOv5] validation: all         80         88      0.475      0.534      0.486      0.175
[YOLOv5] epoch 34/100 running
[YOLOv5] validation: all         80         88      0.579      0.568      0.545       0.17
[YOLOv5] epoch 35/100 running
[YOLOv5] validation: all         80         88      0.465      0.534       0.45      0.164
[YOLOv5] epoch 36/100 running
[YOLOv5] validation: all         80         88      0.527      0.591      0.536        0.2
[YOLOv5] epoch 37/100 running
[YOLOv5] validation: all         80         88      0.477      0.466      0.457      0.174
[YOLOv5] epoch 38/100 running
[YOLOv5] validation: all         80         88      0.607      0.568      0.526      0.177
[YOLOv5] epoch 39/100 running
[YOLOv5] validation: all         80         88      0.495      0.557      0.504      0.192
[YOLOv5] epoch 40/100 running
[YOLOv5] validation: all         80         88      0.731      0.568       0.63      0.223
[YOLOv5] epoch 41/100 running
[YOLOv5] validation: all         80         88      0.531      0.578      0.482      0.186
[YOLOv5] epoch 42/100 running
[YOLOv5] validation: all         80         88      0.743      0.693      0.732      0.301
[YOLOv5] epoch 43/100 running
[YOLOv5] validation: all         80         88      0.487      0.591      0.508      0.179
[YOLOv5] epoch 44/100 running
[YOLOv5] validation: all         80         88      0.722      0.682       0.67      0.253
[YOLOv5] epoch 45/100 running
[YOLOv5] validation: all         80         88      0.601      0.667      0.609      0.226
[YOLOv5] epoch 46/100 running
[YOLOv5] validation: all         80         88      0.651      0.722      0.669      0.247
[YOLOv5] epoch 47/100 running
[YOLOv5] validation: all         80         88      0.718      0.705      0.736      0.313
[YOLOv5] epoch 48/100 running
[YOLOv5] validation: all         80         88      0.552      0.682       0.57       0.23
[YOLOv5] epoch 49/100 running
[YOLOv5] validation: all         80         88      0.737      0.797      0.752       0.32
[YOLOv5] epoch 50/100 running
[YOLOv5] validation: all         80         88      0.686      0.693      0.733      0.276
[YOLOv5] epoch 51/100 running
[YOLOv5] validation: all         80         88      0.785      0.739      0.797       0.35
[YOLOv5] epoch 52/100 running
[YOLOv5] validation: all         80         88      0.616      0.716      0.642      0.277
[YOLOv5] epoch 53/100 running
[YOLOv5] validation: all         80         88      0.684      0.739      0.745      0.306
[YOLOv5] epoch 54/100 running
[YOLOv5] validation: all         80         88      0.861      0.648      0.768      0.346
[YOLOv5] epoch 55/100 running
[YOLOv5] validation: all         80         88      0.833      0.735      0.809      0.341
[YOLOv5] epoch 56/100 running
[YOLOv5] validation: all         80         88       0.84      0.682      0.769      0.344
[YOLOv5] epoch 57/100 running
[YOLOv5] validation: all         80         88      0.837      0.759      0.817      0.359
[YOLOv5] epoch 58/100 running
[YOLOv5] validation: all         80         88      0.798      0.727      0.781      0.345
[YOLOv5] epoch 59/100 running
[YOLOv5] validation: all         80         88      0.831      0.784      0.811      0.354
[YOLOv5] epoch 60/100 running
[YOLOv5] validation: all         80         88      0.848      0.696      0.799      0.348
[YOLOv5] epoch 61/100 running
[YOLOv5] validation: all         80         88      0.891      0.743      0.824      0.359
[YOLOv5] epoch 62/100 running
[YOLOv5] validation: all         80         88      0.857       0.75      0.811      0.359
[YOLOv5] epoch 63/100 running
[YOLOv5] validation: all         80         88      0.899      0.773      0.825      0.383
[YOLOv5] epoch 64/100 running
[YOLOv5] validation: all         80         88      0.871      0.682       0.79      0.327
[YOLOv5] epoch 65/100 running
[YOLOv5] validation: all         80         88      0.856      0.773      0.824      0.365
[YOLOv5] epoch 66/100 running
[YOLOv5] validation: all         80         88      0.862      0.707      0.809      0.359
[YOLOv5] epoch 67/100 running
[YOLOv5] validation: all         80         88      0.847      0.784      0.831      0.387
[YOLOv5] epoch 68/100 running
[YOLOv5] validation: all         80         88      0.872      0.773       0.82      0.373
[YOLOv5] epoch 69/100 running
[YOLOv5] validation: all         80         88      0.892      0.749      0.815       0.36
[YOLOv5] epoch 70/100 running
[YOLOv5] validation: all         80         88      0.879      0.742      0.815      0.384
[YOLOv5] epoch 71/100 running
[YOLOv5] validation: all         80         88      0.855       0.74      0.803      0.352
[YOLOv5] epoch 72/100 running
[YOLOv5] validation: all         80         88      0.829      0.771      0.798      0.383
[YOLOv5] epoch 73/100 running
[YOLOv5] validation: all         80         88      0.839      0.771      0.815      0.382
[YOLOv5] epoch 74/100 running
[YOLOv5] validation: all         80         88      0.868      0.773      0.816      0.396
[YOLOv5] epoch 75/100 running
[YOLOv5] validation: all         80         88      0.859      0.759      0.803       0.37
[YOLOv5] epoch 76/100 running
[YOLOv5] validation: all         80         88      0.842      0.787      0.818       0.39
[YOLOv5] epoch 77/100 running
[YOLOv5] validation: all         80         88      0.843      0.795      0.807       0.36
[YOLOv5] epoch 78/100 running
[YOLOv5] validation: all         80         88      0.827      0.807      0.801      0.382
[YOLOv5] epoch 79/100 running
[YOLOv5] validation: all         80         88       0.82       0.75      0.792      0.351
[YOLOv5] epoch 80/100 running
[YOLOv5] validation: all         80         88      0.837      0.758      0.802      0.389
[YOLOv5] epoch 81/100 running
[YOLOv5] validation: all         80         88      0.832      0.734      0.777      0.361
[YOLOv5] epoch 82/100 running
[YOLOv5] validation: all         80         88      0.867      0.742      0.787      0.374
[YOLOv5] epoch 83/100 running
[YOLOv5] validation: all         80         88      0.885      0.703      0.785      0.379
[YOLOv5] epoch 84/100 running
[YOLOv5] validation: all         80         88      0.813      0.741      0.791      0.367
[YOLOv5] epoch 85/100 running
[YOLOv5] validation: all         80         88      0.857      0.784      0.811      0.393
[YOLOv5] epoch 86/100 running
[YOLOv5] validation: all         80         88      0.829      0.771        0.8      0.372
[YOLOv5] epoch 87/100 running
[YOLOv5] validation: all         80         88      0.855      0.761      0.804      0.388
[YOLOv5] epoch 88/100 running
[YOLOv5] validation: all         80         88      0.815      0.795       0.82      0.406
[YOLOv5] epoch 89/100 running
[YOLOv5] validation: all         80         88      0.872      0.773      0.824      0.393
[YOLOv5] epoch 90/100 running
[YOLOv5] validation: all         80         88      0.829      0.774      0.813      0.378
[YOLOv5] epoch 91/100 running
[YOLOv5] validation: all         80         88      0.839      0.769      0.812      0.375
[YOLOv5] epoch 92/100 running
[YOLOv5] validation: all         80         88      0.854        0.8      0.825       0.39
[YOLOv5] epoch 93/100 running
[YOLOv5] validation: all         80         88       0.85      0.761      0.802      0.361
[YOLOv5] epoch 94/100 running
[YOLOv5] validation: all         80         88       0.86      0.784      0.823      0.393
[YOLOv5] epoch 95/100 running
[YOLOv5] validation: all         80         88      0.884      0.783      0.819      0.387
[YOLOv5] epoch 96/100 running
[YOLOv5] validation: all         80         88      0.873      0.784      0.821      0.393
[YOLOv5] epoch 97/100 running
[YOLOv5] validation: all         80         88      0.866      0.784      0.819      0.394
[YOLOv5] epoch 98/100 running
[YOLOv5] validation: all         80         88      0.859      0.784      0.817      0.388
[YOLOv5] epoch 99/100 running
[YOLOv5] validation: all         80         88       0.86      0.784      0.816      0.383
[YOLOv5] epoch 100/100 running
[YOLOv5] validation: all         80         88      0.873      0.773      0.815       0.39
[YOLOv5] 100 epochs completed in 0.048 hours.
[YOLOv5] validation: all         80         88      0.846      0.784      0.831      0.387
[Task] training completed: 204.4s
[Task] evaluating: checkpoint=last, group=test, samples=80
[YOLOv5] validation: all         80         82      0.865      0.829      0.876      0.459
[Task] evaluation: checkpoint=last, group=test, mAP50-95=0.4587, mAP50=0.8764, time=21.4s
[Task] evaluating: checkpoint=best, group=test, samples=80
[YOLOv5] validation: all         80         82       0.91      0.805      0.875      0.444
[Task] evaluation: checkpoint=best, group=test, mAP50-95=0.4443, mAP50=0.8752, time=19.7s
[Task] completed: evaluation=41.1s, output=/home/lijinhe/work/YOLO_Retraining/runs/studies/0907_stroller_window10_learning_curve/experiment/sequence/StrollerWindow10Tau099_SplitS41__seq-full-cold__stage0-stage7__yolov5s__s42/tasks/001__stage1__full-cold
[Task] output: /home/lijinhe/work/YOLO_Retraining/runs/studies/0907_stroller_window10_learning_curve/experiment/sequence/StrollerWindow10Tau099_SplitS41__seq-full-cold__stage0-stage7__yolov5s__s42/tasks/002__stage2__full-cold
[Task] data: current=80, candidate=241, validation=80, test=80
[Task] selection: policy=full, selected=241, groups={'candidate': 241}, time=0.000s
[Task] training: backend=yolov5, epochs=100, batch=64, device=0
[YOLOv5] epoch 1/100 running
[YOLOv5] validation: all         80         88   0.000504     0.0455   0.000288   7.69e-05
[YOLOv5] epoch 2/100 running
[YOLOv5] validation: all         80         88    0.00226      0.273     0.0017   0.000454
[YOLOv5] epoch 3/100 running
[YOLOv5] validation: all         80         88     0.0031      0.511     0.0071    0.00166
[YOLOv5] epoch 4/100 running
[YOLOv5] validation: all         80         88    0.00404       0.83     0.0206    0.00405
[YOLOv5] epoch 5/100 running
[YOLOv5] validation: all         80         88    0.00371      0.841     0.0277    0.00549
[YOLOv5] epoch 6/100 running
[YOLOv5] validation: all         80         88     0.0261     0.0114     0.0442      0.011
[YOLOv5] epoch 7/100 running
[YOLOv5] validation: all         80         88       0.12      0.205     0.0754     0.0207
[YOLOv5] epoch 8/100 running
[YOLOv5] validation: all         80         88      0.143      0.341      0.117     0.0332
[YOLOv5] epoch 9/100 running
[YOLOv5] validation: all         80         88      0.133      0.296      0.111     0.0286
[YOLOv5] epoch 10/100 running
[YOLOv5] validation: all         80         88      0.303      0.466      0.313     0.0957
[YOLOv5] epoch 11/100 running
[YOLOv5] validation: all         80         88      0.273      0.511      0.259     0.0657
[YOLOv5] epoch 12/100 running
[YOLOv5] validation: all         80         88      0.138       0.42      0.108     0.0266
[YOLOv5] epoch 13/100 running
[YOLOv5] validation: all         80         88      0.108      0.375     0.0846     0.0198
[YOLOv5] epoch 14/100 running
[YOLOv5] validation: all         80         88      0.129      0.352      0.122     0.0365
[YOLOv5] epoch 15/100 running
[YOLOv5] validation: all         80         88      0.339       0.33      0.262     0.0727
[YOLOv5] epoch 16/100 running
[YOLOv5] validation: all         80         88      0.346      0.318      0.283     0.0705
[YOLOv5] epoch 17/100 running
[YOLOv5] validation: all         80         88      0.259      0.455      0.214     0.0695
[YOLOv5] epoch 18/100 running
[YOLOv5] validation: all         80         88      0.277      0.398      0.256      0.102
[YOLOv5] epoch 19/100 running
[YOLOv5] validation: all         80         88      0.212      0.443       0.19      0.066
[YOLOv5] epoch 20/100 running
[YOLOv5] validation: all         80         88      0.444      0.341      0.383       0.14
[YOLOv5] epoch 21/100 running
[YOLOv5] validation: all         80         88      0.546       0.52      0.465      0.145
[YOLOv5] epoch 22/100 running
[YOLOv5] validation: all         80         88      0.608      0.557      0.555      0.197
[YOLOv5] epoch 23/100 running
[YOLOv5] validation: all         80         88      0.749      0.543       0.63      0.211
[YOLOv5] epoch 24/100 running
[YOLOv5] validation: all         80         88      0.379      0.625       0.44      0.163
[YOLOv5] epoch 25/100 running
[YOLOv5] validation: all         80         88      0.495      0.523      0.458      0.163
[YOLOv5] epoch 26/100 running
[YOLOv5] validation: all         80         88      0.582       0.58      0.574      0.183
[YOLOv5] epoch 27/100 running
[YOLOv5] validation: all         80         88      0.478      0.634      0.554      0.204
[YOLOv5] epoch 28/100 running
[YOLOv5] validation: all         80         88      0.459      0.578      0.454      0.129
[YOLOv5] epoch 29/100 running
[YOLOv5] validation: all         80         88       0.53      0.523      0.452      0.163
[YOLOv5] epoch 30/100 running
[YOLOv5] validation: all         80         88      0.735       0.63      0.681      0.231
[YOLOv5] epoch 31/100 running
[YOLOv5] validation: all         80         88      0.555       0.71      0.639      0.243
[YOLOv5] epoch 32/100 running
[YOLOv5] validation: all         80         88      0.688       0.67      0.662      0.252
[YOLOv5] epoch 33/100 running
[YOLOv5] validation: all         80         88      0.646      0.726      0.711      0.291
[YOLOv5] epoch 34/100 running
[YOLOv5] validation: all         80         88      0.573       0.64      0.607      0.244
[YOLOv5] epoch 35/100 running
[YOLOv5] validation: all         80         88      0.577      0.591      0.604      0.245
[YOLOv5] epoch 36/100 running
[YOLOv5] validation: all         80         88      0.607      0.667      0.652      0.271
[YOLOv5] epoch 37/100 running
[YOLOv5] validation: all         80         88      0.803      0.625      0.748      0.321
[YOLOv5] epoch 38/100 running
[YOLOv5] validation: all         80         88      0.798      0.727      0.778      0.309
[YOLOv5] epoch 39/100 running
[YOLOv5] validation: all         80         88      0.832       0.73       0.78      0.322
[YOLOv5] epoch 40/100 running
[YOLOv5] validation: all         80         88      0.702      0.693      0.683       0.27
[YOLOv5] epoch 41/100 running
[YOLOv5] validation: all         80         88      0.729      0.735      0.772      0.308
[YOLOv5] epoch 42/100 running
[YOLOv5] validation: all         80         88      0.809      0.724      0.787      0.335
[YOLOv5] epoch 43/100 running
[YOLOv5] validation: all         80         88      0.791      0.795      0.806      0.339
[YOLOv5] epoch 44/100 running
[YOLOv5] validation: all         80         88      0.814       0.83      0.857      0.361
[YOLOv5] epoch 45/100 running
[YOLOv5] validation: all         80         88      0.885      0.773      0.845      0.369
[YOLOv5] epoch 46/100 running
[YOLOv5] validation: all         80         88      0.884      0.818      0.855      0.388
[YOLOv5] epoch 47/100 running
[YOLOv5] validation: all         80         88      0.878      0.818      0.868      0.403
[YOLOv5] epoch 48/100 running
[YOLOv5] validation: all         80         88      0.843      0.773       0.85      0.383
[YOLOv5] epoch 49/100 running
[YOLOv5] validation: all         80         88      0.837      0.807       0.82      0.339
[YOLOv5] epoch 50/100 running
[YOLOv5] validation: all         80         88      0.862      0.795      0.838      0.367
[YOLOv5] epoch 51/100 running
[YOLOv5] validation: all         80         88      0.895      0.795      0.854      0.377
[YOLOv5] epoch 52/100 running
[YOLOv5] validation: all         80         88      0.907      0.772       0.84      0.376
[YOLOv5] epoch 53/100 running
[YOLOv5] validation: all         80         88      0.905      0.754      0.832      0.409
[YOLOv5] epoch 54/100 running
[YOLOv5] validation: all         80         88      0.846      0.809      0.847      0.408
[YOLOv5] epoch 55/100 running
[YOLOv5] validation: all         80         88      0.854      0.773      0.855      0.381
[YOLOv5] epoch 56/100 running
[YOLOv5] validation: all         80         88      0.864      0.792      0.833      0.339
[YOLOv5] epoch 57/100 running
[YOLOv5] validation: all         80         88      0.846      0.761      0.852      0.378
[YOLOv5] epoch 58/100 running
[YOLOv5] validation: all         80         88      0.829      0.818       0.86      0.377
[YOLOv5] epoch 59/100 running
[YOLOv5] validation: all         80         88       0.87      0.807      0.861      0.397
[YOLOv5] epoch 60/100 running
[YOLOv5] validation: all         80         88      0.874       0.79      0.842      0.406
[YOLOv5] epoch 61/100 running
[YOLOv5] validation: all         80         88      0.878      0.816      0.857        0.4
[YOLOv5] epoch 62/100 running
[YOLOv5] validation: all         80         88      0.921      0.795      0.864      0.406
[YOLOv5] epoch 63/100 running
[YOLOv5] validation: all         80         88      0.922      0.805      0.867      0.394
[YOLOv5] epoch 64/100 running
[YOLOv5] validation: all         80         88      0.921      0.793      0.863      0.402
[YOLOv5] epoch 65/100 running
[YOLOv5] validation: all         80         88      0.892      0.773       0.85      0.387
[YOLOv5] epoch 66/100 running
[YOLOv5] validation: all         80         88      0.905      0.784      0.849      0.389
[YOLOv5] epoch 67/100 running
[YOLOv5] validation: all         80         88       0.88      0.795      0.847      0.394
[YOLOv5] epoch 68/100 running
[YOLOv5] validation: all         80         88      0.882      0.773      0.842      0.386
[YOLOv5] epoch 69/100 running
[YOLOv5] validation: all         80         88      0.843       0.73      0.799      0.389
[YOLOv5] epoch 70/100 running
[YOLOv5] validation: all         80         88      0.835      0.805      0.819       0.38
[YOLOv5] epoch 71/100 running
[YOLOv5] validation: all         80         88      0.872      0.774      0.853      0.412
[YOLOv5] epoch 72/100 running
[YOLOv5] validation: all         80         88      0.874      0.795      0.848      0.406
[YOLOv5] epoch 73/100 running
[YOLOv5] validation: all         80         88      0.876      0.784      0.847      0.415
[YOLOv5] epoch 74/100 running
[YOLOv5] validation: all         80         88      0.907      0.774      0.847      0.403
[YOLOv5] epoch 75/100 running
[YOLOv5] validation: all         80         88      0.867      0.818      0.869      0.401
[YOLOv5] epoch 76/100 running
[YOLOv5] validation: all         80         88      0.864      0.807       0.85      0.423
[YOLOv5] epoch 77/100 running
[YOLOv5] validation: all         80         88      0.914      0.773      0.842      0.415
[YOLOv5] epoch 78/100 running
[YOLOv5] validation: all         80         88      0.901      0.773      0.824       0.42
[YOLOv5] epoch 79/100 running
[YOLOv5] validation: all         80         88      0.922      0.805      0.839      0.424
[YOLOv5] epoch 80/100 running
[YOLOv5] validation: all         80         88      0.904      0.795      0.833      0.411
[YOLOv5] epoch 81/100 running
[YOLOv5] validation: all         80         88      0.901      0.773      0.833      0.407
[YOLOv5] epoch 82/100 running
[YOLOv5] validation: all         80         88      0.905      0.761       0.83      0.413
[YOLOv5] epoch 83/100 running
[YOLOv5] validation: all         80         88      0.866      0.761      0.815      0.406
[YOLOv5] epoch 84/100 running
[YOLOv5] validation: all         80         88      0.906      0.763      0.826      0.412
[YOLOv5] epoch 85/100 running
[YOLOv5] validation: all         80         88      0.901      0.761      0.832      0.404
[YOLOv5] epoch 86/100 running
[YOLOv5] validation: all         80         88      0.844      0.795      0.825      0.422
[YOLOv5] epoch 87/100 running
[YOLOv5] validation: all         80         88      0.884      0.782      0.832      0.417
[YOLOv5] epoch 88/100 running
[YOLOv5] validation: all         80         88      0.864      0.792      0.822      0.404
[YOLOv5] epoch 89/100 running
[YOLOv5] validation: all         80         88      0.853      0.789      0.809       0.41
[YOLOv5] epoch 90/100 running
[YOLOv5] validation: all         80         88      0.897      0.794      0.836      0.406
[YOLOv5] epoch 91/100 running
[YOLOv5] validation: all         80         88       0.91      0.805      0.837      0.417
[YOLOv5] epoch 92/100 running
[YOLOv5] validation: all         80         88      0.911      0.814       0.83      0.413
[YOLOv5] epoch 93/100 running
[YOLOv5] validation: all         80         88      0.922      0.807      0.869       0.42
[YOLOv5] epoch 94/100 running
[YOLOv5] validation: all         80         88      0.914      0.773      0.835      0.408
[YOLOv5] epoch 95/100 running
[YOLOv5] validation: all         80         88      0.897      0.792      0.845      0.412
[YOLOv5] epoch 96/100 running
[YOLOv5] validation: all         80         88      0.897      0.795      0.835      0.406
[YOLOv5] epoch 97/100 running
[YOLOv5] validation: all         80         88      0.897      0.793      0.824      0.401
[YOLOv5] epoch 98/100 running
[YOLOv5] validation: all         80         88      0.895      0.795      0.831      0.411
[YOLOv5] epoch 99/100 running
[YOLOv5] validation: all         80         88      0.909      0.793      0.836      0.409
[YOLOv5] epoch 100/100 running
[YOLOv5] validation: all         80         88      0.898      0.803      0.832      0.411
[YOLOv5] 100 epochs completed in 0.054 hours.
[YOLOv5] validation: all         80         88      0.922      0.807       0.87      0.421
[Task] training completed: 284.6s
[Task] evaluating: checkpoint=last, group=test, samples=80
[YOLOv5] validation: all         80         82      0.879      0.854      0.892      0.475
[Task] evaluation: checkpoint=last, group=test, mAP50-95=0.4755, mAP50=0.8916, time=18.2s
[Task] evaluating: checkpoint=best, group=test, samples=80
[YOLOv5] validation: all         80         82      0.882      0.854      0.898      0.475
[Task] evaluation: checkpoint=best, group=test, mAP50-95=0.4747, mAP50=0.8977, time=19.7s
[Task] completed: evaluation=37.9s, output=/home/lijinhe/work/YOLO_Retraining/runs/studies/0907_stroller_window10_learning_curve/experiment/sequence/StrollerWindow10Tau099_SplitS41__seq-full-cold__stage0-stage7__yolov5s__s42/tasks/002__stage2__full-cold
[Task] output: /home/lijinhe/work/YOLO_Retraining/runs/studies/0907_stroller_window10_learning_curve/experiment/sequence/StrollerWindow10Tau099_SplitS41__seq-full-cold__stage0-stage7__yolov5s__s42/tasks/003__stage3__full-cold
[Task] data: current=80, candidate=321, validation=80, test=80
[Task] selection: policy=full, selected=321, groups={'candidate': 321}, time=0.000s
[Task] training: backend=yolov5, epochs=100, batch=64, device=0
[YOLOv5] epoch 1/100 running
[YOLOv5] validation: all         80         88   0.000642     0.0341   0.000334   7.81e-05
[YOLOv5] epoch 2/100 running
[YOLOv5] validation: all         80         88    0.00415      0.432    0.00525    0.00104
[YOLOv5] epoch 3/100 running
[YOLOv5] validation: all         80         88    0.00631      0.773     0.0399    0.00844
[YOLOv5] epoch 4/100 running
[YOLOv5] validation: all         80         88      0.122       0.25      0.149     0.0375
[YOLOv5] epoch 5/100 running
[YOLOv5] validation: all         80         88    0.00319      0.841    0.00453    0.00112
[YOLOv5] epoch 6/100 running
[YOLOv5] validation: all         80         88    0.00951      0.807      0.023    0.00522
[YOLOv5] epoch 7/100 running
[YOLOv5] validation: all         80         88    0.00687     0.0682    0.00788    0.00214
[YOLOv5] epoch 8/100 running
[YOLOv5] validation: all         80         88     0.0564      0.281     0.0547     0.0158
[YOLOv5] epoch 9/100 running
[YOLOv5] validation: all         80         88      0.445       0.33      0.348     0.0814
[YOLOv5] epoch 10/100 running
[YOLOv5] validation: all         80         88       0.58      0.377      0.419      0.123
[YOLOv5] epoch 11/100 running
[YOLOv5] validation: all         80         88      0.389      0.326        0.3      0.064
[YOLOv5] epoch 12/100 running
[YOLOv5] validation: all         80         88      0.314      0.307      0.349      0.105
[YOLOv5] epoch 13/100 running
[YOLOv5] validation: all         80         88      0.472      0.375      0.337     0.0947
[YOLOv5] epoch 14/100 running
[YOLOv5] validation: all         80         88       0.34        0.5      0.338      0.103
[YOLOv5] epoch 15/100 running
[YOLOv5] validation: all         80         88      0.199      0.352      0.179     0.0653
[YOLOv5] epoch 16/100 running
[YOLOv5] validation: all         80         88      0.378       0.47       0.42       0.11
[YOLOv5] epoch 17/100 running
[YOLOv5] validation: all         80         88      0.137      0.455      0.137      0.038
[YOLOv5] epoch 18/100 running
[YOLOv5] validation: all         80         88      0.244      0.461      0.266     0.0913
[YOLOv5] epoch 19/100 running
[YOLOv5] validation: all         80         88      0.337      0.386      0.365      0.126
[YOLOv5] epoch 20/100 running
[YOLOv5] validation: all         80         88      0.402      0.545      0.377     0.0976
[YOLOv5] epoch 21/100 running
[YOLOv5] validation: all         80         88      0.533       0.57      0.506       0.22
[YOLOv5] epoch 22/100 running
[YOLOv5] validation: all         80         88       0.45      0.633       0.47      0.137
[YOLOv5] epoch 23/100 running
[YOLOv5] validation: all         80         88      0.395      0.466      0.416      0.141
[YOLOv5] epoch 24/100 running
[YOLOv5] validation: all         80         88      0.595      0.682      0.606      0.201
[YOLOv5] epoch 25/100 running
[YOLOv5] validation: all         80         88      0.291      0.666      0.372      0.141
[YOLOv5] epoch 26/100 running
[YOLOv5] validation: all         80         88      0.574      0.784       0.63      0.234
[YOLOv5] epoch 27/100 running
[YOLOv5] validation: all         80         88      0.702      0.636      0.654      0.231
[YOLOv5] epoch 28/100 running
[YOLOv5] validation: all         80         88       0.42      0.591      0.501      0.174
[YOLOv5] epoch 29/100 running
[YOLOv5] validation: all         80         88      0.575      0.648      0.564      0.206
[YOLOv5] epoch 30/100 running
[YOLOv5] validation: all         80         88       0.59      0.671      0.675      0.247
[YOLOv5] epoch 31/100 running
[YOLOv5] validation: all         80         88      0.716       0.67      0.686      0.205
[YOLOv5] epoch 32/100 running
[YOLOv5] validation: all         80         88      0.578      0.705      0.691      0.265
[YOLOv5] epoch 33/100 running
[YOLOv5] validation: all         80         88      0.685      0.705      0.701      0.226
[YOLOv5] epoch 34/100 running
[YOLOv5] validation: all         80         88      0.695      0.739      0.726      0.306
[YOLOv5] epoch 35/100 running
[YOLOv5] validation: all         80         88      0.845      0.693      0.732      0.253
[YOLOv5] epoch 36/100 running
[YOLOv5] validation: all         80         88      0.599      0.648      0.666      0.292
[YOLOv5] epoch 37/100 running
[YOLOv5] validation: all         80         88      0.849       0.67      0.797      0.331
[YOLOv5] epoch 38/100 running
[YOLOv5] validation: all         80         88       0.64      0.716      0.733      0.321
[YOLOv5] epoch 39/100 running
[YOLOv5] validation: all         80         88      0.761      0.686      0.729      0.294
[YOLOv5] epoch 40/100 running
[YOLOv5] validation: all         80         88      0.597      0.756      0.709      0.309
[YOLOv5] epoch 41/100 running
[YOLOv5] validation: all         80         88      0.812      0.693      0.742      0.296
[YOLOv5] epoch 42/100 running
[YOLOv5] validation: all         80         88      0.863      0.614      0.771      0.351
[YOLOv5] epoch 43/100 running
[YOLOv5] validation: all         80         88      0.855      0.773      0.837      0.365
[YOLOv5] epoch 44/100 running
[YOLOv5] validation: all         80         88      0.675      0.682      0.651      0.286
[YOLOv5] epoch 45/100 running
[YOLOv5] validation: all         80         88      0.876      0.773      0.826      0.342
[YOLOv5] epoch 46/100 running
[YOLOv5] validation: all         80         88      0.635      0.773      0.747      0.367
[YOLOv5] epoch 47/100 running
[YOLOv5] validation: all         80         88      0.762      0.795      0.859      0.381
[YOLOv5] epoch 48/100 running
[YOLOv5] validation: all         80         88      0.895      0.772      0.853      0.392
[YOLOv5] epoch 49/100 running
[YOLOv5] validation: all         80         88      0.851      0.739      0.825      0.387
[YOLOv5] epoch 50/100 running
[YOLOv5] validation: all         80         88      0.838      0.727      0.784       0.34
[YOLOv5] epoch 51/100 running
[YOLOv5] validation: all         80         88      0.873      0.779      0.835       0.39
[YOLOv5] epoch 52/100 running
[YOLOv5] validation: all         80         88      0.876      0.806      0.823       0.35
[YOLOv5] epoch 53/100 running
[YOLOv5] validation: all         80         88      0.758      0.841       0.84       0.38
[YOLOv5] epoch 54/100 running
[YOLOv5] validation: all         80         88       0.73      0.705       0.74       0.36
[YOLOv5] epoch 55/100 running
[YOLOv5] validation: all         80         88      0.877       0.75       0.82      0.368
[YOLOv5] epoch 56/100 running
[YOLOv5] validation: all         80         88      0.865      0.773      0.811      0.385
[YOLOv5] epoch 57/100 running
[YOLOv5] validation: all         80         88      0.864      0.784      0.858      0.387
[YOLOv5] epoch 58/100 running
[YOLOv5] validation: all         80         88        0.9      0.815      0.869      0.416
[YOLOv5] epoch 59/100 running
[YOLOv5] validation: all         80         88      0.931      0.818      0.902      0.443
[YOLOv5] epoch 60/100 running
[YOLOv5] validation: all         80         88      0.931      0.852      0.909      0.427
[YOLOv5] epoch 61/100 running
[YOLOv5] validation: all         80         88      0.946      0.818      0.887      0.419
[YOLOv5] epoch 62/100 running
[YOLOv5] validation: all         80         88      0.903      0.852      0.907      0.447
[YOLOv5] epoch 63/100 running
[YOLOv5] validation: all         80         88      0.892      0.849      0.875      0.411
[YOLOv5] epoch 64/100 running
[YOLOv5] validation: all         80         88      0.937      0.841      0.914      0.439
[YOLOv5] epoch 65/100 running
[YOLOv5] validation: all         80         88      0.959      0.805      0.898      0.447
[YOLOv5] epoch 66/100 running
[YOLOv5] validation: all         80         88      0.949      0.841      0.904      0.432
[YOLOv5] epoch 67/100 running
[YOLOv5] validation: all         80         88      0.915      0.855      0.904      0.438
[YOLOv5] epoch 68/100 running
[YOLOv5] validation: all         80         88      0.925      0.838      0.915      0.456
[YOLOv5] epoch 69/100 running
[YOLOv5] validation: all         80         88      0.915      0.795      0.901       0.45
[YOLOv5] epoch 70/100 running
[YOLOv5] validation: all         80         88      0.921      0.818      0.892      0.463
[YOLOv5] epoch 71/100 running
[YOLOv5] validation: all         80         88      0.934      0.799      0.883      0.461
[YOLOv5] epoch 72/100 running
[YOLOv5] validation: all         80         88      0.912      0.818      0.882      0.456
[YOLOv5] epoch 73/100 running
[YOLOv5] validation: all         80         88      0.968      0.784      0.883      0.461
[YOLOv5] epoch 74/100 running
[YOLOv5] validation: all         80         88      0.949       0.83      0.901      0.455
[YOLOv5] epoch 75/100 running
[YOLOv5] validation: all         80         88      0.956      0.852      0.903       0.46
[YOLOv5] epoch 76/100 running
[YOLOv5] validation: all         80         88      0.937      0.845      0.904      0.461
[YOLOv5] epoch 77/100 running
[YOLOv5] validation: all         80         88      0.954      0.818      0.897      0.459
[YOLOv5] epoch 78/100 running
[YOLOv5] validation: all         80         88      0.928      0.807      0.894      0.482
[YOLOv5] epoch 79/100 running
[YOLOv5] validation: all         80         88      0.928       0.83        0.9      0.459
[YOLOv5] epoch 80/100 running
[YOLOv5] validation: all         80         88      0.941      0.807      0.871      0.452
[YOLOv5] epoch 81/100 running
[YOLOv5] validation: all         80         88       0.96       0.82      0.883      0.449
[YOLOv5] epoch 82/100 running
[YOLOv5] validation: all         80         88      0.961      0.831      0.878      0.452
[YOLOv5] epoch 83/100 running
[YOLOv5] validation: all         80         88      0.947      0.807       0.86      0.442
[YOLOv5] epoch 84/100 running
[YOLOv5] validation: all         80         88      0.959      0.807      0.854      0.441
[YOLOv5] epoch 85/100 running
[YOLOv5] validation: all         80         88      0.956      0.795      0.866      0.457
[YOLOv5] epoch 86/100 running
[YOLOv5] validation: all         80         88      0.968      0.795      0.864      0.455
[YOLOv5] epoch 87/100 running
[YOLOv5] validation: all         80         88      0.972      0.784      0.867      0.473
[YOLOv5] epoch 88/100 running
[YOLOv5] validation: all         80         88      0.935      0.807      0.876      0.478
[YOLOv5] epoch 89/100 running
[YOLOv5] validation: all         80         88      0.936      0.831      0.889       0.47
[YOLOv5] epoch 90/100 running
[YOLOv5] validation: all         80         88      0.926       0.83      0.892      0.481
[YOLOv5] epoch 91/100 running
[YOLOv5] validation: all         80         88      0.948      0.825       0.89      0.481
[YOLOv5] epoch 92/100 running
[YOLOv5] validation: all         80         88      0.946       0.83      0.884      0.482
[YOLOv5] epoch 93/100 running
[YOLOv5] validation: all         80         88      0.948      0.818      0.878      0.475
[YOLOv5] epoch 94/100 running
[YOLOv5] validation: all         80         88       0.96      0.817      0.881      0.475
[YOLOv5] epoch 95/100 running
[YOLOv5] validation: all         80         88       0.96      0.818      0.883      0.481
[YOLOv5] epoch 96/100 running
[YOLOv5] validation: all         80         88      0.957      0.818      0.882      0.481
[YOLOv5] epoch 97/100 running
[YOLOv5] validation: all         80         88      0.955      0.807      0.873      0.487
[YOLOv5] epoch 98/100 running
[YOLOv5] validation: all         80         88      0.947      0.815       0.87       0.48
[YOLOv5] epoch 99/100 running
[YOLOv5] validation: all         80         88      0.954      0.807      0.871      0.488
[YOLOv5] epoch 100/100 running
[YOLOv5] validation: all         80         88      0.951      0.807      0.873      0.482
[YOLOv5] 100 epochs completed in 0.062 hours.
[YOLOv5] validation: all         80         88      0.959      0.807       0.91      0.454
[Task] training completed: 312.4s
[Task] evaluating: checkpoint=last, group=test, samples=80
[YOLOv5] validation: all         80         82      0.912      0.882      0.909      0.511
[Task] evaluation: checkpoint=last, group=test, mAP50-95=0.5105, mAP50=0.9090, time=16.0s
[Task] evaluating: checkpoint=best, group=test, samples=80
[YOLOv5] validation: all         80         82      0.904      0.841      0.895      0.471
[Task] evaluation: checkpoint=best, group=test, mAP50-95=0.4710, mAP50=0.8948, time=18.0s
[Task] completed: evaluation=34.1s, output=/home/lijinhe/work/YOLO_Retraining/runs/studies/0907_stroller_window10_learning_curve/experiment/sequence/StrollerWindow10Tau099_SplitS41__seq-full-cold__stage0-stage7__yolov5s__s42/tasks/003__stage3__full-cold
[Task] output: /home/lijinhe/work/YOLO_Retraining/runs/studies/0907_stroller_window10_learning_curve/experiment/sequence/StrollerWindow10Tau099_SplitS41__seq-full-cold__stage0-stage7__yolov5s__s42/tasks/004__stage4__full-cold
[Task] data: current=80, candidate=401, validation=80, test=80
[Task] selection: policy=full, selected=401, groups={'candidate': 401}, time=0.000s
[Task] training: backend=yolov5, epochs=100, batch=64, device=0
[YOLOv5] epoch 1/100 running
[YOLOv5] validation: all         80         88    0.00181      0.159    0.00108   0.000213
[YOLOv5] epoch 2/100 running
[YOLOv5] validation: all         80         88    0.00314      0.534     0.0151    0.00257
[YOLOv5] epoch 3/100 running
[YOLOv5] validation: all         80         88      0.125      0.375      0.143     0.0312
[YOLOv5] epoch 4/100 running
[YOLOv5] validation: all         80         88      0.215      0.386      0.224     0.0581
[YOLOv5] epoch 5/100 running
[YOLOv5] validation: all         80         88     0.0288      0.625     0.0269    0.00702
[YOLOv5] epoch 6/100 running
[YOLOv5] validation: all         80         88      0.246      0.341       0.21     0.0427
[YOLOv5] epoch 7/100 running
[YOLOv5] validation: all         80         88      0.331      0.307      0.265     0.0556
[YOLOv5] epoch 8/100 running
[YOLOv5] validation: all         80         88      0.404      0.398      0.351     0.0854
[YOLOv5] epoch 9/100 running
[YOLOv5] validation: all         80         88      0.454      0.432      0.388     0.0884
[YOLOv5] epoch 10/100 running
[YOLOv5] validation: all         80         88      0.468      0.455      0.448      0.115
[YOLOv5] epoch 11/100 running
[YOLOv5] validation: all         80         88      0.461       0.58      0.464      0.153
[YOLOv5] epoch 12/100 running
[YOLOv5] validation: all         80         88      0.497      0.614      0.515      0.209
[YOLOv5] epoch 13/100 running
[YOLOv5] validation: all         80         88      0.386      0.449      0.413      0.124
[YOLOv5] epoch 14/100 running
[YOLOv5] validation: all         80         88      0.533      0.544       0.53      0.212
[YOLOv5] epoch 15/100 running
[YOLOv5] validation: all         80         88       0.45      0.761      0.618      0.224
[YOLOv5] epoch 16/100 running
[YOLOv5] validation: all         80         88      0.558      0.545      0.588      0.239
[YOLOv5] epoch 17/100 running
[YOLOv5] validation: all         80         88      0.479      0.682      0.614      0.239
[YOLOv5] epoch 18/100 running
[YOLOv5] validation: all         80         88      0.704      0.659      0.683      0.269
[YOLOv5] epoch 19/100 running
[YOLOv5] validation: all         80         88       0.69      0.773      0.784      0.288
[YOLOv5] epoch 20/100 running
[YOLOv5] validation: all         80         88      0.772      0.739      0.783      0.326
[YOLOv5] epoch 21/100 running
[YOLOv5] validation: all         80         88      0.898      0.727      0.856      0.359
[YOLOv5] epoch 22/100 running
[YOLOv5] validation: all         80         88      0.904      0.747      0.852      0.371
[YOLOv5] epoch 23/100 running
[YOLOv5] validation: all         80         88      0.865      0.784      0.862       0.38
[YOLOv5] epoch 24/100 running
[YOLOv5] validation: all         80         88      0.786      0.795      0.853      0.388
[YOLOv5] epoch 25/100 running
[YOLOv5] validation: all         80         88      0.875      0.784      0.849      0.405
[YOLOv5] epoch 26/100 running
[YOLOv5] validation: all         80         88      0.788      0.818      0.828       0.38
[YOLOv5] epoch 27/100 running
[YOLOv5] validation: all         80         88      0.846      0.809      0.856      0.367
[YOLOv5] epoch 28/100 running
[YOLOv5] validation: all         80         88      0.847       0.75       0.82       0.35
[YOLOv5] epoch 29/100 running
[YOLOv5] validation: all         80         88      0.886       0.71      0.817       0.38
[YOLOv5] epoch 30/100 running
[YOLOv5] validation: all         80         88      0.925      0.761      0.863      0.394
[YOLOv5] epoch 31/100 running
[YOLOv5] validation: all         80         88      0.869      0.831      0.888      0.402
[YOLOv5] epoch 32/100 running
[YOLOv5] validation: all         80         88      0.844      0.761      0.853      0.377
[YOLOv5] epoch 33/100 running
[YOLOv5] validation: all         80         88       0.86      0.773       0.85      0.375
[YOLOv5] epoch 34/100 running
[YOLOv5] validation: all         80         88      0.839      0.807      0.836      0.417
[YOLOv5] epoch 35/100 running
[YOLOv5] validation: all         80         88      0.885      0.807      0.885      0.436
[YOLOv5] epoch 36/100 running
[YOLOv5] validation: all         80         88      0.912      0.773      0.882      0.411
[YOLOv5] epoch 37/100 running
[YOLOv5] validation: all         80         88      0.895      0.778      0.866       0.44
[YOLOv5] epoch 38/100 running
[YOLOv5] validation: all         80         88      0.934      0.784      0.882      0.438
[YOLOv5] epoch 39/100 running
[YOLOv5] validation: all         80         88      0.869      0.754      0.856        0.4
[YOLOv5] epoch 40/100 running
[YOLOv5] validation: all         80         88      0.917      0.795      0.872      0.444
[YOLOv5] epoch 41/100 running
[YOLOv5] validation: all         80         88      0.877      0.761      0.828      0.377
[YOLOv5] epoch 42/100 running
[YOLOv5] validation: all         80         88      0.877      0.807      0.862      0.416
[YOLOv5] epoch 43/100 running
[YOLOv5] validation: all         80         88      0.805      0.864      0.857      0.441
[YOLOv5] epoch 44/100 running
[YOLOv5] validation: all         80         88      0.837      0.814      0.842      0.401
[YOLOv5] epoch 45/100 running
[YOLOv5] validation: all         80         88      0.851      0.781      0.842      0.417
[YOLOv5] epoch 46/100 running
[YOLOv5] validation: all         80         88      0.835      0.864      0.901      0.459
[YOLOv5] epoch 47/100 running
[YOLOv5] validation: all         80         88      0.872      0.807      0.882      0.456
[YOLOv5] epoch 48/100 running
[YOLOv5] validation: all         80         88      0.858      0.825      0.889      0.451
[YOLOv5] epoch 49/100 running
[YOLOv5] validation: all         80         88      0.879      0.886      0.894       0.45
[YOLOv5] epoch 50/100 running
[YOLOv5] validation: all         80         88      0.877      0.808       0.86      0.412
[YOLOv5] epoch 51/100 running
[YOLOv5] validation: all         80         88      0.937       0.84      0.886      0.452
[YOLOv5] epoch 52/100 running
[YOLOv5] validation: all         80         88      0.948      0.826      0.896       0.47
[YOLOv5] epoch 53/100 running
[YOLOv5] validation: all         80         88      0.965      0.795       0.91      0.474
[YOLOv5] epoch 54/100 running
[YOLOv5] validation: all         80         88      0.954       0.83      0.919      0.469
[YOLOv5] epoch 55/100 running
[YOLOv5] validation: all         80         88      0.943      0.841      0.902      0.466
[YOLOv5] epoch 56/100 running
[YOLOv5] validation: all         80         88      0.972      0.791      0.897       0.46
[YOLOv5] epoch 57/100 running
[YOLOv5] validation: all         80         88      0.873      0.864      0.889      0.441
[YOLOv5] epoch 58/100 running
[YOLOv5] validation: all         80         88      0.819      0.875      0.899      0.464
[YOLOv5] epoch 59/100 running
[YOLOv5] validation: all         80         88       0.85      0.841      0.882      0.453
[YOLOv5] epoch 60/100 running
[YOLOv5] validation: all         80         88      0.885      0.841      0.893      0.468
[YOLOv5] epoch 61/100 running
[YOLOv5] validation: all         80         88      0.819      0.875      0.891      0.475
[YOLOv5] epoch 62/100 running
[YOLOv5] validation: all         80         88       0.83       0.83      0.881      0.457
[YOLOv5] epoch 63/100 running
[YOLOv5] validation: all         80         88      0.924      0.795      0.902       0.46
[YOLOv5] epoch 64/100 running
[YOLOv5] validation: all         80         88      0.851      0.845      0.886      0.457
[YOLOv5] epoch 65/100 running
[YOLOv5] validation: all         80         88      0.886      0.841      0.918      0.481
[YOLOv5] epoch 66/100 running
[YOLOv5] validation: all         80         88      0.887      0.841      0.917      0.458
[YOLOv5] epoch 67/100 running
[YOLOv5] validation: all         80         88      0.904      0.854      0.916      0.464
[YOLOv5] epoch 68/100 running
[YOLOv5] validation: all         80         88      0.842      0.848      0.888      0.464
[YOLOv5] epoch 69/100 running
[YOLOv5] validation: all         80         88      0.894      0.852      0.903       0.47
[YOLOv5] epoch 70/100 running
[YOLOv5] validation: all         80         88      0.893      0.854       0.91      0.459
[YOLOv5] epoch 71/100 running
[YOLOv5] validation: all         80         88      0.875      0.852      0.902      0.455
[YOLOv5] epoch 72/100 running
[YOLOv5] validation: all         80         88      0.941      0.784      0.875      0.449
[YOLOv5] epoch 73/100 running
[YOLOv5] validation: all         80         88      0.874      0.867      0.888      0.468
[YOLOv5] epoch 74/100 running
[YOLOv5] validation: all         80         88      0.903      0.847      0.911      0.464
[YOLOv5] epoch 75/100 running
[YOLOv5] validation: all         80         88      0.914      0.773      0.871      0.451
[YOLOv5] epoch 76/100 running
[YOLOv5] validation: all         80         88       0.93      0.784      0.863       0.45
[YOLOv5] epoch 77/100 running
[YOLOv5] validation: all         80         88      0.891      0.838      0.876      0.455
[YOLOv5] epoch 78/100 running
[YOLOv5] validation: all         80         88      0.857      0.817      0.871      0.461
[YOLOv5] epoch 79/100 running
[YOLOv5] validation: all         80         88      0.925      0.807      0.877      0.484
[YOLOv5] epoch 80/100 running
[YOLOv5] validation: all         80         88      0.884      0.841      0.897      0.478
[YOLOv5] epoch 81/100 running
[YOLOv5] validation: all         80         88      0.896      0.852      0.899      0.475
[YOLOv5] epoch 82/100 running
[YOLOv5] validation: all         80         88       0.88      0.852      0.893      0.479
[YOLOv5] epoch 83/100 running
[YOLOv5] validation: all         80         88      0.926      0.848      0.918      0.486
[YOLOv5] epoch 84/100 running
[YOLOv5] validation: all         80         88      0.935      0.817        0.9       0.48
[YOLOv5] epoch 85/100 running
[YOLOv5] validation: all         80         88      0.935      0.818      0.896      0.468
[YOLOv5] epoch 86/100 running
[YOLOv5] validation: all         80         88      0.959       0.83      0.909      0.471
[YOLOv5] epoch 87/100 running
[YOLOv5] validation: all         80         88      0.935      0.821      0.886      0.469
[YOLOv5] epoch 88/100 running
[YOLOv5] validation: all         80         88      0.892      0.841      0.878      0.477
[YOLOv5] epoch 89/100 running
[YOLOv5] validation: all         80         88      0.895      0.873      0.893       0.48
[YOLOv5] epoch 90/100 running
[YOLOv5] validation: all         80         88      0.902      0.837      0.885      0.485
[YOLOv5] epoch 91/100 running
[YOLOv5] validation: all         80         88      0.914      0.849      0.884      0.486
[YOLOv5] epoch 92/100 running
[YOLOv5] validation: all         80         88      0.915      0.856      0.898      0.488
[YOLOv5] epoch 93/100 running
[YOLOv5] validation: all         80         88      0.885      0.864      0.884       0.49
[YOLOv5] epoch 94/100 running
[YOLOv5] validation: all         80         88      0.895      0.852      0.898      0.492
[YOLOv5] epoch 95/100 running
[YOLOv5] validation: all         80         88      0.876      0.852      0.893      0.496
[YOLOv5] epoch 96/100 running
[YOLOv5] validation: all         80         88      0.879      0.864       0.89      0.488
[YOLOv5] epoch 97/100 running
[YOLOv5] validation: all         80         88      0.903      0.849      0.878      0.488
[YOLOv5] epoch 98/100 running
[YOLOv5] validation: all         80         88      0.892      0.844      0.877      0.485
[YOLOv5] epoch 99/100 running
[YOLOv5] validation: all         80         88      0.902      0.839      0.885       0.49
[YOLOv5] epoch 100/100 running
[YOLOv5] validation: all         80         88      0.902      0.837      0.893      0.485
[YOLOv5] 100 epochs completed in 0.063 hours.
[YOLOv5] validation: all         80         88      0.956       0.83       0.92       0.47
[Task] training completed: 317.7s
[Task] evaluating: checkpoint=last, group=test, samples=80
[YOLOv5] validation: all         80         82      0.931      0.829      0.917      0.524
[Task] evaluation: checkpoint=last, group=test, mAP50-95=0.5237, mAP50=0.9173, time=18.0s
[Task] evaluating: checkpoint=best, group=test, samples=80
[YOLOv5] validation: all         80         82      0.936      0.892      0.935      0.494
[Task] evaluation: checkpoint=best, group=test, mAP50-95=0.4940, mAP50=0.9350, time=19.0s
[Task] completed: evaluation=37.0s, output=/home/lijinhe/work/YOLO_Retraining/runs/studies/0907_stroller_window10_learning_curve/experiment/sequence/StrollerWindow10Tau099_SplitS41__seq-full-cold__stage0-stage7__yolov5s__s42/tasks/004__stage4__full-cold
[Task] output: /home/lijinhe/work/YOLO_Retraining/runs/studies/0907_stroller_window10_learning_curve/experiment/sequence/StrollerWindow10Tau099_SplitS41__seq-full-cold__stage0-stage7__yolov5s__s42/tasks/005__stage5__full-cold
[Task] data: current=80, candidate=481, validation=80, test=80
[Task] selection: policy=full, selected=481, groups={'candidate': 481}, time=0.000s
[Task] training: backend=yolov5, epochs=100, batch=64, device=0
[YOLOv5] epoch 1/100 running
[YOLOv5] validation: all         80         88   0.000553     0.0568   0.000303   5.09e-05
[YOLOv5] epoch 2/100 running
[YOLOv5] validation: all         80         88    0.00339      0.682    0.00891    0.00233
[YOLOv5] epoch 3/100 running
[YOLOv5] validation: all         80         88    0.00338      0.864     0.0593     0.0115
[YOLOv5] epoch 4/100 running
[YOLOv5] validation: all         80         88     0.0113       0.92     0.0754     0.0222
[YOLOv5] epoch 5/100 running
[YOLOv5] validation: all         80         88      0.291      0.455      0.276     0.0803
[YOLOv5] epoch 6/100 running
[YOLOv5] validation: all         80         88      0.123      0.273      0.105     0.0237
[YOLOv5] epoch 7/100 running
[YOLOv5] validation: all         80         88      0.367      0.295      0.237     0.0684
[YOLOv5] epoch 8/100 running
[YOLOv5] validation: all         80         88      0.331      0.352      0.249     0.0793
[YOLOv5] epoch 9/100 running
[YOLOv5] validation: all         80         88      0.269       0.42      0.252     0.0742
[YOLOv5] epoch 10/100 running
[YOLOv5] validation: all         80         88      0.329        0.5      0.376     0.0973
[YOLOv5] epoch 11/100 running
[YOLOv5] validation: all         80         88      0.354      0.545      0.307     0.0926
[YOLOv5] epoch 12/100 running
[YOLOv5] validation: all         80         88      0.399      0.581      0.442      0.166
[YOLOv5] epoch 13/100 running
[YOLOv5] validation: all         80         88      0.447      0.534      0.418      0.151
[YOLOv5] epoch 14/100 running
[YOLOv5] validation: all         80         88      0.545      0.722      0.589      0.218
[YOLOv5] epoch 15/100 running
[YOLOv5] validation: all         80         88      0.414      0.614      0.453      0.174
[YOLOv5] epoch 16/100 running
[YOLOv5] validation: all         80         88       0.74      0.739      0.713      0.293
[YOLOv5] epoch 17/100 running
[YOLOv5] validation: all         80         88       0.46      0.739      0.559      0.255
[YOLOv5] epoch 18/100 running
[YOLOv5] validation: all         80         88       0.59      0.737      0.682      0.262
[YOLOv5] epoch 19/100 running
[YOLOv5] validation: all         80         88      0.788      0.727       0.79      0.346
[YOLOv5] epoch 20/100 running
[YOLOv5] validation: all         80         88      0.793      0.742      0.817      0.386
[YOLOv5] epoch 21/100 running
[YOLOv5] validation: all         80         88      0.731      0.773      0.771       0.34
[YOLOv5] epoch 22/100 running
[YOLOv5] validation: all         80         88      0.804      0.784      0.824      0.387
[YOLOv5] epoch 23/100 running
[YOLOv5] validation: all         80         88      0.838      0.764      0.839      0.376
[YOLOv5] epoch 24/100 running
[YOLOv5] validation: all         80         88      0.834      0.773      0.815      0.357
[YOLOv5] epoch 25/100 running
[YOLOv5] validation: all         80         88      0.786      0.716      0.723      0.291
[YOLOv5] epoch 26/100 running
[YOLOv5] validation: all         80         88      0.836      0.813      0.832      0.384
[YOLOv5] epoch 27/100 running
[YOLOv5] validation: all         80         88      0.882       0.75      0.828      0.399
[YOLOv5] epoch 28/100 running
[YOLOv5] validation: all         80         88      0.952      0.693      0.834      0.407
[YOLOv5] epoch 29/100 running
[YOLOv5] validation: all         80         88      0.861      0.843      0.898       0.45
[YOLOv5] epoch 30/100 running
[YOLOv5] validation: all         80         88      0.874       0.87      0.909      0.452
[YOLOv5] epoch 31/100 running
[YOLOv5] validation: all         80         88      0.895      0.807      0.883      0.407
[YOLOv5] epoch 32/100 running
[YOLOv5] validation: all         80         88      0.843      0.773      0.852      0.389
[YOLOv5] epoch 33/100 running
[YOLOv5] validation: all         80         88      0.803      0.787      0.816      0.397
[YOLOv5] epoch 34/100 running
[YOLOv5] validation: all         80         88      0.896       0.83      0.892      0.452
[YOLOv5] epoch 35/100 running
[YOLOv5] validation: all         80         88      0.858      0.827      0.861      0.424
[YOLOv5] epoch 36/100 running
[YOLOv5] validation: all         80         88      0.899      0.805      0.866      0.422
[YOLOv5] epoch 37/100 running
[YOLOv5] validation: all         80         88      0.891       0.84      0.889      0.451
[YOLOv5] epoch 38/100 running
[YOLOv5] validation: all         80         88      0.797       0.83      0.887      0.449
[YOLOv5] epoch 39/100 running
[YOLOv5] validation: all         80         88      0.832      0.846      0.884      0.443
[YOLOv5] epoch 40/100 running
[YOLOv5] validation: all         80         88      0.911       0.81      0.873      0.429
[YOLOv5] epoch 41/100 running
[YOLOv5] validation: all         80         88      0.921      0.791      0.889      0.442
[YOLOv5] epoch 42/100 running
[YOLOv5] validation: all         80         88      0.891      0.838      0.877      0.449
[YOLOv5] epoch 43/100 running
[YOLOv5] validation: all         80         88      0.923      0.816      0.877      0.458
[YOLOv5] epoch 44/100 running
[YOLOv5] validation: all         80         88      0.899      0.841      0.882       0.44
[YOLOv5] epoch 45/100 running
[YOLOv5] validation: all         80         88      0.936      0.784      0.891      0.466
[YOLOv5] epoch 46/100 running
[YOLOv5] validation: all         80         88      0.876      0.805      0.885      0.481
[YOLOv5] epoch 47/100 running
[YOLOv5] validation: all         80         88      0.901      0.826      0.896      0.446
[YOLOv5] epoch 48/100 running
[YOLOv5] validation: all         80         88      0.884      0.841      0.897      0.447
[YOLOv5] epoch 49/100 running
[YOLOv5] validation: all         80         88      0.849      0.895      0.925      0.445
[YOLOv5] epoch 50/100 running
[YOLOv5] validation: all         80         88      0.873       0.86      0.914      0.479
[YOLOv5] epoch 51/100 running
[YOLOv5] validation: all         80         88      0.927      0.841      0.922      0.491
[YOLOv5] epoch 52/100 running
[YOLOv5] validation: all         80         88      0.938       0.83      0.929      0.495
[YOLOv5] epoch 53/100 running
[YOLOv5] validation: all         80         88      0.916      0.875      0.917      0.495
[YOLOv5] epoch 54/100 running
[YOLOv5] validation: all         80         88      0.892      0.864      0.905      0.481
[YOLOv5] epoch 55/100 running
[YOLOv5] validation: all         80         88      0.934      0.807      0.916      0.488
[YOLOv5] epoch 56/100 running
[YOLOv5] validation: all         80         88      0.906      0.761      0.855      0.457
[YOLOv5] epoch 57/100 running
[YOLOv5] validation: all         80         88      0.905      0.784      0.874      0.478
[YOLOv5] epoch 58/100 running
[YOLOv5] validation: all         80         88      0.965      0.795      0.884      0.493
[YOLOv5] epoch 59/100 running
[YOLOv5] validation: all         80         88      0.912      0.828        0.9      0.488
[YOLOv5] epoch 60/100 running
[YOLOv5] validation: all         80         88      0.883      0.841      0.896      0.472
[YOLOv5] epoch 61/100 running
[YOLOv5] validation: all         80         88       0.88      0.807      0.878       0.47
[YOLOv5] epoch 62/100 running
[YOLOv5] validation: all         80         88      0.899       0.83      0.887      0.465
[YOLOv5] epoch 63/100 running
[YOLOv5] validation: all         80         88      0.883      0.818      0.886      0.484
[YOLOv5] epoch 64/100 running
[YOLOv5] validation: all         80         88      0.856      0.881      0.896      0.482
[YOLOv5] epoch 65/100 running
[YOLOv5] validation: all         80         88       0.94      0.784      0.898      0.477
[YOLOv5] epoch 66/100 running
[YOLOv5] validation: all         80         88      0.931      0.784      0.906      0.462
[YOLOv5] epoch 67/100 running
[YOLOv5] validation: all         80         88      0.908      0.841      0.917      0.498
[YOLOv5] epoch 68/100 running
[YOLOv5] validation: all         80         88       0.91      0.864      0.917      0.504
[YOLOv5] epoch 69/100 running
[YOLOv5] validation: all         80         88      0.928      0.886      0.932       0.52
[YOLOv5] epoch 70/100 running
[YOLOv5] validation: all         80         88      0.917      0.875      0.937      0.519
[YOLOv5] epoch 71/100 running
[YOLOv5] validation: all         80         88       0.92      0.875      0.932      0.507
[YOLOv5] epoch 72/100 running
[YOLOv5] validation: all         80         88      0.886      0.879       0.91      0.509
[YOLOv5] epoch 73/100 running
[YOLOv5] validation: all         80         88      0.908      0.852       0.93      0.522
[YOLOv5] epoch 74/100 running
[YOLOv5] validation: all         80         88      0.892      0.842      0.906      0.509
[YOLOv5] epoch 75/100 running
[YOLOv5] validation: all         80         88      0.893      0.856      0.911      0.511
[YOLOv5] epoch 76/100 running
[YOLOv5] validation: all         80         88        0.9      0.852      0.929      0.503
[YOLOv5] epoch 77/100 running
[YOLOv5] validation: all         80         88      0.886      0.884      0.925      0.509
[YOLOv5] epoch 78/100 running
[YOLOv5] validation: all         80         88      0.889      0.908      0.917      0.507
[YOLOv5] epoch 79/100 running
[YOLOv5] validation: all         80         88      0.899      0.898      0.908      0.502
[YOLOv5] epoch 80/100 running
[YOLOv5] validation: all         80         88       0.91      0.809      0.898      0.486
[YOLOv5] epoch 81/100 running
[YOLOv5] validation: all         80         88      0.901      0.875      0.917      0.492
[YOLOv5] epoch 82/100 running
[YOLOv5] validation: all         80         88       0.89      0.852      0.894      0.509
[YOLOv5] epoch 83/100 running
[YOLOv5] validation: all         80         88      0.911      0.841      0.904      0.516
[YOLOv5] epoch 84/100 running
[YOLOv5] validation: all         80         88      0.922      0.864      0.899        0.5
[YOLOv5] epoch 85/100 running
[YOLOv5] validation: all         80         88      0.881       0.83      0.892      0.498
[YOLOv5] epoch 86/100 running
[YOLOv5] validation: all         80         88      0.882      0.864      0.897      0.502
[YOLOv5] epoch 87/100 running
[YOLOv5] validation: all         80         88      0.887      0.852      0.886      0.501
[YOLOv5] epoch 88/100 running
[YOLOv5] validation: all         80         88      0.903      0.842      0.894      0.513
[YOLOv5] epoch 89/100 running
[YOLOv5] validation: all         80         88      0.916      0.869       0.91      0.519
[YOLOv5] epoch 90/100 running
[YOLOv5] validation: all         80         88      0.879      0.841      0.888      0.506
[YOLOv5] epoch 91/100 running
[YOLOv5] validation: all         80         88       0.88      0.864      0.901      0.512
[YOLOv5] epoch 92/100 running
[YOLOv5] validation: all         80         88      0.881      0.843      0.896      0.527
[YOLOv5] epoch 93/100 running
[YOLOv5] validation: all         80         88      0.925      0.864      0.911      0.513
[YOLOv5] epoch 94/100 running
[YOLOv5] validation: all         80         88      0.882      0.846      0.903      0.515
[YOLOv5] epoch 95/100 running
[YOLOv5] validation: all         80         88      0.885       0.83      0.893      0.507
[YOLOv5] epoch 96/100 running
[YOLOv5] validation: all         80         88      0.901      0.826      0.889      0.497
[YOLOv5] epoch 97/100 running
[YOLOv5] validation: all         80         88      0.909      0.841      0.899      0.503
[YOLOv5] epoch 98/100 running
[YOLOv5] validation: all         80         88       0.88      0.832      0.884        0.5
[YOLOv5] epoch 99/100 running
[YOLOv5] validation: all         80         88      0.892      0.841      0.902      0.511
[YOLOv5] epoch 100/100 running
[YOLOv5] validation: all         80         88      0.914      0.841        0.9      0.508
[YOLOv5] 100 epochs completed in 0.083 hours.
[YOLOv5] validation: all         80         88      0.917      0.875      0.937      0.519
[Task] training completed: 388.9s
[Task] evaluating: checkpoint=last, group=test, samples=80
[YOLOv5] validation: all         80         82      0.927      0.841      0.921      0.557
[Task] evaluation: checkpoint=last, group=test, mAP50-95=0.5571, mAP50=0.9208, time=17.2s
[Task] evaluating: checkpoint=best, group=test, samples=80
[YOLOv5] validation: all         80         82      0.948      0.854      0.949      0.555
[Task] evaluation: checkpoint=best, group=test, mAP50-95=0.5545, mAP50=0.9491, time=18.7s
[Task] completed: evaluation=35.9s, output=/home/lijinhe/work/YOLO_Retraining/runs/studies/0907_stroller_window10_learning_curve/experiment/sequence/StrollerWindow10Tau099_SplitS41__seq-full-cold__stage0-stage7__yolov5s__s42/tasks/005__stage5__full-cold
[Task] output: /home/lijinhe/work/YOLO_Retraining/runs/studies/0907_stroller_window10_learning_curve/experiment/sequence/StrollerWindow10Tau099_SplitS41__seq-full-cold__stage0-stage7__yolov5s__s42/tasks/006__stage6__full-cold
[Task] data: current=80, candidate=561, validation=80, test=80
[Task] selection: policy=full, selected=561, groups={'candidate': 561}, time=0.000s
[Task] training: backend=yolov5, epochs=100, batch=64, device=0
[YOLOv5] epoch 1/100 running
[YOLOv5] validation: all         80         88    0.00263      0.352    0.00351   0.000722
[YOLOv5] epoch 2/100 running
[YOLOv5] validation: all         80         88    0.00361      0.898    0.00836    0.00213
[YOLOv5] epoch 3/100 running
[YOLOv5] validation: all         80         88    0.00872      0.932     0.0243    0.00574
[YOLOv5] epoch 4/100 running
[YOLOv5] validation: all         80         88      0.201      0.216      0.166     0.0364
[YOLOv5] epoch 5/100 running
[YOLOv5] validation: all         80         88      0.269      0.455      0.219     0.0567
[YOLOv5] epoch 6/100 running
[YOLOv5] validation: all         80         88      0.354      0.409      0.338     0.0941
[YOLOv5] epoch 7/100 running
[YOLOv5] validation: all         80         88      0.476      0.466       0.43      0.136
[YOLOv5] epoch 8/100 running
[YOLOv5] validation: all         80         88       0.37       0.48      0.347       0.08
[YOLOv5] epoch 9/100 running
[YOLOv5] validation: all         80         88       0.34       0.42      0.349     0.0971
[YOLOv5] epoch 10/100 running
[YOLOv5] validation: all         80         88        0.5      0.715      0.649      0.202
[YOLOv5] epoch 11/100 running
[YOLOv5] validation: all         80         88      0.246      0.646      0.327      0.106
[YOLOv5] epoch 12/100 running
[YOLOv5] validation: all         80         88      0.342      0.684      0.515      0.175
[YOLOv5] epoch 13/100 running
[YOLOv5] validation: all         80         88      0.477      0.648      0.547      0.205
[YOLOv5] epoch 14/100 running
[YOLOv5] validation: all         80         88      0.622      0.739      0.677      0.264
[YOLOv5] epoch 15/100 running
[YOLOv5] validation: all         80         88      0.653      0.648      0.683      0.288
[YOLOv5] epoch 16/100 running
[YOLOv5] validation: all         80         88      0.719       0.75      0.712      0.271
[YOLOv5] epoch 17/100 running
[YOLOv5] validation: all         80         88      0.663      0.727      0.705       0.28
[YOLOv5] epoch 18/100 running
[YOLOv5] validation: all         80         88      0.789      0.659      0.705      0.297
[YOLOv5] epoch 19/100 running
[YOLOv5] validation: all         80         88      0.871      0.761      0.857      0.378
[YOLOv5] epoch 20/100 running
[YOLOv5] validation: all         80         88      0.907      0.784      0.832      0.371
[YOLOv5] epoch 21/100 running
[YOLOv5] validation: all         80         88      0.904      0.807      0.891      0.394
[YOLOv5] epoch 22/100 running
[YOLOv5] validation: all         80         88      0.754      0.875      0.855      0.366
[YOLOv5] epoch 23/100 running
[YOLOv5] validation: all         80         88      0.826      0.865      0.881      0.366
[YOLOv5] epoch 24/100 running
[YOLOv5] validation: all         80         88      0.868       0.83      0.879      0.411
[YOLOv5] epoch 25/100 running
[YOLOv5] validation: all         80         88      0.895      0.775      0.855      0.429
[YOLOv5] epoch 26/100 running
[YOLOv5] validation: all         80         88      0.896      0.818      0.883      0.451
[YOLOv5] epoch 27/100 running
[YOLOv5] validation: all         80         88      0.869      0.832      0.879      0.423
[YOLOv5] epoch 28/100 running
[YOLOv5] validation: all         80         88      0.884      0.886      0.895      0.449
[YOLOv5] epoch 29/100 running
[YOLOv5] validation: all         80         88      0.852      0.849       0.87      0.417
[YOLOv5] epoch 30/100 running
[YOLOv5] validation: all         80         88      0.958      0.773      0.893       0.42
[YOLOv5] epoch 31/100 running
[YOLOv5] validation: all         80         88      0.883      0.818      0.885      0.451
[YOLOv5] epoch 32/100 running
[YOLOv5] validation: all         80         88      0.826      0.886      0.887       0.43
[YOLOv5] epoch 33/100 running
[YOLOv5] validation: all         80         88      0.941      0.727      0.858      0.411
[YOLOv5] epoch 34/100 running
[YOLOv5] validation: all         80         88      0.859      0.841      0.906      0.474
[YOLOv5] epoch 35/100 running
[YOLOv5] validation: all         80         88      0.904      0.807      0.893      0.458
[YOLOv5] epoch 36/100 running
[YOLOv5] validation: all         80         88      0.854      0.862      0.887       0.45
[YOLOv5] epoch 37/100 running
[YOLOv5] validation: all         80         88      0.922      0.809      0.891      0.442
[YOLOv5] epoch 38/100 running
[YOLOv5] validation: all         80         88      0.843      0.857      0.897      0.439
[YOLOv5] epoch 39/100 running
[YOLOv5] validation: all         80         88      0.841       0.83      0.907      0.469
[YOLOv5] epoch 40/100 running
[YOLOv5] validation: all         80         88      0.852      0.852      0.914      0.479
[YOLOv5] epoch 41/100 running
[YOLOv5] validation: all         80         88      0.908      0.782      0.877      0.441
[YOLOv5] epoch 42/100 running
[YOLOv5] validation: all         80         88      0.958      0.784      0.893      0.469
[YOLOv5] epoch 43/100 running
[YOLOv5] validation: all         80         88      0.879      0.828      0.879      0.472
[YOLOv5] epoch 44/100 running
[YOLOv5] validation: all         80         88      0.902      0.837      0.895       0.45
[YOLOv5] epoch 45/100 running
[YOLOv5] validation: all         80         88      0.935      0.818      0.903      0.473
[YOLOv5] epoch 46/100 running
[YOLOv5] validation: all         80         88      0.882      0.853      0.879      0.484
[YOLOv5] epoch 47/100 running
[YOLOv5] validation: all         80         88      0.951      0.773        0.9      0.493
[YOLOv5] epoch 48/100 running
[YOLOv5] validation: all         80         88       0.96      0.816      0.889       0.48
[YOLOv5] epoch 49/100 running
[YOLOv5] validation: all         80         88      0.935      0.817      0.895      0.473
[YOLOv5] epoch 50/100 running
[YOLOv5] validation: all         80         88      0.935       0.82      0.899      0.452
[YOLOv5] epoch 51/100 running
[YOLOv5] validation: all         80         88      0.922      0.841      0.915      0.466
[YOLOv5] epoch 52/100 running
[YOLOv5] validation: all         80         88      0.928      0.795      0.877      0.481
[YOLOv5] epoch 53/100 running
[YOLOv5] validation: all         80         88      0.916      0.869       0.91      0.484
[YOLOv5] epoch 54/100 running
[YOLOv5] validation: all         80         88       0.94      0.761      0.885      0.487
[YOLOv5] epoch 55/100 running
[YOLOv5] validation: all         80         88      0.931      0.864      0.933      0.491
[YOLOv5] epoch 56/100 running
[YOLOv5] validation: all         80         88      0.944      0.807      0.903       0.49
[YOLOv5] epoch 57/100 running
[YOLOv5] validation: all         80         88      0.967      0.784      0.898      0.504
[YOLOv5] epoch 58/100 running
[YOLOv5] validation: all         80         88      0.948      0.825      0.899      0.507
[YOLOv5] epoch 59/100 running
[YOLOv5] validation: all         80         88      0.902      0.841      0.895      0.507
[YOLOv5] epoch 60/100 running
[YOLOv5] validation: all         80         88      0.971      0.772       0.88      0.502
[YOLOv5] epoch 61/100 running
[YOLOv5] validation: all         80         88      0.931      0.818       0.89      0.505
[YOLOv5] epoch 62/100 running
[YOLOv5] validation: all         80         88      0.925       0.84      0.922      0.509
[YOLOv5] epoch 63/100 running
[YOLOv5] validation: all         80         88      0.915      0.807      0.896      0.509
[YOLOv5] epoch 64/100 running
[YOLOv5] validation: all         80         88      0.922       0.83      0.897      0.504
[YOLOv5] epoch 65/100 running
[YOLOv5] validation: all         80         88      0.958      0.864      0.946       0.51
[YOLOv5] epoch 66/100 running
[YOLOv5] validation: all         80         88      0.943       0.83      0.911      0.523
[YOLOv5] epoch 67/100 running
[YOLOv5] validation: all         80         88      0.961      0.845      0.923      0.519
[YOLOv5] epoch 68/100 running
[YOLOv5] validation: all         80         88      0.961      0.849      0.916      0.513
[YOLOv5] epoch 69/100 running
[YOLOv5] validation: all         80         88      0.956      0.852      0.905      0.519
[YOLOv5] epoch 70/100 running
[YOLOv5] validation: all         80         88      0.949       0.83       0.91      0.513
[YOLOv5] epoch 71/100 running
[YOLOv5] validation: all         80         88       0.95      0.859      0.917      0.522
[YOLOv5] epoch 72/100 running
[YOLOv5] validation: all         80         88          1       0.85      0.933      0.511
[YOLOv5] epoch 73/100 running
[YOLOv5] validation: all         80         88       0.97       0.83      0.916      0.505
[YOLOv5] epoch 74/100 running
[YOLOv5] validation: all         80         88      0.973      0.864       0.92      0.521
[YOLOv5] epoch 75/100 running
[YOLOv5] validation: all         80         88      0.946      0.875      0.925      0.526
[YOLOv5] epoch 76/100 running
[YOLOv5] validation: all         80         88       0.97      0.852      0.917      0.519
[YOLOv5] epoch 77/100 running
[YOLOv5] validation: all         80         88       0.95      0.875      0.927      0.522
[YOLOv5] epoch 78/100 running
[YOLOv5] validation: all         80         88      0.948      0.886      0.928      0.518
[YOLOv5] epoch 79/100 running
[YOLOv5] validation: all         80         88      0.975      0.864      0.942      0.516
[YOLOv5] epoch 80/100 running
[YOLOv5] validation: all         80         88      0.956      0.864      0.922      0.503
[YOLOv5] epoch 81/100 running
[YOLOv5] validation: all         80         88      0.945      0.841      0.908      0.495
[YOLOv5] epoch 82/100 running
[YOLOv5] validation: all         80         88      0.939      0.873      0.923      0.507
[YOLOv5] epoch 83/100 running
[YOLOv5] validation: all         80         88      0.962      0.863      0.934        0.5
[YOLOv5] epoch 84/100 running
[YOLOv5] validation: all         80         88      0.923      0.864       0.93      0.518
[YOLOv5] epoch 85/100 running
[YOLOv5] validation: all         80         88      0.973      0.826      0.914      0.523
[YOLOv5] epoch 86/100 running
[YOLOv5] validation: all         80         88       0.96      0.841      0.913      0.516
[YOLOv5] epoch 87/100 running
[YOLOv5] validation: all         80         88      0.928      0.875      0.927      0.518
[YOLOv5] epoch 88/100 running
[YOLOv5] validation: all         80         88      0.958      0.852      0.937      0.517
[YOLOv5] epoch 89/100 running
[YOLOv5] validation: all         80         88      0.974      0.864      0.936      0.522
[YOLOv5] epoch 90/100 running
[YOLOv5] validation: all         80         88      0.967      0.852      0.937      0.528
[YOLOv5] epoch 91/100 running
[YOLOv5] validation: all         80         88       0.96      0.828      0.915       0.52
[YOLOv5] epoch 92/100 running
[YOLOv5] validation: all         80         88      0.973      0.816       0.91      0.514
[YOLOv5] epoch 93/100 running
[YOLOv5] validation: all         80         88      0.973      0.841      0.924      0.527
[YOLOv5] epoch 94/100 running
[YOLOv5] validation: all         80         88      0.916      0.862      0.917       0.53
[YOLOv5] epoch 95/100 running
[YOLOv5] validation: all         80         88      0.955      0.841      0.918      0.522
[YOLOv5] epoch 96/100 running
[YOLOv5] validation: all         80         88      0.986      0.829      0.921      0.528
[YOLOv5] epoch 97/100 running
[YOLOv5] validation: all         80         88      0.945      0.875      0.927      0.533
[YOLOv5] epoch 98/100 running
[YOLOv5] validation: all         80         88       0.95      0.872      0.927      0.533
[YOLOv5] epoch 99/100 running
[YOLOv5] validation: all         80         88      0.962       0.87      0.928      0.529
[YOLOv5] epoch 100/100 running
[YOLOv5] validation: all         80         88      0.982      0.841      0.918      0.524
[YOLOv5] 100 epochs completed in 0.079 hours.
[YOLOv5] validation: all         80         88      0.958      0.864      0.946      0.511
[Task] training completed: 373.2s
[Task] evaluating: checkpoint=last, group=test, samples=80
[YOLOv5] validation: all         80         82      0.912       0.89      0.932      0.565
[Task] evaluation: checkpoint=last, group=test, mAP50-95=0.5646, mAP50=0.9322, time=17.6s
[Task] evaluating: checkpoint=best, group=test, samples=80
[YOLOv5] validation: all         80         82      0.936      0.887      0.933      0.529
[Task] evaluation: checkpoint=best, group=test, mAP50-95=0.5295, mAP50=0.9330, time=20.1s
[Task] completed: evaluation=37.7s, output=/home/lijinhe/work/YOLO_Retraining/runs/studies/0907_stroller_window10_learning_curve/experiment/sequence/StrollerWindow10Tau099_SplitS41__seq-full-cold__stage0-stage7__yolov5s__s42/tasks/006__stage6__full-cold
[Task] output: /home/lijinhe/work/YOLO_Retraining/runs/studies/0907_stroller_window10_learning_curve/experiment/sequence/StrollerWindow10Tau099_SplitS41__seq-full-cold__stage0-stage7__yolov5s__s42/tasks/007__stage7__full-cold
[Task] data: current=80, candidate=641, validation=80, test=80
[Task] selection: policy=full, selected=641, groups={'candidate': 641}, time=0.000s
[Task] training: backend=yolov5, epochs=100, batch=64, device=0
[YOLOv5] epoch 1/100 running
[YOLOv5] validation: all         80         88    0.00388      0.443    0.00577   0.000891
[YOLOv5] epoch 2/100 running
[YOLOv5] validation: all         80         88     0.0352      0.125     0.0314    0.00675
[YOLOv5] epoch 3/100 running
[YOLOv5] validation: all         80         88     0.0229     0.0909     0.0303    0.00721
[YOLOv5] epoch 4/100 running
[YOLOv5] validation: all         80         88      0.144      0.273     0.0906     0.0182
[YOLOv5] epoch 5/100 running
[YOLOv5] validation: all         80         88        0.2      0.295      0.171     0.0505
[YOLOv5] epoch 6/100 running
[YOLOv5] validation: all         80         88      0.159      0.239        0.1     0.0274
[YOLOv5] epoch 7/100 running
[YOLOv5] validation: all         80         88      0.415       0.33      0.337      0.079
[YOLOv5] epoch 8/100 running
[YOLOv5] validation: all         80         88      0.197      0.307      0.188     0.0584
[YOLOv5] epoch 9/100 running
[YOLOv5] validation: all         80         88      0.451      0.477      0.453      0.186
[YOLOv5] epoch 10/100 running
[YOLOv5] validation: all         80         88      0.344      0.591      0.376      0.162
[YOLOv5] epoch 11/100 running
[YOLOv5] validation: all         80         88      0.313       0.58      0.368       0.13
[YOLOv5] epoch 12/100 running
[YOLOv5] validation: all         80         88      0.463      0.534      0.466      0.149
[YOLOv5] epoch 13/100 running
[YOLOv5] validation: all         80         88      0.403      0.705       0.44      0.144
[YOLOv5] epoch 14/100 running
[YOLOv5] validation: all         80         88      0.506      0.648       0.51      0.193
[YOLOv5] epoch 15/100 running
[YOLOv5] validation: all         80         88      0.575      0.659      0.622       0.24
[YOLOv5] epoch 16/100 running
[YOLOv5] validation: all         80         88      0.388      0.659      0.425      0.142
[YOLOv5] epoch 17/100 running
[YOLOv5] validation: all         80         88      0.681      0.728      0.718      0.262
[YOLOv5] epoch 18/100 running
[YOLOv5] validation: all         80         88      0.803       0.75      0.764      0.283
[YOLOv5] epoch 19/100 running
[YOLOv5] validation: all         80         88      0.755      0.665      0.682      0.201
[YOLOv5] epoch 20/100 running
[YOLOv5] validation: all         80         88        0.8       0.83      0.838      0.372
[YOLOv5] epoch 21/100 running
[YOLOv5] validation: all         80         88      0.799      0.723      0.796      0.316
[YOLOv5] epoch 22/100 running
[YOLOv5] validation: all         80         88      0.753      0.682      0.782      0.285
[YOLOv5] epoch 23/100 running
[YOLOv5] validation: all         80         88      0.712      0.773      0.762      0.263
[YOLOv5] epoch 24/100 running
[YOLOv5] validation: all         80         88      0.726      0.722      0.771      0.268
[YOLOv5] epoch 25/100 running
[YOLOv5] validation: all         80         88      0.889      0.817      0.887      0.411
[YOLOv5] epoch 26/100 running
[YOLOv5] validation: all         80         88       0.86      0.852      0.867      0.412
[YOLOv5] epoch 27/100 running
[YOLOv5] validation: all         80         88      0.806       0.85      0.859       0.41
[YOLOv5] epoch 28/100 running
[YOLOv5] validation: all         80         88      0.771       0.84      0.863      0.431
[YOLOv5] epoch 29/100 running
[YOLOv5] validation: all         80         88      0.859       0.83      0.879      0.405
[YOLOv5] epoch 30/100 running
[YOLOv5] validation: all         80         88      0.816      0.795      0.862      0.392
[YOLOv5] epoch 31/100 running
[YOLOv5] validation: all         80         88      0.928      0.735      0.866      0.371
[YOLOv5] epoch 32/100 running
[YOLOv5] validation: all         80         88      0.919      0.807      0.886      0.403
[YOLOv5] epoch 33/100 running
[YOLOv5] validation: all         80         88      0.825      0.803      0.841      0.356
[YOLOv5] epoch 34/100 running
[YOLOv5] validation: all         80         88      0.856      0.886      0.898      0.399
[YOLOv5] epoch 35/100 running
[YOLOv5] validation: all         80         88      0.893      0.854      0.898      0.408
[YOLOv5] epoch 36/100 running
[YOLOv5] validation: all         80         88      0.905      0.852      0.895      0.428
[YOLOv5] epoch 37/100 running
[YOLOv5] validation: all         80         88      0.834      0.855      0.873      0.434
[YOLOv5] epoch 38/100 running
[YOLOv5] validation: all         80         88      0.948      0.827      0.904      0.455
[YOLOv5] epoch 39/100 running
[YOLOv5] validation: all         80         88      0.878      0.784      0.827      0.398
[YOLOv5] epoch 40/100 running
[YOLOv5] validation: all         80         88      0.852      0.795      0.823      0.407
[YOLOv5] epoch 41/100 running
[YOLOv5] validation: all         80         88      0.895      0.873      0.914       0.41
[YOLOv5] epoch 42/100 running
[YOLOv5] validation: all         80         88      0.922      0.739      0.831       0.41
[YOLOv5] epoch 43/100 running
[YOLOv5] validation: all         80         88       0.96      0.784      0.897      0.466
[YOLOv5] epoch 44/100 running
[YOLOv5] validation: all         80         88      0.949      0.773      0.853      0.422
[YOLOv5] epoch 45/100 running
[YOLOv5] validation: all         80         88      0.912      0.826      0.902       0.46
[YOLOv5] epoch 46/100 running
[YOLOv5] validation: all         80         88      0.946      0.801      0.875      0.435
[YOLOv5] epoch 47/100 running
[YOLOv5] validation: all         80         88      0.958      0.772      0.861      0.453
[YOLOv5] epoch 48/100 running
[YOLOv5] validation: all         80         88      0.955      0.807      0.881      0.453
[YOLOv5] epoch 49/100 running
[YOLOv5] validation: all         80         88       0.96      0.824      0.894      0.479
[YOLOv5] epoch 50/100 running
[YOLOv5] validation: all         80         88      0.879      0.826      0.897      0.482
[YOLOv5] epoch 51/100 running
[YOLOv5] validation: all         80         88      0.972      0.794      0.912      0.482
[YOLOv5] epoch 52/100 running
[YOLOv5] validation: all         80         88      0.911      0.811      0.862      0.456
[YOLOv5] epoch 53/100 running
[YOLOv5] validation: all         80         88      0.894      0.795      0.847      0.426
[YOLOv5] epoch 54/100 running
[YOLOv5] validation: all         80         88      0.871      0.768      0.825      0.449
[YOLOv5] epoch 55/100 running
[YOLOv5] validation: all         80         88      0.878      0.818      0.853      0.448
[YOLOv5] epoch 56/100 running
[YOLOv5] validation: all         80         88      0.946      0.798       0.87      0.473
[YOLOv5] epoch 57/100 running
[YOLOv5] validation: all         80         88      0.958      0.841      0.913      0.482
[YOLOv5] epoch 58/100 running
[YOLOv5] validation: all         80         88      0.959      0.795      0.871      0.462
[YOLOv5] epoch 59/100 running
[YOLOv5] validation: all         80         88      0.902      0.838      0.887      0.485
[YOLOv5] epoch 60/100 running
[YOLOv5] validation: all         80         88      0.914       0.83      0.892      0.478
[YOLOv5] epoch 61/100 running
[YOLOv5] validation: all         80         88      0.922      0.818       0.89      0.489
[YOLOv5] epoch 62/100 running
[YOLOv5] validation: all         80         88      0.904      0.858      0.878      0.476
[YOLOv5] epoch 63/100 running
[YOLOv5] validation: all         80         88      0.937      0.838      0.898      0.506
[YOLOv5] epoch 64/100 running
[YOLOv5] validation: all         80         88      0.943      0.818      0.888      0.485
[YOLOv5] epoch 65/100 running
[YOLOv5] validation: all         80         88      0.892      0.847      0.869      0.474
[YOLOv5] epoch 66/100 running
[YOLOv5] validation: all         80         88      0.909       0.83      0.876      0.476
[YOLOv5] epoch 67/100 running
[YOLOv5] validation: all         80         88      0.959      0.784      0.889      0.494
[YOLOv5] epoch 68/100 running
[YOLOv5] validation: all         80         88      0.931      0.818      0.889      0.503
[YOLOv5] epoch 69/100 running
[YOLOv5] validation: all         80         88      0.934      0.808      0.881      0.486
[YOLOv5] epoch 70/100 running
[YOLOv5] validation: all         80         88       0.96      0.825      0.884      0.512
[YOLOv5] epoch 71/100 running
[YOLOv5] validation: all         80         88      0.947       0.83       0.89      0.512
[YOLOv5] epoch 72/100 running
[YOLOv5] validation: all         80         88      0.939       0.83      0.901      0.513
[YOLOv5] epoch 73/100 running
[YOLOv5] validation: all         80         88      0.938      0.861       0.92      0.512
[YOLOv5] epoch 74/100 running
[YOLOv5] validation: all         80         88      0.959      0.807      0.888      0.512
[YOLOv5] epoch 75/100 running
[YOLOv5] validation: all         80         88      0.972       0.83      0.907      0.518
[YOLOv5] epoch 76/100 running
[YOLOv5] validation: all         80         88      0.937      0.847       0.89      0.508
[YOLOv5] epoch 77/100 running
[YOLOv5] validation: all         80         88      0.936      0.829      0.895      0.502
[YOLOv5] epoch 78/100 running
[YOLOv5] validation: all         80         88      0.961      0.834      0.914      0.504
[YOLOv5] epoch 79/100 running
[YOLOv5] validation: all         80         88      0.987      0.847      0.931      0.514
[YOLOv5] epoch 80/100 running
[YOLOv5] validation: all         80         88      0.962      0.859      0.934      0.512
[YOLOv5] epoch 81/100 running
[YOLOv5] validation: all         80         88       0.96      0.828      0.889      0.518
[YOLOv5] epoch 82/100 running
[YOLOv5] validation: all         80         88      0.945       0.83      0.871      0.496
[YOLOv5] epoch 83/100 running
[YOLOv5] validation: all         80         88      0.951      0.807      0.875      0.515
[YOLOv5] epoch 84/100 running
[YOLOv5] validation: all         80         88      0.913      0.833      0.881      0.516
[YOLOv5] epoch 85/100 running
[YOLOv5] validation: all         80         88      0.955      0.807       0.89      0.517
[YOLOv5] epoch 86/100 running
[YOLOv5] validation: all         80         88      0.938      0.861      0.936      0.527
[YOLOv5] epoch 87/100 running
[YOLOv5] validation: all         80         88      0.945      0.875      0.928      0.534
[YOLOv5] epoch 88/100 running
[YOLOv5] validation: all         80         88      0.954      0.864      0.934      0.513
[YOLOv5] epoch 89/100 running
[YOLOv5] validation: all         80         88       0.94      0.841      0.903      0.523
[YOLOv5] epoch 90/100 running
[YOLOv5] validation: all         80         88      0.949      0.846      0.888      0.519
[YOLOv5] epoch 91/100 running
[YOLOv5] validation: all         80         88      0.961      0.841      0.894      0.521
[YOLOv5] epoch 92/100 running
[YOLOv5] validation: all         80         88      0.975      0.873       0.92       0.53
[YOLOv5] epoch 93/100 running
[YOLOv5] validation: all         80         88      0.985      0.864      0.917      0.521
[YOLOv5] epoch 94/100 running
[YOLOv5] validation: all         80         88      0.971      0.852        0.9       0.52
[YOLOv5] epoch 95/100 running
[YOLOv5] validation: all         80         88      0.959      0.841      0.887      0.516
[YOLOv5] epoch 96/100 running
[YOLOv5] validation: all         80         88      0.953      0.841      0.886      0.524
[YOLOv5] epoch 97/100 running
[YOLOv5] validation: all         80         88      0.961      0.848      0.897      0.528
[YOLOv5] epoch 98/100 running
[YOLOv5] validation: all         80         88      0.973      0.828      0.896      0.525
[YOLOv5] epoch 99/100 running
[YOLOv5] validation: all         80         88       0.98      0.852      0.908      0.529
[YOLOv5] epoch 100/100 running
[YOLOv5] validation: all         80         88      0.983      0.852      0.907      0.528
[YOLOv5] 100 epochs completed in 0.101 hours.
[YOLOv5] validation: all         80         88      0.938       0.86      0.936      0.527
[Task] training completed: 454.1s
[Task] evaluating: checkpoint=last, group=test, samples=80
[YOLOv5] validation: all         80         82      0.946      0.902      0.938      0.553
[Task] evaluation: checkpoint=last, group=test, mAP50-95=0.5532, mAP50=0.9378, time=15.7s
[Task] evaluating: checkpoint=best, group=test, samples=80
[YOLOv5] validation: all         80         82      0.926      0.921      0.923      0.534
[Task] evaluation: checkpoint=best, group=test, mAP50-95=0.5341, mAP50=0.9233, time=16.8s
[Task] completed: evaluation=32.5s, output=/home/lijinhe/work/YOLO_Retraining/runs/studies/0907_stroller_window10_learning_curve/experiment/sequence/StrollerWindow10Tau099_SplitS41__seq-full-cold__stage0-stage7__yolov5s__s42/tasks/007__stage7__full-cold
/home/lijinhe/work/YOLO_Retraining/runs/studies/0907_stroller_window10_learning_curve/experiment/sequence/StrollerWindow10Tau099_SplitS41__seq-full-cold__stage0-stage7__yolov5s__s42
