[Task] output: /home/lijinhe/work/YOLO_Retraining/runs/studies/balance_learning_curve_2batch/sequences/Balance_Learning_Curve_ordered__seq-full-cold__stage0-stage7__yolov5s__s42/tasks/000__stage0__full-cold
[Task] data: current=1000, candidate=1000, validation=1000, test=1000
[Task] selection: policy=full, selected=1000, groups={'candidate': 1000}, time=0.000s
[Task] training: backend=yolov5, epochs=100, batch=64, device=0
[YOLOv5] epoch 1/100 running
[YOLOv5] validation: all       1000        641   0.000597      0.314    0.00177    0.00039
[YOLOv5] epoch 2/100 running
[YOLOv5] validation: all       1000        641   0.000904      0.535     0.0237    0.00496
[YOLOv5] epoch 3/100 running
[YOLOv5] validation: all       1000        641    0.00172      0.645     0.0741     0.0301
[YOLOv5] epoch 4/100 running
[YOLOv5] validation: all       1000        641      0.257      0.443     0.0559     0.0158
[YOLOv5] epoch 5/100 running
[YOLOv5] validation: all       1000        641      0.586      0.143      0.168     0.0489
[YOLOv5] epoch 6/100 running
[YOLOv5] validation: all       1000        641      0.521      0.264      0.218     0.0815
[YOLOv5] epoch 7/100 running
[YOLOv5] validation: all       1000        641      0.485      0.307      0.228     0.0764
[YOLOv5] epoch 8/100 running
[YOLOv5] validation: all       1000        641      0.412       0.21      0.136     0.0471
[YOLOv5] epoch 9/100 running
[YOLOv5] validation: all       1000        641      0.601      0.213      0.202     0.0874
[YOLOv5] epoch 10/100 running
[YOLOv5] validation: all       1000        641      0.466      0.238      0.133     0.0533
[YOLOv5] epoch 11/100 running
[YOLOv5] validation: all       1000        641      0.513      0.232      0.192     0.0778
[YOLOv5] epoch 12/100 running
[YOLOv5] validation: all       1000        641       0.52      0.239        0.2     0.0932
[YOLOv5] epoch 13/100 running
[YOLOv5] validation: all       1000        641      0.529      0.232      0.187     0.0912
[YOLOv5] epoch 14/100 running
[YOLOv5] validation: all       1000        641      0.621       0.29      0.277      0.122
[YOLOv5] epoch 15/100 running
[YOLOv5] validation: all       1000        641      0.627      0.203       0.21     0.0865
[YOLOv5] epoch 16/100 running
[YOLOv5] validation: all       1000        641      0.654      0.253       0.28      0.125
[YOLOv5] epoch 17/100 running
[YOLOv5] validation: all       1000        641      0.589      0.285      0.247       0.12
[YOLOv5] epoch 18/100 running
[YOLOv5] validation: all       1000        641      0.671      0.243      0.271       0.12
[YOLOv5] epoch 19/100 running
[YOLOv5] validation: all       1000        641       0.56      0.324      0.276       0.12
[YOLOv5] epoch 20/100 running
[YOLOv5] validation: all       1000        641      0.564      0.266      0.227      0.105
[YOLOv5] epoch 21/100 running
[YOLOv5] validation: all       1000        641      0.639      0.295       0.32       0.14
[YOLOv5] epoch 22/100 running
[YOLOv5] validation: all       1000        641       0.63      0.289      0.293       0.14
[YOLOv5] epoch 23/100 running
[YOLOv5] validation: all       1000        641      0.703      0.259      0.281      0.122
[YOLOv5] epoch 24/100 running
[YOLOv5] validation: all       1000        641      0.677       0.27      0.268      0.112
[YOLOv5] epoch 25/100 running
[YOLOv5] validation: all       1000        641       0.49      0.272      0.197     0.0778
[YOLOv5] epoch 26/100 running
[YOLOv5] validation: all       1000        641      0.553      0.297      0.335      0.171
[YOLOv5] epoch 27/100 running
[YOLOv5] validation: all       1000        641      0.687      0.271      0.286       0.13
[YOLOv5] epoch 28/100 running
[YOLOv5] validation: all       1000        641      0.704      0.307      0.355      0.175
[YOLOv5] epoch 29/100 running
[YOLOv5] validation: all       1000        641      0.687      0.242      0.264      0.124
[YOLOv5] epoch 30/100 running
[YOLOv5] validation: all       1000        641      0.757      0.334      0.383      0.186
[YOLOv5] epoch 31/100 running
[YOLOv5] validation: all       1000        641      0.753      0.314      0.356      0.163
[YOLOv5] epoch 32/100 running
[YOLOv5] validation: all       1000        641      0.762      0.331      0.363      0.181
[YOLOv5] epoch 33/100 running
[YOLOv5] validation: all       1000        641      0.764       0.36      0.394      0.202
[YOLOv5] epoch 34/100 running
[YOLOv5] validation: all       1000        641      0.733      0.309      0.347      0.163
[YOLOv5] epoch 35/100 running
[YOLOv5] validation: all       1000        641      0.737      0.338       0.36      0.167
[YOLOv5] epoch 36/100 running
[YOLOv5] validation: all       1000        641      0.661      0.352      0.356      0.189
[YOLOv5] epoch 37/100 running
[YOLOv5] validation: all       1000        641      0.718      0.354      0.369      0.183
[YOLOv5] epoch 38/100 running
[YOLOv5] validation: all       1000        641      0.694      0.358      0.368      0.192
[YOLOv5] epoch 39/100 running
[YOLOv5] validation: all       1000        641      0.631      0.369      0.336      0.167
[YOLOv5] epoch 40/100 running
[YOLOv5] validation: all       1000        641      0.748      0.286      0.332      0.165
[YOLOv5] epoch 41/100 running
[YOLOv5] validation: all       1000        641      0.718      0.332      0.353      0.176
[YOLOv5] epoch 42/100 running
[YOLOv5] validation: all       1000        641      0.702      0.315      0.329      0.158
[YOLOv5] epoch 43/100 running
[YOLOv5] validation: all       1000        641      0.676       0.32      0.339      0.164
[YOLOv5] epoch 44/100 running
[YOLOv5] validation: all       1000        641       0.78      0.284      0.326      0.151
[YOLOv5] epoch 45/100 running
[YOLOv5] validation: all       1000        641      0.739      0.353      0.378      0.179
[YOLOv5] epoch 46/100 running
[YOLOv5] validation: all       1000        641      0.726      0.342      0.373      0.192
[YOLOv5] epoch 47/100 running
[YOLOv5] validation: all       1000        641      0.705      0.329      0.344      0.182
[YOLOv5] epoch 48/100 running
[YOLOv5] validation: all       1000        641       0.72      0.327      0.345      0.184
[YOLOv5] epoch 49/100 running
[YOLOv5] validation: all       1000        641      0.702      0.308      0.334      0.171
[YOLOv5] epoch 50/100 running
[YOLOv5] validation: all       1000        641       0.71       0.32      0.358      0.178
[YOLOv5] epoch 51/100 running
[YOLOv5] validation: all       1000        641      0.816      0.352      0.405      0.206
[YOLOv5] epoch 52/100 running
[YOLOv5] validation: all       1000        641      0.668      0.324      0.339      0.171
[YOLOv5] epoch 53/100 running
[YOLOv5] validation: all       1000        641      0.634      0.346      0.331      0.154
[YOLOv5] epoch 54/100 running
[YOLOv5] validation: all       1000        641      0.758      0.336       0.38      0.183
[YOLOv5] epoch 55/100 running
[YOLOv5] validation: all       1000        641      0.745      0.339      0.385      0.207
[YOLOv5] epoch 56/100 running
[YOLOv5] validation: all       1000        641      0.758      0.337      0.391      0.205
[YOLOv5] epoch 57/100 running
[YOLOv5] validation: all       1000        641      0.837      0.335       0.41      0.216
[YOLOv5] epoch 58/100 running
[YOLOv5] validation: all       1000        641      0.768      0.353      0.414      0.216
[YOLOv5] epoch 59/100 running
[YOLOv5] validation: all       1000        641      0.733      0.372      0.398      0.206
[YOLOv5] epoch 60/100 running
[YOLOv5] validation: all       1000        641      0.724      0.371      0.402      0.208
[YOLOv5] epoch 61/100 running
[YOLOv5] validation: all       1000        641      0.804      0.299      0.351      0.169
[YOLOv5] epoch 62/100 running
[YOLOv5] validation: all       1000        641      0.761      0.327      0.386      0.202
[YOLOv5] epoch 63/100 running
[YOLOv5] validation: all       1000        641      0.762      0.336      0.367      0.192
[YOLOv5] epoch 64/100 running
[YOLOv5] validation: all       1000        641       0.68      0.324      0.337      0.174
[YOLOv5] epoch 65/100 running
[YOLOv5] validation: all       1000        641      0.741      0.367      0.399       0.21
[YOLOv5] epoch 66/100 running
[YOLOv5] validation: all       1000        641       0.78      0.303      0.369      0.196
[YOLOv5] epoch 67/100 running
[YOLOv5] validation: all       1000        641      0.712      0.328      0.359       0.19
[YOLOv5] epoch 68/100 running
[YOLOv5] validation: all       1000        641      0.821      0.341       0.41      0.219
[YOLOv5] epoch 69/100 running
[YOLOv5] validation: all       1000        641      0.786      0.383      0.417      0.223
[YOLOv5] epoch 70/100 running
[YOLOv5] validation: all       1000        641      0.741      0.368      0.381      0.194
[YOLOv5] epoch 71/100 running
[YOLOv5] validation: all       1000        641      0.742      0.344      0.376      0.192
[YOLOv5] epoch 72/100 running
[YOLOv5] validation: all       1000        641      0.739       0.36      0.398      0.207
[YOLOv5] epoch 73/100 running
[YOLOv5] validation: all       1000        641      0.771      0.383      0.422      0.219
[YOLOv5] epoch 74/100 running
[YOLOv5] validation: all       1000        641      0.798      0.358      0.409      0.215
[YOLOv5] epoch 75/100 running
[YOLOv5] validation: all       1000        641      0.708      0.367      0.397      0.198
[YOLOv5] epoch 76/100 running
[YOLOv5] validation: all       1000        641      0.712      0.375      0.396      0.216
[YOLOv5] epoch 77/100 running
[YOLOv5] validation: all       1000        641      0.733      0.386      0.406      0.224
[YOLOv5] epoch 78/100 running
[YOLOv5] validation: all       1000        641      0.784      0.359      0.403      0.219
[YOLOv5] epoch 79/100 running
[YOLOv5] validation: all       1000        641      0.774      0.359      0.412      0.219
[YOLOv5] epoch 80/100 running
[YOLOv5] validation: all       1000        641      0.801      0.367      0.411      0.226
[YOLOv5] epoch 81/100 running
[YOLOv5] validation: all       1000        641      0.765      0.388      0.417      0.222
[YOLOv5] epoch 82/100 running
[YOLOv5] validation: all       1000        641      0.716      0.385      0.402      0.214
[YOLOv5] epoch 83/100 running
[YOLOv5] validation: all       1000        641      0.773      0.375      0.418      0.223
[YOLOv5] epoch 84/100 running
[YOLOv5] validation: all       1000        641      0.786      0.355      0.402       0.22
[YOLOv5] epoch 85/100 running
[YOLOv5] validation: all       1000        641      0.818      0.365      0.427      0.236
[YOLOv5] epoch 86/100 running
[YOLOv5] validation: all       1000        641      0.787      0.387      0.424       0.23
[YOLOv5] epoch 87/100 running
[YOLOv5] validation: all       1000        641      0.816      0.387      0.419      0.231
[YOLOv5] epoch 88/100 running
[YOLOv5] validation: all       1000        641      0.786      0.378      0.411      0.217
[YOLOv5] epoch 89/100 running
[YOLOv5] validation: all       1000        641      0.836      0.363      0.419      0.227
[YOLOv5] epoch 90/100 running
[YOLOv5] validation: all       1000        641      0.831      0.362      0.431      0.233
[YOLOv5] epoch 91/100 running
[YOLOv5] validation: all       1000        641      0.822      0.369      0.423      0.225
[YOLOv5] epoch 92/100 running
[YOLOv5] validation: all       1000        641      0.797       0.37      0.417      0.225
[YOLOv5] epoch 93/100 running
[YOLOv5] validation: all       1000        641      0.806       0.37       0.42      0.227
[YOLOv5] epoch 94/100 running
[YOLOv5] validation: all       1000        641       0.78      0.397      0.425      0.229
[YOLOv5] epoch 95/100 running
[YOLOv5] validation: all       1000        641      0.784      0.395      0.429      0.229
[YOLOv5] epoch 96/100 running
[YOLOv5] validation: all       1000        641       0.79      0.378      0.426      0.232
[YOLOv5] epoch 97/100 running
[YOLOv5] validation: all       1000        641      0.777       0.39      0.427      0.231
[YOLOv5] epoch 98/100 running
[YOLOv5] validation: all       1000        641      0.806      0.377      0.427      0.228
[YOLOv5] epoch 99/100 running
[YOLOv5] validation: all       1000        641       0.81       0.38      0.428      0.233
[YOLOv5] epoch 100/100 running
[YOLOv5] validation: all       1000        641      0.806      0.379      0.432      0.235
[YOLOv5] 100 epochs completed in 0.200 hours.
[YOLOv5] validation: all       1000        641      0.805       0.38      0.432      0.235
[Task] training completed: 933.6s
[Task] evaluating: checkpoint=last, group=test, samples=1000
[YOLOv5] validation: all       1000        614      0.723       0.37      0.403      0.192
[Task] evaluation: checkpoint=last, group=test, mAP50-95=0.1921, mAP50=0.4034, time=79.1s
[Task] evaluating: checkpoint=best, group=test, samples=1000
[YOLOv5] validation: all       1000        614      0.723       0.37      0.403      0.192
[Task] evaluation: checkpoint=best, group=test, mAP50-95=0.1921, mAP50=0.4034, time=78.3s
[Task] completed: evaluation=157.4s, output=/home/lijinhe/work/YOLO_Retraining/runs/studies/balance_learning_curve_2batch/sequences/Balance_Learning_Curve_ordered__seq-full-cold__stage0-stage7__yolov5s__s42/tasks/000__stage0__full-cold
[Task] output: /home/lijinhe/work/YOLO_Retraining/runs/studies/balance_learning_curve_2batch/sequences/Balance_Learning_Curve_ordered__seq-full-cold__stage0-stage7__yolov5s__s42/tasks/001__stage1__full-cold
[Task] data: current=998, candidate=1998, validation=1000, test=1000
[Task] selection: policy=full, selected=1998, groups={'candidate': 1998}, time=0.001s
[Task] training: backend=yolov5, epochs=100, batch=64, device=0
[YOLOv5] epoch 1/100 running
[YOLOv5] validation: all       1000        641   0.000996      0.478     0.0068    0.00154
[YOLOv5] epoch 2/100 running
[YOLOv5] validation: all       1000        641      0.609      0.162     0.0931     0.0298
[YOLOv5] epoch 3/100 running
[YOLOv5] validation: all       1000        641      0.511      0.269      0.188     0.0731
[YOLOv5] epoch 4/100 running
[YOLOv5] validation: all       1000        641       0.47      0.175      0.156     0.0602
[YOLOv5] epoch 5/100 running
[YOLOv5] validation: all       1000        641      0.519      0.227      0.185      0.068
[YOLOv5] epoch 6/100 running
[YOLOv5] validation: all       1000        641      0.579      0.327      0.286       0.11
[YOLOv5] epoch 7/100 running
[YOLOv5] validation: all       1000        641       0.59      0.268      0.249     0.0948
[YOLOv5] epoch 8/100 running
[YOLOv5] validation: all       1000        641      0.691      0.269       0.29      0.118
[YOLOv5] epoch 9/100 running
[YOLOv5] validation: all       1000        641      0.632      0.217      0.233     0.0889
[YOLOv5] epoch 10/100 running
[YOLOv5] validation: all       1000        641      0.566      0.325      0.269      0.116
[YOLOv5] epoch 11/100 running
[YOLOv5] validation: all       1000        641      0.711      0.268      0.288      0.121
[YOLOv5] epoch 12/100 running
[YOLOv5] validation: all       1000        641        0.7      0.257      0.323      0.131
[YOLOv5] epoch 13/100 running
[YOLOv5] validation: all       1000        641      0.732      0.296      0.357      0.167
[YOLOv5] epoch 14/100 running
[YOLOv5] validation: all       1000        641      0.674      0.316      0.347      0.161
[YOLOv5] epoch 15/100 running
[YOLOv5] validation: all       1000        641      0.637      0.308      0.327      0.134
[YOLOv5] epoch 16/100 running
[YOLOv5] validation: all       1000        641      0.675      0.303      0.336      0.162
[YOLOv5] epoch 17/100 running
[YOLOv5] validation: all       1000        641      0.789      0.336      0.389      0.184
[YOLOv5] epoch 18/100 running
[YOLOv5] validation: all       1000        641        0.7      0.339      0.341      0.147
[YOLOv5] epoch 19/100 running
[YOLOv5] validation: all       1000        641      0.771      0.333      0.385      0.184
[YOLOv5] epoch 20/100 running
[YOLOv5] validation: all       1000        641      0.728      0.305      0.336       0.13
[YOLOv5] epoch 21/100 running
[YOLOv5] validation: all       1000        641      0.716      0.348      0.379      0.201
[YOLOv5] epoch 22/100 running
[YOLOv5] validation: all       1000        641       0.73      0.362      0.386      0.167
[YOLOv5] epoch 23/100 running
[YOLOv5] validation: all       1000        641       0.72      0.369      0.386      0.199
[YOLOv5] epoch 24/100 running
[YOLOv5] validation: all       1000        641      0.679      0.339      0.358      0.161
[YOLOv5] epoch 25/100 running
[YOLOv5] validation: all       1000        641      0.752      0.366      0.397       0.19
[YOLOv5] epoch 26/100 running
[YOLOv5] validation: all       1000        641      0.719      0.254      0.275      0.109
[YOLOv5] epoch 27/100 running
[YOLOv5] validation: all       1000        641       0.77      0.379      0.413      0.193
[YOLOv5] epoch 28/100 running
[YOLOv5] validation: all       1000        641      0.776      0.345      0.411      0.167
[YOLOv5] epoch 29/100 running
[YOLOv5] validation: all       1000        641      0.715      0.365      0.389       0.18
[YOLOv5] epoch 30/100 running
[YOLOv5] validation: all       1000        641      0.753      0.371      0.405      0.204
[YOLOv5] epoch 31/100 running
[YOLOv5] validation: all       1000        641      0.781       0.41      0.439      0.234
[YOLOv5] epoch 32/100 running
[YOLOv5] validation: all       1000        641      0.694      0.336       0.36      0.174
[YOLOv5] epoch 33/100 running
[YOLOv5] validation: all       1000        641      0.753      0.366      0.398      0.209
[YOLOv5] epoch 34/100 running
[YOLOv5] validation: all       1000        641      0.735      0.394      0.415      0.195
[YOLOv5] epoch 35/100 running
[YOLOv5] validation: all       1000        641      0.787      0.406      0.454      0.222
[YOLOv5] epoch 36/100 running
[YOLOv5] validation: all       1000        641      0.816      0.397      0.454       0.23
[YOLOv5] epoch 37/100 running
[YOLOv5] validation: all       1000        641      0.786      0.387      0.428      0.213
[YOLOv5] epoch 38/100 running
[YOLOv5] validation: all       1000        641       0.82      0.364      0.426      0.215
[YOLOv5] epoch 39/100 running
[YOLOv5] validation: all       1000        641      0.846      0.372      0.449      0.226
[YOLOv5] epoch 40/100 running
[YOLOv5] validation: all       1000        641      0.767      0.403       0.42      0.206
[YOLOv5] epoch 41/100 running
[YOLOv5] validation: all       1000        641      0.805      0.396      0.429       0.23
[YOLOv5] epoch 42/100 running
[YOLOv5] validation: all       1000        641      0.767      0.397      0.425      0.215
[YOLOv5] epoch 43/100 running
[YOLOv5] validation: all       1000        641      0.793      0.393      0.433      0.223
[YOLOv5] epoch 44/100 running
[YOLOv5] validation: all       1000        641      0.855      0.433       0.48      0.246
[YOLOv5] epoch 45/100 running
[YOLOv5] validation: all       1000        641      0.798      0.404      0.449      0.229
[YOLOv5] epoch 46/100 running
[YOLOv5] validation: all       1000        641      0.783      0.428      0.486      0.243
[YOLOv5] epoch 47/100 running
[YOLOv5] validation: all       1000        641      0.811       0.39       0.47      0.244
[YOLOv5] epoch 48/100 running
[YOLOv5] validation: all       1000        641      0.747      0.388      0.439      0.224
[YOLOv5] epoch 49/100 running
[YOLOv5] validation: all       1000        641      0.806      0.396      0.432       0.22
[YOLOv5] epoch 50/100 running
[YOLOv5] validation: all       1000        641      0.756      0.426      0.446      0.248
[YOLOv5] epoch 51/100 running
[YOLOv5] validation: all       1000        641      0.514      0.445      0.473      0.251
[YOLOv5] epoch 52/100 running
[YOLOv5] validation: all       1000        641      0.814      0.437      0.475       0.25
[YOLOv5] epoch 53/100 running
[YOLOv5] validation: all       1000        641       0.79      0.428      0.466      0.244
[YOLOv5] epoch 54/100 running
[YOLOv5] validation: all       1000        641      0.816       0.42      0.492      0.257
[YOLOv5] epoch 55/100 running
[YOLOv5] validation: all       1000        641      0.555      0.432      0.491      0.251
[YOLOv5] epoch 56/100 running
[YOLOv5] validation: all       1000        641      0.813      0.438      0.485       0.25
[YOLOv5] epoch 57/100 running
[YOLOv5] validation: all       1000        641      0.789      0.423      0.468       0.26
[YOLOv5] epoch 58/100 running
[YOLOv5] validation: all       1000        641      0.765      0.449      0.498      0.275
[YOLOv5] epoch 59/100 running
[YOLOv5] validation: all       1000        641      0.821      0.429      0.491      0.269
[YOLOv5] epoch 60/100 running
[YOLOv5] validation: all       1000        641        0.6      0.529      0.533      0.272
[YOLOv5] epoch 61/100 running
[YOLOv5] validation: all       1000        641      0.589      0.554      0.518      0.288
[YOLOv5] epoch 62/100 running
[YOLOv5] validation: all       1000        641      0.509       0.52      0.488      0.259
[YOLOv5] epoch 63/100 running
[YOLOv5] validation: all       1000        641      0.817      0.415      0.472      0.255
[YOLOv5] epoch 64/100 running
[YOLOv5] validation: all       1000        641      0.542      0.406      0.455      0.242
[YOLOv5] epoch 65/100 running
[YOLOv5] validation: all       1000        641      0.526      0.445      0.469      0.255
[YOLOv5] epoch 66/100 running
[YOLOv5] validation: all       1000        641      0.552      0.487      0.495      0.256
[YOLOv5] epoch 67/100 running
[YOLOv5] validation: all       1000        641      0.508      0.492      0.486      0.257
[YOLOv5] epoch 68/100 running
[YOLOv5] validation: all       1000        641      0.805       0.46      0.475      0.252
[YOLOv5] epoch 69/100 running
[YOLOv5] validation: all       1000        641      0.597      0.431      0.481      0.256
[YOLOv5] epoch 70/100 running
[YOLOv5] validation: all       1000        641      0.574      0.418       0.47      0.259
[YOLOv5] epoch 71/100 running
[YOLOv5] validation: all       1000        641      0.539      0.425      0.461      0.248
[YOLOv5] epoch 72/100 running
[YOLOv5] validation: all       1000        641      0.555      0.487      0.472       0.25
[YOLOv5] epoch 73/100 running
[YOLOv5] validation: all       1000        641      0.587      0.392      0.461      0.249
[YOLOv5] epoch 74/100 running
[YOLOv5] validation: all       1000        641      0.838       0.41      0.469      0.254
[YOLOv5] epoch 75/100 running
[YOLOv5] validation: all       1000        641       0.55      0.417      0.469      0.244
[YOLOv5] epoch 76/100 running
[YOLOv5] validation: all       1000        641      0.799      0.423      0.445      0.237
[YOLOv5] epoch 77/100 running
[YOLOv5] validation: all       1000        641      0.834      0.432      0.478      0.258
[YOLOv5] epoch 78/100 running
[YOLOv5] validation: all       1000        641      0.782      0.458      0.466       0.25
[YOLOv5] epoch 79/100 running
[YOLOv5] validation: all       1000        641      0.826      0.406      0.486      0.271
[YOLOv5] epoch 80/100 running
[YOLOv5] validation: all       1000        641      0.625      0.481      0.494      0.268
[YOLOv5] epoch 81/100 running
[YOLOv5] validation: all       1000        641      0.623      0.482      0.481      0.259
[YOLOv5] epoch 82/100 running
[YOLOv5] validation: all       1000        641       0.67       0.43      0.491      0.261
[YOLOv5] epoch 83/100 running
[YOLOv5] validation: all       1000        641      0.613      0.478      0.487      0.266
[YOLOv5] epoch 84/100 running
[YOLOv5] validation: all       1000        641      0.597      0.482      0.495      0.273
[YOLOv5] epoch 85/100 running
[YOLOv5] validation: all       1000        641      0.821      0.436      0.497      0.267
[YOLOv5] epoch 86/100 running
[YOLOv5] validation: all       1000        641      0.562      0.478       0.48      0.263
[YOLOv5] epoch 87/100 running
[YOLOv5] validation: all       1000        641      0.778      0.443      0.482      0.265
[YOLOv5] epoch 88/100 running
[YOLOv5] validation: all       1000        641      0.589      0.483      0.481      0.268
[YOLOv5] epoch 89/100 running
[YOLOv5] validation: all       1000        641      0.565      0.494      0.486      0.268
[YOLOv5] epoch 90/100 running
[YOLOv5] validation: all       1000        641      0.571      0.503      0.491      0.265
[YOLOv5] epoch 91/100 running
[YOLOv5] validation: all       1000        641      0.842      0.433      0.512      0.273
[YOLOv5] epoch 92/100 running
[YOLOv5] validation: all       1000        641      0.565      0.465      0.475      0.263
[YOLOv5] epoch 93/100 running
[YOLOv5] validation: all       1000        641      0.569      0.465      0.487      0.269
[YOLOv5] epoch 94/100 running
[YOLOv5] validation: all       1000        641      0.522      0.476      0.485      0.266
[YOLOv5] epoch 95/100 running
[YOLOv5] validation: all       1000        641      0.823      0.428      0.482      0.268
[YOLOv5] epoch 96/100 running
[YOLOv5] validation: all       1000        641      0.547      0.484      0.491      0.272
[YOLOv5] epoch 97/100 running
[YOLOv5] validation: all       1000        641      0.582       0.48      0.484      0.271
[YOLOv5] epoch 98/100 running
[YOLOv5] validation: all       1000        641      0.805       0.43      0.476      0.265
[YOLOv5] epoch 99/100 running
[YOLOv5] validation: all       1000        641       0.58      0.481      0.482      0.266
[YOLOv5] epoch 100/100 running
[YOLOv5] validation: all       1000        641      0.576      0.474       0.48      0.269
[YOLOv5] 100 epochs completed in 0.326 hours.
[YOLOv5] validation: all       1000        641      0.602      0.526      0.533      0.272
[Task] training completed: 1395.2s
[Task] evaluating: checkpoint=last, group=test, samples=1000
[YOLOv5] validation: all       1000        614      0.821        0.4      0.455      0.217
[Task] evaluation: checkpoint=last, group=test, mAP50-95=0.2169, mAP50=0.4547, time=74.3s
[Task] evaluating: checkpoint=best, group=test, samples=1000
[YOLOv5] validation: all       1000        614      0.817      0.382      0.441      0.207
[Task] evaluation: checkpoint=best, group=test, mAP50-95=0.2072, mAP50=0.4413, time=84.5s
[Task] completed: evaluation=158.8s, output=/home/lijinhe/work/YOLO_Retraining/runs/studies/balance_learning_curve_2batch/sequences/Balance_Learning_Curve_ordered__seq-full-cold__stage0-stage7__yolov5s__s42/tasks/001__stage1__full-cold
[Task] output: /home/lijinhe/work/YOLO_Retraining/runs/studies/balance_learning_curve_2batch/sequences/Balance_Learning_Curve_ordered__seq-full-cold__stage0-stage7__yolov5s__s42/tasks/002__stage2__full-cold
[Task] data: current=1000, candidate=2998, validation=1000, test=1000
[Task] selection: policy=full, selected=2998, groups={'candidate': 2998}, time=0.001s
[Task] training: backend=yolov5, epochs=100, batch=64, device=0
[YOLOv5] epoch 1/100 running
[YOLOv5] validation: all       1000        641    0.00201      0.541     0.0196    0.00566
[YOLOv5] epoch 2/100 running
[YOLOv5] validation: all       1000        641       0.64      0.171      0.174     0.0534
[YOLOv5] epoch 3/100 running
[YOLOv5] validation: all       1000        641      0.523      0.297      0.251      0.103
[YOLOv5] epoch 4/100 running
[YOLOv5] validation: all       1000        641      0.415      0.279      0.138     0.0518
[YOLOv5] epoch 5/100 running
[YOLOv5] validation: all       1000        641       0.52      0.281      0.205     0.0762
[YOLOv5] epoch 6/100 running
[YOLOv5] validation: all       1000        641      0.633      0.325      0.328      0.131
[YOLOv5] epoch 7/100 running
[YOLOv5] validation: all       1000        641      0.561      0.255      0.201     0.0904
[YOLOv5] epoch 8/100 running
[YOLOv5] validation: all       1000        641       0.54      0.246      0.226     0.0775
[YOLOv5] epoch 9/100 running
[YOLOv5] validation: all       1000        641      0.593      0.342      0.305      0.131
[YOLOv5] epoch 10/100 running
[YOLOv5] validation: all       1000        641      0.705      0.322      0.339       0.14
[YOLOv5] epoch 11/100 running
[YOLOv5] validation: all       1000        641      0.693       0.31      0.367      0.171
[YOLOv5] epoch 12/100 running
[YOLOv5] validation: all       1000        641      0.657      0.348      0.362       0.17
[YOLOv5] epoch 13/100 running
[YOLOv5] validation: all       1000        641      0.762      0.343      0.405      0.179
[YOLOv5] epoch 14/100 running
[YOLOv5] validation: all       1000        641      0.752      0.371      0.418      0.193
[YOLOv5] epoch 15/100 running
[YOLOv5] validation: all       1000        641      0.658      0.373      0.371      0.162
[YOLOv5] epoch 16/100 running
[YOLOv5] validation: all       1000        641       0.71      0.306      0.356      0.141
[YOLOv5] epoch 17/100 running
[YOLOv5] validation: all       1000        641      0.758      0.372      0.436      0.192
[YOLOv5] epoch 18/100 running
[YOLOv5] validation: all       1000        641      0.759      0.402      0.435      0.213
[YOLOv5] epoch 19/100 running
[YOLOv5] validation: all       1000        641      0.746      0.424      0.452      0.217
[YOLOv5] epoch 20/100 running
[YOLOv5] validation: all       1000        641      0.828      0.406      0.466       0.23
[YOLOv5] epoch 21/100 running
[YOLOv5] validation: all       1000        641      0.764      0.402      0.449      0.227
[YOLOv5] epoch 22/100 running
[YOLOv5] validation: all       1000        641      0.808        0.4      0.451      0.223
[YOLOv5] epoch 23/100 running
[YOLOv5] validation: all       1000        641      0.796      0.422      0.474      0.244
[YOLOv5] epoch 24/100 running
[YOLOv5] validation: all       1000        641      0.774      0.392      0.448      0.214
[YOLOv5] epoch 25/100 running
[YOLOv5] validation: all       1000        641      0.839      0.373       0.46      0.219
[YOLOv5] epoch 26/100 running
[YOLOv5] validation: all       1000        641      0.851      0.361      0.458      0.235
[YOLOv5] epoch 27/100 running
[YOLOv5] validation: all       1000        641      0.788      0.438      0.461      0.234
[YOLOv5] epoch 28/100 running
[YOLOv5] validation: all       1000        641      0.746      0.389      0.443      0.217
[YOLOv5] epoch 29/100 running
[YOLOv5] validation: all       1000        641      0.813      0.402      0.468      0.242
[YOLOv5] epoch 30/100 running
[YOLOv5] validation: all       1000        641      0.792      0.419      0.495       0.25
[YOLOv5] epoch 31/100 running
[YOLOv5] validation: all       1000        641      0.785      0.435      0.456      0.236
[YOLOv5] epoch 32/100 running
[YOLOv5] validation: all       1000        641      0.759       0.41      0.457      0.247
[YOLOv5] epoch 33/100 running
[YOLOv5] validation: all       1000        641      0.804      0.425      0.478      0.248
[YOLOv5] epoch 34/100 running
[YOLOv5] validation: all       1000        641      0.833      0.396      0.458      0.228
[YOLOv5] epoch 35/100 running
[YOLOv5] validation: all       1000        641      0.771      0.427      0.456      0.228
[YOLOv5] epoch 36/100 running
[YOLOv5] validation: all       1000        641      0.743      0.429      0.444      0.228
[YOLOv5] epoch 37/100 running
[YOLOv5] validation: all       1000        641      0.797      0.399      0.456      0.241
[YOLOv5] epoch 38/100 running
[YOLOv5] validation: all       1000        641      0.799       0.43      0.469      0.255
[YOLOv5] epoch 39/100 running
[YOLOv5] validation: all       1000        641      0.839      0.392       0.46      0.243
[YOLOv5] epoch 40/100 running
[YOLOv5] validation: all       1000        641      0.809      0.426      0.469      0.252
[YOLOv5] epoch 41/100 running
[YOLOv5] validation: all       1000        641      0.768      0.415      0.454      0.235
[YOLOv5] epoch 42/100 running
[YOLOv5] validation: all       1000        641      0.779      0.419      0.448      0.237
[YOLOv5] epoch 43/100 running
[YOLOv5] validation: all       1000        641      0.765      0.456      0.479      0.246
[YOLOv5] epoch 44/100 running
[YOLOv5] validation: all       1000        641      0.791      0.421      0.474      0.258
[YOLOv5] epoch 45/100 running
[YOLOv5] validation: all       1000        641      0.812      0.419      0.489      0.261
[YOLOv5] epoch 46/100 running
[YOLOv5] validation: all       1000        641      0.827       0.45      0.492      0.272
[YOLOv5] epoch 47/100 running
[YOLOv5] validation: all       1000        641      0.801      0.418      0.482      0.257
[YOLOv5] epoch 48/100 running
[YOLOv5] validation: all       1000        641      0.822       0.42      0.481      0.252
[YOLOv5] epoch 49/100 running
[YOLOv5] validation: all       1000        641      0.821      0.425      0.481      0.262
[YOLOv5] epoch 50/100 running
[YOLOv5] validation: all       1000        641      0.822      0.457      0.501      0.272
[YOLOv5] epoch 51/100 running
[YOLOv5] validation: all       1000        641      0.771      0.438      0.487      0.272
[YOLOv5] epoch 52/100 running
[YOLOv5] validation: all       1000        641      0.733      0.443      0.459      0.241
[YOLOv5] epoch 53/100 running
[YOLOv5] validation: all       1000        641      0.824      0.436      0.492      0.263
[YOLOv5] epoch 54/100 running
[YOLOv5] validation: all       1000        641      0.793      0.424      0.459      0.242
[YOLOv5] epoch 55/100 running
[YOLOv5] validation: all       1000        641        0.8      0.435      0.477      0.272
[YOLOv5] epoch 56/100 running
[YOLOv5] validation: all       1000        641      0.825      0.419      0.506      0.282
[YOLOv5] epoch 57/100 running
[YOLOv5] validation: all       1000        641      0.811      0.446      0.489      0.269
[YOLOv5] epoch 58/100 running
[YOLOv5] validation: all       1000        641      0.815      0.422      0.474      0.262
[YOLOv5] epoch 59/100 running
[YOLOv5] validation: all       1000        641      0.839      0.426      0.489       0.27
[YOLOv5] epoch 60/100 running
[YOLOv5] validation: all       1000        641      0.539      0.509       0.51       0.29
[YOLOv5] epoch 61/100 running
[YOLOv5] validation: all       1000        641      0.805      0.431       0.49      0.274
[YOLOv5] epoch 62/100 running
[YOLOv5] validation: all       1000        641      0.762      0.446      0.481      0.251
[YOLOv5] epoch 63/100 running
[YOLOv5] validation: all       1000        641      0.562       0.45      0.509      0.277
[YOLOv5] epoch 64/100 running
[YOLOv5] validation: all       1000        641       0.79      0.442      0.494      0.274
[YOLOv5] epoch 65/100 running
[YOLOv5] validation: all       1000        641      0.778      0.442      0.477       0.27
[YOLOv5] epoch 66/100 running
[YOLOv5] validation: all       1000        641      0.798      0.413      0.472      0.257
[YOLOv5] epoch 67/100 running
[YOLOv5] validation: all       1000        641      0.813      0.438      0.524      0.292
[YOLOv5] epoch 68/100 running
[YOLOv5] validation: all       1000        641      0.808      0.438      0.491      0.267
[YOLOv5] epoch 69/100 running
[YOLOv5] validation: all       1000        641      0.496      0.478      0.504      0.283
[YOLOv5] epoch 70/100 running
[YOLOv5] validation: all       1000        641      0.783      0.456      0.531      0.302
[YOLOv5] epoch 71/100 running
[YOLOv5] validation: all       1000        641      0.477      0.507      0.497      0.277
[YOLOv5] epoch 72/100 running
[YOLOv5] validation: all       1000        641      0.508      0.494       0.51      0.282
[YOLOv5] epoch 73/100 running
[YOLOv5] validation: all       1000        641      0.804      0.429      0.503      0.278
[YOLOv5] epoch 74/100 running
[YOLOv5] validation: all       1000        641      0.524      0.479      0.519      0.281
[YOLOv5] epoch 75/100 running
[YOLOv5] validation: all       1000        641      0.515      0.442      0.498      0.264
[YOLOv5] epoch 76/100 running
[YOLOv5] validation: all       1000        641       0.82      0.428       0.52      0.286
[YOLOv5] epoch 77/100 running
[YOLOv5] validation: all       1000        641      0.527      0.553      0.517      0.287
[YOLOv5] epoch 78/100 running
[YOLOv5] validation: all       1000        641      0.838      0.428      0.518       0.29
[YOLOv5] epoch 79/100 running
[YOLOv5] validation: all       1000        641      0.491      0.526      0.529       0.29
[YOLOv5] epoch 80/100 running
[YOLOv5] validation: all       1000        641      0.585      0.433       0.52      0.284
[YOLOv5] epoch 81/100 running
[YOLOv5] validation: all       1000        641      0.561      0.442      0.514      0.278
[YOLOv5] epoch 82/100 running
[YOLOv5] validation: all       1000        641      0.814      0.433      0.503       0.29
[YOLOv5] epoch 83/100 running
[YOLOv5] validation: all       1000        641      0.518      0.453      0.508      0.291
[YOLOv5] epoch 84/100 running
[YOLOv5] validation: all       1000        641       0.85      0.426      0.528      0.296
[YOLOv5] epoch 85/100 running
[YOLOv5] validation: all       1000        641      0.565       0.48      0.511      0.293
[YOLOv5] epoch 86/100 running
[YOLOv5] validation: all       1000        641      0.534      0.507      0.518      0.295
[YOLOv5] epoch 87/100 running
[YOLOv5] validation: all       1000        641      0.497      0.494      0.508      0.288
[YOLOv5] epoch 88/100 running
[YOLOv5] validation: all       1000        641      0.504      0.487      0.512      0.283
[YOLOv5] epoch 89/100 running
[YOLOv5] validation: all       1000        641      0.534      0.538       0.51      0.287
[YOLOv5] epoch 90/100 running
[YOLOv5] validation: all       1000        641      0.577      0.548      0.539      0.311
[YOLOv5] epoch 91/100 running
[YOLOv5] validation: all       1000        641      0.537      0.542      0.521      0.296
[YOLOv5] epoch 92/100 running
[YOLOv5] validation: all       1000        641      0.586      0.533      0.515      0.294
[YOLOv5] epoch 93/100 running
[YOLOv5] validation: all       1000        641      0.566       0.56      0.517      0.295
[YOLOv5] epoch 94/100 running
[YOLOv5] validation: all       1000        641      0.528      0.534      0.523      0.296
[YOLOv5] epoch 95/100 running
[YOLOv5] validation: all       1000        641       0.52      0.536      0.515      0.296
[YOLOv5] epoch 96/100 running
[YOLOv5] validation: all       1000        641      0.526      0.544      0.515      0.293
[YOLOv5] epoch 97/100 running
[YOLOv5] validation: all       1000        641      0.518      0.523      0.509      0.285
[YOLOv5] epoch 98/100 running
[YOLOv5] validation: all       1000        641      0.552      0.542      0.523      0.309
[YOLOv5] epoch 99/100 running
[YOLOv5] validation: all       1000        641      0.576      0.551      0.526      0.306
[YOLOv5] epoch 100/100 running
[YOLOv5] validation: all       1000        641      0.567      0.523      0.519      0.304
[YOLOv5] 100 epochs completed in 0.425 hours.
[YOLOv5] validation: all       1000        641      0.581      0.546      0.539      0.311
[Task] training completed: 1752.2s
[Task] evaluating: checkpoint=last, group=test, samples=1000
[YOLOv5] validation: all       1000        614       0.81      0.403      0.464      0.217
[Task] evaluation: checkpoint=last, group=test, mAP50-95=0.2170, mAP50=0.4638, time=73.6s
[Task] evaluating: checkpoint=best, group=test, samples=1000
[YOLOv5] validation: all       1000        614      0.774      0.408      0.463      0.218
[Task] evaluation: checkpoint=best, group=test, mAP50-95=0.2179, mAP50=0.4629, time=86.1s
[Task] completed: evaluation=159.7s, output=/home/lijinhe/work/YOLO_Retraining/runs/studies/balance_learning_curve_2batch/sequences/Balance_Learning_Curve_ordered__seq-full-cold__stage0-stage7__yolov5s__s42/tasks/002__stage2__full-cold
[Task] output: /home/lijinhe/work/YOLO_Retraining/runs/studies/balance_learning_curve_2batch/sequences/Balance_Learning_Curve_ordered__seq-full-cold__stage0-stage7__yolov5s__s42/tasks/003__stage3__full-cold
[Task] data: current=1000, candidate=3998, validation=1000, test=1000
[Task] selection: policy=full, selected=3998, groups={'candidate': 3998}, time=0.001s
[Task] training: backend=yolov5, epochs=100, batch=64, device=0
[YOLOv5] epoch 1/100 running
[YOLOv5] validation: all       1000        641    0.00532      0.499     0.0404     0.0139
[YOLOv5] epoch 2/100 running
[YOLOv5] validation: all       1000        641      0.713      0.154       0.17      0.061
[YOLOv5] epoch 3/100 running
[YOLOv5] validation: all       1000        641      0.441      0.226      0.138     0.0456
[YOLOv5] epoch 4/100 running
[YOLOv5] validation: all       1000        641      0.614      0.228       0.23     0.0828
[YOLOv5] epoch 5/100 running
[YOLOv5] validation: all       1000        641      0.648      0.268      0.272       0.11
[YOLOv5] epoch 6/100 running
[YOLOv5] validation: all       1000        641      0.602      0.284      0.255      0.114
[YOLOv5] epoch 7/100 running
[YOLOv5] validation: all       1000        641      0.624      0.266      0.285      0.106
[YOLOv5] epoch 8/100 running
[YOLOv5] validation: all       1000        641      0.601      0.333      0.297      0.125
[YOLOv5] epoch 9/100 running
[YOLOv5] validation: all       1000        641      0.721      0.271      0.301      0.124
[YOLOv5] epoch 10/100 running
[YOLOv5] validation: all       1000        641      0.649      0.174      0.203     0.0812
[YOLOv5] epoch 11/100 running
[YOLOv5] validation: all       1000        641       0.71      0.309       0.32      0.149
[YOLOv5] epoch 12/100 running
[YOLOv5] validation: all       1000        641      0.718      0.321      0.353      0.163
[YOLOv5] epoch 13/100 running
[YOLOv5] validation: all       1000        641       0.73      0.282      0.351      0.157
[YOLOv5] epoch 14/100 running
[YOLOv5] validation: all       1000        641      0.741      0.338      0.389      0.179
[YOLOv5] epoch 15/100 running
[YOLOv5] validation: all       1000        641      0.684      0.327      0.337      0.163
[YOLOv5] epoch 16/100 running
[YOLOv5] validation: all       1000        641      0.803      0.357      0.404      0.177
[YOLOv5] epoch 17/100 running
[YOLOv5] validation: all       1000        641      0.787      0.346      0.407      0.201
[YOLOv5] epoch 18/100 running
[YOLOv5] validation: all       1000        641      0.694      0.424      0.438      0.216
[YOLOv5] epoch 19/100 running
[YOLOv5] validation: all       1000        641      0.739      0.355      0.403      0.186
[YOLOv5] epoch 20/100 running
[YOLOv5] validation: all       1000        641      0.774      0.351      0.417      0.193
[YOLOv5] epoch 21/100 running
[YOLOv5] validation: all       1000        641      0.726      0.368       0.41      0.204
[YOLOv5] epoch 22/100 running
[YOLOv5] validation: all       1000        641      0.796       0.38      0.433      0.195
[YOLOv5] epoch 23/100 running
[YOLOv5] validation: all       1000        641       0.73      0.401      0.431      0.209
[YOLOv5] epoch 24/100 running
[YOLOv5] validation: all       1000        641      0.833      0.371      0.439      0.224
[YOLOv5] epoch 25/100 running
[YOLOv5] validation: all       1000        641      0.795      0.369      0.433      0.231
[YOLOv5] epoch 26/100 running
[YOLOv5] validation: all       1000        641      0.827      0.342      0.419      0.208
[YOLOv5] epoch 27/100 running
[YOLOv5] validation: all       1000        641      0.698      0.381      0.388      0.178
[YOLOv5] epoch 28/100 running
[YOLOv5] validation: all       1000        641      0.741      0.407      0.439      0.209
[YOLOv5] epoch 29/100 running
[YOLOv5] validation: all       1000        641      0.731      0.374      0.408      0.207
[YOLOv5] epoch 30/100 running
[YOLOv5] validation: all       1000        641      0.831      0.368      0.449      0.224
[YOLOv5] epoch 31/100 running
[YOLOv5] validation: all       1000        641      0.758      0.404      0.447      0.223
[YOLOv5] epoch 32/100 running
[YOLOv5] validation: all       1000        641      0.745      0.438      0.474      0.246
[YOLOv5] epoch 33/100 running
[YOLOv5] validation: all       1000        641      0.776      0.371      0.417      0.209
[YOLOv5] epoch 34/100 running
[YOLOv5] validation: all       1000        641      0.771      0.371      0.445      0.223
[YOLOv5] epoch 35/100 running
[YOLOv5] validation: all       1000        641      0.796      0.368      0.448      0.239
[YOLOv5] epoch 36/100 running
[YOLOv5] validation: all       1000        641      0.785      0.437      0.468      0.246
[YOLOv5] epoch 37/100 running
[YOLOv5] validation: all       1000        641      0.835      0.373      0.484      0.266
[YOLOv5] epoch 38/100 running
[YOLOv5] validation: all       1000        641      0.789       0.41      0.474      0.246
[YOLOv5] epoch 39/100 running
[YOLOv5] validation: all       1000        641      0.761      0.401      0.447      0.226
[YOLOv5] epoch 40/100 running
[YOLOv5] validation: all       1000        641      0.807      0.388      0.436      0.233
[YOLOv5] epoch 41/100 running
[YOLOv5] validation: all       1000        641       0.78      0.458      0.485      0.252
[YOLOv5] epoch 42/100 running
[YOLOv5] validation: all       1000        641      0.832      0.449      0.494      0.263
[YOLOv5] epoch 43/100 running
[YOLOv5] validation: all       1000        641      0.862      0.441        0.5      0.254
[YOLOv5] epoch 44/100 running
[YOLOv5] validation: all       1000        641      0.855      0.417      0.481      0.255
[YOLOv5] epoch 45/100 running
[YOLOv5] validation: all       1000        641      0.803      0.397      0.448      0.233
[YOLOv5] epoch 46/100 running
[YOLOv5] validation: all       1000        641      0.748      0.407      0.432      0.225
[YOLOv5] epoch 47/100 running
[YOLOv5] validation: all       1000        641      0.782      0.409      0.449      0.226
[YOLOv5] epoch 48/100 running
[YOLOv5] validation: all       1000        641      0.833      0.398      0.472      0.255
[YOLOv5] epoch 49/100 running
[YOLOv5] validation: all       1000        641      0.818      0.422      0.473      0.257
[YOLOv5] epoch 50/100 running
[YOLOv5] validation: all       1000        641      0.799      0.404      0.465      0.251
[YOLOv5] epoch 51/100 running
[YOLOv5] validation: all       1000        641       0.82      0.411      0.457       0.24
[YOLOv5] epoch 52/100 running
[YOLOv5] validation: all       1000        641      0.784      0.434      0.474      0.249
[YOLOv5] epoch 53/100 running
[YOLOv5] validation: all       1000        641      0.814      0.406      0.483       0.26
[YOLOv5] epoch 54/100 running
[YOLOv5] validation: all       1000        641      0.838      0.415      0.483      0.248
[YOLOv5] epoch 55/100 running
[YOLOv5] validation: all       1000        641      0.791      0.438      0.484      0.251
[YOLOv5] epoch 56/100 running
[YOLOv5] validation: all       1000        641      0.793      0.425      0.491      0.255
[YOLOv5] epoch 57/100 running
[YOLOv5] validation: all       1000        641      0.774      0.462      0.497       0.27
[YOLOv5] epoch 58/100 running
[YOLOv5] validation: all       1000        641      0.771      0.436      0.488      0.276
[YOLOv5] epoch 59/100 running
[YOLOv5] validation: all       1000        641      0.801      0.437      0.478      0.254
[YOLOv5] epoch 60/100 running
[YOLOv5] validation: all       1000        641      0.804      0.447      0.493      0.269
[YOLOv5] epoch 61/100 running
[YOLOv5] validation: all       1000        641      0.789      0.441      0.498       0.27
[YOLOv5] epoch 62/100 running
[YOLOv5] validation: all       1000        641      0.794       0.45      0.508      0.284
[YOLOv5] epoch 63/100 running
[YOLOv5] validation: all       1000        641      0.554      0.517      0.536      0.301
[YOLOv5] epoch 64/100 running
[YOLOv5] validation: all       1000        641      0.806      0.445      0.486      0.261
[YOLOv5] epoch 65/100 running
[YOLOv5] validation: all       1000        641      0.568      0.435      0.502      0.274
[YOLOv5] epoch 66/100 running
[YOLOv5] validation: all       1000        641      0.563      0.443      0.491      0.264
[YOLOv5] epoch 67/100 running
[YOLOv5] validation: all       1000        641      0.566      0.548      0.536      0.294
[YOLOv5] epoch 68/100 running
[YOLOv5] validation: all       1000        641      0.608      0.404      0.492      0.267
[YOLOv5] epoch 69/100 running
[YOLOv5] validation: all       1000        641      0.504      0.474      0.498      0.274
[YOLOv5] epoch 70/100 running
[YOLOv5] validation: all       1000        641      0.562       0.45      0.493      0.279
[YOLOv5] epoch 71/100 running
[YOLOv5] validation: all       1000        641      0.579      0.486      0.503      0.279
[YOLOv5] epoch 72/100 running
[YOLOv5] validation: all       1000        641      0.521      0.532      0.514      0.278
[YOLOv5] epoch 73/100 running
[YOLOv5] validation: all       1000        641      0.607      0.489      0.516      0.289
[YOLOv5] epoch 74/100 running
[YOLOv5] validation: all       1000        641      0.557      0.508      0.516      0.292
[YOLOv5] epoch 75/100 running
[YOLOv5] validation: all       1000        641      0.835      0.429      0.504       0.28
[YOLOv5] epoch 76/100 running
[YOLOv5] validation: all       1000        641      0.568      0.526      0.519      0.289
[YOLOv5] epoch 77/100 running
[YOLOv5] validation: all       1000        641      0.637      0.522      0.529      0.299
[YOLOv5] epoch 78/100 running
[YOLOv5] validation: all       1000        641      0.637      0.482      0.519      0.284
[YOLOv5] epoch 79/100 running
[YOLOv5] validation: all       1000        641       0.69      0.481      0.527      0.294
[YOLOv5] epoch 80/100 running
[YOLOv5] validation: all       1000        641      0.633      0.497      0.525      0.289
[YOLOv5] epoch 81/100 running
[YOLOv5] validation: all       1000        641      0.581      0.446      0.512      0.291
[YOLOv5] epoch 82/100 running
[YOLOv5] validation: all       1000        641      0.587      0.502       0.52      0.294
[YOLOv5] epoch 83/100 running
[YOLOv5] validation: all       1000        641      0.548      0.492      0.512      0.284
[YOLOv5] epoch 84/100 running
[YOLOv5] validation: all       1000        641      0.875       0.43      0.514      0.284
[YOLOv5] epoch 85/100 running
[YOLOv5] validation: all       1000        641      0.581      0.462       0.51      0.292
[YOLOv5] epoch 86/100 running
[YOLOv5] validation: all       1000        641      0.565      0.452      0.505      0.287
[YOLOv5] epoch 87/100 running
[YOLOv5] validation: all       1000        641      0.625      0.424      0.501      0.285
[YOLOv5] epoch 88/100 running
[YOLOv5] validation: all       1000        641      0.583      0.453       0.51      0.286
[YOLOv5] epoch 89/100 running
[YOLOv5] validation: all       1000        641       0.81      0.453       0.49      0.272
[YOLOv5] epoch 90/100 running
[YOLOv5] validation: all       1000        641      0.602      0.443      0.502      0.281
[YOLOv5] epoch 91/100 running
[YOLOv5] validation: all       1000        641      0.574      0.455      0.505      0.287
[YOLOv5] epoch 92/100 running
[YOLOv5] validation: all       1000        641      0.565      0.466      0.513      0.293
[YOLOv5] epoch 93/100 running
[YOLOv5] validation: all       1000        641      0.595      0.451      0.516      0.293
[YOLOv5] epoch 94/100 running
[YOLOv5] validation: all       1000        641      0.608      0.436      0.511      0.295
[YOLOv5] epoch 95/100 running
[YOLOv5] validation: all       1000        641      0.593      0.458      0.507      0.285
[YOLOv5] epoch 96/100 running
[YOLOv5] validation: all       1000        641      0.625      0.432      0.506       0.29
[YOLOv5] epoch 97/100 running
[YOLOv5] validation: all       1000        641      0.566      0.471      0.509      0.285
[YOLOv5] epoch 98/100 running
[YOLOv5] validation: all       1000        641       0.57      0.464      0.509      0.292
[YOLOv5] epoch 99/100 running
[YOLOv5] validation: all       1000        641      0.578      0.464       0.51      0.291
[YOLOv5] epoch 100/100 running
[YOLOv5] validation: all       1000        641      0.564      0.472      0.509       0.29
[YOLOv5] 100 epochs completed in 0.780 hours.
[YOLOv5] validation: all       1000        641      0.567      0.548      0.536      0.294
[Task] training completed: 3038.6s
[Task] evaluating: checkpoint=last, group=test, samples=1000
[YOLOv5] validation: all       1000        614      0.582      0.405      0.462      0.218
[Task] evaluation: checkpoint=last, group=test, mAP50-95=0.2176, mAP50=0.4623, time=81.2s
[Task] evaluating: checkpoint=best, group=test, samples=1000
[YOLOv5] validation: all       1000        614      0.811      0.414      0.466      0.223
[Task] evaluation: checkpoint=best, group=test, mAP50-95=0.2233, mAP50=0.4659, time=84.5s
[Task] completed: evaluation=165.7s, output=/home/lijinhe/work/YOLO_Retraining/runs/studies/balance_learning_curve_2batch/sequences/Balance_Learning_Curve_ordered__seq-full-cold__stage0-stage7__yolov5s__s42/tasks/003__stage3__full-cold
[Task] output: /home/lijinhe/work/YOLO_Retraining/runs/studies/balance_learning_curve_2batch/sequences/Balance_Learning_Curve_ordered__seq-full-cold__stage0-stage7__yolov5s__s42/tasks/004__stage4__full-cold
[Task] data: current=1000, candidate=4998, validation=1000, test=1000
[Task] selection: policy=full, selected=4998, groups={'candidate': 4998}, time=0.002s
[Task] training: backend=yolov5, epochs=100, batch=64, device=0
[YOLOv5] epoch 1/100 running
[YOLOv5] validation: all       1000        641      0.811     0.0482     0.0472     0.0152
[YOLOv5] epoch 2/100 running
[YOLOv5] validation: all       1000        641      0.716      0.163      0.178     0.0657
[YOLOv5] epoch 3/100 running
[YOLOv5] validation: all       1000        641      0.609      0.202      0.205     0.0755
[YOLOv5] epoch 4/100 running
[YOLOv5] validation: all       1000        641      0.538      0.241      0.215      0.084
[YOLOv5] epoch 5/100 running
[YOLOv5] validation: all       1000        641      0.542      0.238      0.186     0.0724
[YOLOv5] epoch 6/100 running
[YOLOv5] validation: all       1000        641      0.587       0.26      0.232      0.103
[YOLOv5] epoch 7/100 running
[YOLOv5] validation: all       1000        641      0.612      0.186       0.16     0.0624
[YOLOv5] epoch 8/100 running
[YOLOv5] validation: all       1000        641      0.693      0.334      0.364      0.149
[YOLOv5] epoch 9/100 running
[YOLOv5] validation: all       1000        641      0.498      0.186      0.145     0.0601
[YOLOv5] epoch 10/100 running
[YOLOv5] validation: all       1000        641      0.625      0.285      0.278      0.121
[YOLOv5] epoch 11/100 running
[YOLOv5] validation: all       1000        641      0.715      0.328      0.372      0.165
[YOLOv5] epoch 12/100 running
[YOLOv5] validation: all       1000        641       0.72      0.323      0.365      0.173
[YOLOv5] epoch 13/100 running
[YOLOv5] validation: all       1000        641      0.681      0.336      0.365      0.164
[YOLOv5] epoch 14/100 running
[YOLOv5] validation: all       1000        641      0.735      0.326      0.357       0.17
[YOLOv5] epoch 15/100 running
[YOLOv5] validation: all       1000        641      0.749      0.369      0.409      0.187
[YOLOv5] epoch 16/100 running
[YOLOv5] validation: all       1000        641      0.754      0.347        0.4      0.189
[YOLOv5] epoch 17/100 running
[YOLOv5] validation: all       1000        641      0.763      0.351      0.407      0.194
[YOLOv5] epoch 18/100 running
[YOLOv5] validation: all       1000        641      0.769      0.327      0.399      0.209
[YOLOv5] epoch 19/100 running
[YOLOv5] validation: all       1000        641       0.82      0.308      0.357      0.142
[YOLOv5] epoch 20/100 running
[YOLOv5] validation: all       1000        641      0.679      0.421      0.449      0.219
[YOLOv5] epoch 21/100 running
[YOLOv5] validation: all       1000        641      0.822      0.345      0.419      0.197
[YOLOv5] epoch 22/100 running
[YOLOv5] validation: all       1000        641      0.745      0.357      0.399      0.206
[YOLOv5] epoch 23/100 running
[YOLOv5] validation: all       1000        641      0.693       0.41      0.405      0.202
[YOLOv5] epoch 24/100 running
[YOLOv5] validation: all       1000        641      0.789      0.414      0.481      0.252
[YOLOv5] epoch 25/100 running
[YOLOv5] validation: all       1000        641      0.821      0.391      0.448       0.22
[YOLOv5] epoch 26/100 running
[YOLOv5] validation: all       1000        641      0.729      0.383      0.432      0.225
[YOLOv5] epoch 27/100 running
[YOLOv5] validation: all       1000        641      0.759        0.4      0.444       0.23
[YOLOv5] epoch 28/100 running
[YOLOv5] validation: all       1000        641      0.782      0.378      0.442      0.221
[YOLOv5] epoch 29/100 running
[YOLOv5] validation: all       1000        641      0.815      0.425      0.464       0.24
[YOLOv5] epoch 30/100 running
[YOLOv5] validation: all       1000        641      0.761      0.388      0.423      0.216
[YOLOv5] epoch 31/100 running
[YOLOv5] validation: all       1000        641      0.734      0.372       0.42      0.218
[YOLOv5] epoch 32/100 running
[YOLOv5] validation: all       1000        641      0.834      0.372       0.45      0.224
[YOLOv5] epoch 33/100 running
[YOLOv5] validation: all       1000        641      0.767      0.447      0.482      0.264
[YOLOv5] epoch 34/100 running
[YOLOv5] validation: all       1000        641      0.761      0.465       0.49      0.263
[YOLOv5] epoch 35/100 running
[YOLOv5] validation: all       1000        641      0.798      0.429      0.474      0.259
[YOLOv5] epoch 36/100 running
[YOLOv5] validation: all       1000        641      0.826      0.436      0.476      0.247
[YOLOv5] epoch 37/100 running
[YOLOv5] validation: all       1000        641      0.801      0.408      0.456      0.241
[YOLOv5] epoch 38/100 running
[YOLOv5] validation: all       1000        641      0.833      0.411      0.489      0.252
[YOLOv5] epoch 39/100 running
[YOLOv5] validation: all       1000        641      0.801      0.434      0.482      0.264
[YOLOv5] epoch 40/100 running
[YOLOv5] validation: all       1000        641      0.758      0.417      0.444      0.221
[YOLOv5] epoch 41/100 running
[YOLOv5] validation: all       1000        641      0.794       0.44      0.497      0.267
[YOLOv5] epoch 42/100 running
[YOLOv5] validation: all       1000        641      0.822      0.428      0.485      0.266
[YOLOv5] epoch 43/100 running
[YOLOv5] validation: all       1000        641      0.823      0.398      0.456      0.237
[YOLOv5] epoch 44/100 running
[YOLOv5] validation: all       1000        641      0.827       0.41      0.463       0.26
[YOLOv5] epoch 45/100 running
[YOLOv5] validation: all       1000        641      0.809      0.418      0.456      0.237
[YOLOv5] epoch 46/100 running
[YOLOv5] validation: all       1000        641       0.87      0.406       0.49      0.266
[YOLOv5] epoch 47/100 running
[YOLOv5] validation: all       1000        641      0.861        0.4      0.472      0.262
[YOLOv5] epoch 48/100 running
[YOLOv5] validation: all       1000        641      0.772      0.428      0.447      0.247
[YOLOv5] epoch 49/100 running
[YOLOv5] validation: all       1000        641      0.774      0.422      0.477      0.265
[YOLOv5] epoch 50/100 running
[YOLOv5] validation: all       1000        641        0.8      0.443      0.486      0.268
[YOLOv5] epoch 51/100 running
[YOLOv5] validation: all       1000        641       0.82      0.429      0.496      0.276
[YOLOv5] epoch 52/100 running
[YOLOv5] validation: all       1000        641      0.812      0.454       0.49       0.28
[YOLOv5] epoch 53/100 running
[YOLOv5] validation: all       1000        641      0.763       0.43      0.461      0.241
[YOLOv5] epoch 54/100 running
[YOLOv5] validation: all       1000        641      0.842      0.427      0.494      0.258
[YOLOv5] epoch 55/100 running
[YOLOv5] validation: all       1000        641       0.83      0.438      0.492      0.273
[YOLOv5] epoch 56/100 running
[YOLOv5] validation: all       1000        641      0.815      0.452      0.479      0.256
[YOLOv5] epoch 57/100 running
[YOLOv5] validation: all       1000        641      0.878      0.436      0.504       0.28
[YOLOv5] epoch 58/100 running
[YOLOv5] validation: all       1000        641      0.835      0.443      0.494      0.269
[YOLOv5] epoch 59/100 running
[YOLOv5] validation: all       1000        641      0.867      0.436      0.505      0.281
[YOLOv5] epoch 60/100 running
[YOLOv5] validation: all       1000        641      0.817      0.448      0.498      0.278
[YOLOv5] epoch 61/100 running
[YOLOv5] validation: all       1000        641      0.753      0.463      0.483      0.267
[YOLOv5] epoch 62/100 running
[YOLOv5] validation: all       1000        641      0.846      0.434      0.493      0.275
[YOLOv5] epoch 63/100 running
[YOLOv5] validation: all       1000        641      0.823      0.425      0.477      0.266
[YOLOv5] epoch 64/100 running
[YOLOv5] validation: all       1000        641      0.826      0.425      0.486      0.266
[YOLOv5] epoch 65/100 running
[YOLOv5] validation: all       1000        641      0.805      0.443      0.488      0.267
[YOLOv5] epoch 66/100 running
[YOLOv5] validation: all       1000        641      0.821       0.44      0.497      0.271
[YOLOv5] epoch 67/100 running
[YOLOv5] validation: all       1000        641       0.79      0.459      0.491      0.272
[YOLOv5] epoch 68/100 running
[YOLOv5] validation: all       1000        641      0.806      0.395      0.467      0.257
[YOLOv5] epoch 69/100 running
[YOLOv5] validation: all       1000        641      0.808      0.432      0.477      0.265
[YOLOv5] epoch 70/100 running
[YOLOv5] validation: all       1000        641      0.847      0.415      0.487      0.269
[YOLOv5] epoch 71/100 running
[YOLOv5] validation: all       1000        641      0.847      0.433      0.506      0.284
[YOLOv5] epoch 72/100 running
[YOLOv5] validation: all       1000        641      0.801      0.459      0.503      0.275
[YOLOv5] epoch 73/100 running
[YOLOv5] validation: all       1000        641      0.799      0.453      0.491      0.269
[YOLOv5] epoch 74/100 running
[YOLOv5] validation: all       1000        641       0.81       0.44      0.486      0.276
[YOLOv5] epoch 75/100 running
[YOLOv5] validation: all       1000        641      0.822      0.407      0.476      0.267
[YOLOv5] epoch 76/100 running
[YOLOv5] validation: all       1000        641      0.809      0.435       0.47      0.262
[YOLOv5] epoch 77/100 running
[YOLOv5] validation: all       1000        641      0.545      0.437        0.5      0.283
[YOLOv5] epoch 78/100 running
[YOLOv5] validation: all       1000        641      0.807      0.432      0.493      0.285
[YOLOv5] epoch 79/100 running
[YOLOv5] validation: all       1000        641       0.54      0.455      0.487      0.276
[YOLOv5] epoch 80/100 running
[YOLOv5] validation: all       1000        641      0.576      0.433      0.484      0.275
[YOLOv5] epoch 81/100 running
[YOLOv5] validation: all       1000        641      0.567      0.425      0.484      0.269
[YOLOv5] epoch 82/100 running
[YOLOv5] validation: all       1000        641      0.629      0.407      0.502      0.278
[YOLOv5] epoch 83/100 running
[YOLOv5] validation: all       1000        641      0.551      0.457      0.502      0.282
[YOLOv5] epoch 84/100 running
[YOLOv5] validation: all       1000        641      0.572      0.413      0.491      0.278
[YOLOv5] epoch 85/100 running
[YOLOv5] validation: all       1000        641       0.57      0.424      0.487      0.274
[YOLOv5] epoch 86/100 running
[YOLOv5] validation: all       1000        641       0.57      0.436      0.498      0.279
[YOLOv5] epoch 87/100 running
[YOLOv5] validation: all       1000        641      0.579      0.452      0.501      0.283
[YOLOv5] epoch 88/100 running
[YOLOv5] validation: all       1000        641      0.584      0.436      0.494      0.279
[YOLOv5] epoch 89/100 running
[YOLOv5] validation: all       1000        641      0.573       0.45       0.49      0.269
[YOLOv5] epoch 90/100 running
[YOLOv5] validation: all       1000        641      0.563      0.491      0.494      0.279
[YOLOv5] epoch 91/100 running
[YOLOv5] validation: all       1000        641      0.604      0.435      0.497      0.277
[YOLOv5] epoch 92/100 running
[YOLOv5] validation: all       1000        641      0.564      0.491      0.511      0.286
[YOLOv5] epoch 93/100 running
[YOLOv5] validation: all       1000        641      0.607      0.444      0.507      0.283
[YOLOv5] epoch 94/100 running
[YOLOv5] validation: all       1000        641      0.587      0.439      0.494      0.278
[YOLOv5] epoch 95/100 running
[YOLOv5] validation: all       1000        641      0.582      0.435      0.487      0.275
[YOLOv5] epoch 96/100 running
[YOLOv5] validation: all       1000        641      0.607      0.435      0.498      0.282
[YOLOv5] epoch 97/100 running
[YOLOv5] validation: all       1000        641      0.606       0.43      0.497      0.284
[YOLOv5] epoch 98/100 running
[YOLOv5] validation: all       1000        641      0.567       0.45      0.499      0.281
[YOLOv5] epoch 99/100 running
[YOLOv5] validation: all       1000        641      0.538      0.492      0.501      0.281
[YOLOv5] epoch 100/100 running
[YOLOv5] validation: all       1000        641      0.608       0.43      0.498      0.282
[YOLOv5] 100 epochs completed in 0.718 hours.
[YOLOv5] validation: all       1000        641      0.563      0.489      0.512      0.287
[Task] training completed: 2817.0s
[Task] evaluating: checkpoint=last, group=test, samples=1000
[YOLOv5] validation: all       1000        614      0.786      0.419      0.478      0.225
[Task] evaluation: checkpoint=last, group=test, mAP50-95=0.2248, mAP50=0.4782, time=74.5s
[Task] evaluating: checkpoint=best, group=test, samples=1000
[YOLOv5] validation: all       1000        614      0.812      0.403      0.483      0.224
[Task] evaluation: checkpoint=best, group=test, mAP50-95=0.2245, mAP50=0.4829, time=78.0s
[Task] completed: evaluation=152.5s, output=/home/lijinhe/work/YOLO_Retraining/runs/studies/balance_learning_curve_2batch/sequences/Balance_Learning_Curve_ordered__seq-full-cold__stage0-stage7__yolov5s__s42/tasks/004__stage4__full-cold
[Task] output: /home/lijinhe/work/YOLO_Retraining/runs/studies/balance_learning_curve_2batch/sequences/Balance_Learning_Curve_ordered__seq-full-cold__stage0-stage7__yolov5s__s42/tasks/005__stage5__full-cold
[Task] data: current=1000, candidate=5998, validation=1000, test=1000
[Task] selection: policy=full, selected=5998, groups={'candidate': 5998}, time=0.002s
[Task] training: backend=yolov5, epochs=100, batch=64, device=0
[YOLOv5] epoch 1/100 running
[YOLOv5] validation: all       1000        641      0.763      0.064     0.0354    0.00923
[YOLOv5] epoch 2/100 running
[YOLOv5] validation: all       1000        641        0.7      0.188      0.203     0.0796
[YOLOv5] epoch 3/100 running
[YOLOv5] validation: all       1000        641      0.695      0.108     0.0957     0.0326
[YOLOv5] epoch 4/100 running
[YOLOv5] validation: all       1000        641      0.472      0.281      0.205     0.0831
[YOLOv5] epoch 5/100 running
[YOLOv5] validation: all       1000        641      0.605      0.235      0.247     0.0946
[YOLOv5] epoch 6/100 running
[YOLOv5] validation: all       1000        641       0.69      0.299      0.325      0.133
[YOLOv5] epoch 7/100 running
[YOLOv5] validation: all       1000        641      0.696      0.309      0.335      0.158
[YOLOv5] epoch 8/100 running
[YOLOv5] validation: all       1000        641      0.644      0.262      0.275      0.107
[YOLOv5] epoch 9/100 running
[YOLOv5] validation: all       1000        641       0.71      0.331       0.35      0.143
[YOLOv5] epoch 10/100 running
[YOLOv5] validation: all       1000        641      0.714      0.322      0.363      0.176
[YOLOv5] epoch 11/100 running
[YOLOv5] validation: all       1000        641      0.682      0.326       0.36      0.162
[YOLOv5] epoch 12/100 running
[YOLOv5] validation: all       1000        641      0.753      0.358      0.403      0.191
[YOLOv5] epoch 13/100 running
[YOLOv5] validation: all       1000        641      0.769      0.401      0.436      0.216
[YOLOv5] epoch 14/100 running
[YOLOv5] validation: all       1000        641      0.845      0.311      0.398      0.186
[YOLOv5] epoch 15/100 running
[YOLOv5] validation: all       1000        641      0.689      0.363      0.391      0.181
[YOLOv5] epoch 16/100 running
[YOLOv5] validation: all       1000        641      0.733      0.371      0.414        0.2
[YOLOv5] epoch 17/100 running
[YOLOv5] validation: all       1000        641      0.744      0.397      0.424      0.206
[YOLOv5] epoch 18/100 running
[YOLOv5] validation: all       1000        641      0.718      0.386       0.43      0.211
[YOLOv5] epoch 19/100 running
[YOLOv5] validation: all       1000        641       0.74      0.414      0.442      0.217
[YOLOv5] epoch 20/100 running
[YOLOv5] validation: all       1000        641      0.808      0.373      0.429      0.214
[YOLOv5] epoch 21/100 running
[YOLOv5] validation: all       1000        641       0.79      0.386      0.445       0.21
[YOLOv5] epoch 22/100 running
[YOLOv5] validation: all       1000        641      0.726      0.403       0.43      0.205
[YOLOv5] epoch 23/100 running
[YOLOv5] validation: all       1000        641      0.748      0.387      0.416      0.212
[YOLOv5] epoch 24/100 running
[YOLOv5] validation: all       1000        641      0.787      0.402      0.446       0.22
[YOLOv5] epoch 25/100 running
[YOLOv5] validation: all       1000        641      0.823      0.401      0.468      0.241
[YOLOv5] epoch 26/100 running
[YOLOv5] validation: all       1000        641       0.75      0.324      0.368      0.182
[YOLOv5] epoch 27/100 running
[YOLOv5] validation: all       1000        641      0.736      0.435      0.457      0.231
[YOLOv5] epoch 28/100 running
[YOLOv5] validation: all       1000        641      0.754      0.385      0.433      0.214
[YOLOv5] epoch 29/100 running
[YOLOv5] validation: all       1000        641      0.737      0.432      0.463       0.23
[YOLOv5] epoch 30/100 running
[YOLOv5] validation: all       1000        641      0.739      0.408      0.444      0.226
[YOLOv5] epoch 31/100 running
[YOLOv5] validation: all       1000        641      0.763      0.417      0.466      0.254
[YOLOv5] epoch 32/100 running
[YOLOv5] validation: all       1000        641      0.798      0.396      0.454      0.245
[YOLOv5] epoch 33/100 running
[YOLOv5] validation: all       1000        641      0.787      0.386      0.431      0.226
[YOLOv5] epoch 34/100 running
[YOLOv5] validation: all       1000        641      0.784      0.407       0.46      0.235
[YOLOv5] epoch 35/100 running
[YOLOv5] validation: all       1000        641      0.782        0.4      0.459      0.235
[YOLOv5] epoch 36/100 running
[YOLOv5] validation: all       1000        641      0.783      0.388      0.431       0.22
[YOLOv5] epoch 37/100 running
[YOLOv5] validation: all       1000        641      0.831      0.429      0.484      0.243
[YOLOv5] epoch 38/100 running
[YOLOv5] validation: all       1000        641       0.78      0.423      0.473       0.24
[YOLOv5] epoch 39/100 running
[YOLOv5] validation: all       1000        641      0.797      0.421      0.462      0.238
[YOLOv5] epoch 40/100 running
[YOLOv5] validation: all       1000        641      0.777      0.413      0.467      0.239
[YOLOv5] epoch 41/100 running
[YOLOv5] validation: all       1000        641      0.793      0.435      0.476      0.271
[YOLOv5] epoch 42/100 running
[YOLOv5] validation: all       1000        641       0.79      0.418      0.447      0.233
[YOLOv5] epoch 43/100 running
[YOLOv5] validation: all       1000        641      0.799      0.385      0.448      0.227
[YOLOv5] epoch 44/100 running
[YOLOv5] validation: all       1000        641      0.839      0.389      0.469      0.259
[YOLOv5] epoch 45/100 running
[YOLOv5] validation: all       1000        641      0.795      0.423       0.47      0.245
[YOLOv5] epoch 46/100 running
[YOLOv5] validation: all       1000        641      0.806      0.435      0.484      0.263
[YOLOv5] epoch 47/100 running
[YOLOv5] validation: all       1000        641      0.769      0.429      0.487      0.253
[YOLOv5] epoch 48/100 running
[YOLOv5] validation: all       1000        641      0.787      0.433      0.489      0.261
[YOLOv5] epoch 49/100 running
[YOLOv5] validation: all       1000        641        0.8      0.409       0.48      0.254
[YOLOv5] epoch 50/100 running
[YOLOv5] validation: all       1000        641      0.856      0.412      0.486       0.26
[YOLOv5] epoch 51/100 running
[YOLOv5] validation: all       1000        641      0.784      0.428      0.488      0.268
[YOLOv5] epoch 52/100 running
[YOLOv5] validation: all       1000        641      0.801      0.407      0.461      0.256
[YOLOv5] epoch 53/100 running
[YOLOv5] validation: all       1000        641      0.864      0.401      0.472      0.251
[YOLOv5] epoch 54/100 running
[YOLOv5] validation: all       1000        641      0.804      0.416       0.48      0.258
[YOLOv5] epoch 55/100 running
[YOLOv5] validation: all       1000        641      0.795      0.432      0.472      0.251
[YOLOv5] epoch 56/100 running
[YOLOv5] validation: all       1000        641       0.84       0.42      0.479      0.265
[YOLOv5] epoch 57/100 running
[YOLOv5] validation: all       1000        641      0.851      0.405      0.485      0.264
[YOLOv5] epoch 58/100 running
[YOLOv5] validation: all       1000        641       0.83      0.414      0.485      0.265
[YOLOv5] epoch 59/100 running
[YOLOv5] validation: all       1000        641      0.843      0.396      0.473      0.263
[YOLOv5] epoch 60/100 running
[YOLOv5] validation: all       1000        641      0.596      0.493      0.519      0.284
[YOLOv5] epoch 61/100 running
[YOLOv5] validation: all       1000        641      0.765      0.444      0.472      0.253
[YOLOv5] epoch 62/100 running
[YOLOv5] validation: all       1000        641      0.561       0.48      0.513      0.285
[YOLOv5] epoch 63/100 running
[YOLOv5] validation: all       1000        641      0.811      0.449      0.501      0.279
[YOLOv5] epoch 64/100 running
[YOLOv5] validation: all       1000        641      0.832      0.418      0.488      0.272
[YOLOv5] epoch 65/100 running
[YOLOv5] validation: all       1000        641      0.795      0.451      0.501      0.275
[YOLOv5] epoch 66/100 running
[YOLOv5] validation: all       1000        641       0.55      0.423      0.485      0.274
[YOLOv5] epoch 67/100 running
[YOLOv5] validation: all       1000        641       0.57      0.499      0.505      0.295
[YOLOv5] epoch 68/100 running
[YOLOv5] validation: all       1000        641      0.554      0.503      0.507      0.287
[YOLOv5] epoch 69/100 running
[YOLOv5] validation: all       1000        641      0.596      0.468      0.519      0.296
[YOLOv5] epoch 70/100 running
[YOLOv5] validation: all       1000        641      0.813      0.427      0.485      0.277
[YOLOv5] epoch 71/100 running
[YOLOv5] validation: all       1000        641      0.783      0.427      0.488      0.277
[YOLOv5] epoch 72/100 running
[YOLOv5] validation: all       1000        641      0.823      0.428      0.538      0.305
[YOLOv5] epoch 73/100 running
[YOLOv5] validation: all       1000        641      0.797      0.442      0.493      0.284
[YOLOv5] epoch 74/100 running
[YOLOv5] validation: all       1000        641      0.812      0.435      0.497       0.28
[YOLOv5] epoch 75/100 running
[YOLOv5] validation: all       1000        641      0.849      0.428      0.496      0.278
[YOLOv5] epoch 76/100 running
[YOLOv5] validation: all       1000        641      0.819      0.423      0.488      0.278
[YOLOv5] epoch 77/100 running
[YOLOv5] validation: all       1000        641      0.868      0.411      0.488      0.282
[YOLOv5] epoch 78/100 running
[YOLOv5] validation: all       1000        641      0.868      0.428      0.511      0.292
[YOLOv5] epoch 79/100 running
[YOLOv5] validation: all       1000        641      0.543      0.445      0.495      0.281
[YOLOv5] epoch 80/100 running
[YOLOv5] validation: all       1000        641      0.494      0.501      0.504      0.288
[YOLOv5] epoch 81/100 running
[YOLOv5] validation: all       1000        641      0.803       0.43      0.501      0.289
[YOLOv5] epoch 82/100 running
[YOLOv5] validation: all       1000        641       0.82      0.432      0.493      0.284
[YOLOv5] epoch 83/100 running
[YOLOv5] validation: all       1000        641      0.834      0.419        0.5       0.29
[YOLOv5] epoch 84/100 running
[YOLOv5] validation: all       1000        641      0.818      0.425      0.496      0.285
[YOLOv5] epoch 85/100 running
[YOLOv5] validation: all       1000        641      0.864      0.413      0.493       0.28
[YOLOv5] epoch 86/100 running
[YOLOv5] validation: all       1000        641      0.843      0.437        0.5      0.287
[YOLOv5] epoch 87/100 running
[YOLOv5] validation: all       1000        641      0.591      0.433      0.508      0.283
[YOLOv5] epoch 88/100 running
[YOLOv5] validation: all       1000        641      0.572      0.443      0.505      0.287
[YOLOv5] epoch 89/100 running
[YOLOv5] validation: all       1000        641       0.85      0.424      0.507      0.285
[YOLOv5] epoch 90/100 running
[YOLOv5] validation: all       1000        641      0.812      0.444      0.498      0.282
[YOLOv5] epoch 91/100 running
[YOLOv5] validation: all       1000        641      0.821      0.442      0.494       0.28
[YOLOv5] epoch 92/100 running
[YOLOv5] validation: all       1000        641      0.561      0.456      0.506      0.288
[YOLOv5] epoch 93/100 running
[YOLOv5] validation: all       1000        641      0.525       0.46      0.502      0.288
[YOLOv5] epoch 94/100 running
[YOLOv5] validation: all       1000        641      0.564      0.467      0.506      0.291
[YOLOv5] epoch 95/100 running
[YOLOv5] validation: all       1000        641      0.541      0.462      0.499      0.286
[YOLOv5] epoch 96/100 running
[YOLOv5] validation: all       1000        641      0.543      0.462      0.499      0.284
[YOLOv5] epoch 97/100 running
[YOLOv5] validation: all       1000        641      0.803      0.455      0.493      0.282
[YOLOv5] epoch 98/100 running
[YOLOv5] validation: all       1000        641       0.87       0.41       0.49       0.28
[YOLOv5] epoch 99/100 running
[YOLOv5] validation: all       1000        641      0.563      0.457      0.494      0.284
[YOLOv5] epoch 100/100 running
[YOLOv5] validation: all       1000        641      0.572      0.451      0.498      0.285
[YOLOv5] 100 epochs completed in 1.136 hours.
[YOLOv5] validation: all       1000        641      0.823      0.428      0.538      0.305
[Task] training completed: 4327.9s
[Task] evaluating: checkpoint=last, group=test, samples=1000
[YOLOv5] validation: all       1000        614      0.832      0.421      0.486      0.226
[Task] evaluation: checkpoint=last, group=test, mAP50-95=0.2257, mAP50=0.4861, time=77.2s
[Task] evaluating: checkpoint=best, group=test, samples=1000
[YOLOv5] validation: all       1000        614      0.792      0.439      0.482      0.235
[Task] evaluation: checkpoint=best, group=test, mAP50-95=0.2349, mAP50=0.4816, time=79.2s
[Task] completed: evaluation=156.4s, output=/home/lijinhe/work/YOLO_Retraining/runs/studies/balance_learning_curve_2batch/sequences/Balance_Learning_Curve_ordered__seq-full-cold__stage0-stage7__yolov5s__s42/tasks/005__stage5__full-cold
[Task] output: /home/lijinhe/work/YOLO_Retraining/runs/studies/balance_learning_curve_2batch/sequences/Balance_Learning_Curve_ordered__seq-full-cold__stage0-stage7__yolov5s__s42/tasks/006__stage6__full-cold
[Task] data: current=1000, candidate=6998, validation=1000, test=1000
[Task] selection: policy=full, selected=6998, groups={'candidate': 6998}, time=0.003s
[Task] training: backend=yolov5, epochs=100, batch=64, device=0
[YOLOv5] epoch 1/100 running
[YOLOv5] validation: all       1000        641      0.808     0.0378     0.0393     0.0103
[YOLOv5] epoch 2/100 running
[YOLOv5] validation: all       1000        641      0.461      0.199      0.248      0.094
[YOLOv5] epoch 3/100 running
[YOLOv5] validation: all       1000        641      0.648      0.153      0.128     0.0434
[YOLOv5] epoch 4/100 running
[YOLOv5] validation: all       1000        641       0.44      0.286      0.201     0.0784
[YOLOv5] epoch 5/100 running
[YOLOv5] validation: all       1000        641      0.387      0.288      0.143     0.0567
[YOLOv5] epoch 6/100 running
[YOLOv5] validation: all       1000        641      0.545      0.262      0.231     0.0873
[YOLOv5] epoch 7/100 running
[YOLOv5] validation: all       1000        641      0.448      0.251      0.168     0.0622
[YOLOv5] epoch 8/100 running
[YOLOv5] validation: all       1000        641      0.686      0.317      0.346      0.156
[YOLOv5] epoch 9/100 running
[YOLOv5] validation: all       1000        641      0.711      0.346      0.358      0.169
[YOLOv5] epoch 10/100 running
[YOLOv5] validation: all       1000        641      0.714      0.356      0.381      0.167
[YOLOv5] epoch 11/100 running
[YOLOv5] validation: all       1000        641       0.76       0.34      0.382      0.176
[YOLOv5] epoch 12/100 running
[YOLOv5] validation: all       1000        641      0.767       0.37      0.409      0.182
[YOLOv5] epoch 13/100 running
[YOLOv5] validation: all       1000        641      0.753      0.366      0.406      0.193
[YOLOv5] epoch 14/100 running
[YOLOv5] validation: all       1000        641      0.754      0.386      0.423        0.2
[YOLOv5] epoch 15/100 running
[YOLOv5] validation: all       1000        641      0.697      0.352      0.376      0.162
[YOLOv5] epoch 16/100 running
[YOLOv5] validation: all       1000        641       0.74      0.388      0.427       0.22
[YOLOv5] epoch 17/100 running
[YOLOv5] validation: all       1000        641      0.698      0.385       0.41      0.199
[YOLOv5] epoch 18/100 running
[YOLOv5] validation: all       1000        641      0.676      0.397      0.421      0.208
[YOLOv5] epoch 19/100 running
[YOLOv5] validation: all       1000        641      0.753      0.374      0.428      0.221
[YOLOv5] epoch 20/100 running
[YOLOv5] validation: all       1000        641      0.786      0.366       0.43      0.216
[YOLOv5] epoch 21/100 running
[YOLOv5] validation: all       1000        641      0.788      0.405      0.453      0.233
[YOLOv5] epoch 22/100 running
[YOLOv5] validation: all       1000        641      0.787      0.332      0.407      0.201
[YOLOv5] epoch 23/100 running
[YOLOv5] validation: all       1000        641      0.755      0.415      0.451      0.217
[YOLOv5] epoch 24/100 running
[YOLOv5] validation: all       1000        641      0.799      0.416       0.47      0.235
[YOLOv5] epoch 25/100 running
[YOLOv5] validation: all       1000        641      0.778       0.39      0.445      0.225
[YOLOv5] epoch 26/100 running
[YOLOv5] validation: all       1000        641      0.733      0.376       0.41      0.203
[YOLOv5] epoch 27/100 running
[YOLOv5] validation: all       1000        641      0.753      0.406      0.453      0.233
[YOLOv5] epoch 28/100 running
[YOLOv5] validation: all       1000        641      0.746        0.4      0.447      0.221
[YOLOv5] epoch 29/100 running
[YOLOv5] validation: all       1000        641      0.744      0.417      0.453      0.237
[YOLOv5] epoch 30/100 running
[YOLOv5] validation: all       1000        641       0.82       0.39      0.465      0.237
[YOLOv5] epoch 31/100 running
[YOLOv5] validation: all       1000        641      0.789      0.402      0.464      0.255
[YOLOv5] epoch 32/100 running
[YOLOv5] validation: all       1000        641      0.811      0.391      0.458      0.247
[YOLOv5] epoch 33/100 running
[YOLOv5] validation: all       1000        641      0.785      0.377      0.433       0.23
[YOLOv5] epoch 34/100 running
[YOLOv5] validation: all       1000        641      0.819       0.42      0.473      0.241
[YOLOv5] epoch 35/100 running
[YOLOv5] validation: all       1000        641      0.798      0.425      0.471      0.252
[YOLOv5] epoch 36/100 running
[YOLOv5] validation: all       1000        641      0.728      0.382      0.417      0.219
[YOLOv5] epoch 37/100 running
[YOLOv5] validation: all       1000        641      0.872       0.41      0.495      0.265
[YOLOv5] epoch 38/100 running
[YOLOv5] validation: all       1000        641      0.771      0.442      0.479      0.252
[YOLOv5] epoch 39/100 running
[YOLOv5] validation: all       1000        641      0.838      0.407      0.477      0.257
[YOLOv5] epoch 40/100 running
[YOLOv5] validation: all       1000        641      0.797       0.43      0.488      0.255
[YOLOv5] epoch 41/100 running
[YOLOv5] validation: all       1000        641      0.865      0.418      0.492      0.272
[YOLOv5] epoch 42/100 running
[YOLOv5] validation: all       1000        641      0.794      0.393      0.457      0.236
[YOLOv5] epoch 43/100 running
[YOLOv5] validation: all       1000        641       0.76      0.453      0.483      0.257
[YOLOv5] epoch 44/100 running
[YOLOv5] validation: all       1000        641      0.731      0.409      0.445      0.226
[YOLOv5] epoch 45/100 running
[YOLOv5] validation: all       1000        641      0.821      0.447      0.508      0.265
[YOLOv5] epoch 46/100 running
[YOLOv5] validation: all       1000        641      0.851       0.42      0.497      0.268
[YOLOv5] epoch 47/100 running
[YOLOv5] validation: all       1000        641      0.835      0.422       0.49      0.272
[YOLOv5] epoch 48/100 running
[YOLOv5] validation: all       1000        641      0.826      0.428      0.493       0.27
[YOLOv5] epoch 49/100 running
[YOLOv5] validation: all       1000        641      0.786      0.429      0.479       0.25
[YOLOv5] epoch 50/100 running
[YOLOv5] validation: all       1000        641      0.829      0.402      0.491       0.27
[YOLOv5] epoch 51/100 running
[YOLOv5] validation: all       1000        641      0.818      0.448      0.502      0.281
[YOLOv5] epoch 52/100 running
[YOLOv5] validation: all       1000        641       0.85      0.417      0.481      0.268
[YOLOv5] epoch 53/100 running
[YOLOv5] validation: all       1000        641      0.792      0.446      0.481      0.256
[YOLOv5] epoch 54/100 running
[YOLOv5] validation: all       1000        641      0.797      0.424      0.481      0.269
[YOLOv5] epoch 55/100 running
[YOLOv5] validation: all       1000        641      0.824      0.439      0.495      0.278
[YOLOv5] epoch 56/100 running
[YOLOv5] validation: all       1000        641      0.826       0.43      0.497      0.284
[YOLOv5] epoch 57/100 running
[YOLOv5] validation: all       1000        641      0.769      0.462      0.505      0.281
[YOLOv5] epoch 58/100 running
[YOLOv5] validation: all       1000        641      0.819      0.458      0.509      0.292
[YOLOv5] epoch 59/100 running
[YOLOv5] validation: all       1000        641      0.814      0.435      0.503      0.276
[YOLOv5] epoch 60/100 running
[YOLOv5] validation: all       1000        641      0.855      0.431      0.526      0.298
[YOLOv5] epoch 61/100 running
[YOLOv5] validation: all       1000        641      0.787      0.438       0.49      0.268
[YOLOv5] epoch 62/100 running
[YOLOv5] validation: all       1000        641      0.795      0.456      0.503      0.283
[YOLOv5] epoch 63/100 running
[YOLOv5] validation: all       1000        641      0.836      0.417      0.501      0.279
[YOLOv5] epoch 64/100 running
[YOLOv5] validation: all       1000        641      0.843      0.423        0.5       0.29
[YOLOv5] epoch 65/100 running
[YOLOv5] validation: all       1000        641       0.88      0.405      0.489      0.273
[YOLOv5] epoch 66/100 running
[YOLOv5] validation: all       1000        641      0.835      0.424      0.492      0.278
[YOLOv5] epoch 67/100 running
[YOLOv5] validation: all       1000        641      0.818      0.439      0.498      0.276
[YOLOv5] epoch 68/100 running
[YOLOv5] validation: all       1000        641      0.823      0.447      0.496       0.28
[YOLOv5] epoch 69/100 running
[YOLOv5] validation: all       1000        641       0.57      0.575      0.537      0.303
[YOLOv5] epoch 70/100 running
[YOLOv5] validation: all       1000        641       0.85      0.424      0.502      0.287
[YOLOv5] epoch 71/100 running
[YOLOv5] validation: all       1000        641      0.837      0.416      0.526      0.299
[YOLOv5] epoch 72/100 running
[YOLOv5] validation: all       1000        641      0.837      0.432      0.496      0.288
[YOLOv5] epoch 73/100 running
[YOLOv5] validation: all       1000        641       0.82      0.448      0.493      0.287
[YOLOv5] epoch 74/100 running
[YOLOv5] validation: all       1000        641      0.834      0.429      0.513      0.291
[YOLOv5] epoch 75/100 running
[YOLOv5] validation: all       1000        641      0.827      0.444      0.503      0.282
[YOLOv5] epoch 76/100 running
[YOLOv5] validation: all       1000        641       0.83      0.432      0.492      0.282
[YOLOv5] epoch 77/100 running
[YOLOv5] validation: all       1000        641      0.844      0.426      0.494      0.281
[YOLOv5] epoch 78/100 running
[YOLOv5] validation: all       1000        641       0.84      0.416      0.482      0.278
[YOLOv5] epoch 79/100 running
[YOLOv5] validation: all       1000        641      0.847      0.432      0.508      0.303
[YOLOv5] epoch 80/100 running
[YOLOv5] validation: all       1000        641      0.842      0.436      0.498      0.293
[YOLOv5] epoch 81/100 running
[YOLOv5] validation: all       1000        641      0.833      0.436      0.501      0.295
[YOLOv5] epoch 82/100 running
[YOLOv5] validation: all       1000        641      0.828      0.452      0.507      0.296
[YOLOv5] epoch 83/100 running
[YOLOv5] validation: all       1000        641      0.788      0.465      0.507        0.3
[YOLOv5] epoch 84/100 running
[YOLOv5] validation: all       1000        641      0.835      0.428      0.504      0.301
[YOLOv5] epoch 85/100 running
[YOLOv5] validation: all       1000        641      0.859      0.437      0.506      0.298
[YOLOv5] epoch 86/100 running
[YOLOv5] validation: all       1000        641        0.8      0.459      0.504      0.295
[YOLOv5] epoch 87/100 running
[YOLOv5] validation: all       1000        641      0.864       0.43      0.511      0.297
[YOLOv5] epoch 88/100 running
[YOLOv5] validation: all       1000        641      0.862      0.437      0.513      0.298
[YOLOv5] epoch 89/100 running
[YOLOv5] validation: all       1000        641       0.85      0.438      0.505      0.289
[YOLOv5] epoch 90/100 running
[YOLOv5] validation: all       1000        641      0.857      0.428      0.504      0.293
[YOLOv5] epoch 91/100 running
[YOLOv5] validation: all       1000        641      0.601      0.426      0.509      0.298
[YOLOv5] epoch 92/100 running
[YOLOv5] validation: all       1000        641      0.588      0.437      0.506      0.296
[YOLOv5] epoch 93/100 running
[YOLOv5] validation: all       1000        641       0.59      0.443      0.503      0.295
[YOLOv5] epoch 94/100 running
[YOLOv5] validation: all       1000        641      0.881      0.415        0.5      0.292
[YOLOv5] epoch 95/100 running
[YOLOv5] validation: all       1000        641      0.627      0.417      0.494       0.29
[YOLOv5] epoch 96/100 running
[YOLOv5] validation: all       1000        641      0.624      0.407      0.493       0.29
[YOLOv5] epoch 97/100 running
[YOLOv5] validation: all       1000        641      0.562      0.439      0.495      0.287
[YOLOv5] epoch 98/100 running
[YOLOv5] validation: all       1000        641      0.879      0.408      0.495      0.287
[YOLOv5] epoch 99/100 running
[YOLOv5] validation: all       1000        641      0.885       0.41      0.493       0.29
[YOLOv5] epoch 100/100 running
[YOLOv5] validation: all       1000        641      0.878      0.412      0.496      0.293
[YOLOv5] 100 epochs completed in 1.192 hours.
[YOLOv5] validation: all       1000        641      0.568      0.576      0.537      0.302
[Task] training completed: 4525.1s
[Task] evaluating: checkpoint=last, group=test, samples=1000
[YOLOv5] validation: all       1000        614      0.816      0.388      0.465      0.213
[Task] evaluation: checkpoint=last, group=test, mAP50-95=0.2132, mAP50=0.4651, time=85.0s
[Task] evaluating: checkpoint=best, group=test, samples=1000
[YOLOv5] validation: all       1000        614      0.748      0.433      0.474      0.219
[Task] evaluation: checkpoint=best, group=test, mAP50-95=0.2189, mAP50=0.4737, time=82.3s
[Task] completed: evaluation=167.3s, output=/home/lijinhe/work/YOLO_Retraining/runs/studies/balance_learning_curve_2batch/sequences/Balance_Learning_Curve_ordered__seq-full-cold__stage0-stage7__yolov5s__s42/tasks/006__stage6__full-cold
[Task] output: /home/lijinhe/work/YOLO_Retraining/runs/studies/balance_learning_curve_2batch/sequences/Balance_Learning_Curve_ordered__seq-full-cold__stage0-stage7__yolov5s__s42/tasks/007__stage7__full-cold
[Task] data: current=575, candidate=7573, validation=1000, test=1000
[Task] selection: policy=full, selected=7573, groups={'candidate': 7573}, time=0.003s
[Task] training: backend=yolov5, epochs=100, batch=64, device=0
[YOLOv5] epoch 1/100 running
[YOLOv5] validation: all       1000        641      0.793     0.0445     0.0956     0.0347
[YOLOv5] epoch 2/100 running
[YOLOv5] validation: all       1000        641      0.768      0.174        0.2     0.0776
[YOLOv5] epoch 3/100 running
[YOLOv5] validation: all       1000        641      0.511       0.11     0.0954     0.0399
[YOLOv5] epoch 4/100 running
[YOLOv5] validation: all       1000        641      0.802     0.0422     0.0381     0.0146
[YOLOv5] epoch 5/100 running
[YOLOv5] validation: all       1000        641      0.435      0.184      0.122     0.0442
[YOLOv5] epoch 6/100 running
[YOLOv5] validation: all       1000        641      0.641      0.265      0.277     0.0952
[YOLOv5] epoch 7/100 running
[YOLOv5] validation: all       1000        641       0.64      0.297      0.307      0.133
[YOLOv5] epoch 8/100 running
[YOLOv5] validation: all       1000        641      0.582      0.329      0.274      0.108
[YOLOv5] epoch 9/100 running
[YOLOv5] validation: all       1000        641      0.665      0.349      0.362      0.162
[YOLOv5] epoch 10/100 running
[YOLOv5] validation: all       1000        641      0.646      0.373      0.384      0.187
[YOLOv5] epoch 11/100 running
[YOLOv5] validation: all       1000        641      0.713      0.358      0.393      0.187
[YOLOv5] epoch 12/100 running
[YOLOv5] validation: all       1000        641      0.699      0.365      0.384      0.186
[YOLOv5] epoch 13/100 running
[YOLOv5] validation: all       1000        641      0.726      0.291      0.345      0.169
[YOLOv5] epoch 14/100 running
[YOLOv5] validation: all       1000        641      0.753       0.39      0.431      0.191
[YOLOv5] epoch 15/100 running
[YOLOv5] validation: all       1000        641      0.761      0.287      0.355       0.15
[YOLOv5] epoch 16/100 running
[YOLOv5] validation: all       1000        641      0.738      0.355      0.411      0.196
[YOLOv5] epoch 17/100 running
[YOLOv5] validation: all       1000        641      0.759      0.373      0.434      0.217
[YOLOv5] epoch 18/100 running
[YOLOv5] validation: all       1000        641      0.755      0.371      0.402       0.21
[YOLOv5] epoch 19/100 running
[YOLOv5] validation: all       1000        641      0.774      0.363      0.424      0.204
[YOLOv5] epoch 20/100 running
[YOLOv5] validation: all       1000        641      0.735      0.393      0.435      0.219
[YOLOv5] epoch 21/100 running
[YOLOv5] validation: all       1000        641      0.716      0.396      0.423      0.213
[YOLOv5] epoch 22/100 running
[YOLOv5] validation: all       1000        641      0.787       0.38      0.453       0.23
[YOLOv5] epoch 23/100 running
[YOLOv5] validation: all       1000        641      0.761      0.328      0.387       0.19
[YOLOv5] epoch 24/100 running
[YOLOv5] validation: all       1000        641      0.741      0.389      0.441      0.222
[YOLOv5] epoch 25/100 running
[YOLOv5] validation: all       1000        641      0.839      0.365      0.457       0.23
[YOLOv5] epoch 26/100 running
[YOLOv5] validation: all       1000        641      0.737      0.405      0.446      0.216
[YOLOv5] epoch 27/100 running
[YOLOv5] validation: all       1000        641      0.744      0.406      0.427      0.217
[YOLOv5] epoch 28/100 running
[YOLOv5] validation: all       1000        641      0.788      0.425      0.462      0.232
[YOLOv5] epoch 29/100 running
[YOLOv5] validation: all       1000        641      0.815      0.435      0.482      0.237
[YOLOv5] epoch 30/100 running
[YOLOv5] validation: all       1000        641      0.823      0.383      0.451      0.234
[YOLOv5] epoch 31/100 running
[YOLOv5] validation: all       1000        641      0.789      0.389      0.465      0.248
[YOLOv5] epoch 32/100 running
[YOLOv5] validation: all       1000        641      0.788      0.445      0.484      0.241
[YOLOv5] epoch 33/100 running
[YOLOv5] validation: all       1000        641      0.834      0.371      0.446      0.228
[YOLOv5] epoch 34/100 running
[YOLOv5] validation: all       1000        641      0.793      0.412      0.462       0.23
[YOLOv5] epoch 35/100 running
[YOLOv5] validation: all       1000        641       0.73      0.421      0.431      0.223
[YOLOv5] epoch 36/100 running
[YOLOv5] validation: all       1000        641      0.764      0.407      0.443      0.234
[YOLOv5] epoch 37/100 running
[YOLOv5] validation: all       1000        641      0.805      0.424      0.458      0.232
[YOLOv5] epoch 38/100 running
[YOLOv5] validation: all       1000        641      0.767      0.419      0.448      0.223
[YOLOv5] epoch 39/100 running
[YOLOv5] validation: all       1000        641       0.78      0.437      0.478      0.235
[YOLOv5] epoch 40/100 running
[YOLOv5] validation: all       1000        641      0.792      0.424       0.47      0.245
[YOLOv5] epoch 41/100 running
[YOLOv5] validation: all       1000        641      0.818      0.435      0.494      0.265
[YOLOv5] epoch 42/100 running
[YOLOv5] validation: all       1000        641      0.805      0.432      0.474       0.25
[YOLOv5] epoch 43/100 running
[YOLOv5] validation: all       1000        641      0.774      0.419      0.467      0.235
[YOLOv5] epoch 44/100 running
[YOLOv5] validation: all       1000        641      0.757      0.443      0.487       0.26
[YOLOv5] epoch 45/100 running
[YOLOv5] validation: all       1000        641      0.819      0.468      0.498      0.257
[YOLOv5] epoch 46/100 running
[YOLOv5] validation: all       1000        641       0.79      0.414      0.458      0.248
[YOLOv5] epoch 47/100 running
[YOLOv5] validation: all       1000        641      0.783      0.421      0.467      0.249
[YOLOv5] epoch 48/100 running
[YOLOv5] validation: all       1000        641      0.767      0.434      0.475      0.244
[YOLOv5] epoch 49/100 running
[YOLOv5] validation: all       1000        641      0.807      0.448      0.495      0.267
[YOLOv5] epoch 50/100 running
[YOLOv5] validation: all       1000        641      0.788      0.442      0.484      0.273
[YOLOv5] epoch 51/100 running
[YOLOv5] validation: all       1000        641      0.816      0.439      0.475      0.252
[YOLOv5] epoch 52/100 running
[YOLOv5] validation: all       1000        641      0.806      0.429      0.486      0.261
[YOLOv5] epoch 53/100 running
[YOLOv5] validation: all       1000        641      0.784      0.454      0.486      0.269
[YOLOv5] epoch 54/100 running
[YOLOv5] validation: all       1000        641      0.771      0.445      0.482      0.265
[YOLOv5] epoch 55/100 running
[YOLOv5] validation: all       1000        641      0.785      0.427      0.478      0.259
[YOLOv5] epoch 56/100 running
[YOLOv5] validation: all       1000        641      0.818      0.442      0.494      0.267
[YOLOv5] epoch 57/100 running
[YOLOv5] validation: all       1000        641      0.816      0.445      0.496      0.268
[YOLOv5] epoch 58/100 running
[YOLOv5] validation: all       1000        641      0.823       0.45      0.503      0.278
[YOLOv5] epoch 59/100 running
[YOLOv5] validation: all       1000        641      0.842       0.45      0.503      0.278
[YOLOv5] epoch 60/100 running
[YOLOv5] validation: all       1000        641      0.785      0.462      0.492      0.272
[YOLOv5] epoch 61/100 running
[YOLOv5] validation: all       1000        641      0.861      0.433      0.497      0.267
[YOLOv5] epoch 62/100 running
[YOLOv5] validation: all       1000        641      0.787      0.472        0.5      0.278
[YOLOv5] epoch 63/100 running
[YOLOv5] validation: all       1000        641      0.844      0.447      0.497      0.274
[YOLOv5] epoch 64/100 running
[YOLOv5] validation: all       1000        641      0.828      0.426      0.495      0.274
[YOLOv5] epoch 65/100 running
[YOLOv5] validation: all       1000        641      0.848      0.428      0.503      0.273
[YOLOv5] epoch 66/100 running
[YOLOv5] validation: all       1000        641      0.849      0.426      0.492      0.272
[YOLOv5] epoch 67/100 running
[YOLOv5] validation: all       1000        641      0.791      0.456      0.488      0.272
[YOLOv5] epoch 68/100 running
[YOLOv5] validation: all       1000        641      0.801      0.453      0.493      0.281
[YOLOv5] epoch 69/100 running
[YOLOv5] validation: all       1000        641      0.841      0.432      0.497      0.274
[YOLOv5] epoch 70/100 running
[YOLOv5] validation: all       1000        641       0.87      0.446      0.499       0.28
[YOLOv5] epoch 71/100 running
[YOLOv5] validation: all       1000        641      0.838      0.442      0.499      0.281
[YOLOv5] epoch 72/100 running
[YOLOv5] validation: all       1000        641      0.844      0.451        0.5       0.28
[YOLOv5] epoch 73/100 running
[YOLOv5] validation: all       1000        641      0.841       0.43      0.492      0.278
[YOLOv5] epoch 74/100 running
[YOLOv5] validation: all       1000        641      0.854      0.432      0.497       0.28
[YOLOv5] epoch 75/100 running
[YOLOv5] validation: all       1000        641      0.845      0.449      0.498      0.276
[YOLOv5] epoch 76/100 running
[YOLOv5] validation: all       1000        641      0.849      0.446      0.494      0.275
[YOLOv5] epoch 77/100 running
[YOLOv5] validation: all       1000        641      0.839      0.437       0.49      0.274
[YOLOv5] epoch 78/100 running
[YOLOv5] validation: all       1000        641      0.593      0.487      0.514      0.287
[YOLOv5] epoch 79/100 running
[YOLOv5] validation: all       1000        641      0.551      0.454      0.488      0.276
[YOLOv5] epoch 80/100 running
[YOLOv5] validation: all       1000        641      0.572       0.44      0.491      0.278
[YOLOv5] epoch 81/100 running
[YOLOv5] validation: all       1000        641      0.578      0.453        0.5      0.281
[YOLOv5] epoch 82/100 running
[YOLOv5] validation: all       1000        641      0.853      0.446        0.5      0.282
[YOLOv5] epoch 83/100 running
[YOLOv5] validation: all       1000        641      0.824      0.461      0.507      0.281
[YOLOv5] epoch 84/100 running
[YOLOv5] validation: all       1000        641      0.824      0.449        0.5      0.277
[YOLOv5] epoch 85/100 running
[YOLOv5] validation: all       1000        641      0.548      0.463      0.493      0.277
[YOLOv5] epoch 86/100 running
[YOLOv5] validation: all       1000        641      0.804      0.461      0.501      0.277
[YOLOv5] epoch 87/100 running
[YOLOv5] validation: all       1000        641      0.532      0.463      0.499       0.28
[YOLOv5] epoch 88/100 running
[YOLOv5] validation: all       1000        641      0.856      0.415      0.496      0.274
[YOLOv5] epoch 89/100 running
[YOLOv5] validation: all       1000        641      0.842      0.423      0.489      0.273
[YOLOv5] epoch 90/100 running
[YOLOv5] validation: all       1000        641      0.547      0.458      0.495      0.277
[YOLOv5] epoch 91/100 running
[YOLOv5] validation: all       1000        641      0.585      0.443      0.495      0.277
[YOLOv5] epoch 92/100 running
[YOLOv5] validation: all       1000        641      0.857      0.434      0.495      0.278
[YOLOv5] epoch 93/100 running
[YOLOv5] validation: all       1000        641      0.582      0.452      0.497      0.278
[YOLOv5] epoch 94/100 running
[YOLOv5] validation: all       1000        641      0.585      0.462      0.503       0.28
[YOLOv5] epoch 95/100 running
[YOLOv5] validation: all       1000        641      0.584      0.457      0.499      0.279
[YOLOv5] epoch 96/100 running
[YOLOv5] validation: all       1000        641      0.578      0.464      0.505      0.282
[YOLOv5] epoch 97/100 running
[YOLOv5] validation: all       1000        641      0.586      0.456      0.503      0.282
[YOLOv5] epoch 98/100 running
[YOLOv5] validation: all       1000        641      0.605      0.443      0.504      0.281
[YOLOv5] epoch 99/100 running
[YOLOv5] validation: all       1000        641      0.586      0.447      0.503      0.281
[YOLOv5] epoch 100/100 running
[YOLOv5] validation: all       1000        641      0.589      0.447      0.501       0.28
[YOLOv5] 100 epochs completed in 1.033 hours.
[YOLOv5] validation: all       1000        641      0.593      0.487      0.514      0.287
[Task] training completed: 3964.5s
[Task] evaluating: checkpoint=last, group=test, samples=1000
[YOLOv5] validation: all       1000        614      0.741      0.443       0.45      0.218
[Task] evaluation: checkpoint=last, group=test, mAP50-95=0.2183, mAP50=0.4505, time=84.2s
[Task] evaluating: checkpoint=best, group=test, samples=1000
[YOLOv5] validation: all       1000        614      0.774      0.431      0.474      0.235
[Task] evaluation: checkpoint=best, group=test, mAP50-95=0.2347, mAP50=0.4739, time=78.0s
[Task] completed: evaluation=162.2s, output=/home/lijinhe/work/YOLO_Retraining/runs/studies/balance_learning_curve_2batch/sequences/Balance_Learning_Curve_ordered__seq-full-cold__stage0-stage7__yolov5s__s42/tasks/007__stage7__full-cold
/home/lijinhe/work/YOLO_Retraining/runs/studies/balance_learning_curve_2batch/sequences/Balance_Learning_Curve_ordered__seq-full-cold__stage0-stage7__yolov5s__s42
