[Task] output: /home/lijinhe/work/YOLO_Retraining/runs/studies/balance_learning_curve_2batch/sequences/Balance_Learning_Curve_random_s43__seq-full-cold__stage0-stage7__yolov5s__s42/tasks/000__stage0__full-cold
[Task] data: current=1000, candidate=1000, validation=1000, test=1000
[Task] selection: policy=full, selected=1000, groups={'candidate': 1000}, time=0.000s
[Task] training: backend=yolov5, epochs=100, batch=64, device=0
[YOLOv5] epoch 1/100 running
[YOLOv5] validation: all       1000        641   0.000257      0.114   0.000412   9.26e-05
[YOLOv5] epoch 2/100 running
[YOLOv5] validation: all       1000        641   0.000211      0.141    0.00148   0.000417
[YOLOv5] epoch 3/100 running
[YOLOv5] validation: all       1000        641      0.251      0.135    0.00527    0.00153
[YOLOv5] epoch 4/100 running
[YOLOv5] validation: all       1000        641      0.751      0.143    0.00746    0.00203
[YOLOv5] epoch 5/100 running
[YOLOv5] validation: all       1000        641      0.823     0.0335     0.0254    0.00652
[YOLOv5] epoch 6/100 running
[YOLOv5] validation: all       1000        641       0.82     0.0368     0.0306     0.0109
[YOLOv5] epoch 7/100 running
[YOLOv5] validation: all       1000        641       0.83     0.0421     0.0394      0.015
[YOLOv5] epoch 8/100 running
[YOLOv5] validation: all       1000        641      0.805     0.0524     0.0362     0.0131
[YOLOv5] epoch 9/100 running
[YOLOv5] validation: all       1000        641      0.841     0.0528     0.0484     0.0203
[YOLOv5] epoch 10/100 running
[YOLOv5] validation: all       1000        641      0.856     0.0524       0.05     0.0159
[YOLOv5] epoch 11/100 running
[YOLOv5] validation: all       1000        641      0.858     0.0573     0.0656     0.0267
[YOLOv5] epoch 12/100 running
[YOLOv5] validation: all       1000        641      0.835     0.0646       0.06     0.0241
[YOLOv5] epoch 13/100 running
[YOLOv5] validation: all       1000        641      0.847     0.0538     0.0697     0.0297
[YOLOv5] epoch 14/100 running
[YOLOv5] validation: all       1000        641      0.834     0.0652     0.0525     0.0206
[YOLOv5] epoch 15/100 running
[YOLOv5] validation: all       1000        641      0.831     0.0622     0.0595     0.0241
[YOLOv5] epoch 16/100 running
[YOLOv5] validation: all       1000        641      0.829     0.0512     0.0431     0.0178
[YOLOv5] epoch 17/100 running
[YOLOv5] validation: all       1000        641       0.85     0.0774     0.0703     0.0283
[YOLOv5] epoch 18/100 running
[YOLOv5] validation: all       1000        641      0.865     0.0512     0.0544     0.0213
[YOLOv5] epoch 19/100 running
[YOLOv5] validation: all       1000        641      0.849      0.071     0.0689     0.0278
[YOLOv5] epoch 20/100 running
[YOLOv5] validation: all       1000        641      0.861     0.0756     0.0663     0.0272
[YOLOv5] epoch 21/100 running
[YOLOv5] validation: all       1000        641       0.84     0.0768     0.0693     0.0285
[YOLOv5] epoch 22/100 running
[YOLOv5] validation: all       1000        641       0.84     0.0689     0.0643     0.0272
[YOLOv5] epoch 23/100 running
[YOLOv5] validation: all       1000        641       0.84     0.0732     0.0714     0.0308
[YOLOv5] epoch 24/100 running
[YOLOv5] validation: all       1000        641      0.882     0.0677     0.0753     0.0316
[YOLOv5] epoch 25/100 running
[YOLOv5] validation: all       1000        641      0.872     0.0726     0.0757      0.032
[YOLOv5] epoch 26/100 running
[YOLOv5] validation: all       1000        641      0.848     0.0866     0.0866     0.0344
[YOLOv5] epoch 27/100 running
[YOLOv5] validation: all       1000        641      0.853     0.0713     0.0769     0.0328
[YOLOv5] epoch 28/100 running
[YOLOv5] validation: all       1000        641      0.866     0.0659     0.0758     0.0281
[YOLOv5] epoch 29/100 running
[YOLOv5] validation: all       1000        641      0.845     0.0707     0.0687     0.0291
[YOLOv5] epoch 30/100 running
[YOLOv5] validation: all       1000        641      0.882     0.0738     0.0911      0.041
[YOLOv5] epoch 31/100 running
[YOLOv5] validation: all       1000        641      0.837     0.0756     0.0788     0.0334
[YOLOv5] epoch 32/100 running
[YOLOv5] validation: all       1000        641      0.859     0.0622     0.0704     0.0306
[YOLOv5] epoch 33/100 running
[YOLOv5] validation: all       1000        641      0.832     0.0805     0.0701     0.0315
[YOLOv5] epoch 34/100 running
[YOLOv5] validation: all       1000        641      0.851     0.0732      0.085     0.0361
[YOLOv5] epoch 35/100 running
[YOLOv5] validation: all       1000        641      0.869     0.0845     0.0957     0.0429
[YOLOv5] epoch 36/100 running
[YOLOv5] validation: all       1000        641      0.856     0.0683     0.0842     0.0351
[YOLOv5] epoch 37/100 running
[YOLOv5] validation: all       1000        641      0.854     0.0887      0.105     0.0461
[YOLOv5] epoch 38/100 running
[YOLOv5] validation: all       1000        641      0.853     0.0844     0.0964     0.0418
[YOLOv5] epoch 39/100 running
[YOLOv5] validation: all       1000        641      0.865     0.0794      0.103     0.0432
[YOLOv5] epoch 40/100 running
[YOLOv5] validation: all       1000        641      0.792     0.0982      0.114     0.0502
[YOLOv5] epoch 41/100 running
[YOLOv5] validation: all       1000        641      0.826      0.106      0.115     0.0444
[YOLOv5] epoch 42/100 running
[YOLOv5] validation: all       1000        641      0.758     0.0942      0.126     0.0519
[YOLOv5] epoch 43/100 running
[YOLOv5] validation: all       1000        641      0.889     0.0738     0.0919     0.0382
[YOLOv5] epoch 44/100 running
[YOLOv5] validation: all       1000        641      0.791      0.109      0.121       0.05
[YOLOv5] epoch 45/100 running
[YOLOv5] validation: all       1000        641      0.832     0.0985      0.101      0.042
[YOLOv5] epoch 46/100 running
[YOLOv5] validation: all       1000        641      0.825     0.0879     0.0854     0.0367
[YOLOv5] epoch 47/100 running
[YOLOv5] validation: all       1000        641      0.858     0.0883     0.0932     0.0428
[YOLOv5] epoch 48/100 running
[YOLOv5] validation: all       1000        641      0.797     0.0979      0.107     0.0479
[YOLOv5] epoch 49/100 running
[YOLOv5] validation: all       1000        641      0.769     0.0934      0.109      0.048
[YOLOv5] epoch 50/100 running
[YOLOv5] validation: all       1000        641      0.771      0.108        0.1      0.042
[YOLOv5] epoch 51/100 running
[YOLOv5] validation: all       1000        641      0.762      0.109      0.116     0.0497
[YOLOv5] epoch 52/100 running
[YOLOv5] validation: all       1000        641      0.809      0.114      0.135     0.0582
[YOLOv5] epoch 53/100 running
[YOLOv5] validation: all       1000        641        0.8     0.0912      0.106     0.0487
[YOLOv5] epoch 54/100 running
[YOLOv5] validation: all       1000        641      0.777     0.0798      0.111     0.0454
[YOLOv5] epoch 55/100 running
[YOLOv5] validation: all       1000        641      0.732     0.0807     0.0934     0.0423
[YOLOv5] epoch 56/100 running
[YOLOv5] validation: all       1000        641      0.669     0.0943     0.0965     0.0414
[YOLOv5] epoch 57/100 running
[YOLOv5] validation: all       1000        641       0.86     0.0898      0.102     0.0468
[YOLOv5] epoch 58/100 running
[YOLOv5] validation: all       1000        641       0.85      0.091     0.0994     0.0429
[YOLOv5] epoch 59/100 running
[YOLOv5] validation: all       1000        641      0.682      0.106     0.0969     0.0414
[YOLOv5] epoch 60/100 running
[YOLOv5] validation: all       1000        641      0.751      0.111      0.117     0.0493
[YOLOv5] epoch 61/100 running
[YOLOv5] validation: all       1000        641      0.812     0.0923      0.107     0.0453
[YOLOv5] epoch 62/100 running
[YOLOv5] validation: all       1000        641      0.872     0.0866     0.0919     0.0431
[YOLOv5] epoch 63/100 running
[YOLOv5] validation: all       1000        641      0.786     0.0911      0.112     0.0496
[YOLOv5] epoch 64/100 running
[YOLOv5] validation: all       1000        641      0.618     0.0872     0.0975     0.0446
[YOLOv5] epoch 65/100 running
[YOLOv5] validation: all       1000        641      0.616     0.0848     0.0901     0.0422
[YOLOv5] epoch 66/100 running
[YOLOv5] validation: all       1000        641      0.699      0.072     0.0856     0.0388
[YOLOv5] epoch 67/100 running
[YOLOv5] validation: all       1000        641      0.757     0.0973     0.0946     0.0407
[YOLOv5] epoch 68/100 running
[YOLOv5] validation: all       1000        641      0.803     0.0963      0.111     0.0509
[YOLOv5] epoch 69/100 running
[YOLOv5] validation: all       1000        641      0.873      0.092      0.109     0.0491
[YOLOv5] epoch 70/100 running
[YOLOv5] validation: all       1000        641      0.763     0.0889      0.104     0.0479
[YOLOv5] epoch 71/100 running
[YOLOv5] validation: all       1000        641      0.736     0.0738        0.1     0.0445
[YOLOv5] epoch 72/100 running
[YOLOv5] validation: all       1000        641      0.741     0.0891     0.0953      0.044
[YOLOv5] epoch 73/100 running
[YOLOv5] validation: all       1000        641       0.66     0.0891     0.0949     0.0418
[YOLOv5] epoch 74/100 running
[YOLOv5] validation: all       1000        641      0.736     0.0875      0.103     0.0441
[YOLOv5] epoch 75/100 running
[YOLOv5] validation: all       1000        641      0.806     0.0858      0.111     0.0494
[YOLOv5] epoch 76/100 running
[YOLOv5] validation: all       1000        641      0.794     0.0977      0.119     0.0519
[YOLOv5] epoch 77/100 running
[YOLOv5] validation: all       1000        641      0.799     0.0905      0.115     0.0531
[YOLOv5] epoch 78/100 running
[YOLOv5] validation: all       1000        641      0.745     0.0831      0.105     0.0462
[YOLOv5] epoch 79/100 running
[YOLOv5] validation: all       1000        641      0.804     0.0933      0.123     0.0518
[YOLOv5] epoch 80/100 running
[YOLOv5] validation: all       1000        641      0.826      0.087       0.11     0.0474
[YOLOv5] epoch 81/100 running
[YOLOv5] validation: all       1000        641      0.878     0.0878      0.107     0.0464
[YOLOv5] epoch 82/100 running
[YOLOv5] validation: all       1000        641      0.772     0.0868      0.107     0.0475
[YOLOv5] epoch 83/100 running
[YOLOv5] validation: all       1000        641      0.886     0.0887      0.105     0.0467
[YOLOv5] epoch 84/100 running
[YOLOv5] validation: all       1000        641      0.849     0.0941      0.108      0.046
[YOLOv5] epoch 85/100 running
[YOLOv5] validation: all       1000        641      0.773     0.0898       0.11     0.0481
[YOLOv5] epoch 86/100 running
[YOLOv5] validation: all       1000        641      0.794     0.0985      0.124     0.0518
[YOLOv5] epoch 87/100 running
[YOLOv5] validation: all       1000        641      0.894      0.086      0.108     0.0498
[YOLOv5] epoch 88/100 running
[YOLOv5] validation: all       1000        641      0.812     0.0949      0.118      0.052
[YOLOv5] epoch 89/100 running
[YOLOv5] validation: all       1000        641      0.757     0.0897      0.118     0.0521
[YOLOv5] epoch 90/100 running
[YOLOv5] validation: all       1000        641      0.737      0.084      0.116     0.0511
[YOLOv5] epoch 91/100 running
[YOLOv5] validation: all       1000        641      0.891     0.0872      0.112     0.0515
[YOLOv5] epoch 92/100 running
[YOLOv5] validation: all       1000        641       0.77     0.0878      0.114     0.0523
[YOLOv5] epoch 93/100 running
[YOLOv5] validation: all       1000        641      0.769     0.0891       0.11     0.0502
[YOLOv5] epoch 94/100 running
[YOLOv5] validation: all       1000        641      0.804     0.0893      0.121     0.0522
[YOLOv5] epoch 95/100 running
[YOLOv5] validation: all       1000        641      0.807     0.0862      0.115     0.0511
[YOLOv5] epoch 96/100 running
[YOLOv5] validation: all       1000        641      0.803     0.0855      0.114     0.0529
[YOLOv5] epoch 97/100 running
[YOLOv5] validation: all       1000        641      0.816     0.0946      0.123     0.0527
[YOLOv5] epoch 98/100 running
[YOLOv5] validation: all       1000        641      0.797     0.0902      0.118     0.0518
[YOLOv5] epoch 99/100 running
[YOLOv5] validation: all       1000        641      0.793      0.089       0.12     0.0528
[YOLOv5] epoch 100/100 running
[YOLOv5] validation: all       1000        641      0.816     0.0923      0.121     0.0531
[YOLOv5] 100 epochs completed in 0.175 hours.
[YOLOv5] validation: all       1000        641       0.81      0.114      0.135     0.0582
[Task] training completed: 852.6s
[Task] evaluating: checkpoint=last, group=test, samples=1000
[YOLOv5] validation: all       1000        614       0.75      0.103      0.127     0.0411
[Task] evaluation: checkpoint=last, group=test, mAP50-95=0.0411, mAP50=0.1271, time=73.7s
[Task] evaluating: checkpoint=best, group=test, samples=1000
[YOLOv5] validation: all       1000        614      0.759       0.11      0.123     0.0413
[Task] evaluation: checkpoint=best, group=test, mAP50-95=0.0413, mAP50=0.1226, time=73.3s
[Task] completed: evaluation=147.1s, output=/home/lijinhe/work/YOLO_Retraining/runs/studies/balance_learning_curve_2batch/sequences/Balance_Learning_Curve_random_s43__seq-full-cold__stage0-stage7__yolov5s__s42/tasks/000__stage0__full-cold
[Task] output: /home/lijinhe/work/YOLO_Retraining/runs/studies/balance_learning_curve_2batch/sequences/Balance_Learning_Curve_random_s43__seq-full-cold__stage0-stage7__yolov5s__s42/tasks/001__stage1__full-cold
[Task] data: current=1000, candidate=2000, validation=1000, test=1000
[Task] selection: policy=full, selected=2000, groups={'candidate': 2000}, time=0.001s
[Task] training: backend=yolov5, epochs=100, batch=64, device=0
[YOLOv5] epoch 1/100 running
[YOLOv5] validation: all       1000        641   0.000177      0.118   0.000163    3.9e-05
[YOLOv5] epoch 2/100 running
[YOLOv5] validation: all       1000        641      0.796     0.0159     0.0152    0.00362
[YOLOv5] epoch 3/100 running
[YOLOv5] validation: all       1000        641      0.785     0.0329     0.0219     0.0064
[YOLOv5] epoch 4/100 running
[YOLOv5] validation: all       1000        641      0.795     0.0348     0.0239    0.00843
[YOLOv5] epoch 5/100 running
[YOLOv5] validation: all       1000        641      0.813     0.0366      0.025    0.00833
[YOLOv5] epoch 6/100 running
[YOLOv5] validation: all       1000        641      0.811     0.0415     0.0289     0.0112
[YOLOv5] epoch 7/100 running
[YOLOv5] validation: all       1000        641      0.809      0.039     0.0299     0.0103
[YOLOv5] epoch 8/100 running
[YOLOv5] validation: all       1000        641      0.796     0.0537     0.0301     0.0106
[YOLOv5] epoch 9/100 running
[YOLOv5] validation: all       1000        641      0.808     0.0524     0.0357     0.0112
[YOLOv5] epoch 10/100 running
[YOLOv5] validation: all       1000        641      0.809      0.053     0.0341     0.0132
[YOLOv5] epoch 11/100 running
[YOLOv5] validation: all       1000        641      0.824     0.0524     0.0412     0.0145
[YOLOv5] epoch 12/100 running
[YOLOv5] validation: all       1000        641      0.815     0.0476     0.0373     0.0145
[YOLOv5] epoch 13/100 running
[YOLOv5] validation: all       1000        641      0.833     0.0482     0.0484     0.0165
[YOLOv5] epoch 14/100 running
[YOLOv5] validation: all       1000        641      0.858       0.06     0.0653      0.023
[YOLOv5] epoch 15/100 running
[YOLOv5] validation: all       1000        641      0.827     0.0646     0.0507     0.0212
[YOLOv5] epoch 16/100 running
[YOLOv5] validation: all       1000        641      0.837     0.0518     0.0452     0.0181
[YOLOv5] epoch 17/100 running
[YOLOv5] validation: all       1000        641      0.828     0.0579     0.0477     0.0166
[YOLOv5] epoch 18/100 running
[YOLOv5] validation: all       1000        641      0.844     0.0665     0.0604      0.025
[YOLOv5] epoch 19/100 running
[YOLOv5] validation: all       1000        641      0.867     0.0665     0.0654     0.0254
[YOLOv5] epoch 20/100 running
[YOLOv5] validation: all       1000        641      0.868     0.0648     0.0741     0.0291
[YOLOv5] epoch 21/100 running
[YOLOv5] validation: all       1000        641      0.832     0.0771      0.067     0.0259
[YOLOv5] epoch 22/100 running
[YOLOv5] validation: all       1000        641      0.627     0.0792     0.0726     0.0257
[YOLOv5] epoch 23/100 running
[YOLOv5] validation: all       1000        641       0.65     0.0996     0.0756     0.0275
[YOLOv5] epoch 24/100 running
[YOLOv5] validation: all       1000        641       0.86      0.061     0.0828     0.0275
[YOLOv5] epoch 25/100 running
[YOLOv5] validation: all       1000        641      0.854     0.0634     0.0681     0.0251
[YOLOv5] epoch 26/100 running
[YOLOv5] validation: all       1000        641      0.619      0.077     0.0591     0.0207
[YOLOv5] epoch 27/100 running
[YOLOv5] validation: all       1000        641      0.875     0.0799     0.0892     0.0321
[YOLOv5] epoch 28/100 running
[YOLOv5] validation: all       1000        641      0.776     0.0849     0.0716      0.028
[YOLOv5] epoch 29/100 running
[YOLOv5] validation: all       1000        641      0.674     0.0919     0.0862     0.0285
[YOLOv5] epoch 30/100 running
[YOLOv5] validation: all       1000        641      0.881     0.0671     0.0964     0.0372
[YOLOv5] epoch 31/100 running
[YOLOv5] validation: all       1000        641      0.714        0.1     0.0932     0.0327
[YOLOv5] epoch 32/100 running
[YOLOv5] validation: all       1000        641      0.644     0.0934     0.0935     0.0342
[YOLOv5] epoch 33/100 running
[YOLOv5] validation: all       1000        641      0.667     0.0706     0.0693     0.0272
[YOLOv5] epoch 34/100 running
[YOLOv5] validation: all       1000        641      0.806     0.0667     0.0811     0.0314
[YOLOv5] epoch 35/100 running
[YOLOv5] validation: all       1000        641      0.886     0.0713     0.0762     0.0284
[YOLOv5] epoch 36/100 running
[YOLOv5] validation: all       1000        641      0.659     0.0904     0.0785     0.0247
[YOLOv5] epoch 37/100 running
[YOLOv5] validation: all       1000        641      0.864     0.0811     0.0778     0.0286
[YOLOv5] epoch 38/100 running
[YOLOv5] validation: all       1000        641       0.88     0.0756     0.0906     0.0351
[YOLOv5] epoch 39/100 running
[YOLOv5] validation: all       1000        641      0.728      0.107       0.11     0.0407
[YOLOv5] epoch 40/100 running
[YOLOv5] validation: all       1000        641      0.711     0.0961     0.0952      0.038
[YOLOv5] epoch 41/100 running
[YOLOv5] validation: all       1000        641      0.777     0.0801      0.086     0.0337
[YOLOv5] epoch 42/100 running
[YOLOv5] validation: all       1000        641      0.782     0.0865     0.0969     0.0347
[YOLOv5] epoch 43/100 running
[YOLOv5] validation: all       1000        641      0.667      0.087     0.0878     0.0334
[YOLOv5] epoch 44/100 running
[YOLOv5] validation: all       1000        641      0.643      0.117     0.0866     0.0319
[YOLOv5] epoch 45/100 running
[YOLOv5] validation: all       1000        641      0.724     0.0829     0.0882     0.0343
[YOLOv5] epoch 46/100 running
[YOLOv5] validation: all       1000        641      0.655     0.0935     0.0963     0.0354
[YOLOv5] epoch 47/100 running
[YOLOv5] validation: all       1000        641      0.674     0.0997      0.106     0.0392
[YOLOv5] epoch 48/100 running
[YOLOv5] validation: all       1000        641      0.701      0.105      0.105     0.0389
[YOLOv5] epoch 49/100 running
[YOLOv5] validation: all       1000        641      0.693      0.114       0.12     0.0456
[YOLOv5] epoch 50/100 running
[YOLOv5] validation: all       1000        641      0.692      0.119      0.119     0.0477
[YOLOv5] epoch 51/100 running
[YOLOv5] validation: all       1000        641      0.677      0.103     0.0988     0.0367
[YOLOv5] epoch 52/100 running
[YOLOv5] validation: all       1000        641      0.687      0.109      0.117     0.0468
[YOLOv5] epoch 53/100 running
[YOLOv5] validation: all       1000        641      0.686     0.0953     0.0976     0.0395
[YOLOv5] epoch 54/100 running
[YOLOv5] validation: all       1000        641      0.837     0.0982      0.109     0.0398
[YOLOv5] epoch 55/100 running
[YOLOv5] validation: all       1000        641      0.723       0.12      0.122     0.0477
[YOLOv5] epoch 56/100 running
[YOLOv5] validation: all       1000        641      0.743     0.0963      0.108     0.0443
[YOLOv5] epoch 57/100 running
[YOLOv5] validation: all       1000        641        0.8     0.0859      0.109     0.0426
[YOLOv5] epoch 58/100 running
[YOLOv5] validation: all       1000        641      0.782     0.0871     0.0966     0.0371
[YOLOv5] epoch 59/100 running
[YOLOv5] validation: all       1000        641      0.811     0.0941      0.109     0.0416
[YOLOv5] epoch 60/100 running
[YOLOv5] validation: all       1000        641       0.81     0.0864     0.0976      0.038
[YOLOv5] epoch 61/100 running
[YOLOv5] validation: all       1000        641      0.777     0.0747      0.094     0.0395
[YOLOv5] epoch 62/100 running
[YOLOv5] validation: all       1000        641      0.764     0.0918        0.1      0.039
[YOLOv5] epoch 63/100 running
[YOLOv5] validation: all       1000        641      0.677      0.103      0.103     0.0409
[YOLOv5] epoch 64/100 running
[YOLOv5] validation: all       1000        641      0.686     0.0943      0.103     0.0412
[YOLOv5] epoch 65/100 running
[YOLOv5] validation: all       1000        641      0.731       0.11      0.115     0.0432
[YOLOv5] epoch 66/100 running
[YOLOv5] validation: all       1000        641      0.695      0.108      0.117     0.0468
[YOLOv5] epoch 67/100 running
[YOLOv5] validation: all       1000        641      0.733      0.102      0.112     0.0432
[YOLOv5] epoch 68/100 running
[YOLOv5] validation: all       1000        641      0.683      0.104      0.106     0.0406
[YOLOv5] epoch 69/100 running
[YOLOv5] validation: all       1000        641      0.675      0.101      0.103     0.0427
[YOLOv5] epoch 70/100 running
[YOLOv5] validation: all       1000        641      0.735      0.099      0.109      0.044
[YOLOv5] epoch 71/100 running
[YOLOv5] validation: all       1000        641      0.691      0.103      0.112     0.0441
[YOLOv5] epoch 72/100 running
[YOLOv5] validation: all       1000        641      0.681     0.0955     0.0906     0.0351
[YOLOv5] epoch 73/100 running
[YOLOv5] validation: all       1000        641      0.699     0.0899     0.0906     0.0367
[YOLOv5] epoch 74/100 running
[YOLOv5] validation: all       1000        641      0.734      0.107      0.118      0.045
[YOLOv5] epoch 75/100 running
[YOLOv5] validation: all       1000        641      0.732     0.0906      0.101     0.0399
[YOLOv5] epoch 76/100 running
[YOLOv5] validation: all       1000        641      0.792     0.0836     0.0938     0.0384
[YOLOv5] epoch 77/100 running
[YOLOv5] validation: all       1000        641      0.714      0.107      0.107     0.0414
[YOLOv5] epoch 78/100 running
[YOLOv5] validation: all       1000        641      0.687     0.0858     0.0924     0.0368
[YOLOv5] epoch 79/100 running
[YOLOv5] validation: all       1000        641      0.727     0.0908       0.11     0.0449
[YOLOv5] epoch 80/100 running
[YOLOv5] validation: all       1000        641      0.707       0.11      0.112     0.0428
[YOLOv5] epoch 81/100 running
[YOLOv5] validation: all       1000        641      0.804     0.0835      0.102     0.0397
[YOLOv5] epoch 82/100 running
[YOLOv5] validation: all       1000        641      0.697      0.096      0.105     0.0425
[YOLOv5] epoch 83/100 running
[YOLOv5] validation: all       1000        641      0.754     0.0917      0.107     0.0447
[YOLOv5] epoch 84/100 running
[YOLOv5] validation: all       1000        641       0.73     0.0947      0.114     0.0463
[YOLOv5] epoch 85/100 running
[YOLOv5] validation: all       1000        641      0.695     0.0908      0.105     0.0417
[YOLOv5] epoch 86/100 running
[YOLOv5] validation: all       1000        641      0.712     0.0953      0.111     0.0452
[YOLOv5] epoch 87/100 running
[YOLOv5] validation: all       1000        641      0.799     0.0889      0.117     0.0452
[YOLOv5] epoch 88/100 running
[YOLOv5] validation: all       1000        641      0.696      0.104      0.118     0.0474
[YOLOv5] epoch 89/100 running
[YOLOv5] validation: all       1000        641      0.723     0.0962      0.106     0.0413
[YOLOv5] epoch 90/100 running
[YOLOv5] validation: all       1000        641      0.725     0.0929      0.109     0.0425
[YOLOv5] epoch 91/100 running
[YOLOv5] validation: all       1000        641       0.76     0.0841      0.104     0.0429
[YOLOv5] epoch 92/100 running
[YOLOv5] validation: all       1000        641      0.742     0.0923      0.113     0.0467
[YOLOv5] epoch 93/100 running
[YOLOv5] validation: all       1000        641      0.708     0.0944      0.114      0.046
[YOLOv5] epoch 94/100 running
[YOLOv5] validation: all       1000        641       0.71     0.0989      0.112     0.0467
[YOLOv5] epoch 95/100 running
[YOLOv5] validation: all       1000        641      0.692     0.0961      0.114     0.0462
[YOLOv5] epoch 96/100 running
[YOLOv5] validation: all       1000        641      0.738     0.0958      0.114     0.0454
[YOLOv5] epoch 97/100 running
[YOLOv5] validation: all       1000        641      0.731     0.0971      0.113     0.0467
[YOLOv5] epoch 98/100 running
[YOLOv5] validation: all       1000        641      0.712     0.0969      0.115     0.0473
[YOLOv5] epoch 99/100 running
[YOLOv5] validation: all       1000        641      0.727     0.0938      0.113     0.0469
[YOLOv5] epoch 100/100 running
[YOLOv5] validation: all       1000        641      0.753     0.0883      0.113     0.0466
[YOLOv5] 100 epochs completed in 0.317 hours.
[YOLOv5] validation: all       1000        641      0.722       0.12      0.122     0.0477
[Task] training completed: 1350.5s
[Task] evaluating: checkpoint=last, group=test, samples=1000
[YOLOv5] validation: all       1000        614      0.733      0.148      0.154     0.0542
[Task] evaluation: checkpoint=last, group=test, mAP50-95=0.0542, mAP50=0.1543, time=74.0s
[Task] evaluating: checkpoint=best, group=test, samples=1000
[YOLOv5] validation: all       1000        614      0.684      0.152      0.143      0.051
[Task] evaluation: checkpoint=best, group=test, mAP50-95=0.0510, mAP50=0.1435, time=83.7s
[Task] completed: evaluation=157.7s, output=/home/lijinhe/work/YOLO_Retraining/runs/studies/balance_learning_curve_2batch/sequences/Balance_Learning_Curve_random_s43__seq-full-cold__stage0-stage7__yolov5s__s42/tasks/001__stage1__full-cold
[Task] output: /home/lijinhe/work/YOLO_Retraining/runs/studies/balance_learning_curve_2batch/sequences/Balance_Learning_Curve_random_s43__seq-full-cold__stage0-stage7__yolov5s__s42/tasks/002__stage2__full-cold
[Task] data: current=998, candidate=2998, validation=1000, test=1000
[Task] selection: policy=full, selected=2998, groups={'candidate': 2998}, time=0.001s
[Task] training: backend=yolov5, epochs=100, batch=64, device=0
[YOLOv5] epoch 1/100 running
[YOLOv5] validation: all       1000        641   0.000875      0.302    0.00295   0.000792
[YOLOv5] epoch 2/100 running
[YOLOv5] validation: all       1000        641      0.777       0.05     0.0722     0.0234
[YOLOv5] epoch 3/100 running
[YOLOv5] validation: all       1000        641       0.62      0.136      0.107     0.0267
[YOLOv5] epoch 4/100 running
[YOLOv5] validation: all       1000        641      0.618      0.181      0.121     0.0422
[YOLOv5] epoch 5/100 running
[YOLOv5] validation: all       1000        641      0.669      0.127      0.104     0.0344
[YOLOv5] epoch 6/100 running
[YOLOv5] validation: all       1000        641      0.614      0.125      0.123     0.0349
[YOLOv5] epoch 7/100 running
[YOLOv5] validation: all       1000        641      0.637      0.125      0.116     0.0371
[YOLOv5] epoch 8/100 running
[YOLOv5] validation: all       1000        641      0.665      0.156      0.147     0.0541
[YOLOv5] epoch 9/100 running
[YOLOv5] validation: all       1000        641      0.666      0.181      0.156     0.0636
[YOLOv5] epoch 10/100 running
[YOLOv5] validation: all       1000        641      0.695      0.141      0.145     0.0544
[YOLOv5] epoch 11/100 running
[YOLOv5] validation: all       1000        641      0.633       0.12      0.137      0.057
[YOLOv5] epoch 12/100 running
[YOLOv5] validation: all       1000        641      0.765      0.127      0.153     0.0543
[YOLOv5] epoch 13/100 running
[YOLOv5] validation: all       1000        641      0.698      0.155       0.14     0.0525
[YOLOv5] epoch 14/100 running
[YOLOv5] validation: all       1000        641      0.738      0.151      0.207     0.0718
[YOLOv5] epoch 15/100 running
[YOLOv5] validation: all       1000        641      0.494      0.229      0.181     0.0728
[YOLOv5] epoch 16/100 running
[YOLOv5] validation: all       1000        641      0.551      0.231      0.208     0.0815
[YOLOv5] epoch 17/100 running
[YOLOv5] validation: all       1000        641      0.547      0.233      0.222     0.0867
[YOLOv5] epoch 18/100 running
[YOLOv5] validation: all       1000        641      0.538      0.223      0.223     0.0912
[YOLOv5] epoch 19/100 running
[YOLOv5] validation: all       1000        641      0.564      0.222      0.214     0.0849
[YOLOv5] epoch 20/100 running
[YOLOv5] validation: all       1000        641      0.549      0.238      0.214     0.0968
[YOLOv5] epoch 21/100 running
[YOLOv5] validation: all       1000        641      0.532      0.235      0.218     0.0879
[YOLOv5] epoch 22/100 running
[YOLOv5] validation: all       1000        641      0.609       0.26       0.27      0.101
[YOLOv5] epoch 23/100 running
[YOLOv5] validation: all       1000        641      0.609      0.222      0.222     0.0812
[YOLOv5] epoch 24/100 running
[YOLOv5] validation: all       1000        641      0.583      0.263      0.251     0.0999
[YOLOv5] epoch 25/100 running
[YOLOv5] validation: all       1000        641      0.619      0.288      0.281      0.119
[YOLOv5] epoch 26/100 running
[YOLOv5] validation: all       1000        641      0.635      0.293      0.267      0.109
[YOLOv5] epoch 27/100 running
[YOLOv5] validation: all       1000        641      0.542      0.316      0.262      0.112
[YOLOv5] epoch 28/100 running
[YOLOv5] validation: all       1000        641      0.645      0.293      0.298      0.129
[YOLOv5] epoch 29/100 running
[YOLOv5] validation: all       1000        641       0.76      0.175      0.185     0.0734
[YOLOv5] epoch 30/100 running
[YOLOv5] validation: all       1000        641      0.612      0.261       0.26      0.111
[YOLOv5] epoch 31/100 running
[YOLOv5] validation: all       1000        641      0.542       0.22      0.222     0.0952
[YOLOv5] epoch 32/100 running
[YOLOv5] validation: all       1000        641      0.595      0.283      0.276      0.115
[YOLOv5] epoch 33/100 running
[YOLOv5] validation: all       1000        641      0.728      0.256       0.29      0.121
[YOLOv5] epoch 34/100 running
[YOLOv5] validation: all       1000        641      0.596      0.258      0.238     0.0957
[YOLOv5] epoch 35/100 running
[YOLOv5] validation: all       1000        641      0.664      0.268      0.282      0.131
[YOLOv5] epoch 36/100 running
[YOLOv5] validation: all       1000        641      0.624      0.215      0.212     0.0811
[YOLOv5] epoch 37/100 running
[YOLOv5] validation: all       1000        641      0.644      0.278       0.28      0.104
[YOLOv5] epoch 38/100 running
[YOLOv5] validation: all       1000        641      0.625      0.302      0.294      0.127
[YOLOv5] epoch 39/100 running
[YOLOv5] validation: all       1000        641      0.761       0.26      0.295      0.135
[YOLOv5] epoch 40/100 running
[YOLOv5] validation: all       1000        641      0.666        0.3      0.295      0.122
[YOLOv5] epoch 41/100 running
[YOLOv5] validation: all       1000        641      0.619      0.269      0.284      0.127
[YOLOv5] epoch 42/100 running
[YOLOv5] validation: all       1000        641       0.67       0.29      0.282       0.12
[YOLOv5] epoch 43/100 running
[YOLOv5] validation: all       1000        641      0.743      0.289        0.3      0.121
[YOLOv5] epoch 44/100 running
[YOLOv5] validation: all       1000        641      0.746      0.212      0.263     0.0971
[YOLOv5] epoch 45/100 running
[YOLOv5] validation: all       1000        641      0.638      0.282      0.284      0.115
[YOLOv5] epoch 46/100 running
[YOLOv5] validation: all       1000        641      0.722      0.277      0.307      0.129
[YOLOv5] epoch 47/100 running
[YOLOv5] validation: all       1000        641      0.699      0.255      0.273      0.115
[YOLOv5] epoch 48/100 running
[YOLOv5] validation: all       1000        641      0.735      0.264      0.307      0.139
[YOLOv5] epoch 49/100 running
[YOLOv5] validation: all       1000        641      0.645      0.324      0.319      0.139
[YOLOv5] epoch 50/100 running
[YOLOv5] validation: all       1000        641       0.67      0.267      0.306      0.127
[YOLOv5] epoch 51/100 running
[YOLOv5] validation: all       1000        641      0.668       0.28      0.292      0.119
[YOLOv5] epoch 52/100 running
[YOLOv5] validation: all       1000        641       0.67      0.271      0.293      0.127
[YOLOv5] epoch 53/100 running
[YOLOv5] validation: all       1000        641      0.696       0.28      0.302      0.129
[YOLOv5] epoch 54/100 running
[YOLOv5] validation: all       1000        641      0.706      0.273      0.302      0.132
[YOLOv5] epoch 55/100 running
[YOLOv5] validation: all       1000        641       0.64      0.267      0.277      0.121
[YOLOv5] epoch 56/100 running
[YOLOv5] validation: all       1000        641      0.668      0.275      0.293      0.131
[YOLOv5] epoch 57/100 running
[YOLOv5] validation: all       1000        641      0.686      0.283      0.298      0.123
[YOLOv5] epoch 58/100 running
[YOLOv5] validation: all       1000        641      0.662      0.302      0.311      0.119
[YOLOv5] epoch 59/100 running
[YOLOv5] validation: all       1000        641      0.701      0.262      0.285      0.122
[YOLOv5] epoch 60/100 running
[YOLOv5] validation: all       1000        641       0.64      0.277      0.281      0.121
[YOLOv5] epoch 61/100 running
[YOLOv5] validation: all       1000        641      0.766      0.285      0.323      0.138
[YOLOv5] epoch 62/100 running
[YOLOv5] validation: all       1000        641      0.662      0.284       0.29      0.118
[YOLOv5] epoch 63/100 running
[YOLOv5] validation: all       1000        641       0.67      0.295      0.304      0.126
[YOLOv5] epoch 64/100 running
[YOLOv5] validation: all       1000        641      0.673      0.307      0.312      0.145
[YOLOv5] epoch 65/100 running
[YOLOv5] validation: all       1000        641      0.739      0.255      0.282      0.117
[YOLOv5] epoch 66/100 running
[YOLOv5] validation: all       1000        641      0.763      0.251      0.288      0.135
[YOLOv5] epoch 67/100 running
[YOLOv5] validation: all       1000        641      0.671      0.283      0.295      0.131
[YOLOv5] epoch 68/100 running
[YOLOv5] validation: all       1000        641      0.709      0.293      0.324      0.142
[YOLOv5] epoch 69/100 running
[YOLOv5] validation: all       1000        641      0.661      0.266       0.28      0.113
[YOLOv5] epoch 70/100 running
[YOLOv5] validation: all       1000        641      0.691      0.279      0.305      0.135
[YOLOv5] epoch 71/100 running
[YOLOv5] validation: all       1000        641      0.645      0.243      0.265       0.11
[YOLOv5] epoch 72/100 running
[YOLOv5] validation: all       1000        641      0.713      0.258      0.296      0.122
[YOLOv5] epoch 73/100 running
[YOLOv5] validation: all       1000        641      0.659      0.287      0.307      0.126
[YOLOv5] epoch 74/100 running
[YOLOv5] validation: all       1000        641      0.693      0.256      0.292      0.124
[YOLOv5] epoch 75/100 running
[YOLOv5] validation: all       1000        641      0.696      0.265      0.294       0.12
[YOLOv5] epoch 76/100 running
[YOLOv5] validation: all       1000        641      0.712      0.291      0.318      0.139
[YOLOv5] epoch 77/100 running
[YOLOv5] validation: all       1000        641      0.708      0.287      0.319      0.141
[YOLOv5] epoch 78/100 running
[YOLOv5] validation: all       1000        641      0.658      0.293      0.302      0.133
[YOLOv5] epoch 79/100 running
[YOLOv5] validation: all       1000        641      0.671      0.277      0.289      0.127
[YOLOv5] epoch 80/100 running
[YOLOv5] validation: all       1000        641      0.684      0.261      0.283      0.127
[YOLOv5] epoch 81/100 running
[YOLOv5] validation: all       1000        641      0.656      0.294      0.293      0.133
[YOLOv5] epoch 82/100 running
[YOLOv5] validation: all       1000        641      0.691      0.292      0.302       0.13
[YOLOv5] epoch 83/100 running
[YOLOv5] validation: all       1000        641      0.711      0.272      0.298      0.134
[YOLOv5] epoch 84/100 running
[YOLOv5] validation: all       1000        641      0.764       0.28      0.316       0.14
[YOLOv5] epoch 85/100 running
[YOLOv5] validation: all       1000        641      0.669      0.275      0.282      0.133
[YOLOv5] epoch 86/100 running
[YOLOv5] validation: all       1000        641      0.686      0.262      0.291      0.132
[YOLOv5] epoch 87/100 running
[YOLOv5] validation: all       1000        641      0.728      0.269      0.303      0.136
[YOLOv5] epoch 88/100 running
[YOLOv5] validation: all       1000        641      0.698      0.281      0.291      0.134
[YOLOv5] epoch 89/100 running
[YOLOv5] validation: all       1000        641      0.684      0.274      0.291      0.133
[YOLOv5] epoch 90/100 running
[YOLOv5] validation: all       1000        641      0.753      0.255      0.299      0.135
[YOLOv5] epoch 91/100 running
[YOLOv5] validation: all       1000        641      0.679       0.27      0.296      0.137
[YOLOv5] epoch 92/100 running
[YOLOv5] validation: all       1000        641      0.659      0.288      0.292       0.13
[YOLOv5] epoch 93/100 running
[YOLOv5] validation: all       1000        641      0.676      0.277      0.294      0.132
[YOLOv5] epoch 94/100 running
[YOLOv5] validation: all       1000        641      0.705      0.286      0.307      0.133
[YOLOv5] epoch 95/100 running
[YOLOv5] validation: all       1000        641      0.693      0.277      0.298      0.134
[YOLOv5] epoch 96/100 running
[YOLOv5] validation: all       1000        641      0.716      0.272      0.302      0.134
[YOLOv5] epoch 97/100 running
[YOLOv5] validation: all       1000        641      0.731      0.265      0.303      0.135
[YOLOv5] epoch 98/100 running
[YOLOv5] validation: all       1000        641      0.716      0.265      0.299      0.135
[YOLOv5] epoch 99/100 running
[YOLOv5] validation: all       1000        641      0.707       0.27      0.296      0.133
[YOLOv5] epoch 100/100 running
[YOLOv5] validation: all       1000        641      0.747      0.263      0.305      0.135
[YOLOv5] 100 epochs completed in 0.463 hours.
[YOLOv5] validation: all       1000        641      0.709      0.292      0.324      0.142
[Task] training completed: 1889.2s
[Task] evaluating: checkpoint=last, group=test, samples=1000
[YOLOv5] validation: all       1000        614      0.715      0.317      0.356      0.132
[Task] evaluation: checkpoint=last, group=test, mAP50-95=0.1325, mAP50=0.3561, time=75.8s
[Task] evaluating: checkpoint=best, group=test, samples=1000
[YOLOv5] validation: all       1000        614      0.666      0.328      0.345      0.124
[Task] evaluation: checkpoint=best, group=test, mAP50-95=0.1244, mAP50=0.3451, time=79.5s
[Task] completed: evaluation=155.2s, output=/home/lijinhe/work/YOLO_Retraining/runs/studies/balance_learning_curve_2batch/sequences/Balance_Learning_Curve_random_s43__seq-full-cold__stage0-stage7__yolov5s__s42/tasks/002__stage2__full-cold
[Task] output: /home/lijinhe/work/YOLO_Retraining/runs/studies/balance_learning_curve_2batch/sequences/Balance_Learning_Curve_random_s43__seq-full-cold__stage0-stage7__yolov5s__s42/tasks/003__stage3__full-cold
[Task] data: current=1000, candidate=3998, validation=1000, test=1000
[Task] selection: policy=full, selected=3998, groups={'candidate': 3998}, time=0.001s
[Task] training: backend=yolov5, epochs=100, batch=64, device=0
[YOLOv5] epoch 1/100 running
[YOLOv5] validation: all       1000        641   0.000974      0.218     0.0052    0.00174
[YOLOv5] epoch 2/100 running
[YOLOv5] validation: all       1000        641      0.828     0.0415      0.107     0.0387
[YOLOv5] epoch 3/100 running
[YOLOv5] validation: all       1000        641      0.653     0.0935     0.0966     0.0329
[YOLOv5] epoch 4/100 running
[YOLOv5] validation: all       1000        641      0.605     0.0524     0.0345     0.0109
[YOLOv5] epoch 5/100 running
[YOLOv5] validation: all       1000        641      0.641      0.121      0.117     0.0442
[YOLOv5] epoch 6/100 running
[YOLOv5] validation: all       1000        641      0.618     0.0673     0.0576     0.0206
[YOLOv5] epoch 7/100 running
[YOLOv5] validation: all       1000        641      0.666       0.15      0.136     0.0511
[YOLOv5] epoch 8/100 running
[YOLOv5] validation: all       1000        641      0.713      0.146      0.158     0.0554
[YOLOv5] epoch 9/100 running
[YOLOv5] validation: all       1000        641      0.654      0.131      0.122     0.0454
[YOLOv5] epoch 10/100 running
[YOLOv5] validation: all       1000        641      0.718      0.168       0.19     0.0705
[YOLOv5] epoch 11/100 running
[YOLOv5] validation: all       1000        641       0.74      0.131      0.146     0.0579
[YOLOv5] epoch 12/100 running
[YOLOv5] validation: all       1000        641      0.685      0.141       0.15     0.0572
[YOLOv5] epoch 13/100 running
[YOLOv5] validation: all       1000        641      0.431        0.2      0.191     0.0785
[YOLOv5] epoch 14/100 running
[YOLOv5] validation: all       1000        641      0.695      0.169      0.168     0.0666
[YOLOv5] epoch 15/100 running
[YOLOv5] validation: all       1000        641      0.426      0.188      0.162     0.0663
[YOLOv5] epoch 16/100 running
[YOLOv5] validation: all       1000        641      0.778      0.172      0.222       0.09
[YOLOv5] epoch 17/100 running
[YOLOv5] validation: all       1000        641      0.479      0.211      0.183     0.0599
[YOLOv5] epoch 18/100 running
[YOLOv5] validation: all       1000        641      0.763      0.196      0.252      0.108
[YOLOv5] epoch 19/100 running
[YOLOv5] validation: all       1000        641      0.701       0.13       0.12      0.047
[YOLOv5] epoch 20/100 running
[YOLOv5] validation: all       1000        641       0.53      0.261       0.21     0.0871
[YOLOv5] epoch 21/100 running
[YOLOv5] validation: all       1000        641      0.475      0.273      0.246      0.101
[YOLOv5] epoch 22/100 running
[YOLOv5] validation: all       1000        641      0.569      0.254      0.271      0.105
[YOLOv5] epoch 23/100 running
[YOLOv5] validation: all       1000        641       0.61      0.264      0.262      0.102
[YOLOv5] epoch 24/100 running
[YOLOv5] validation: all       1000        641      0.631      0.287      0.287       0.11
[YOLOv5] epoch 25/100 running
[YOLOv5] validation: all       1000        641      0.586      0.285       0.27      0.113
[YOLOv5] epoch 26/100 running
[YOLOv5] validation: all       1000        641      0.617      0.264       0.26      0.111
[YOLOv5] epoch 27/100 running
[YOLOv5] validation: all       1000        641      0.606      0.261       0.27      0.116
[YOLOv5] epoch 28/100 running
[YOLOv5] validation: all       1000        641      0.498      0.201      0.192     0.0804
[YOLOv5] epoch 29/100 running
[YOLOv5] validation: all       1000        641      0.623      0.266      0.274      0.111
[YOLOv5] epoch 30/100 running
[YOLOv5] validation: all       1000        641      0.695      0.255      0.302      0.131
[YOLOv5] epoch 31/100 running
[YOLOv5] validation: all       1000        641      0.701      0.227      0.262      0.106
[YOLOv5] epoch 32/100 running
[YOLOv5] validation: all       1000        641      0.674      0.272      0.311      0.144
[YOLOv5] epoch 33/100 running
[YOLOv5] validation: all       1000        641      0.714      0.278      0.313      0.135
[YOLOv5] epoch 34/100 running
[YOLOv5] validation: all       1000        641      0.609      0.289      0.275       0.11
[YOLOv5] epoch 35/100 running
[YOLOv5] validation: all       1000        641      0.694      0.228      0.282      0.124
[YOLOv5] epoch 36/100 running
[YOLOv5] validation: all       1000        641        0.6      0.286      0.295      0.139
[YOLOv5] epoch 37/100 running
[YOLOv5] validation: all       1000        641      0.609      0.263       0.26      0.105
[YOLOv5] epoch 38/100 running
[YOLOv5] validation: all       1000        641      0.686      0.267      0.306      0.131
[YOLOv5] epoch 39/100 running
[YOLOv5] validation: all       1000        641      0.727      0.246       0.28      0.125
[YOLOv5] epoch 40/100 running
[YOLOv5] validation: all       1000        641      0.624      0.252      0.254      0.105
[YOLOv5] epoch 41/100 running
[YOLOv5] validation: all       1000        641      0.739      0.241      0.277      0.122
[YOLOv5] epoch 42/100 running
[YOLOv5] validation: all       1000        641      0.736      0.213      0.247       0.11
[YOLOv5] epoch 43/100 running
[YOLOv5] validation: all       1000        641      0.699      0.254      0.281       0.11
[YOLOv5] epoch 44/100 running
[YOLOv5] validation: all       1000        641      0.667      0.268      0.289      0.116
[YOLOv5] epoch 45/100 running
[YOLOv5] validation: all       1000        641      0.586      0.323      0.326      0.133
[YOLOv5] epoch 46/100 running
[YOLOv5] validation: all       1000        641      0.686      0.292      0.322      0.135
[YOLOv5] epoch 47/100 running
[YOLOv5] validation: all       1000        641      0.664      0.301      0.303      0.124
[YOLOv5] epoch 48/100 running
[YOLOv5] validation: all       1000        641      0.676      0.271       0.29      0.121
[YOLOv5] epoch 49/100 running
[YOLOv5] validation: all       1000        641       0.62       0.27      0.264      0.123
[YOLOv5] epoch 50/100 running
[YOLOv5] validation: all       1000        641       0.69      0.256      0.274      0.114
[YOLOv5] epoch 51/100 running
[YOLOv5] validation: all       1000        641      0.692      0.293      0.319      0.135
[YOLOv5] epoch 52/100 running
[YOLOv5] validation: all       1000        641      0.612       0.26      0.284      0.123
[YOLOv5] epoch 53/100 running
[YOLOv5] validation: all       1000        641      0.607      0.293      0.295      0.127
[YOLOv5] epoch 54/100 running
[YOLOv5] validation: all       1000        641      0.728      0.265      0.299      0.132
[YOLOv5] epoch 55/100 running
[YOLOv5] validation: all       1000        641      0.648      0.283      0.285      0.122
[YOLOv5] epoch 56/100 running
[YOLOv5] validation: all       1000        641      0.642      0.282      0.292      0.127
[YOLOv5] epoch 57/100 running
[YOLOv5] validation: all       1000        641      0.635      0.244      0.269      0.114
[YOLOv5] epoch 58/100 running
[YOLOv5] validation: all       1000        641      0.624      0.301      0.296      0.127
[YOLOv5] epoch 59/100 running
[YOLOv5] validation: all       1000        641      0.686      0.239      0.279      0.123
[YOLOv5] epoch 60/100 running
[YOLOv5] validation: all       1000        641      0.611      0.294      0.302      0.135
[YOLOv5] epoch 61/100 running
[YOLOv5] validation: all       1000        641       0.59      0.307      0.282      0.124
[YOLOv5] epoch 62/100 running
[YOLOv5] validation: all       1000        641      0.675      0.264      0.283      0.131
[YOLOv5] epoch 63/100 running
[YOLOv5] validation: all       1000        641      0.706      0.266        0.3      0.133
[YOLOv5] epoch 64/100 running
[YOLOv5] validation: all       1000        641      0.661      0.279      0.284      0.115
[YOLOv5] epoch 65/100 running
[YOLOv5] validation: all       1000        641       0.72      0.266      0.295      0.124
[YOLOv5] epoch 66/100 running
[YOLOv5] validation: all       1000        641      0.671      0.283      0.304      0.129
[YOLOv5] epoch 67/100 running
[YOLOv5] validation: all       1000        641      0.631      0.314      0.297      0.125
[YOLOv5] epoch 68/100 running
[YOLOv5] validation: all       1000        641      0.628      0.329      0.318      0.131
[YOLOv5] epoch 69/100 running
[YOLOv5] validation: all       1000        641      0.627      0.285       0.29      0.118
[YOLOv5] epoch 70/100 running
[YOLOv5] validation: all       1000        641      0.658      0.282      0.281      0.113
[YOLOv5] epoch 71/100 running
[YOLOv5] validation: all       1000        641      0.697      0.269      0.308      0.131
[YOLOv5] epoch 72/100 running
[YOLOv5] validation: all       1000        641      0.639      0.291        0.3      0.125
[YOLOv5] epoch 73/100 running
[YOLOv5] validation: all       1000        641      0.678       0.31      0.314      0.139
[YOLOv5] epoch 74/100 running
[YOLOv5] validation: all       1000        641      0.657      0.311      0.316      0.136
[YOLOv5] epoch 75/100 running
[YOLOv5] validation: all       1000        641      0.651      0.313      0.321      0.138
[YOLOv5] epoch 76/100 running
[YOLOv5] validation: all       1000        641      0.655      0.296      0.299      0.126
[YOLOv5] epoch 77/100 running
[YOLOv5] validation: all       1000        641      0.673      0.285      0.306      0.124
[YOLOv5] epoch 78/100 running
[YOLOv5] validation: all       1000        641      0.655      0.314      0.311      0.131
[YOLOv5] epoch 79/100 running
[YOLOv5] validation: all       1000        641       0.67      0.298      0.306      0.132
[YOLOv5] epoch 80/100 running
[YOLOv5] validation: all       1000        641      0.661      0.331      0.317      0.133
[YOLOv5] epoch 81/100 running
[YOLOv5] validation: all       1000        641      0.647       0.31      0.319      0.134
[YOLOv5] epoch 82/100 running
[YOLOv5] validation: all       1000        641      0.668      0.318      0.329      0.142
[YOLOv5] epoch 83/100 running
[YOLOv5] validation: all       1000        641      0.677      0.281      0.318      0.134
[YOLOv5] epoch 84/100 running
[YOLOv5] validation: all       1000        641      0.691      0.297      0.312      0.135
[YOLOv5] epoch 85/100 running
[YOLOv5] validation: all       1000        641      0.677      0.304      0.311      0.133
[YOLOv5] epoch 86/100 running
[YOLOv5] validation: all       1000        641      0.657      0.317      0.311      0.134
[YOLOv5] epoch 87/100 running
[YOLOv5] validation: all       1000        641      0.678      0.318      0.312       0.14
[YOLOv5] epoch 88/100 running
[YOLOv5] validation: all       1000        641      0.701      0.302      0.321      0.133
[YOLOv5] epoch 89/100 running
[YOLOv5] validation: all       1000        641      0.674      0.287      0.311      0.132
[YOLOv5] epoch 90/100 running
[YOLOv5] validation: all       1000        641      0.659      0.313      0.314      0.132
[YOLOv5] epoch 91/100 running
[YOLOv5] validation: all       1000        641      0.699      0.277       0.31      0.135
[YOLOv5] epoch 92/100 running
[YOLOv5] validation: all       1000        641      0.719      0.271      0.307      0.132
[YOLOv5] epoch 93/100 running
[YOLOv5] validation: all       1000        641      0.653      0.315      0.317      0.133
[YOLOv5] epoch 94/100 running
[YOLOv5] validation: all       1000        641      0.643      0.328      0.321      0.136
[YOLOv5] epoch 95/100 running
[YOLOv5] validation: all       1000        641      0.639      0.323      0.313      0.134
[YOLOv5] epoch 96/100 running
[YOLOv5] validation: all       1000        641      0.662      0.302      0.314      0.138
[YOLOv5] epoch 97/100 running
[YOLOv5] validation: all       1000        641      0.647      0.318      0.319      0.138
[YOLOv5] epoch 98/100 running
[YOLOv5] validation: all       1000        641      0.684      0.307      0.322       0.14
[YOLOv5] epoch 99/100 running
[YOLOv5] validation: all       1000        641      0.672      0.317      0.319      0.139
[YOLOv5] epoch 100/100 running
[YOLOv5] validation: all       1000        641      0.663      0.324      0.312      0.136
[YOLOv5] 100 epochs completed in 0.609 hours.
[YOLOv5] validation: all       1000        641      0.667      0.318       0.33      0.142
[Task] training completed: 2411.9s
[Task] evaluating: checkpoint=last, group=test, samples=1000
[YOLOv5] validation: all       1000        614       0.72      0.313      0.367      0.137
[Task] evaluation: checkpoint=last, group=test, mAP50-95=0.1370, mAP50=0.3669, time=70.6s
[Task] evaluating: checkpoint=best, group=test, samples=1000
[YOLOv5] validation: all       1000        614       0.69      0.333      0.364      0.137
[Task] evaluation: checkpoint=best, group=test, mAP50-95=0.1372, mAP50=0.3644, time=81.8s
[Task] completed: evaluation=152.5s, output=/home/lijinhe/work/YOLO_Retraining/runs/studies/balance_learning_curve_2batch/sequences/Balance_Learning_Curve_random_s43__seq-full-cold__stage0-stage7__yolov5s__s42/tasks/003__stage3__full-cold
[Task] output: /home/lijinhe/work/YOLO_Retraining/runs/studies/balance_learning_curve_2batch/sequences/Balance_Learning_Curve_random_s43__seq-full-cold__stage0-stage7__yolov5s__s42/tasks/004__stage4__full-cold
[Task] data: current=575, candidate=4573, validation=1000, test=1000
[Task] selection: policy=full, selected=4573, groups={'candidate': 4573}, time=0.003s
[Task] training: backend=yolov5, epochs=100, batch=64, device=0
[YOLOv5] epoch 1/100 running
[YOLOv5] validation: all       1000        641      0.795     0.0439     0.0223    0.00613
[YOLOv5] epoch 2/100 running
[YOLOv5] validation: all       1000        641      0.819     0.0488     0.0998      0.034
[YOLOv5] epoch 3/100 running
[YOLOv5] validation: all       1000        641      0.676      0.121     0.0789      0.028
[YOLOv5] epoch 4/100 running
[YOLOv5] validation: all       1000        641      0.607      0.166     0.0757     0.0242
[YOLOv5] epoch 5/100 running
[YOLOv5] validation: all       1000        641      0.704      0.137      0.164     0.0566
[YOLOv5] epoch 6/100 running
[YOLOv5] validation: all       1000        641      0.622      0.129       0.11     0.0389
[YOLOv5] epoch 7/100 running
[YOLOv5] validation: all       1000        641      0.683      0.121      0.115     0.0383
[YOLOv5] epoch 8/100 running
[YOLOv5] validation: all       1000        641      0.652      0.153      0.124     0.0526
[YOLOv5] epoch 9/100 running
[YOLOv5] validation: all       1000        641      0.689       0.16      0.156     0.0587
[YOLOv5] epoch 10/100 running
[YOLOv5] validation: all       1000        641      0.707      0.146      0.153     0.0631
[YOLOv5] epoch 11/100 running
[YOLOv5] validation: all       1000        641      0.707      0.164       0.16     0.0615
[YOLOv5] epoch 12/100 running
[YOLOv5] validation: all       1000        641      0.712       0.19      0.209      0.078
[YOLOv5] epoch 13/100 running
[YOLOv5] validation: all       1000        641       0.49      0.238      0.216     0.0934
[YOLOv5] epoch 14/100 running
[YOLOv5] validation: all       1000        641       0.76      0.174      0.194     0.0825
[YOLOv5] epoch 15/100 running
[YOLOv5] validation: all       1000        641      0.764      0.191      0.221     0.0926
[YOLOv5] epoch 16/100 running
[YOLOv5] validation: all       1000        641      0.471      0.205      0.202     0.0833
[YOLOv5] epoch 17/100 running
[YOLOv5] validation: all       1000        641      0.521      0.208      0.223      0.103
[YOLOv5] epoch 18/100 running
[YOLOv5] validation: all       1000        641      0.788      0.133      0.189     0.0857
[YOLOv5] epoch 19/100 running
[YOLOv5] validation: all       1000        641      0.794      0.201      0.265      0.117
[YOLOv5] epoch 20/100 running
[YOLOv5] validation: all       1000        641      0.581      0.261      0.271      0.116
[YOLOv5] epoch 21/100 running
[YOLOv5] validation: all       1000        641      0.474      0.183      0.192     0.0745
[YOLOv5] epoch 22/100 running
[YOLOv5] validation: all       1000        641      0.797      0.202      0.245      0.101
[YOLOv5] epoch 23/100 running
[YOLOv5] validation: all       1000        641      0.556      0.231      0.226     0.0972
[YOLOv5] epoch 24/100 running
[YOLOv5] validation: all       1000        641      0.584      0.234      0.234     0.0993
[YOLOv5] epoch 25/100 running
[YOLOv5] validation: all       1000        641      0.548       0.29      0.268       0.12
[YOLOv5] epoch 26/100 running
[YOLOv5] validation: all       1000        641      0.512      0.333      0.252        0.1
[YOLOv5] epoch 27/100 running
[YOLOv5] validation: all       1000        641       0.64      0.192      0.229       0.09
[YOLOv5] epoch 28/100 running
[YOLOv5] validation: all       1000        641      0.636      0.247      0.294      0.124
[YOLOv5] epoch 29/100 running
[YOLOv5] validation: all       1000        641      0.565      0.304      0.288      0.125
[YOLOv5] epoch 30/100 running
[YOLOv5] validation: all       1000        641      0.579       0.27       0.28      0.125
[YOLOv5] epoch 31/100 running
[YOLOv5] validation: all       1000        641      0.751      0.202      0.246      0.112
[YOLOv5] epoch 32/100 running
[YOLOv5] validation: all       1000        641        0.7      0.272      0.302      0.134
[YOLOv5] epoch 33/100 running
[YOLOv5] validation: all       1000        641      0.666      0.257      0.281      0.122
[YOLOv5] epoch 34/100 running
[YOLOv5] validation: all       1000        641       0.61      0.262      0.281      0.117
[YOLOv5] epoch 35/100 running
[YOLOv5] validation: all       1000        641      0.616      0.295      0.293      0.129
[YOLOv5] epoch 36/100 running
[YOLOv5] validation: all       1000        641      0.667      0.259      0.288       0.13
[YOLOv5] epoch 37/100 running
[YOLOv5] validation: all       1000        641      0.592      0.318      0.313      0.136
[YOLOv5] epoch 38/100 running
[YOLOv5] validation: all       1000        641      0.715      0.271      0.298      0.123
[YOLOv5] epoch 39/100 running
[YOLOv5] validation: all       1000        641      0.682      0.269      0.303      0.134
[YOLOv5] epoch 40/100 running
[YOLOv5] validation: all       1000        641      0.546      0.266      0.283      0.123
[YOLOv5] epoch 41/100 running
[YOLOv5] validation: all       1000        641      0.641      0.268      0.303       0.14
[YOLOv5] epoch 42/100 running
[YOLOv5] validation: all       1000        641      0.688      0.279      0.301      0.131
[YOLOv5] epoch 43/100 running
[YOLOv5] validation: all       1000        641      0.605      0.327      0.319      0.143
[YOLOv5] epoch 44/100 running
[YOLOv5] validation: all       1000        641      0.621      0.283      0.291      0.117
[YOLOv5] epoch 45/100 running
[YOLOv5] validation: all       1000        641      0.702      0.291      0.321      0.142
[YOLOv5] epoch 46/100 running
[YOLOv5] validation: all       1000        641      0.715      0.265      0.302      0.128
[YOLOv5] epoch 47/100 running
[YOLOv5] validation: all       1000        641      0.672      0.264      0.292      0.124
[YOLOv5] epoch 48/100 running
[YOLOv5] validation: all       1000        641      0.665      0.307      0.318      0.141
[YOLOv5] epoch 49/100 running
[YOLOv5] validation: all       1000        641      0.633      0.261      0.283      0.123
[YOLOv5] epoch 50/100 running
[YOLOv5] validation: all       1000        641        0.6      0.267      0.264      0.114
[YOLOv5] epoch 51/100 running
[YOLOv5] validation: all       1000        641      0.628      0.317      0.304      0.136
[YOLOv5] epoch 52/100 running
[YOLOv5] validation: all       1000        641      0.672      0.282      0.305      0.141
[YOLOv5] epoch 53/100 running
[YOLOv5] validation: all       1000        641      0.633      0.313      0.291      0.121
[YOLOv5] epoch 54/100 running
[YOLOv5] validation: all       1000        641      0.703      0.258      0.299      0.143
[YOLOv5] epoch 55/100 running
[YOLOv5] validation: all       1000        641      0.619      0.284      0.279      0.124
[YOLOv5] epoch 56/100 running
[YOLOv5] validation: all       1000        641      0.698      0.256       0.29      0.123
[YOLOv5] epoch 57/100 running
[YOLOv5] validation: all       1000        641      0.654      0.265      0.278      0.126
[YOLOv5] epoch 58/100 running
[YOLOv5] validation: all       1000        641      0.653      0.266      0.303      0.128
[YOLOv5] epoch 59/100 running
[YOLOv5] validation: all       1000        641      0.725      0.263      0.327      0.142
[YOLOv5] epoch 60/100 running
[YOLOv5] validation: all       1000        641      0.698      0.333       0.34      0.155
[YOLOv5] epoch 61/100 running
[YOLOv5] validation: all       1000        641       0.65      0.307      0.314      0.143
[YOLOv5] epoch 62/100 running
[YOLOv5] validation: all       1000        641      0.618      0.306       0.31      0.144
[YOLOv5] epoch 63/100 running
[YOLOv5] validation: all       1000        641      0.722      0.259      0.281      0.134
[YOLOv5] epoch 64/100 running
[YOLOv5] validation: all       1000        641      0.706      0.267      0.306      0.141
[YOLOv5] epoch 65/100 running
[YOLOv5] validation: all       1000        641      0.657      0.298      0.307      0.139
[YOLOv5] epoch 66/100 running
[YOLOv5] validation: all       1000        641      0.622      0.317      0.316       0.15
[YOLOv5] epoch 67/100 running
[YOLOv5] validation: all       1000        641      0.671      0.257      0.286      0.129
[YOLOv5] epoch 68/100 running
[YOLOv5] validation: all       1000        641      0.724      0.249      0.291      0.136
[YOLOv5] epoch 69/100 running
[YOLOv5] validation: all       1000        641      0.639       0.31      0.305      0.134
[YOLOv5] epoch 70/100 running
[YOLOv5] validation: all       1000        641      0.721      0.257      0.293      0.138
[YOLOv5] epoch 71/100 running
[YOLOv5] validation: all       1000        641      0.744      0.255      0.309      0.139
[YOLOv5] epoch 72/100 running
[YOLOv5] validation: all       1000        641      0.778      0.245      0.297      0.132
[YOLOv5] epoch 73/100 running
[YOLOv5] validation: all       1000        641       0.76      0.258      0.304      0.146
[YOLOv5] epoch 74/100 running
[YOLOv5] validation: all       1000        641      0.752      0.258        0.3      0.143
[YOLOv5] epoch 75/100 running
[YOLOv5] validation: all       1000        641      0.709       0.28      0.314      0.146
[YOLOv5] epoch 76/100 running
[YOLOv5] validation: all       1000        641      0.696      0.286      0.313      0.143
[YOLOv5] epoch 77/100 running
[YOLOv5] validation: all       1000        641      0.751      0.247      0.306      0.138
[YOLOv5] epoch 78/100 running
[YOLOv5] validation: all       1000        641      0.698      0.276      0.303       0.14
[YOLOv5] epoch 79/100 running
[YOLOv5] validation: all       1000        641      0.757      0.249      0.302      0.147
[YOLOv5] epoch 80/100 running
[YOLOv5] validation: all       1000        641      0.751      0.247      0.296      0.135
[YOLOv5] epoch 81/100 running
[YOLOv5] validation: all       1000        641       0.75      0.263        0.3      0.141
[YOLOv5] epoch 82/100 running
[YOLOv5] validation: all       1000        641      0.781      0.245      0.305      0.139
[YOLOv5] epoch 83/100 running
[YOLOv5] validation: all       1000        641       0.75      0.264      0.306      0.142
[YOLOv5] epoch 84/100 running
[YOLOv5] validation: all       1000        641      0.734      0.264      0.308      0.149
[YOLOv5] epoch 85/100 running
[YOLOv5] validation: all       1000        641      0.741      0.261      0.305      0.144
[YOLOv5] epoch 86/100 running
[YOLOv5] validation: all       1000        641      0.814      0.249      0.303      0.139
[YOLOv5] epoch 87/100 running
[YOLOv5] validation: all       1000        641      0.795      0.239      0.301      0.141
[YOLOv5] epoch 88/100 running
[YOLOv5] validation: all       1000        641      0.727      0.267      0.308      0.147
[YOLOv5] epoch 89/100 running
[YOLOv5] validation: all       1000        641      0.756      0.265      0.301      0.146
[YOLOv5] epoch 90/100 running
[YOLOv5] validation: all       1000        641       0.73      0.264      0.301      0.142
[YOLOv5] epoch 91/100 running
[YOLOv5] validation: all       1000        641      0.751      0.254      0.297      0.139
[YOLOv5] epoch 92/100 running
[YOLOv5] validation: all       1000        641      0.729       0.24      0.294      0.141
[YOLOv5] epoch 93/100 running
[YOLOv5] validation: all       1000        641      0.732      0.254      0.302      0.143
[YOLOv5] epoch 94/100 running
[YOLOv5] validation: all       1000        641      0.728      0.265      0.303      0.145
[YOLOv5] epoch 95/100 running
[YOLOv5] validation: all       1000        641      0.697      0.258      0.298       0.14
[YOLOv5] epoch 96/100 running
[YOLOv5] validation: all       1000        641      0.721      0.267      0.308      0.142
[YOLOv5] epoch 97/100 running
[YOLOv5] validation: all       1000        641      0.728      0.259      0.299      0.138
[YOLOv5] epoch 98/100 running
[YOLOv5] validation: all       1000        641      0.775      0.253      0.301      0.141
[YOLOv5] epoch 99/100 running
[YOLOv5] validation: all       1000        641      0.753      0.263      0.303      0.142
[YOLOv5] epoch 100/100 running
[YOLOv5] validation: all       1000        641       0.77      0.266      0.312      0.143
[YOLOv5] 100 epochs completed in 0.844 hours.
[YOLOv5] validation: all       1000        641      0.698      0.333      0.341      0.155
[Task] training completed: 3265.0s
[Task] evaluating: checkpoint=last, group=test, samples=1000
[YOLOv5] validation: all       1000        614      0.688      0.328      0.345      0.128
[Task] evaluation: checkpoint=last, group=test, mAP50-95=0.1275, mAP50=0.3452, time=85.6s
[Task] evaluating: checkpoint=best, group=test, samples=1000
[YOLOv5] validation: all       1000        614      0.645      0.362      0.361      0.136
[Task] evaluation: checkpoint=best, group=test, mAP50-95=0.1362, mAP50=0.3607, time=81.1s
[Task] completed: evaluation=166.8s, output=/home/lijinhe/work/YOLO_Retraining/runs/studies/balance_learning_curve_2batch/sequences/Balance_Learning_Curve_random_s43__seq-full-cold__stage0-stage7__yolov5s__s42/tasks/004__stage4__full-cold
[Task] output: /home/lijinhe/work/YOLO_Retraining/runs/studies/balance_learning_curve_2batch/sequences/Balance_Learning_Curve_random_s43__seq-full-cold__stage0-stage7__yolov5s__s42/tasks/005__stage5__full-cold
[Task] data: current=1000, candidate=5573, validation=1000, test=1000
[Task] selection: policy=full, selected=5573, groups={'candidate': 5573}, time=0.004s
[Task] training: backend=yolov5, epochs=100, batch=64, device=0
[YOLOv5] epoch 1/100 running
[YOLOv5] validation: all       1000        641      0.502      0.146     0.0222    0.00712
[YOLOv5] epoch 2/100 running
[YOLOv5] validation: all       1000        641      0.627      0.108     0.0943       0.03
[YOLOv5] epoch 3/100 running
[YOLOv5] validation: all       1000        641       0.74     0.0745     0.0773     0.0323
[YOLOv5] epoch 4/100 running
[YOLOv5] validation: all       1000        641       0.64      0.134      0.118      0.041
[YOLOv5] epoch 5/100 running
[YOLOv5] validation: all       1000        641      0.655      0.113     0.0796     0.0221
[YOLOv5] epoch 6/100 running
[YOLOv5] validation: all       1000        641       0.69      0.161      0.169     0.0578
[YOLOv5] epoch 7/100 running
[YOLOv5] validation: all       1000        641      0.727      0.118      0.108     0.0432
[YOLOv5] epoch 8/100 running
[YOLOv5] validation: all       1000        641      0.718      0.207      0.209     0.0819
[YOLOv5] epoch 9/100 running
[YOLOv5] validation: all       1000        641      0.764      0.156      0.203     0.0874
[YOLOv5] epoch 10/100 running
[YOLOv5] validation: all       1000        641      0.753      0.166       0.21     0.0848
[YOLOv5] epoch 11/100 running
[YOLOv5] validation: all       1000        641      0.819      0.171      0.226     0.0868
[YOLOv5] epoch 12/100 running
[YOLOv5] validation: all       1000        641      0.789      0.205      0.256       0.11
[YOLOv5] epoch 13/100 running
[YOLOv5] validation: all       1000        641       0.81      0.193      0.281      0.122
[YOLOv5] epoch 14/100 running
[YOLOv5] validation: all       1000        641      0.758      0.176      0.239     0.0877
[YOLOv5] epoch 15/100 running
[YOLOv5] validation: all       1000        641      0.619      0.294       0.31      0.139
[YOLOv5] epoch 16/100 running
[YOLOv5] validation: all       1000        641      0.837      0.219      0.319      0.135
[YOLOv5] epoch 17/100 running
[YOLOv5] validation: all       1000        641      0.622      0.338      0.343      0.138
[YOLOv5] epoch 18/100 running
[YOLOv5] validation: all       1000        641      0.661      0.327      0.316      0.141
[YOLOv5] epoch 19/100 running
[YOLOv5] validation: all       1000        641      0.716      0.294      0.316       0.13
[YOLOv5] epoch 20/100 running
[YOLOv5] validation: all       1000        641      0.713      0.298      0.353       0.15
[YOLOv5] epoch 21/100 running
[YOLOv5] validation: all       1000        641      0.666      0.294      0.342      0.147
[YOLOv5] epoch 22/100 running
[YOLOv5] validation: all       1000        641      0.677      0.231      0.292      0.129
[YOLOv5] epoch 23/100 running
[YOLOv5] validation: all       1000        641      0.737      0.287      0.342      0.163
[YOLOv5] epoch 24/100 running
[YOLOv5] validation: all       1000        641      0.804      0.282       0.33      0.147
[YOLOv5] epoch 25/100 running
[YOLOv5] validation: all       1000        641      0.722      0.259      0.306      0.134
[YOLOv5] epoch 26/100 running
[YOLOv5] validation: all       1000        641      0.652      0.312      0.336      0.148
[YOLOv5] epoch 27/100 running
[YOLOv5] validation: all       1000        641      0.703        0.3      0.316      0.148
[YOLOv5] epoch 28/100 running
[YOLOv5] validation: all       1000        641      0.729      0.297      0.359      0.164
[YOLOv5] epoch 29/100 running
[YOLOv5] validation: all       1000        641        0.7      0.333      0.346       0.15
[YOLOv5] epoch 30/100 running
[YOLOv5] validation: all       1000        641      0.732       0.27      0.298      0.121
[YOLOv5] epoch 31/100 running
[YOLOv5] validation: all       1000        641      0.727      0.313      0.347      0.157
[YOLOv5] epoch 32/100 running
[YOLOv5] validation: all       1000        641      0.757      0.324      0.379      0.178
[YOLOv5] epoch 33/100 running
[YOLOv5] validation: all       1000        641      0.741      0.335      0.389      0.184
[YOLOv5] epoch 34/100 running
[YOLOv5] validation: all       1000        641      0.745      0.307      0.355      0.172
[YOLOv5] epoch 35/100 running
[YOLOv5] validation: all       1000        641       0.68      0.331      0.357      0.172
[YOLOv5] epoch 36/100 running
[YOLOv5] validation: all       1000        641      0.723       0.33      0.363      0.165
[YOLOv5] epoch 37/100 running
[YOLOv5] validation: all       1000        641      0.752      0.289      0.337      0.169
[YOLOv5] epoch 38/100 running
[YOLOv5] validation: all       1000        641      0.721      0.303      0.344      0.147
[YOLOv5] epoch 39/100 running
[YOLOv5] validation: all       1000        641      0.799      0.273      0.329      0.144
[YOLOv5] epoch 40/100 running
[YOLOv5] validation: all       1000        641      0.756      0.314      0.364      0.167
[YOLOv5] epoch 41/100 running
[YOLOv5] validation: all       1000        641      0.784      0.324      0.361      0.181
[YOLOv5] epoch 42/100 running
[YOLOv5] validation: all       1000        641      0.757      0.328      0.377      0.172
[YOLOv5] epoch 43/100 running
[YOLOv5] validation: all       1000        641      0.758      0.349      0.407      0.197
[YOLOv5] epoch 44/100 running
[YOLOv5] validation: all       1000        641      0.808      0.287       0.35      0.163
[YOLOv5] epoch 45/100 running
[YOLOv5] validation: all       1000        641      0.737      0.343      0.396      0.196
[YOLOv5] epoch 46/100 running
[YOLOv5] validation: all       1000        641      0.745      0.342      0.361      0.167
[YOLOv5] epoch 47/100 running
[YOLOv5] validation: all       1000        641      0.811      0.361      0.411      0.186
[YOLOv5] epoch 48/100 running
[YOLOv5] validation: all       1000        641      0.809      0.315      0.372      0.176
[YOLOv5] epoch 49/100 running
[YOLOv5] validation: all       1000        641      0.796      0.345      0.412      0.187
[YOLOv5] epoch 50/100 running
[YOLOv5] validation: all       1000        641      0.748      0.348      0.379      0.183
[YOLOv5] epoch 51/100 running
[YOLOv5] validation: all       1000        641      0.756      0.297      0.366      0.163
[YOLOv5] epoch 52/100 running
[YOLOv5] validation: all       1000        641      0.761      0.368      0.407      0.182
[YOLOv5] epoch 53/100 running
[YOLOv5] validation: all       1000        641      0.714      0.377      0.399      0.191
[YOLOv5] epoch 54/100 running
[YOLOv5] validation: all       1000        641      0.748      0.357      0.392      0.183
[YOLOv5] epoch 55/100 running
[YOLOv5] validation: all       1000        641      0.775      0.323      0.372       0.17
[YOLOv5] epoch 56/100 running
[YOLOv5] validation: all       1000        641        0.7      0.367      0.388      0.175
[YOLOv5] epoch 57/100 running
[YOLOv5] validation: all       1000        641      0.722      0.364      0.399      0.193
[YOLOv5] epoch 58/100 running
[YOLOv5] validation: all       1000        641      0.709       0.37      0.388      0.177
[YOLOv5] epoch 59/100 running
[YOLOv5] validation: all       1000        641        0.8      0.323        0.4      0.177
[YOLOv5] epoch 60/100 running
[YOLOv5] validation: all       1000        641      0.728      0.362      0.384      0.182
[YOLOv5] epoch 61/100 running
[YOLOv5] validation: all       1000        641      0.795      0.318       0.38      0.167
[YOLOv5] epoch 62/100 running
[YOLOv5] validation: all       1000        641      0.822      0.316      0.393       0.18
[YOLOv5] epoch 63/100 running
[YOLOv5] validation: all       1000        641      0.825       0.31      0.374      0.171
[YOLOv5] epoch 64/100 running
[YOLOv5] validation: all       1000        641       0.81       0.31      0.363      0.162
[YOLOv5] epoch 65/100 running
[YOLOv5] validation: all       1000        641      0.764      0.362        0.4      0.187
[YOLOv5] epoch 66/100 running
[YOLOv5] validation: all       1000        641      0.735      0.353      0.389      0.173
[YOLOv5] epoch 67/100 running
[YOLOv5] validation: all       1000        641      0.769      0.331      0.386      0.184
[YOLOv5] epoch 68/100 running
[YOLOv5] validation: all       1000        641      0.674      0.368      0.379      0.186
[YOLOv5] epoch 69/100 running
[YOLOv5] validation: all       1000        641      0.781      0.331      0.383      0.185
[YOLOv5] epoch 70/100 running
[YOLOv5] validation: all       1000        641      0.703      0.375        0.4      0.201
[YOLOv5] epoch 71/100 running
[YOLOv5] validation: all       1000        641      0.744      0.351      0.389      0.185
[YOLOv5] epoch 72/100 running
[YOLOv5] validation: all       1000        641      0.815      0.328      0.397      0.188
[YOLOv5] epoch 73/100 running
[YOLOv5] validation: all       1000        641      0.801      0.316      0.378      0.186
[YOLOv5] epoch 74/100 running
[YOLOv5] validation: all       1000        641      0.771      0.339      0.385      0.176
[YOLOv5] epoch 75/100 running
[YOLOv5] validation: all       1000        641      0.761      0.348      0.384       0.18
[YOLOv5] epoch 76/100 running
[YOLOv5] validation: all       1000        641      0.785      0.325      0.382      0.175
[YOLOv5] epoch 77/100 running
[YOLOv5] validation: all       1000        641       0.78      0.364      0.407      0.201
[YOLOv5] epoch 78/100 running
[YOLOv5] validation: all       1000        641      0.754      0.375      0.403      0.187
[YOLOv5] epoch 79/100 running
[YOLOv5] validation: all       1000        641      0.764      0.366      0.379      0.188
[YOLOv5] epoch 80/100 running
[YOLOv5] validation: all       1000        641      0.754      0.361       0.38      0.185
[YOLOv5] epoch 81/100 running
[YOLOv5] validation: all       1000        641      0.776      0.347      0.388      0.186
[YOLOv5] epoch 82/100 running
[YOLOv5] validation: all       1000        641       0.76      0.372      0.388      0.192
[YOLOv5] epoch 83/100 running
[YOLOv5] validation: all       1000        641      0.799       0.34      0.394      0.188
[YOLOv5] epoch 84/100 running
[YOLOv5] validation: all       1000        641      0.781      0.347      0.398      0.192
[YOLOv5] epoch 85/100 running
[YOLOv5] validation: all       1000        641      0.783      0.331      0.381      0.181
[YOLOv5] epoch 86/100 running
[YOLOv5] validation: all       1000        641      0.808      0.321      0.389      0.187
[YOLOv5] epoch 87/100 running
[YOLOv5] validation: all       1000        641      0.851      0.309      0.395      0.188
[YOLOv5] epoch 88/100 running
[YOLOv5] validation: all       1000        641      0.803      0.337      0.387       0.18
[YOLOv5] epoch 89/100 running
[YOLOv5] validation: all       1000        641      0.826      0.327      0.395      0.187
[YOLOv5] epoch 90/100 running
[YOLOv5] validation: all       1000        641      0.805      0.343       0.39      0.187
[YOLOv5] epoch 91/100 running
[YOLOv5] validation: all       1000        641      0.801      0.332      0.394      0.192
[YOLOv5] epoch 92/100 running
[YOLOv5] validation: all       1000        641      0.788      0.355      0.398      0.191
[YOLOv5] epoch 93/100 running
[YOLOv5] validation: all       1000        641      0.757      0.368      0.394      0.192
[YOLOv5] epoch 94/100 running
[YOLOv5] validation: all       1000        641       0.78       0.36      0.398      0.194
[YOLOv5] epoch 95/100 running
[YOLOv5] validation: all       1000        641      0.759      0.361      0.401      0.195
[YOLOv5] epoch 96/100 running
[YOLOv5] validation: all       1000        641      0.791      0.345      0.391      0.196
[YOLOv5] epoch 97/100 running
[YOLOv5] validation: all       1000        641      0.757      0.352      0.393      0.192
[YOLOv5] epoch 98/100 running
[YOLOv5] validation: all       1000        641      0.744      0.359      0.396      0.192
[YOLOv5] epoch 99/100 running
[YOLOv5] validation: all       1000        641      0.781      0.363        0.4      0.194
[YOLOv5] epoch 100/100 running
[YOLOv5] validation: all       1000        641      0.761       0.37      0.396      0.192
[YOLOv5] 100 epochs completed in 1.110 hours.
[YOLOv5] validation: all       1000        641      0.796      0.344      0.412      0.187
[Task] training completed: 4231.0s
[Task] evaluating: checkpoint=last, group=test, samples=1000
[YOLOv5] validation: all       1000        614      0.772      0.374      0.414      0.161
[Task] evaluation: checkpoint=last, group=test, mAP50-95=0.1615, mAP50=0.4140, time=83.4s
[Task] evaluating: checkpoint=best, group=test, samples=1000
[YOLOv5] validation: all       1000        614      0.711      0.385      0.398      0.168
[Task] evaluation: checkpoint=best, group=test, mAP50-95=0.1679, mAP50=0.3980, time=83.5s
[Task] completed: evaluation=166.9s, output=/home/lijinhe/work/YOLO_Retraining/runs/studies/balance_learning_curve_2batch/sequences/Balance_Learning_Curve_random_s43__seq-full-cold__stage0-stage7__yolov5s__s42/tasks/005__stage5__full-cold
[Task] output: /home/lijinhe/work/YOLO_Retraining/runs/studies/balance_learning_curve_2batch/sequences/Balance_Learning_Curve_random_s43__seq-full-cold__stage0-stage7__yolov5s__s42/tasks/006__stage6__full-cold
[Task] data: current=1000, candidate=6573, validation=1000, test=1000
[Task] selection: policy=full, selected=6573, groups={'candidate': 6573}, time=0.003s
[Task] training: backend=yolov5, epochs=100, batch=64, device=0
[YOLOv5] epoch 1/100 running
[YOLOv5] validation: all       1000        641      0.792     0.0427     0.0365    0.00989
[YOLOv5] epoch 2/100 running
[YOLOv5] validation: all       1000        641      0.742      0.153      0.163     0.0603
[YOLOv5] epoch 3/100 running
[YOLOv5] validation: all       1000        641      0.676       0.13       0.14     0.0519
[YOLOv5] epoch 4/100 running
[YOLOv5] validation: all       1000        641      0.601      0.177     0.0537      0.018
[YOLOv5] epoch 5/100 running
[YOLOv5] validation: all       1000        641      0.711       0.13      0.151     0.0573
[YOLOv5] epoch 6/100 running
[YOLOv5] validation: all       1000        641      0.679      0.106      0.037     0.0141
[YOLOv5] epoch 7/100 running
[YOLOv5] validation: all       1000        641      0.778      0.118      0.176     0.0607
[YOLOv5] epoch 8/100 running
[YOLOv5] validation: all       1000        641      0.766      0.185      0.218     0.0824
[YOLOv5] epoch 9/100 running
[YOLOv5] validation: all       1000        641      0.678      0.157      0.106     0.0398
[YOLOv5] epoch 10/100 running
[YOLOv5] validation: all       1000        641      0.739      0.186      0.206     0.0785
[YOLOv5] epoch 11/100 running
[YOLOv5] validation: all       1000        641      0.782      0.172      0.226        0.1
[YOLOv5] epoch 12/100 running
[YOLOv5] validation: all       1000        641      0.775      0.203      0.234      0.107
[YOLOv5] epoch 13/100 running
[YOLOv5] validation: all       1000        641      0.733      0.185      0.224     0.0952
[YOLOv5] epoch 14/100 running
[YOLOv5] validation: all       1000        641      0.757      0.176      0.217     0.0901
[YOLOv5] epoch 15/100 running
[YOLOv5] validation: all       1000        641      0.767      0.216      0.268      0.111
[YOLOv5] epoch 16/100 running
[YOLOv5] validation: all       1000        641      0.809      0.201      0.279      0.112
[YOLOv5] epoch 17/100 running
[YOLOv5] validation: all       1000        641      0.751      0.194      0.262      0.108
[YOLOv5] epoch 18/100 running
[YOLOv5] validation: all       1000        641      0.744      0.222      0.267      0.108
[YOLOv5] epoch 19/100 running
[YOLOv5] validation: all       1000        641        0.6      0.244      0.265      0.113
[YOLOv5] epoch 20/100 running
[YOLOv5] validation: all       1000        641       0.63      0.214      0.256      0.101
[YOLOv5] epoch 21/100 running
[YOLOv5] validation: all       1000        641      0.609      0.319      0.326       0.15
[YOLOv5] epoch 22/100 running
[YOLOv5] validation: all       1000        641      0.564      0.283      0.258      0.121
[YOLOv5] epoch 23/100 running
[YOLOv5] validation: all       1000        641      0.755      0.271      0.343      0.151
[YOLOv5] epoch 24/100 running
[YOLOv5] validation: all       1000        641      0.705      0.246      0.292      0.128
[YOLOv5] epoch 25/100 running
[YOLOv5] validation: all       1000        641      0.692      0.305      0.332      0.141
[YOLOv5] epoch 26/100 running
[YOLOv5] validation: all       1000        641      0.643      0.286      0.284      0.118
[YOLOv5] epoch 27/100 running
[YOLOv5] validation: all       1000        641      0.684      0.318      0.335      0.155
[YOLOv5] epoch 28/100 running
[YOLOv5] validation: all       1000        641      0.645      0.268      0.289      0.129
[YOLOv5] epoch 29/100 running
[YOLOv5] validation: all       1000        641      0.684      0.319      0.344      0.148
[YOLOv5] epoch 30/100 running
[YOLOv5] validation: all       1000        641      0.643      0.341       0.33      0.141
[YOLOv5] epoch 31/100 running
[YOLOv5] validation: all       1000        641      0.677      0.295      0.328       0.14
[YOLOv5] epoch 32/100 running
[YOLOv5] validation: all       1000        641      0.725      0.289      0.338      0.147
[YOLOv5] epoch 33/100 running
[YOLOv5] validation: all       1000        641      0.776      0.301       0.34      0.155
[YOLOv5] epoch 34/100 running
[YOLOv5] validation: all       1000        641       0.71      0.312      0.317      0.135
[YOLOv5] epoch 35/100 running
[YOLOv5] validation: all       1000        641      0.774      0.298      0.333      0.157
[YOLOv5] epoch 36/100 running
[YOLOv5] validation: all       1000        641      0.655      0.358      0.362      0.169
[YOLOv5] epoch 37/100 running
[YOLOv5] validation: all       1000        641      0.663      0.348      0.344      0.157
[YOLOv5] epoch 38/100 running
[YOLOv5] validation: all       1000        641      0.654       0.32      0.326      0.143
[YOLOv5] epoch 39/100 running
[YOLOv5] validation: all       1000        641      0.716      0.325      0.332      0.156
[YOLOv5] epoch 40/100 running
[YOLOv5] validation: all       1000        641      0.695      0.344       0.35      0.174
[YOLOv5] epoch 41/100 running
[YOLOv5] validation: all       1000        641      0.754      0.346       0.39      0.184
[YOLOv5] epoch 42/100 running
[YOLOv5] validation: all       1000        641      0.707      0.345      0.381       0.18
[YOLOv5] epoch 43/100 running
[YOLOv5] validation: all       1000        641      0.751      0.323      0.362      0.178
[YOLOv5] epoch 44/100 running
[YOLOv5] validation: all       1000        641       0.73       0.35      0.373      0.176
[YOLOv5] epoch 45/100 running
[YOLOv5] validation: all       1000        641      0.723      0.326      0.361      0.171
[YOLOv5] epoch 46/100 running
[YOLOv5] validation: all       1000        641      0.808      0.281      0.365      0.168
[YOLOv5] epoch 47/100 running
[YOLOv5] validation: all       1000        641      0.733      0.342      0.379      0.187
[YOLOv5] epoch 48/100 running
[YOLOv5] validation: all       1000        641      0.677      0.314      0.321      0.148
[YOLOv5] epoch 49/100 running
[YOLOv5] validation: all       1000        641      0.733      0.341      0.365      0.176
[YOLOv5] epoch 50/100 running
[YOLOv5] validation: all       1000        641      0.724      0.346       0.36      0.177
[YOLOv5] epoch 51/100 running
[YOLOv5] validation: all       1000        641      0.696      0.342      0.357      0.164
[YOLOv5] epoch 52/100 running
[YOLOv5] validation: all       1000        641      0.752      0.317      0.374      0.178
[YOLOv5] epoch 53/100 running
[YOLOv5] validation: all       1000        641      0.681      0.343      0.363      0.166
[YOLOv5] epoch 54/100 running
[YOLOv5] validation: all       1000        641      0.686      0.346       0.37      0.173
[YOLOv5] epoch 55/100 running
[YOLOv5] validation: all       1000        641      0.725      0.354      0.372      0.175
[YOLOv5] epoch 56/100 running
[YOLOv5] validation: all       1000        641      0.769      0.316      0.362      0.185
[YOLOv5] epoch 57/100 running
[YOLOv5] validation: all       1000        641      0.744      0.325      0.363      0.172
[YOLOv5] epoch 58/100 running
[YOLOv5] validation: all       1000        641      0.736      0.347      0.369      0.181
[YOLOv5] epoch 59/100 running
[YOLOv5] validation: all       1000        641      0.731       0.31      0.349      0.168
[YOLOv5] epoch 60/100 running
[YOLOv5] validation: all       1000        641      0.728      0.357      0.371      0.181
[YOLOv5] epoch 61/100 running
[YOLOv5] validation: all       1000        641      0.743      0.334      0.374      0.182
[YOLOv5] epoch 62/100 running
[YOLOv5] validation: all       1000        641      0.744       0.33      0.364      0.174
[YOLOv5] epoch 63/100 running
[YOLOv5] validation: all       1000        641      0.747       0.33      0.367      0.183
[YOLOv5] epoch 64/100 running
[YOLOv5] validation: all       1000        641      0.718      0.342      0.371      0.183
[YOLOv5] epoch 65/100 running
[YOLOv5] validation: all       1000        641      0.723      0.347      0.352      0.179
[YOLOv5] epoch 66/100 running
[YOLOv5] validation: all       1000        641      0.677      0.358       0.36      0.175
[YOLOv5] epoch 67/100 running
[YOLOv5] validation: all       1000        641      0.802      0.301      0.372      0.188
[YOLOv5] epoch 68/100 running
[YOLOv5] validation: all       1000        641      0.734      0.363      0.394      0.192
[YOLOv5] epoch 69/100 running
[YOLOv5] validation: all       1000        641      0.765      0.318      0.362      0.178
[YOLOv5] epoch 70/100 running
[YOLOv5] validation: all       1000        641      0.718      0.341      0.377      0.188
[YOLOv5] epoch 71/100 running
[YOLOv5] validation: all       1000        641      0.707      0.356      0.376      0.186
[YOLOv5] epoch 72/100 running
[YOLOv5] validation: all       1000        641      0.703      0.352      0.368      0.178
[YOLOv5] epoch 73/100 running
[YOLOv5] validation: all       1000        641      0.723      0.356      0.371      0.177
[YOLOv5] epoch 74/100 running
[YOLOv5] validation: all       1000        641      0.751      0.334      0.381      0.184
[YOLOv5] epoch 75/100 running
[YOLOv5] validation: all       1000        641      0.756      0.348       0.39       0.19
[YOLOv5] epoch 76/100 running
[YOLOv5] validation: all       1000        641      0.744      0.357      0.385      0.188
[YOLOv5] epoch 77/100 running
[YOLOv5] validation: all       1000        641      0.732      0.346      0.375      0.184
[YOLOv5] epoch 78/100 running
[YOLOv5] validation: all       1000        641      0.732       0.35      0.387      0.189
[YOLOv5] epoch 79/100 running
[YOLOv5] validation: all       1000        641       0.73      0.345       0.38      0.188
[YOLOv5] epoch 80/100 running
[YOLOv5] validation: all       1000        641      0.756      0.317      0.373      0.183
[YOLOv5] epoch 81/100 running
[YOLOv5] validation: all       1000        641      0.764      0.322      0.366      0.179
[YOLOv5] epoch 82/100 running
[YOLOv5] validation: all       1000        641      0.763      0.342      0.384      0.187
[YOLOv5] epoch 83/100 running
[YOLOv5] validation: all       1000        641      0.779      0.324      0.383      0.192
[YOLOv5] epoch 84/100 running
[YOLOv5] validation: all       1000        641      0.779      0.328      0.378      0.186
[YOLOv5] epoch 85/100 running
[YOLOv5] validation: all       1000        641      0.717      0.361      0.385      0.195
[YOLOv5] epoch 86/100 running
[YOLOv5] validation: all       1000        641      0.754      0.345      0.382      0.188
[YOLOv5] epoch 87/100 running
[YOLOv5] validation: all       1000        641      0.712      0.367      0.387      0.189
[YOLOv5] epoch 88/100 running
[YOLOv5] validation: all       1000        641       0.72       0.36      0.381      0.188
[YOLOv5] epoch 89/100 running
[YOLOv5] validation: all       1000        641      0.719      0.353      0.377      0.188
[YOLOv5] epoch 90/100 running
[YOLOv5] validation: all       1000        641      0.782      0.317      0.379      0.187
[YOLOv5] epoch 91/100 running
[YOLOv5] validation: all       1000        641      0.715      0.346      0.377      0.189
[YOLOv5] epoch 92/100 running
[YOLOv5] validation: all       1000        641      0.724      0.352      0.378      0.186
[YOLOv5] epoch 93/100 running
[YOLOv5] validation: all       1000        641      0.784      0.322      0.375      0.185
[YOLOv5] epoch 94/100 running
[YOLOv5] validation: all       1000        641      0.796      0.335      0.371      0.185
[YOLOv5] epoch 95/100 running
[YOLOv5] validation: all       1000        641       0.78       0.33      0.369      0.185
[YOLOv5] epoch 96/100 running
[YOLOv5] validation: all       1000        641      0.764      0.337       0.37      0.187
[YOLOv5] epoch 97/100 running
[YOLOv5] validation: all       1000        641      0.746       0.33      0.369       0.19
[YOLOv5] epoch 98/100 running
[YOLOv5] validation: all       1000        641      0.778      0.327      0.369      0.188
[YOLOv5] epoch 99/100 running
[YOLOv5] validation: all       1000        641      0.787      0.325      0.371      0.189
[YOLOv5] epoch 100/100 running
[YOLOv5] validation: all       1000        641      0.802      0.327       0.37      0.185
[YOLOv5] 100 epochs completed in 2.016 hours.
[YOLOv5] validation: all       1000        641      0.733      0.363      0.396      0.192
[Task] training completed: 7498.2s
[Task] evaluating: checkpoint=last, group=test, samples=1000
[YOLOv5] validation: all       1000        614      0.746       0.37      0.405      0.167
[Task] evaluation: checkpoint=last, group=test, mAP50-95=0.1665, mAP50=0.4051, time=105.2s
[Task] evaluating: checkpoint=best, group=test, samples=1000
[YOLOv5] validation: all       1000        614      0.804      0.361       0.43      0.176
[Task] evaluation: checkpoint=best, group=test, mAP50-95=0.1762, mAP50=0.4299, time=112.7s
[Task] completed: evaluation=217.9s, output=/home/lijinhe/work/YOLO_Retraining/runs/studies/balance_learning_curve_2batch/sequences/Balance_Learning_Curve_random_s43__seq-full-cold__stage0-stage7__yolov5s__s42/tasks/006__stage6__full-cold
[Task] output: /home/lijinhe/work/YOLO_Retraining/runs/studies/balance_learning_curve_2batch/sequences/Balance_Learning_Curve_random_s43__seq-full-cold__stage0-stage7__yolov5s__s42/tasks/007__stage7__full-cold
[Task] data: current=1000, candidate=7573, validation=1000, test=1000
[Task] selection: policy=full, selected=7573, groups={'candidate': 7573}, time=0.003s
[Task] training: backend=yolov5, epochs=100, batch=64, device=0
[YOLOv5] epoch 1/100 running
[YOLOv5] validation: all       1000        641      0.793     0.0445     0.0956     0.0347
[YOLOv5] epoch 2/100 running
[YOLOv5] validation: all       1000        641      0.768      0.174        0.2     0.0776
[YOLOv5] epoch 3/100 running
[YOLOv5] validation: all       1000        641      0.511       0.11     0.0954     0.0399
[YOLOv5] epoch 4/100 running
[YOLOv5] validation: all       1000        641      0.802     0.0422     0.0381     0.0146
[YOLOv5] epoch 5/100 running
[YOLOv5] validation: all       1000        641      0.435      0.184      0.122     0.0442
[YOLOv5] epoch 6/100 running
[YOLOv5] validation: all       1000        641      0.641      0.265      0.277     0.0952
[YOLOv5] epoch 7/100 running
[YOLOv5] validation: all       1000        641       0.64      0.297      0.307      0.133
[YOLOv5] epoch 8/100 running
[YOLOv5] validation: all       1000        641      0.582      0.329      0.274      0.108
[YOLOv5] epoch 9/100 running
[YOLOv5] validation: all       1000        641      0.665      0.349      0.362      0.162
[YOLOv5] epoch 10/100 running
[YOLOv5] validation: all       1000        641      0.646      0.373      0.384      0.187
[YOLOv5] epoch 11/100 running
[YOLOv5] validation: all       1000        641      0.713      0.358      0.393      0.187
[YOLOv5] epoch 12/100 running
[YOLOv5] validation: all       1000        641      0.699      0.365      0.384      0.186
[YOLOv5] epoch 13/100 running
[YOLOv5] validation: all       1000        641      0.726      0.291      0.345      0.169
[YOLOv5] epoch 14/100 running
[YOLOv5] validation: all       1000        641      0.753       0.39      0.431      0.191
[YOLOv5] epoch 15/100 running
[YOLOv5] validation: all       1000        641      0.761      0.287      0.355       0.15
[YOLOv5] epoch 16/100 running
[YOLOv5] validation: all       1000        641      0.738      0.355      0.411      0.196
[YOLOv5] epoch 17/100 running
[YOLOv5] validation: all       1000        641      0.759      0.373      0.434      0.217
[YOLOv5] epoch 18/100 running
[YOLOv5] validation: all       1000        641      0.755      0.371      0.402       0.21
[YOLOv5] epoch 19/100 running
[YOLOv5] validation: all       1000        641      0.774      0.363      0.424      0.204
[YOLOv5] epoch 20/100 running
[YOLOv5] validation: all       1000        641      0.735      0.393      0.435      0.219
[YOLOv5] epoch 21/100 running
[YOLOv5] validation: all       1000        641      0.716      0.396      0.423      0.213
[YOLOv5] epoch 22/100 running
[YOLOv5] validation: all       1000        641      0.787       0.38      0.453       0.23
[YOLOv5] epoch 23/100 running
[YOLOv5] validation: all       1000        641      0.761      0.328      0.387       0.19
[YOLOv5] epoch 24/100 running
[YOLOv5] validation: all       1000        641      0.741      0.389      0.441      0.222
[YOLOv5] epoch 25/100 running
[YOLOv5] validation: all       1000        641      0.839      0.365      0.457       0.23
[YOLOv5] epoch 26/100 running
[YOLOv5] validation: all       1000        641      0.737      0.405      0.446      0.216
[YOLOv5] epoch 27/100 running
[YOLOv5] validation: all       1000        641      0.744      0.406      0.427      0.217
[YOLOv5] epoch 28/100 running
[YOLOv5] validation: all       1000        641      0.788      0.425      0.462      0.232
[YOLOv5] epoch 29/100 running
[YOLOv5] validation: all       1000        641      0.815      0.435      0.482      0.237
[YOLOv5] epoch 30/100 running
[YOLOv5] validation: all       1000        641      0.823      0.383      0.451      0.234
[YOLOv5] epoch 31/100 running
[YOLOv5] validation: all       1000        641      0.789      0.389      0.465      0.248
[YOLOv5] epoch 32/100 running
[YOLOv5] validation: all       1000        641      0.788      0.445      0.484      0.241
[YOLOv5] epoch 33/100 running
[YOLOv5] validation: all       1000        641      0.834      0.371      0.446      0.228
[YOLOv5] epoch 34/100 running
[YOLOv5] validation: all       1000        641      0.793      0.412      0.462       0.23
[YOLOv5] epoch 35/100 running
[YOLOv5] validation: all       1000        641       0.73      0.421      0.431      0.223
[YOLOv5] epoch 36/100 running
[YOLOv5] validation: all       1000        641      0.764      0.407      0.443      0.234
[YOLOv5] epoch 37/100 running
[YOLOv5] validation: all       1000        641      0.805      0.424      0.458      0.232
[YOLOv5] epoch 38/100 running
[YOLOv5] validation: all       1000        641      0.767      0.419      0.448      0.223
[YOLOv5] epoch 39/100 running
[YOLOv5] validation: all       1000        641       0.78      0.437      0.478      0.235
[YOLOv5] epoch 40/100 running
[YOLOv5] validation: all       1000        641      0.792      0.424       0.47      0.245
[YOLOv5] epoch 41/100 running
[YOLOv5] validation: all       1000        641      0.818      0.435      0.494      0.265
[YOLOv5] epoch 42/100 running
[YOLOv5] validation: all       1000        641      0.805      0.432      0.474       0.25
[YOLOv5] epoch 43/100 running
[YOLOv5] validation: all       1000        641      0.774      0.419      0.467      0.235
[YOLOv5] epoch 44/100 running
[YOLOv5] validation: all       1000        641      0.757      0.443      0.487       0.26
[YOLOv5] epoch 45/100 running
[YOLOv5] validation: all       1000        641      0.819      0.468      0.498      0.257
[YOLOv5] epoch 46/100 running
[YOLOv5] validation: all       1000        641       0.79      0.414      0.458      0.248
[YOLOv5] epoch 47/100 running
[YOLOv5] validation: all       1000        641      0.783      0.421      0.467      0.249
[YOLOv5] epoch 48/100 running
[YOLOv5] validation: all       1000        641      0.767      0.434      0.475      0.244
[YOLOv5] epoch 49/100 running
[YOLOv5] validation: all       1000        641      0.807      0.448      0.495      0.267
[YOLOv5] epoch 50/100 running
[YOLOv5] validation: all       1000        641      0.788      0.442      0.484      0.273
[YOLOv5] epoch 51/100 running
[YOLOv5] validation: all       1000        641      0.816      0.439      0.475      0.252
[YOLOv5] epoch 52/100 running
[YOLOv5] validation: all       1000        641      0.806      0.429      0.486      0.261
[YOLOv5] epoch 53/100 running
[YOLOv5] validation: all       1000        641      0.784      0.454      0.486      0.269
[YOLOv5] epoch 54/100 running
[YOLOv5] validation: all       1000        641      0.771      0.445      0.482      0.265
[YOLOv5] epoch 55/100 running
[YOLOv5] validation: all       1000        641      0.785      0.427      0.478      0.259
[YOLOv5] epoch 56/100 running
[YOLOv5] validation: all       1000        641      0.818      0.442      0.494      0.267
[YOLOv5] epoch 57/100 running
[YOLOv5] validation: all       1000        641      0.816      0.445      0.496      0.268
[YOLOv5] epoch 58/100 running
[YOLOv5] validation: all       1000        641      0.823       0.45      0.503      0.278
[YOLOv5] epoch 59/100 running
[YOLOv5] validation: all       1000        641      0.842       0.45      0.503      0.278
[YOLOv5] epoch 60/100 running
[YOLOv5] validation: all       1000        641      0.785      0.462      0.492      0.272
[YOLOv5] epoch 61/100 running
[YOLOv5] validation: all       1000        641      0.861      0.433      0.497      0.267
[YOLOv5] epoch 62/100 running
[YOLOv5] validation: all       1000        641      0.787      0.472        0.5      0.278
[YOLOv5] epoch 63/100 running
[YOLOv5] validation: all       1000        641      0.844      0.447      0.497      0.274
[YOLOv5] epoch 64/100 running
[YOLOv5] validation: all       1000        641      0.828      0.426      0.495      0.274
[YOLOv5] epoch 65/100 running
[YOLOv5] validation: all       1000        641      0.848      0.428      0.503      0.273
[YOLOv5] epoch 66/100 running
[YOLOv5] validation: all       1000        641      0.849      0.426      0.492      0.272
[YOLOv5] epoch 67/100 running
[YOLOv5] validation: all       1000        641      0.791      0.456      0.488      0.272
[YOLOv5] epoch 68/100 running
[YOLOv5] validation: all       1000        641      0.801      0.453      0.493      0.281
[YOLOv5] epoch 69/100 running
[YOLOv5] validation: all       1000        641      0.841      0.432      0.497      0.274
[YOLOv5] epoch 70/100 running
[YOLOv5] validation: all       1000        641       0.87      0.446      0.499       0.28
[YOLOv5] epoch 71/100 running
[YOLOv5] validation: all       1000        641      0.838      0.442      0.499      0.281
[YOLOv5] epoch 72/100 running
[YOLOv5] validation: all       1000        641      0.844      0.451        0.5       0.28
[YOLOv5] epoch 73/100 running
[YOLOv5] validation: all       1000        641      0.841       0.43      0.492      0.278
[YOLOv5] epoch 74/100 running
[YOLOv5] validation: all       1000        641      0.854      0.432      0.497       0.28
[YOLOv5] epoch 75/100 running
[YOLOv5] validation: all       1000        641      0.845      0.449      0.498      0.276
[YOLOv5] epoch 76/100 running
[YOLOv5] validation: all       1000        641      0.849      0.446      0.494      0.275
[YOLOv5] epoch 77/100 running
[YOLOv5] validation: all       1000        641      0.839      0.437       0.49      0.274
[YOLOv5] epoch 78/100 running
[YOLOv5] validation: all       1000        641      0.593      0.487      0.514      0.287
[YOLOv5] epoch 79/100 running
[YOLOv5] validation: all       1000        641      0.551      0.454      0.488      0.276
[YOLOv5] epoch 80/100 running
[YOLOv5] validation: all       1000        641      0.572       0.44      0.491      0.278
[YOLOv5] epoch 81/100 running
[YOLOv5] validation: all       1000        641      0.578      0.453        0.5      0.281
[YOLOv5] epoch 82/100 running
[YOLOv5] validation: all       1000        641      0.853      0.446        0.5      0.282
[YOLOv5] epoch 83/100 running
[YOLOv5] validation: all       1000        641      0.824      0.461      0.507      0.281
[YOLOv5] epoch 84/100 running
[YOLOv5] validation: all       1000        641      0.824      0.449        0.5      0.277
[YOLOv5] epoch 85/100 running
[YOLOv5] validation: all       1000        641      0.548      0.463      0.493      0.277
[YOLOv5] epoch 86/100 running
[YOLOv5] validation: all       1000        641      0.804      0.461      0.501      0.277
[YOLOv5] epoch 87/100 running
[YOLOv5] validation: all       1000        641      0.532      0.463      0.499       0.28
[YOLOv5] epoch 88/100 running
[YOLOv5] validation: all       1000        641      0.856      0.415      0.496      0.274
[YOLOv5] epoch 89/100 running
[YOLOv5] validation: all       1000        641      0.842      0.423      0.489      0.273
[YOLOv5] epoch 90/100 running
[YOLOv5] validation: all       1000        641      0.547      0.458      0.495      0.277
[YOLOv5] epoch 91/100 running
[YOLOv5] validation: all       1000        641      0.585      0.443      0.495      0.277
[YOLOv5] epoch 92/100 running
[YOLOv5] validation: all       1000        641      0.857      0.434      0.495      0.278
[YOLOv5] epoch 93/100 running
[YOLOv5] validation: all       1000        641      0.582      0.452      0.497      0.278
[YOLOv5] epoch 94/100 running
[YOLOv5] validation: all       1000        641      0.585      0.462      0.503       0.28
[YOLOv5] epoch 95/100 running
[YOLOv5] validation: all       1000        641      0.584      0.457      0.499      0.279
[YOLOv5] epoch 96/100 running
[YOLOv5] validation: all       1000        641      0.578      0.464      0.505      0.282
[YOLOv5] epoch 97/100 running
[YOLOv5] validation: all       1000        641      0.586      0.456      0.503      0.282
[YOLOv5] epoch 98/100 running
[YOLOv5] validation: all       1000        641      0.605      0.443      0.504      0.281
[YOLOv5] epoch 99/100 running
[YOLOv5] validation: all       1000        641      0.586      0.447      0.503      0.281
[YOLOv5] epoch 100/100 running
[YOLOv5] validation: all       1000        641      0.589      0.447      0.501       0.28
[YOLOv5] 100 epochs completed in 1.437 hours.
[YOLOv5] validation: all       1000        641      0.593      0.487      0.514      0.287
[Task] training completed: 5426.9s
[Task] evaluating: checkpoint=last, group=test, samples=1000
[YOLOv5] validation: all       1000        614      0.741      0.443       0.45      0.218
[Task] evaluation: checkpoint=last, group=test, mAP50-95=0.2183, mAP50=0.4505, time=84.5s
[Task] evaluating: checkpoint=best, group=test, samples=1000
[YOLOv5] validation: all       1000        614      0.774      0.431      0.474      0.235
[Task] evaluation: checkpoint=best, group=test, mAP50-95=0.2347, mAP50=0.4739, time=86.6s
[Task] completed: evaluation=171.1s, output=/home/lijinhe/work/YOLO_Retraining/runs/studies/balance_learning_curve_2batch/sequences/Balance_Learning_Curve_random_s43__seq-full-cold__stage0-stage7__yolov5s__s42/tasks/007__stage7__full-cold
/home/lijinhe/work/YOLO_Retraining/runs/studies/balance_learning_curve_2batch/sequences/Balance_Learning_Curve_random_s43__seq-full-cold__stage0-stage7__yolov5s__s42
