[Task] output: /home/lijinhe/work/YOLO_Retraining/runs/studies/balance_learning_curve_2batch/sequences/Balance_Learning_Curve_random_s41__seq-full-cold__stage0-stage7__yolov5s__s42/tasks/000__stage0__full-cold
[Task] data: current=575, candidate=575, validation=1000, test=1000
[Task] selection: policy=full, selected=575, groups={'candidate': 575}, time=0.000s
[Task] training: backend=yolov5, epochs=100, batch=64, device=0
[YOLOv5] epoch 1/100 running
[YOLOv5] validation: all       1000        641   0.000279      0.134   0.000178   4.31e-05
[YOLOv5] epoch 2/100 running
[YOLOv5] validation: all       1000        641   0.000648      0.308    0.00135   0.000283
[YOLOv5] epoch 3/100 running
[YOLOv5] validation: all       1000        641   0.000969      0.555     0.0364    0.00847
[YOLOv5] epoch 4/100 running
[YOLOv5] validation: all       1000        641    0.00109       0.59     0.0517     0.0109
[YOLOv5] epoch 5/100 running
[YOLOv5] validation: all       1000        641      0.259      0.343     0.0276    0.00655
[YOLOv5] epoch 6/100 running
[YOLOv5] validation: all       1000        641      0.437      0.163       0.13     0.0395
[YOLOv5] epoch 7/100 running
[YOLOv5] validation: all       1000        641      0.368      0.139     0.0693     0.0197
[YOLOv5] epoch 8/100 running
[YOLOv5] validation: all       1000        641      0.444      0.204      0.122      0.037
[YOLOv5] epoch 9/100 running
[YOLOv5] validation: all       1000        641      0.476      0.227      0.161     0.0441
[YOLOv5] epoch 10/100 running
[YOLOv5] validation: all       1000        641      0.514      0.275      0.194     0.0729
[YOLOv5] epoch 11/100 running
[YOLOv5] validation: all       1000        641      0.443      0.237       0.15     0.0528
[YOLOv5] epoch 12/100 running
[YOLOv5] validation: all       1000        641      0.464      0.321      0.182     0.0701
[YOLOv5] epoch 13/100 running
[YOLOv5] validation: all       1000        641      0.447      0.234       0.16     0.0649
[YOLOv5] epoch 14/100 running
[YOLOv5] validation: all       1000        641       0.55      0.304      0.256      0.101
[YOLOv5] epoch 15/100 running
[YOLOv5] validation: all       1000        641      0.548      0.234      0.177     0.0622
[YOLOv5] epoch 16/100 running
[YOLOv5] validation: all       1000        641      0.506      0.297      0.205       0.07
[YOLOv5] epoch 17/100 running
[YOLOv5] validation: all       1000        641      0.599      0.314      0.275      0.112
[YOLOv5] epoch 18/100 running
[YOLOv5] validation: all       1000        641      0.695      0.306      0.319      0.119
[YOLOv5] epoch 19/100 running
[YOLOv5] validation: all       1000        641      0.452      0.249      0.152      0.059
[YOLOv5] epoch 20/100 running
[YOLOv5] validation: all       1000        641      0.659      0.314      0.309      0.126
[YOLOv5] epoch 21/100 running
[YOLOv5] validation: all       1000        641      0.699      0.296      0.294      0.133
[YOLOv5] epoch 22/100 running
[YOLOv5] validation: all       1000        641      0.745      0.287      0.294      0.139
[YOLOv5] epoch 23/100 running
[YOLOv5] validation: all       1000        641      0.727      0.275      0.336      0.152
[YOLOv5] epoch 24/100 running
[YOLOv5] validation: all       1000        641      0.696       0.35      0.372      0.169
[YOLOv5] epoch 25/100 running
[YOLOv5] validation: all       1000        641      0.664      0.324      0.335      0.154
[YOLOv5] epoch 26/100 running
[YOLOv5] validation: all       1000        641      0.683      0.348      0.357      0.157
[YOLOv5] epoch 27/100 running
[YOLOv5] validation: all       1000        641      0.723      0.378      0.416      0.191
[YOLOv5] epoch 28/100 running
[YOLOv5] validation: all       1000        641      0.771      0.342      0.401      0.199
[YOLOv5] epoch 29/100 running
[YOLOv5] validation: all       1000        641      0.718      0.325      0.366      0.177
[YOLOv5] epoch 30/100 running
[YOLOv5] validation: all       1000        641      0.683      0.339      0.343      0.156
[YOLOv5] epoch 31/100 running
[YOLOv5] validation: all       1000        641      0.736      0.364      0.408      0.188
[YOLOv5] epoch 32/100 running
[YOLOv5] validation: all       1000        641      0.691      0.378      0.384      0.186
[YOLOv5] epoch 33/100 running
[YOLOv5] validation: all       1000        641      0.763      0.343      0.395      0.213
[YOLOv5] epoch 34/100 running
[YOLOv5] validation: all       1000        641      0.798      0.356      0.419      0.207
[YOLOv5] epoch 35/100 running
[YOLOv5] validation: all       1000        641      0.757      0.359      0.437      0.231
[YOLOv5] epoch 36/100 running
[YOLOv5] validation: all       1000        641      0.777      0.352      0.418      0.229
[YOLOv5] epoch 37/100 running
[YOLOv5] validation: all       1000        641      0.706      0.335      0.398       0.22
[YOLOv5] epoch 38/100 running
[YOLOv5] validation: all       1000        641      0.746      0.352      0.397      0.187
[YOLOv5] epoch 39/100 running
[YOLOv5] validation: all       1000        641       0.73       0.36      0.385      0.182
[YOLOv5] epoch 40/100 running
[YOLOv5] validation: all       1000        641      0.737      0.349      0.398      0.197
[YOLOv5] epoch 41/100 running
[YOLOv5] validation: all       1000        641      0.742      0.354      0.389      0.189
[YOLOv5] epoch 42/100 running
[YOLOv5] validation: all       1000        641      0.691      0.387      0.394      0.207
[YOLOv5] epoch 43/100 running
[YOLOv5] validation: all       1000        641      0.771      0.339      0.389      0.197
[YOLOv5] epoch 44/100 running
[YOLOv5] validation: all       1000        641       0.79      0.387      0.424      0.216
[YOLOv5] epoch 45/100 running
[YOLOv5] validation: all       1000        641      0.756      0.375      0.438      0.233
[YOLOv5] epoch 46/100 running
[YOLOv5] validation: all       1000        641      0.783      0.368      0.414      0.232
[YOLOv5] epoch 47/100 running
[YOLOv5] validation: all       1000        641      0.692      0.382       0.39      0.204
[YOLOv5] epoch 48/100 running
[YOLOv5] validation: all       1000        641      0.679      0.363      0.373      0.184
[YOLOv5] epoch 49/100 running
[YOLOv5] validation: all       1000        641      0.728       0.35      0.367      0.184
[YOLOv5] epoch 50/100 running
[YOLOv5] validation: all       1000        641      0.754      0.329       0.38      0.197
[YOLOv5] epoch 51/100 running
[YOLOv5] validation: all       1000        641      0.714      0.364      0.392      0.198
[YOLOv5] epoch 52/100 running
[YOLOv5] validation: all       1000        641      0.741      0.346       0.39      0.207
[YOLOv5] epoch 53/100 running
[YOLOv5] validation: all       1000        641      0.769      0.388      0.486      0.259
[YOLOv5] epoch 54/100 running
[YOLOv5] validation: all       1000        641      0.768      0.382      0.507      0.261
[YOLOv5] epoch 55/100 running
[YOLOv5] validation: all       1000        641      0.769      0.364      0.427      0.224
[YOLOv5] epoch 56/100 running
[YOLOv5] validation: all       1000        641      0.761       0.35      0.418      0.215
[YOLOv5] epoch 57/100 running
[YOLOv5] validation: all       1000        641      0.712      0.385      0.414      0.225
[YOLOv5] epoch 58/100 running
[YOLOv5] validation: all       1000        641       0.79       0.37      0.437      0.235
[YOLOv5] epoch 59/100 running
[YOLOv5] validation: all       1000        641      0.759      0.395      0.444      0.232
[YOLOv5] epoch 60/100 running
[YOLOv5] validation: all       1000        641      0.784      0.392      0.446       0.23
[YOLOv5] epoch 61/100 running
[YOLOv5] validation: all       1000        641      0.816      0.388      0.454      0.246
[YOLOv5] epoch 62/100 running
[YOLOv5] validation: all       1000        641      0.773      0.402      0.472      0.264
[YOLOv5] epoch 63/100 running
[YOLOv5] validation: all       1000        641       0.74      0.409      0.463      0.256
[YOLOv5] epoch 64/100 running
[YOLOv5] validation: all       1000        641      0.721      0.411       0.45      0.246
[YOLOv5] epoch 65/100 running
[YOLOv5] validation: all       1000        641      0.786      0.385      0.494      0.271
[YOLOv5] epoch 66/100 running
[YOLOv5] validation: all       1000        641      0.776      0.394      0.478      0.266
[YOLOv5] epoch 67/100 running
[YOLOv5] validation: all       1000        641      0.747      0.425      0.468       0.26
[YOLOv5] epoch 68/100 running
[YOLOv5] validation: all       1000        641      0.786      0.412      0.462      0.249
[YOLOv5] epoch 69/100 running
[YOLOv5] validation: all       1000        641      0.722      0.426      0.452      0.244
[YOLOv5] epoch 70/100 running
[YOLOv5] validation: all       1000        641      0.747      0.399      0.455      0.254
[YOLOv5] epoch 71/100 running
[YOLOv5] validation: all       1000        641      0.788      0.408      0.468      0.259
[YOLOv5] epoch 72/100 running
[YOLOv5] validation: all       1000        641      0.759      0.388      0.463      0.259
[YOLOv5] epoch 73/100 running
[YOLOv5] validation: all       1000        641      0.815      0.365      0.474       0.26
[YOLOv5] epoch 74/100 running
[YOLOv5] validation: all       1000        641      0.778      0.378      0.462      0.258
[YOLOv5] epoch 75/100 running
[YOLOv5] validation: all       1000        641      0.719      0.409      0.449       0.25
[YOLOv5] epoch 76/100 running
[YOLOv5] validation: all       1000        641      0.795      0.391      0.492      0.279
[YOLOv5] epoch 77/100 running
[YOLOv5] validation: all       1000        641      0.761      0.401      0.487      0.274
[YOLOv5] epoch 78/100 running
[YOLOv5] validation: all       1000        641      0.766      0.401      0.486      0.264
[YOLOv5] epoch 79/100 running
[YOLOv5] validation: all       1000        641      0.771      0.418      0.478      0.266
[YOLOv5] epoch 80/100 running
[YOLOv5] validation: all       1000        641      0.751      0.399      0.477      0.263
[YOLOv5] epoch 81/100 running
[YOLOv5] validation: all       1000        641       0.79      0.388      0.471      0.257
[YOLOv5] epoch 82/100 running
[YOLOv5] validation: all       1000        641      0.796      0.379      0.457      0.251
[YOLOv5] epoch 83/100 running
[YOLOv5] validation: all       1000        641       0.78      0.395      0.483      0.276
[YOLOv5] epoch 84/100 running
[YOLOv5] validation: all       1000        641      0.802      0.412      0.496       0.29
[YOLOv5] epoch 85/100 running
[YOLOv5] validation: all       1000        641      0.795      0.421      0.508      0.298
[YOLOv5] epoch 86/100 running
[YOLOv5] validation: all       1000        641      0.807      0.407      0.484      0.272
[YOLOv5] epoch 87/100 running
[YOLOv5] validation: all       1000        641      0.761      0.416      0.482      0.269
[YOLOv5] epoch 88/100 running
[YOLOv5] validation: all       1000        641      0.755      0.406      0.469      0.261
[YOLOv5] epoch 89/100 running
[YOLOv5] validation: all       1000        641      0.775      0.404      0.471      0.262
[YOLOv5] epoch 90/100 running
[YOLOv5] validation: all       1000        641      0.754      0.423      0.479      0.274
[YOLOv5] epoch 91/100 running
[YOLOv5] validation: all       1000        641      0.771      0.415       0.48      0.267
[YOLOv5] epoch 92/100 running
[YOLOv5] validation: all       1000        641      0.793      0.401      0.478      0.263
[YOLOv5] epoch 93/100 running
[YOLOv5] validation: all       1000        641      0.762      0.417      0.479      0.267
[YOLOv5] epoch 94/100 running
[YOLOv5] validation: all       1000        641      0.732      0.429       0.48      0.271
[YOLOv5] epoch 95/100 running
[YOLOv5] validation: all       1000        641      0.733       0.43      0.485      0.271
[YOLOv5] epoch 96/100 running
[YOLOv5] validation: all       1000        641      0.745       0.43      0.487      0.273
[YOLOv5] epoch 97/100 running
[YOLOv5] validation: all       1000        641       0.77       0.42      0.486      0.276
[YOLOv5] epoch 98/100 running
[YOLOv5] validation: all       1000        641      0.777      0.412      0.487      0.277
[YOLOv5] epoch 99/100 running
[YOLOv5] validation: all       1000        641      0.761      0.421      0.488      0.281
[YOLOv5] epoch 100/100 running
[YOLOv5] validation: all       1000        641      0.765      0.429      0.492      0.279
[YOLOv5] 100 epochs completed in 0.175 hours.
[YOLOv5] validation: all       1000        641      0.791      0.421      0.508      0.298
[Task] training completed: 858.2s
[Task] evaluating: checkpoint=last, group=test, samples=1000
[YOLOv5] validation: all       1000        614      0.722      0.397      0.418      0.192
[Task] evaluation: checkpoint=last, group=test, mAP50-95=0.1915, mAP50=0.4177, time=81.7s
[Task] evaluating: checkpoint=best, group=test, samples=1000
[YOLOv5] validation: all       1000        614      0.729      0.388       0.41      0.193
[Task] evaluation: checkpoint=best, group=test, mAP50-95=0.1931, mAP50=0.4098, time=80.2s
[Task] completed: evaluation=161.9s, output=/home/lijinhe/work/YOLO_Retraining/runs/studies/balance_learning_curve_2batch/sequences/Balance_Learning_Curve_random_s41__seq-full-cold__stage0-stage7__yolov5s__s42/tasks/000__stage0__full-cold
[Task] output: /home/lijinhe/work/YOLO_Retraining/runs/studies/balance_learning_curve_2batch/sequences/Balance_Learning_Curve_random_s41__seq-full-cold__stage0-stage7__yolov5s__s42/tasks/001__stage1__full-cold
[Task] data: current=1000, candidate=1575, validation=1000, test=1000
[Task] selection: policy=full, selected=1575, groups={'candidate': 1575}, time=0.001s
[Task] training: backend=yolov5, epochs=100, batch=64, device=0
[YOLOv5] epoch 1/100 running
[YOLOv5] validation: all       1000        641   0.000535      0.268    0.00236   0.000434
[YOLOv5] epoch 2/100 running
[YOLOv5] validation: all       1000        641    0.00133      0.535     0.0386    0.00927
[YOLOv5] epoch 3/100 running
[YOLOv5] validation: all       1000        641      0.442     0.0794     0.0902     0.0289
[YOLOv5] epoch 4/100 running
[YOLOv5] validation: all       1000        641      0.634      0.213      0.198     0.0729
[YOLOv5] epoch 5/100 running
[YOLOv5] validation: all       1000        641      0.698      0.167      0.142     0.0508
[YOLOv5] epoch 6/100 running
[YOLOv5] validation: all       1000        641      0.451      0.272      0.177     0.0706
[YOLOv5] epoch 7/100 running
[YOLOv5] validation: all       1000        641      0.389      0.142     0.0659     0.0217
[YOLOv5] epoch 8/100 running
[YOLOv5] validation: all       1000        641      0.424     0.0495     0.0247    0.00706
[YOLOv5] epoch 9/100 running
[YOLOv5] validation: all       1000        641      0.599      0.237      0.214     0.0865
[YOLOv5] epoch 10/100 running
[YOLOv5] validation: all       1000        641       0.47      0.254      0.187     0.0691
[YOLOv5] epoch 11/100 running
[YOLOv5] validation: all       1000        641      0.694      0.155      0.196     0.0747
[YOLOv5] epoch 12/100 running
[YOLOv5] validation: all       1000        641      0.508      0.246      0.192     0.0795
[YOLOv5] epoch 13/100 running
[YOLOv5] validation: all       1000        641      0.567      0.288      0.222     0.0877
[YOLOv5] epoch 14/100 running
[YOLOv5] validation: all       1000        641      0.583      0.268      0.232     0.0976
[YOLOv5] epoch 15/100 running
[YOLOv5] validation: all       1000        641      0.655      0.228      0.256      0.119
[YOLOv5] epoch 16/100 running
[YOLOv5] validation: all       1000        641      0.502      0.272      0.229      0.101
[YOLOv5] epoch 17/100 running
[YOLOv5] validation: all       1000        641      0.744      0.232      0.255      0.113
[YOLOv5] epoch 18/100 running
[YOLOv5] validation: all       1000        641      0.694      0.249      0.301      0.114
[YOLOv5] epoch 19/100 running
[YOLOv5] validation: all       1000        641      0.659      0.296        0.3      0.141
[YOLOv5] epoch 20/100 running
[YOLOv5] validation: all       1000        641       0.57      0.273      0.237        0.1
[YOLOv5] epoch 21/100 running
[YOLOv5] validation: all       1000        641      0.696      0.302      0.305      0.128
[YOLOv5] epoch 22/100 running
[YOLOv5] validation: all       1000        641      0.636      0.214      0.223     0.0999
[YOLOv5] epoch 23/100 running
[YOLOv5] validation: all       1000        641      0.562      0.182      0.173     0.0776
[YOLOv5] epoch 24/100 running
[YOLOv5] validation: all       1000        641      0.635      0.284      0.285       0.13
[YOLOv5] epoch 25/100 running
[YOLOv5] validation: all       1000        641      0.665      0.306      0.317      0.149
[YOLOv5] epoch 26/100 running
[YOLOv5] validation: all       1000        641      0.641       0.28       0.27      0.125
[YOLOv5] epoch 27/100 running
[YOLOv5] validation: all       1000        641      0.665      0.308      0.309      0.134
[YOLOv5] epoch 28/100 running
[YOLOv5] validation: all       1000        641      0.657       0.27      0.292      0.133
[YOLOv5] epoch 29/100 running
[YOLOv5] validation: all       1000        641      0.675      0.331      0.332      0.153
[YOLOv5] epoch 30/100 running
[YOLOv5] validation: all       1000        641      0.712      0.281      0.295      0.134
[YOLOv5] epoch 31/100 running
[YOLOv5] validation: all       1000        641       0.69      0.313      0.336      0.158
[YOLOv5] epoch 32/100 running
[YOLOv5] validation: all       1000        641      0.764      0.333       0.38      0.179
[YOLOv5] epoch 33/100 running
[YOLOv5] validation: all       1000        641       0.72      0.335      0.383      0.176
[YOLOv5] epoch 34/100 running
[YOLOv5] validation: all       1000        641      0.759       0.33      0.366      0.186
[YOLOv5] epoch 35/100 running
[YOLOv5] validation: all       1000        641      0.684      0.332      0.343      0.171
[YOLOv5] epoch 36/100 running
[YOLOv5] validation: all       1000        641      0.714      0.308       0.31      0.141
[YOLOv5] epoch 37/100 running
[YOLOv5] validation: all       1000        641      0.687      0.326      0.355       0.18
[YOLOv5] epoch 38/100 running
[YOLOv5] validation: all       1000        641      0.624      0.323      0.309      0.154
[YOLOv5] epoch 39/100 running
[YOLOv5] validation: all       1000        641      0.747      0.321      0.356      0.168
[YOLOv5] epoch 40/100 running
[YOLOv5] validation: all       1000        641      0.649      0.329      0.322      0.143
[YOLOv5] epoch 41/100 running
[YOLOv5] validation: all       1000        641      0.718      0.331      0.363       0.17
[YOLOv5] epoch 42/100 running
[YOLOv5] validation: all       1000        641      0.749      0.338      0.363      0.176
[YOLOv5] epoch 43/100 running
[YOLOv5] validation: all       1000        641        0.7      0.327      0.351      0.154
[YOLOv5] epoch 44/100 running
[YOLOv5] validation: all       1000        641      0.663      0.318      0.318      0.147
[YOLOv5] epoch 45/100 running
[YOLOv5] validation: all       1000        641      0.813      0.333      0.398      0.207
[YOLOv5] epoch 46/100 running
[YOLOv5] validation: all       1000        641      0.757      0.348      0.392      0.192
[YOLOv5] epoch 47/100 running
[YOLOv5] validation: all       1000        641      0.781      0.345      0.408      0.208
[YOLOv5] epoch 48/100 running
[YOLOv5] validation: all       1000        641      0.749      0.325       0.38      0.193
[YOLOv5] epoch 49/100 running
[YOLOv5] validation: all       1000        641      0.759      0.347      0.399        0.2
[YOLOv5] epoch 50/100 running
[YOLOv5] validation: all       1000        641      0.727      0.357      0.397      0.198
[YOLOv5] epoch 51/100 running
[YOLOv5] validation: all       1000        641        0.7      0.347      0.385      0.195
[YOLOv5] epoch 52/100 running
[YOLOv5] validation: all       1000        641      0.736      0.311      0.337      0.162
[YOLOv5] epoch 53/100 running
[YOLOv5] validation: all       1000        641       0.73      0.346       0.38      0.194
[YOLOv5] epoch 54/100 running
[YOLOv5] validation: all       1000        641      0.781      0.352      0.392      0.186
[YOLOv5] epoch 55/100 running
[YOLOv5] validation: all       1000        641      0.629      0.343      0.349      0.175
[YOLOv5] epoch 56/100 running
[YOLOv5] validation: all       1000        641      0.761      0.346      0.391      0.187
[YOLOv5] epoch 57/100 running
[YOLOv5] validation: all       1000        641      0.749      0.345      0.378      0.196
[YOLOv5] epoch 58/100 running
[YOLOv5] validation: all       1000        641      0.734      0.361      0.407      0.211
[YOLOv5] epoch 59/100 running
[YOLOv5] validation: all       1000        641      0.805      0.341      0.394      0.203
[YOLOv5] epoch 60/100 running
[YOLOv5] validation: all       1000        641      0.803      0.344      0.405      0.201
[YOLOv5] epoch 61/100 running
[YOLOv5] validation: all       1000        641      0.713      0.376      0.398      0.209
[YOLOv5] epoch 62/100 running
[YOLOv5] validation: all       1000        641      0.802      0.354      0.405      0.209
[YOLOv5] epoch 63/100 running
[YOLOv5] validation: all       1000        641      0.812      0.357      0.427      0.228
[YOLOv5] epoch 64/100 running
[YOLOv5] validation: all       1000        641      0.815      0.321       0.44      0.222
[YOLOv5] epoch 65/100 running
[YOLOv5] validation: all       1000        641      0.739      0.381      0.429      0.215
[YOLOv5] epoch 66/100 running
[YOLOv5] validation: all       1000        641      0.808      0.359      0.467      0.248
[YOLOv5] epoch 67/100 running
[YOLOv5] validation: all       1000        641       0.84      0.316      0.438      0.227
[YOLOv5] epoch 68/100 running
[YOLOv5] validation: all       1000        641      0.782      0.329      0.382      0.203
[YOLOv5] epoch 69/100 running
[YOLOv5] validation: all       1000        641      0.752       0.36      0.402      0.213
[YOLOv5] epoch 70/100 running
[YOLOv5] validation: all       1000        641      0.803      0.374       0.41      0.213
[YOLOv5] epoch 71/100 running
[YOLOv5] validation: all       1000        641      0.792      0.366      0.397      0.211
[YOLOv5] epoch 72/100 running
[YOLOv5] validation: all       1000        641       0.71      0.384      0.428      0.228
[YOLOv5] epoch 73/100 running
[YOLOv5] validation: all       1000        641      0.764      0.374      0.452      0.235
[YOLOv5] epoch 74/100 running
[YOLOv5] validation: all       1000        641      0.776      0.367       0.44      0.227
[YOLOv5] epoch 75/100 running
[YOLOv5] validation: all       1000        641      0.777      0.354      0.419      0.212
[YOLOv5] epoch 76/100 running
[YOLOv5] validation: all       1000        641      0.776      0.339      0.398      0.214
[YOLOv5] epoch 77/100 running
[YOLOv5] validation: all       1000        641      0.839       0.33      0.421      0.214
[YOLOv5] epoch 78/100 running
[YOLOv5] validation: all       1000        641      0.804      0.338      0.426      0.222
[YOLOv5] epoch 79/100 running
[YOLOv5] validation: all       1000        641      0.812      0.346      0.447      0.234
[YOLOv5] epoch 80/100 running
[YOLOv5] validation: all       1000        641      0.833      0.348      0.453      0.245
[YOLOv5] epoch 81/100 running
[YOLOv5] validation: all       1000        641      0.774      0.358      0.441      0.237
[YOLOv5] epoch 82/100 running
[YOLOv5] validation: all       1000        641      0.795      0.362      0.439      0.234
[YOLOv5] epoch 83/100 running
[YOLOv5] validation: all       1000        641      0.789      0.363      0.433      0.232
[YOLOv5] epoch 84/100 running
[YOLOv5] validation: all       1000        641      0.846       0.35      0.447      0.235
[YOLOv5] epoch 85/100 running
[YOLOv5] validation: all       1000        641      0.758      0.375      0.445      0.235
[YOLOv5] epoch 86/100 running
[YOLOv5] validation: all       1000        641      0.659      0.409      0.449      0.232
[YOLOv5] epoch 87/100 running
[YOLOv5] validation: all       1000        641      0.776      0.367      0.411      0.212
[YOLOv5] epoch 88/100 running
[YOLOv5] validation: all       1000        641      0.681      0.413      0.451      0.241
[YOLOv5] epoch 89/100 running
[YOLOv5] validation: all       1000        641      0.725      0.409      0.455      0.244
[YOLOv5] epoch 90/100 running
[YOLOv5] validation: all       1000        641      0.739      0.398      0.474      0.253
[YOLOv5] epoch 91/100 running
[YOLOv5] validation: all       1000        641      0.674      0.435      0.466       0.25
[YOLOv5] epoch 92/100 running
[YOLOv5] validation: all       1000        641      0.662      0.422      0.451      0.247
[YOLOv5] epoch 93/100 running
[YOLOv5] validation: all       1000        641      0.702       0.43      0.462      0.253
[YOLOv5] epoch 94/100 running
[YOLOv5] validation: all       1000        641      0.718      0.401      0.457      0.243
[YOLOv5] epoch 95/100 running
[YOLOv5] validation: all       1000        641      0.704      0.423      0.456      0.248
[YOLOv5] epoch 96/100 running
[YOLOv5] validation: all       1000        641      0.712      0.435       0.46      0.252
[YOLOv5] epoch 97/100 running
[YOLOv5] validation: all       1000        641      0.714      0.432      0.462      0.252
[YOLOv5] epoch 98/100 running
[YOLOv5] validation: all       1000        641      0.697      0.422      0.461      0.251
[YOLOv5] epoch 99/100 running
[YOLOv5] validation: all       1000        641      0.697      0.421      0.462      0.242
[YOLOv5] epoch 100/100 running
[YOLOv5] validation: all       1000        641      0.707      0.418      0.461      0.251
[YOLOv5] 100 epochs completed in 0.294 hours.
[YOLOv5] validation: all       1000        641      0.739      0.398      0.473      0.253
[Task] training completed: 1289.8s
[Task] evaluating: checkpoint=last, group=test, samples=1000
[YOLOv5] validation: all       1000        614      0.814      0.334      0.388      0.181
[Task] evaluation: checkpoint=last, group=test, mAP50-95=0.1811, mAP50=0.3883, time=81.4s
[Task] evaluating: checkpoint=best, group=test, samples=1000
[YOLOv5] validation: all       1000        614      0.488      0.351      0.374      0.171
[Task] evaluation: checkpoint=best, group=test, mAP50-95=0.1710, mAP50=0.3737, time=85.7s
[Task] completed: evaluation=167.1s, output=/home/lijinhe/work/YOLO_Retraining/runs/studies/balance_learning_curve_2batch/sequences/Balance_Learning_Curve_random_s41__seq-full-cold__stage0-stage7__yolov5s__s42/tasks/001__stage1__full-cold
[Task] output: /home/lijinhe/work/YOLO_Retraining/runs/studies/balance_learning_curve_2batch/sequences/Balance_Learning_Curve_random_s41__seq-full-cold__stage0-stage7__yolov5s__s42/tasks/002__stage2__full-cold
[Task] data: current=1000, candidate=2575, validation=1000, test=1000
[Task] selection: policy=full, selected=2575, groups={'candidate': 2575}, time=0.001s
[Task] training: backend=yolov5, epochs=100, batch=64, device=0
[YOLOv5] epoch 1/100 running
[YOLOv5] validation: all       1000        641   0.000897      0.379    0.00199   0.000497
[YOLOv5] epoch 2/100 running
[YOLOv5] validation: all       1000        641    0.00373      0.607      0.119     0.0377
[YOLOv5] epoch 3/100 running
[YOLOv5] validation: all       1000        641       0.44     0.0859     0.0967     0.0339
[YOLOv5] epoch 4/100 running
[YOLOv5] validation: all       1000        641      0.352     0.0653     0.0431     0.0136
[YOLOv5] epoch 5/100 running
[YOLOv5] validation: all       1000        641      0.388      0.207      0.106     0.0352
[YOLOv5] epoch 6/100 running
[YOLOv5] validation: all       1000        641      0.464      0.143     0.0973       0.03
[YOLOv5] epoch 7/100 running
[YOLOv5] validation: all       1000        641      0.509      0.201      0.166     0.0718
[YOLOv5] epoch 8/100 running
[YOLOv5] validation: all       1000        641      0.463      0.268        0.2     0.0715
[YOLOv5] epoch 9/100 running
[YOLOv5] validation: all       1000        641      0.545      0.165      0.183     0.0668
[YOLOv5] epoch 10/100 running
[YOLOv5] validation: all       1000        641      0.457      0.151      0.115     0.0392
[YOLOv5] epoch 11/100 running
[YOLOv5] validation: all       1000        641      0.522      0.205      0.201     0.0795
[YOLOv5] epoch 12/100 running
[YOLOv5] validation: all       1000        641       0.56      0.221      0.191     0.0723
[YOLOv5] epoch 13/100 running
[YOLOv5] validation: all       1000        641      0.603      0.194      0.201     0.0678
[YOLOv5] epoch 14/100 running
[YOLOv5] validation: all       1000        641      0.553      0.134      0.122     0.0551
[YOLOv5] epoch 15/100 running
[YOLOv5] validation: all       1000        641      0.574      0.231      0.231      0.105
[YOLOv5] epoch 16/100 running
[YOLOv5] validation: all       1000        641      0.592      0.263      0.254     0.0977
[YOLOv5] epoch 17/100 running
[YOLOv5] validation: all       1000        641      0.609      0.231      0.235      0.106
[YOLOv5] epoch 18/100 running
[YOLOv5] validation: all       1000        641      0.597      0.273      0.247      0.105
[YOLOv5] epoch 19/100 running
[YOLOv5] validation: all       1000        641       0.61      0.263      0.262      0.122
[YOLOv5] epoch 20/100 running
[YOLOv5] validation: all       1000        641      0.692      0.278      0.301      0.123
[YOLOv5] epoch 21/100 running
[YOLOv5] validation: all       1000        641      0.682      0.339      0.328      0.145
[YOLOv5] epoch 22/100 running
[YOLOv5] validation: all       1000        641      0.575      0.307      0.289      0.127
[YOLOv5] epoch 23/100 running
[YOLOv5] validation: all       1000        641      0.675      0.303      0.331      0.152
[YOLOv5] epoch 24/100 running
[YOLOv5] validation: all       1000        641      0.614      0.305      0.283      0.118
[YOLOv5] epoch 25/100 running
[YOLOv5] validation: all       1000        641      0.733        0.3      0.341      0.139
[YOLOv5] epoch 26/100 running
[YOLOv5] validation: all       1000        641      0.673      0.265      0.277      0.113
[YOLOv5] epoch 27/100 running
[YOLOv5] validation: all       1000        641      0.685      0.258      0.285      0.123
[YOLOv5] epoch 28/100 running
[YOLOv5] validation: all       1000        641      0.641      0.322      0.334      0.162
[YOLOv5] epoch 29/100 running
[YOLOv5] validation: all       1000        641      0.661       0.33      0.321      0.153
[YOLOv5] epoch 30/100 running
[YOLOv5] validation: all       1000        641      0.695      0.307       0.33      0.158
[YOLOv5] epoch 31/100 running
[YOLOv5] validation: all       1000        641      0.651      0.309      0.318       0.15
[YOLOv5] epoch 32/100 running
[YOLOv5] validation: all       1000        641      0.747      0.299      0.352      0.164
[YOLOv5] epoch 33/100 running
[YOLOv5] validation: all       1000        641      0.727      0.329      0.359       0.17
[YOLOv5] epoch 34/100 running
[YOLOv5] validation: all       1000        641      0.682      0.333      0.346      0.148
[YOLOv5] epoch 35/100 running
[YOLOv5] validation: all       1000        641       0.69      0.304      0.322      0.151
[YOLOv5] epoch 36/100 running
[YOLOv5] validation: all       1000        641      0.767       0.33      0.368      0.173
[YOLOv5] epoch 37/100 running
[YOLOv5] validation: all       1000        641      0.745      0.338       0.36       0.17
[YOLOv5] epoch 38/100 running
[YOLOv5] validation: all       1000        641      0.672      0.338      0.358      0.173
[YOLOv5] epoch 39/100 running
[YOLOv5] validation: all       1000        641       0.73      0.319      0.354      0.162
[YOLOv5] epoch 40/100 running
[YOLOv5] validation: all       1000        641      0.751      0.327      0.366      0.189
[YOLOv5] epoch 41/100 running
[YOLOv5] validation: all       1000        641       0.69       0.31      0.331      0.161
[YOLOv5] epoch 42/100 running
[YOLOv5] validation: all       1000        641      0.773      0.355      0.426      0.209
[YOLOv5] epoch 43/100 running
[YOLOv5] validation: all       1000        641      0.717      0.314      0.363      0.178
[YOLOv5] epoch 44/100 running
[YOLOv5] validation: all       1000        641       0.74      0.301      0.352      0.172
[YOLOv5] epoch 45/100 running
[YOLOv5] validation: all       1000        641      0.723      0.374      0.395       0.19
[YOLOv5] epoch 46/100 running
[YOLOv5] validation: all       1000        641      0.764      0.347      0.399      0.191
[YOLOv5] epoch 47/100 running
[YOLOv5] validation: all       1000        641      0.796      0.325      0.399      0.204
[YOLOv5] epoch 48/100 running
[YOLOv5] validation: all       1000        641      0.753      0.339      0.373      0.195
[YOLOv5] epoch 49/100 running
[YOLOv5] validation: all       1000        641      0.738      0.349      0.381      0.186
[YOLOv5] epoch 50/100 running
[YOLOv5] validation: all       1000        641      0.702      0.335      0.334      0.171
[YOLOv5] epoch 51/100 running
[YOLOv5] validation: all       1000        641       0.73      0.383        0.4      0.199
[YOLOv5] epoch 52/100 running
[YOLOv5] validation: all       1000        641      0.758      0.369      0.403      0.205
[YOLOv5] epoch 53/100 running
[YOLOv5] validation: all       1000        641      0.785      0.337      0.406      0.212
[YOLOv5] epoch 54/100 running
[YOLOv5] validation: all       1000        641       0.78      0.348      0.378      0.182
[YOLOv5] epoch 55/100 running
[YOLOv5] validation: all       1000        641      0.762      0.339      0.376      0.187
[YOLOv5] epoch 56/100 running
[YOLOv5] validation: all       1000        641        0.8      0.361      0.416       0.22
[YOLOv5] epoch 57/100 running
[YOLOv5] validation: all       1000        641      0.835       0.35      0.415      0.216
[YOLOv5] epoch 58/100 running
[YOLOv5] validation: all       1000        641      0.763      0.353      0.406      0.222
[YOLOv5] epoch 59/100 running
[YOLOv5] validation: all       1000        641      0.734      0.364      0.405       0.21
[YOLOv5] epoch 60/100 running
[YOLOv5] validation: all       1000        641      0.791      0.338      0.398      0.214
[YOLOv5] epoch 61/100 running
[YOLOv5] validation: all       1000        641      0.771      0.359      0.401      0.204
[YOLOv5] epoch 62/100 running
[YOLOv5] validation: all       1000        641      0.774      0.393      0.425      0.228
[YOLOv5] epoch 63/100 running
[YOLOv5] validation: all       1000        641      0.761       0.35      0.383      0.196
[YOLOv5] epoch 64/100 running
[YOLOv5] validation: all       1000        641      0.738      0.332      0.373      0.197
[YOLOv5] epoch 65/100 running
[YOLOv5] validation: all       1000        641      0.847      0.332      0.394      0.207
[YOLOv5] epoch 66/100 running
[YOLOv5] validation: all       1000        641      0.763      0.348      0.403      0.214
[YOLOv5] epoch 67/100 running
[YOLOv5] validation: all       1000        641      0.829      0.364      0.427      0.226
[YOLOv5] epoch 68/100 running
[YOLOv5] validation: all       1000        641      0.742      0.378      0.402       0.22
[YOLOv5] epoch 69/100 running
[YOLOv5] validation: all       1000        641      0.791      0.363      0.406      0.219
[YOLOv5] epoch 70/100 running
[YOLOv5] validation: all       1000        641      0.757      0.361      0.399      0.202
[YOLOv5] epoch 71/100 running
[YOLOv5] validation: all       1000        641      0.817      0.349      0.407      0.225
[YOLOv5] epoch 72/100 running
[YOLOv5] validation: all       1000        641      0.756      0.349      0.387      0.199
[YOLOv5] epoch 73/100 running
[YOLOv5] validation: all       1000        641      0.795      0.342      0.418      0.224
[YOLOv5] epoch 74/100 running
[YOLOv5] validation: all       1000        641      0.808      0.356      0.401      0.214
[YOLOv5] epoch 75/100 running
[YOLOv5] validation: all       1000        641      0.797      0.386      0.429      0.235
[YOLOv5] epoch 76/100 running
[YOLOv5] validation: all       1000        641      0.808       0.35      0.404      0.221
[YOLOv5] epoch 77/100 running
[YOLOv5] validation: all       1000        641      0.815      0.353       0.42      0.223
[YOLOv5] epoch 78/100 running
[YOLOv5] validation: all       1000        641      0.784      0.373      0.425      0.229
[YOLOv5] epoch 79/100 running
[YOLOv5] validation: all       1000        641      0.823      0.346      0.424      0.228
[YOLOv5] epoch 80/100 running
[YOLOv5] validation: all       1000        641      0.755      0.373      0.406       0.21
[YOLOv5] epoch 81/100 running
[YOLOv5] validation: all       1000        641      0.788      0.346      0.403      0.212
[YOLOv5] epoch 82/100 running
[YOLOv5] validation: all       1000        641       0.83      0.342      0.413       0.22
[YOLOv5] epoch 83/100 running
[YOLOv5] validation: all       1000        641      0.759      0.389      0.424       0.22
[YOLOv5] epoch 84/100 running
[YOLOv5] validation: all       1000        641      0.808      0.375       0.44      0.233
[YOLOv5] epoch 85/100 running
[YOLOv5] validation: all       1000        641      0.791      0.393      0.434      0.234
[YOLOv5] epoch 86/100 running
[YOLOv5] validation: all       1000        641      0.793      0.356      0.402       0.21
[YOLOv5] epoch 87/100 running
[YOLOv5] validation: all       1000        641      0.747      0.381      0.421      0.221
[YOLOv5] epoch 88/100 running
[YOLOv5] validation: all       1000        641      0.763      0.397      0.434       0.22
[YOLOv5] epoch 89/100 running
[YOLOv5] validation: all       1000        641      0.802      0.368      0.422      0.223
[YOLOv5] epoch 90/100 running
[YOLOv5] validation: all       1000        641      0.815      0.374      0.422      0.227
[YOLOv5] epoch 91/100 running
[YOLOv5] validation: all       1000        641      0.767       0.39      0.434      0.234
[YOLOv5] epoch 92/100 running
[YOLOv5] validation: all       1000        641      0.772       0.38      0.437      0.235
[YOLOv5] epoch 93/100 running
[YOLOv5] validation: all       1000        641      0.799      0.393      0.455      0.246
[YOLOv5] epoch 94/100 running
[YOLOv5] validation: all       1000        641      0.798      0.378      0.429      0.234
[YOLOv5] epoch 95/100 running
[YOLOv5] validation: all       1000        641      0.792      0.387      0.437      0.235
[YOLOv5] epoch 96/100 running
[YOLOv5] validation: all       1000        641      0.757      0.403      0.435      0.234
[YOLOv5] epoch 97/100 running
[YOLOv5] validation: all       1000        641      0.803      0.369      0.433      0.229
[YOLOv5] epoch 98/100 running
[YOLOv5] validation: all       1000        641      0.758       0.39      0.432      0.232
[YOLOv5] epoch 99/100 running
[YOLOv5] validation: all       1000        641      0.778      0.395      0.442      0.239
[YOLOv5] epoch 100/100 running
[YOLOv5] validation: all       1000        641       0.77      0.394      0.441      0.235
[YOLOv5] 100 epochs completed in 0.372 hours.
[YOLOv5] validation: all       1000        641        0.8      0.393      0.455      0.247
[Task] training completed: 1566.0s
[Task] evaluating: checkpoint=last, group=test, samples=1000
[YOLOv5] validation: all       1000        614      0.744      0.359      0.401       0.18
[Task] evaluation: checkpoint=last, group=test, mAP50-95=0.1801, mAP50=0.4009, time=79.0s
[Task] evaluating: checkpoint=best, group=test, samples=1000
[YOLOv5] validation: all       1000        614      0.689       0.38      0.413      0.194
[Task] evaluation: checkpoint=best, group=test, mAP50-95=0.1940, mAP50=0.4125, time=78.7s
[Task] completed: evaluation=157.7s, output=/home/lijinhe/work/YOLO_Retraining/runs/studies/balance_learning_curve_2batch/sequences/Balance_Learning_Curve_random_s41__seq-full-cold__stage0-stage7__yolov5s__s42/tasks/002__stage2__full-cold
[Task] output: /home/lijinhe/work/YOLO_Retraining/runs/studies/balance_learning_curve_2batch/sequences/Balance_Learning_Curve_random_s41__seq-full-cold__stage0-stage7__yolov5s__s42/tasks/003__stage3__full-cold
[Task] data: current=1000, candidate=3575, validation=1000, test=1000
[Task] selection: policy=full, selected=3575, groups={'candidate': 3575}, time=0.001s
[Task] training: backend=yolov5, epochs=100, batch=64, device=0
[YOLOv5] epoch 1/100 running
[YOLOv5] validation: all       1000        641    0.00242      0.507     0.0107    0.00296
[YOLOv5] epoch 2/100 running
[YOLOv5] validation: all       1000        641      0.798     0.0524      0.121     0.0401
[YOLOv5] epoch 3/100 running
[YOLOv5] validation: all       1000        641      0.453      0.203      0.155     0.0605
[YOLOv5] epoch 4/100 running
[YOLOv5] validation: all       1000        641      0.454      0.111     0.0755     0.0233
[YOLOv5] epoch 5/100 running
[YOLOv5] validation: all       1000        641      0.338     0.0883     0.0433     0.0123
[YOLOv5] epoch 6/100 running
[YOLOv5] validation: all       1000        641      0.446      0.137     0.0869     0.0293
[YOLOv5] epoch 7/100 running
[YOLOv5] validation: all       1000        641      0.557      0.232      0.215     0.0757
[YOLOv5] epoch 8/100 running
[YOLOv5] validation: all       1000        641      0.538      0.189      0.169     0.0622
[YOLOv5] epoch 9/100 running
[YOLOv5] validation: all       1000        641      0.603      0.245      0.246     0.0941
[YOLOv5] epoch 10/100 running
[YOLOv5] validation: all       1000        641      0.701      0.216      0.244      0.104
[YOLOv5] epoch 11/100 running
[YOLOv5] validation: all       1000        641      0.579      0.243      0.216     0.0763
[YOLOv5] epoch 12/100 running
[YOLOv5] validation: all       1000        641      0.535      0.217      0.189     0.0711
[YOLOv5] epoch 13/100 running
[YOLOv5] validation: all       1000        641      0.659      0.261      0.268      0.117
[YOLOv5] epoch 14/100 running
[YOLOv5] validation: all       1000        641      0.619      0.292      0.279      0.115
[YOLOv5] epoch 15/100 running
[YOLOv5] validation: all       1000        641      0.689      0.272      0.307      0.139
[YOLOv5] epoch 16/100 running
[YOLOv5] validation: all       1000        641      0.624      0.241      0.246     0.0999
[YOLOv5] epoch 17/100 running
[YOLOv5] validation: all       1000        641      0.731      0.249      0.301      0.136
[YOLOv5] epoch 18/100 running
[YOLOv5] validation: all       1000        641      0.659      0.301      0.312      0.133
[YOLOv5] epoch 19/100 running
[YOLOv5] validation: all       1000        641      0.586      0.279      0.281      0.131
[YOLOv5] epoch 20/100 running
[YOLOv5] validation: all       1000        641      0.637      0.265      0.289      0.129
[YOLOv5] epoch 21/100 running
[YOLOv5] validation: all       1000        641      0.697      0.248      0.278      0.114
[YOLOv5] epoch 22/100 running
[YOLOv5] validation: all       1000        641      0.722      0.334      0.371      0.176
[YOLOv5] epoch 23/100 running
[YOLOv5] validation: all       1000        641      0.825      0.252      0.324      0.145
[YOLOv5] epoch 24/100 running
[YOLOv5] validation: all       1000        641      0.695      0.326      0.357      0.157
[YOLOv5] epoch 25/100 running
[YOLOv5] validation: all       1000        641      0.734      0.296       0.35      0.162
[YOLOv5] epoch 26/100 running
[YOLOv5] validation: all       1000        641      0.733      0.254      0.283      0.131
[YOLOv5] epoch 27/100 running
[YOLOv5] validation: all       1000        641      0.721      0.312       0.34      0.158
[YOLOv5] epoch 28/100 running
[YOLOv5] validation: all       1000        641      0.829      0.268      0.354      0.166
[YOLOv5] epoch 29/100 running
[YOLOv5] validation: all       1000        641      0.689       0.29      0.303      0.139
[YOLOv5] epoch 30/100 running
[YOLOv5] validation: all       1000        641      0.713      0.327      0.357      0.175
[YOLOv5] epoch 31/100 running
[YOLOv5] validation: all       1000        641      0.766      0.346      0.396       0.19
[YOLOv5] epoch 32/100 running
[YOLOv5] validation: all       1000        641      0.713      0.351      0.367       0.18
[YOLOv5] epoch 33/100 running
[YOLOv5] validation: all       1000        641      0.675      0.354      0.363      0.171
[YOLOv5] epoch 34/100 running
[YOLOv5] validation: all       1000        641       0.75      0.303       0.34      0.168
[YOLOv5] epoch 35/100 running
[YOLOv5] validation: all       1000        641       0.79      0.314      0.365       0.18
[YOLOv5] epoch 36/100 running
[YOLOv5] validation: all       1000        641        0.7      0.328      0.337       0.15
[YOLOv5] epoch 37/100 running
[YOLOv5] validation: all       1000        641      0.789      0.346      0.389      0.199
[YOLOv5] epoch 38/100 running
[YOLOv5] validation: all       1000        641      0.761      0.328       0.36      0.185
[YOLOv5] epoch 39/100 running
[YOLOv5] validation: all       1000        641      0.785       0.33      0.373      0.184
[YOLOv5] epoch 40/100 running
[YOLOv5] validation: all       1000        641      0.636      0.314      0.314      0.139
[YOLOv5] epoch 41/100 running
[YOLOv5] validation: all       1000        641       0.74      0.345      0.371      0.184
[YOLOv5] epoch 42/100 running
[YOLOv5] validation: all       1000        641      0.792      0.339      0.389        0.2
[YOLOv5] epoch 43/100 running
[YOLOv5] validation: all       1000        641      0.756      0.318       0.35      0.178
[YOLOv5] epoch 44/100 running
[YOLOv5] validation: all       1000        641      0.741      0.332       0.35      0.178
[YOLOv5] epoch 45/100 running
[YOLOv5] validation: all       1000        641      0.775      0.318      0.372      0.195
[YOLOv5] epoch 46/100 running
[YOLOv5] validation: all       1000        641      0.769      0.342      0.397      0.198
[YOLOv5] epoch 47/100 running
[YOLOv5] validation: all       1000        641      0.789      0.328      0.375      0.199
[YOLOv5] epoch 48/100 running
[YOLOv5] validation: all       1000        641      0.748      0.324       0.35      0.172
[YOLOv5] epoch 49/100 running
[YOLOv5] validation: all       1000        641      0.768      0.321      0.357       0.18
[YOLOv5] epoch 50/100 running
[YOLOv5] validation: all       1000        641      0.744      0.327      0.355      0.177
[YOLOv5] epoch 51/100 running
[YOLOv5] validation: all       1000        641      0.763      0.331      0.363      0.194
[YOLOv5] epoch 52/100 running
[YOLOv5] validation: all       1000        641      0.779       0.35      0.394      0.193
[YOLOv5] epoch 53/100 running
[YOLOv5] validation: all       1000        641      0.796      0.346      0.404      0.214
[YOLOv5] epoch 54/100 running
[YOLOv5] validation: all       1000        641      0.719      0.364      0.367      0.186
[YOLOv5] epoch 55/100 running
[YOLOv5] validation: all       1000        641      0.764      0.347      0.387        0.2
[YOLOv5] epoch 56/100 running
[YOLOv5] validation: all       1000        641      0.749      0.359      0.389      0.211
[YOLOv5] epoch 57/100 running
[YOLOv5] validation: all       1000        641      0.719      0.353      0.369      0.189
[YOLOv5] epoch 58/100 running
[YOLOv5] validation: all       1000        641      0.728       0.34      0.366      0.196
[YOLOv5] epoch 59/100 running
[YOLOv5] validation: all       1000        641      0.797      0.337       0.39      0.195
[YOLOv5] epoch 60/100 running
[YOLOv5] validation: all       1000        641      0.784      0.345      0.386      0.197
[YOLOv5] epoch 61/100 running
[YOLOv5] validation: all       1000        641      0.744       0.36      0.393        0.2
[YOLOv5] epoch 62/100 running
[YOLOv5] validation: all       1000        641       0.77      0.339      0.391      0.208
[YOLOv5] epoch 63/100 running
[YOLOv5] validation: all       1000        641      0.717      0.342      0.385      0.204
[YOLOv5] epoch 64/100 running
[YOLOv5] validation: all       1000        641      0.734      0.373      0.385      0.205
[YOLOv5] epoch 65/100 running
[YOLOv5] validation: all       1000        641      0.801      0.341      0.392      0.211
[YOLOv5] epoch 66/100 running
[YOLOv5] validation: all       1000        641      0.758      0.363      0.394      0.211
[YOLOv5] epoch 67/100 running
[YOLOv5] validation: all       1000        641      0.783      0.367      0.405      0.219
[YOLOv5] epoch 68/100 running
[YOLOv5] validation: all       1000        641      0.809       0.34      0.404      0.208
[YOLOv5] epoch 69/100 running
[YOLOv5] validation: all       1000        641      0.742      0.364      0.397      0.207
[YOLOv5] epoch 70/100 running
[YOLOv5] validation: all       1000        641      0.711      0.363      0.389      0.206
[YOLOv5] epoch 71/100 running
[YOLOv5] validation: all       1000        641      0.748       0.35      0.383      0.197
[YOLOv5] epoch 72/100 running
[YOLOv5] validation: all       1000        641      0.737      0.358      0.392      0.205
[YOLOv5] epoch 73/100 running
[YOLOv5] validation: all       1000        641       0.75      0.358      0.388      0.203
[YOLOv5] epoch 74/100 running
[YOLOv5] validation: all       1000        641      0.766      0.365      0.408      0.219
[YOLOv5] epoch 75/100 running
[YOLOv5] validation: all       1000        641      0.786      0.356      0.399      0.208
[YOLOv5] epoch 76/100 running
[YOLOv5] validation: all       1000        641      0.794      0.358      0.412      0.221
[YOLOv5] epoch 77/100 running
[YOLOv5] validation: all       1000        641      0.766      0.358        0.4      0.209
[YOLOv5] epoch 78/100 running
[YOLOv5] validation: all       1000        641      0.813      0.323      0.389      0.206
[YOLOv5] epoch 79/100 running
[YOLOv5] validation: all       1000        641      0.765       0.36      0.409      0.222
[YOLOv5] epoch 80/100 running
[YOLOv5] validation: all       1000        641      0.764      0.351      0.397      0.207
[YOLOv5] epoch 81/100 running
[YOLOv5] validation: all       1000        641      0.719      0.386      0.408      0.221
[YOLOv5] epoch 82/100 running
[YOLOv5] validation: all       1000        641      0.777      0.355      0.403       0.22
[YOLOv5] epoch 83/100 running
[YOLOv5] validation: all       1000        641      0.763      0.356      0.391      0.208
[YOLOv5] epoch 84/100 running
[YOLOv5] validation: all       1000        641        0.8      0.339      0.408      0.222
[YOLOv5] epoch 85/100 running
[YOLOv5] validation: all       1000        641      0.799      0.367      0.417      0.228
[YOLOv5] epoch 86/100 running
[YOLOv5] validation: all       1000        641      0.807      0.348      0.397      0.214
[YOLOv5] epoch 87/100 running
[YOLOv5] validation: all       1000        641      0.797      0.345      0.406      0.217
[YOLOv5] epoch 88/100 running
[YOLOv5] validation: all       1000        641      0.777      0.382      0.412      0.223
[YOLOv5] epoch 89/100 running
[YOLOv5] validation: all       1000        641      0.742      0.371      0.393      0.216
[YOLOv5] epoch 90/100 running
[YOLOv5] validation: all       1000        641      0.733      0.376      0.406      0.219
[YOLOv5] epoch 91/100 running
[YOLOv5] validation: all       1000        641      0.739       0.37      0.397      0.211
[YOLOv5] epoch 92/100 running
[YOLOv5] validation: all       1000        641      0.743      0.373      0.405      0.217
[YOLOv5] epoch 93/100 running
[YOLOv5] validation: all       1000        641      0.756       0.39      0.414      0.222
[YOLOv5] epoch 94/100 running
[YOLOv5] validation: all       1000        641      0.771      0.374       0.41      0.222
[YOLOv5] epoch 95/100 running
[YOLOv5] validation: all       1000        641      0.762      0.365      0.412      0.225
[YOLOv5] epoch 96/100 running
[YOLOv5] validation: all       1000        641      0.734      0.392      0.415      0.223
[YOLOv5] epoch 97/100 running
[YOLOv5] validation: all       1000        641      0.738       0.38      0.414      0.223
[YOLOv5] epoch 98/100 running
[YOLOv5] validation: all       1000        641      0.797      0.346      0.413      0.224
[YOLOv5] epoch 99/100 running
[YOLOv5] validation: all       1000        641      0.781      0.364      0.412      0.223
[YOLOv5] epoch 100/100 running
[YOLOv5] validation: all       1000        641      0.779      0.367      0.413      0.224
[YOLOv5] 100 epochs completed in 0.653 hours.
[YOLOv5] validation: all       1000        641        0.8      0.366      0.416      0.228
[Task] training completed: 2584.1s
[Task] evaluating: checkpoint=last, group=test, samples=1000
[YOLOv5] validation: all       1000        614      0.755      0.356      0.398      0.183
[Task] evaluation: checkpoint=last, group=test, mAP50-95=0.1833, mAP50=0.3981, time=71.6s
[Task] evaluating: checkpoint=best, group=test, samples=1000
[YOLOv5] validation: all       1000        614      0.731      0.351       0.41       0.18
[Task] evaluation: checkpoint=best, group=test, mAP50-95=0.1804, mAP50=0.4101, time=85.9s
[Task] completed: evaluation=157.6s, output=/home/lijinhe/work/YOLO_Retraining/runs/studies/balance_learning_curve_2batch/sequences/Balance_Learning_Curve_random_s41__seq-full-cold__stage0-stage7__yolov5s__s42/tasks/003__stage3__full-cold
[Task] output: /home/lijinhe/work/YOLO_Retraining/runs/studies/balance_learning_curve_2batch/sequences/Balance_Learning_Curve_random_s41__seq-full-cold__stage0-stage7__yolov5s__s42/tasks/004__stage4__full-cold
[Task] data: current=1000, candidate=4575, validation=1000, test=1000
[Task] selection: policy=full, selected=4575, groups={'candidate': 4575}, time=0.002s
[Task] training: backend=yolov5, epochs=100, batch=64, device=0
[YOLOv5] epoch 1/100 running
[YOLOv5] validation: all       1000        641        0.8     0.0451     0.0248    0.00623
[YOLOv5] epoch 2/100 running
[YOLOv5] validation: all       1000        641      0.836     0.0561     0.0842     0.0269
[YOLOv5] epoch 3/100 running
[YOLOv5] validation: all       1000        641      0.423      0.191      0.121     0.0482
[YOLOv5] epoch 4/100 running
[YOLOv5] validation: all       1000        641      0.351      0.174     0.0667     0.0229
[YOLOv5] epoch 5/100 running
[YOLOv5] validation: all       1000        641      0.428      0.192      0.145     0.0522
[YOLOv5] epoch 6/100 running
[YOLOv5] validation: all       1000        641       0.48      0.188      0.149     0.0443
[YOLOv5] epoch 7/100 running
[YOLOv5] validation: all       1000        641      0.438      0.197      0.118     0.0502
[YOLOv5] epoch 8/100 running
[YOLOv5] validation: all       1000        641      0.481      0.166      0.121     0.0414
[YOLOv5] epoch 9/100 running
[YOLOv5] validation: all       1000        641      0.493      0.241      0.179     0.0741
[YOLOv5] epoch 10/100 running
[YOLOv5] validation: all       1000        641      0.666      0.274      0.277       0.12
[YOLOv5] epoch 11/100 running
[YOLOv5] validation: all       1000        641      0.558      0.194      0.185     0.0752
[YOLOv5] epoch 12/100 running
[YOLOv5] validation: all       1000        641      0.722      0.301      0.341      0.142
[YOLOv5] epoch 13/100 running
[YOLOv5] validation: all       1000        641      0.515      0.224      0.189     0.0778
[YOLOv5] epoch 14/100 running
[YOLOv5] validation: all       1000        641      0.702      0.338      0.369      0.165
[YOLOv5] epoch 15/100 running
[YOLOv5] validation: all       1000        641      0.755      0.311      0.358      0.168
[YOLOv5] epoch 16/100 running
[YOLOv5] validation: all       1000        641      0.694      0.255      0.287      0.115
[YOLOv5] epoch 17/100 running
[YOLOv5] validation: all       1000        641      0.674      0.335      0.351      0.167
[YOLOv5] epoch 18/100 running
[YOLOv5] validation: all       1000        641      0.652      0.315      0.336      0.148
[YOLOv5] epoch 19/100 running
[YOLOv5] validation: all       1000        641       0.65      0.353      0.344      0.144
[YOLOv5] epoch 20/100 running
[YOLOv5] validation: all       1000        641      0.679      0.371      0.384       0.18
[YOLOv5] epoch 21/100 running
[YOLOv5] validation: all       1000        641      0.721      0.326       0.38      0.185
[YOLOv5] epoch 22/100 running
[YOLOv5] validation: all       1000        641      0.695      0.318      0.357       0.17
[YOLOv5] epoch 23/100 running
[YOLOv5] validation: all       1000        641       0.76       0.35       0.39      0.202
[YOLOv5] epoch 24/100 running
[YOLOv5] validation: all       1000        641      0.738      0.359      0.395      0.183
[YOLOv5] epoch 25/100 running
[YOLOv5] validation: all       1000        641      0.731      0.329      0.373      0.184
[YOLOv5] epoch 26/100 running
[YOLOv5] validation: all       1000        641      0.775      0.349      0.396      0.196
[YOLOv5] epoch 27/100 running
[YOLOv5] validation: all       1000        641      0.754      0.322      0.391      0.188
[YOLOv5] epoch 28/100 running
[YOLOv5] validation: all       1000        641      0.753      0.353        0.4      0.202
[YOLOv5] epoch 29/100 running
[YOLOv5] validation: all       1000        641      0.789      0.326      0.388      0.203
[YOLOv5] epoch 30/100 running
[YOLOv5] validation: all       1000        641      0.663      0.343      0.347       0.16
[YOLOv5] epoch 31/100 running
[YOLOv5] validation: all       1000        641      0.687      0.392      0.398      0.189
[YOLOv5] epoch 32/100 running
[YOLOv5] validation: all       1000        641      0.759      0.301      0.339      0.159
[YOLOv5] epoch 33/100 running
[YOLOv5] validation: all       1000        641      0.709      0.338      0.363      0.179
[YOLOv5] epoch 34/100 running
[YOLOv5] validation: all       1000        641      0.723       0.36      0.399      0.208
[YOLOv5] epoch 35/100 running
[YOLOv5] validation: all       1000        641      0.711      0.388      0.408      0.204
[YOLOv5] epoch 36/100 running
[YOLOv5] validation: all       1000        641      0.827      0.353      0.436      0.248
[YOLOv5] epoch 37/100 running
[YOLOv5] validation: all       1000        641       0.73      0.375      0.391      0.199
[YOLOv5] epoch 38/100 running
[YOLOv5] validation: all       1000        641      0.797      0.378      0.417      0.216
[YOLOv5] epoch 39/100 running
[YOLOv5] validation: all       1000        641      0.749      0.382      0.397      0.199
[YOLOv5] epoch 40/100 running
[YOLOv5] validation: all       1000        641      0.747      0.418      0.426      0.222
[YOLOv5] epoch 41/100 running
[YOLOv5] validation: all       1000        641      0.794      0.346       0.41      0.219
[YOLOv5] epoch 42/100 running
[YOLOv5] validation: all       1000        641      0.796      0.366      0.421      0.214
[YOLOv5] epoch 43/100 running
[YOLOv5] validation: all       1000        641      0.716      0.355      0.361      0.175
[YOLOv5] epoch 44/100 running
[YOLOv5] validation: all       1000        641      0.769      0.356      0.407      0.208
[YOLOv5] epoch 45/100 running
[YOLOv5] validation: all       1000        641      0.729      0.415      0.432      0.228
[YOLOv5] epoch 46/100 running
[YOLOv5] validation: all       1000        641      0.738      0.413      0.438      0.229
[YOLOv5] epoch 47/100 running
[YOLOv5] validation: all       1000        641      0.754      0.383      0.429      0.221
[YOLOv5] epoch 48/100 running
[YOLOv5] validation: all       1000        641      0.791      0.363      0.421      0.232
[YOLOv5] epoch 49/100 running
[YOLOv5] validation: all       1000        641      0.738      0.379      0.412      0.212
[YOLOv5] epoch 50/100 running
[YOLOv5] validation: all       1000        641      0.803      0.375       0.43      0.238
[YOLOv5] epoch 51/100 running
[YOLOv5] validation: all       1000        641      0.778       0.36      0.419      0.231
[YOLOv5] epoch 52/100 running
[YOLOv5] validation: all       1000        641      0.787      0.357        0.4      0.218
[YOLOv5] epoch 53/100 running
[YOLOv5] validation: all       1000        641      0.789      0.415      0.456      0.252
[YOLOv5] epoch 54/100 running
[YOLOv5] validation: all       1000        641      0.754      0.399      0.446      0.237
[YOLOv5] epoch 55/100 running
[YOLOv5] validation: all       1000        641      0.826      0.366       0.44      0.237
[YOLOv5] epoch 56/100 running
[YOLOv5] validation: all       1000        641      0.814      0.364      0.419       0.23
[YOLOv5] epoch 57/100 running
[YOLOv5] validation: all       1000        641      0.769      0.388      0.438      0.235
[YOLOv5] epoch 58/100 running
[YOLOv5] validation: all       1000        641      0.746      0.431      0.447      0.247
[YOLOv5] epoch 59/100 running
[YOLOv5] validation: all       1000        641      0.772      0.392      0.428      0.238
[YOLOv5] epoch 60/100 running
[YOLOv5] validation: all       1000        641      0.736      0.416      0.448      0.245
[YOLOv5] epoch 61/100 running
[YOLOv5] validation: all       1000        641       0.81      0.375      0.442      0.252
[YOLOv5] epoch 62/100 running
[YOLOv5] validation: all       1000        641      0.794      0.364      0.423      0.237
[YOLOv5] epoch 63/100 running
[YOLOv5] validation: all       1000        641      0.787      0.418      0.467      0.267
[YOLOv5] epoch 64/100 running
[YOLOv5] validation: all       1000        641      0.794      0.387      0.438      0.237
[YOLOv5] epoch 65/100 running
[YOLOv5] validation: all       1000        641      0.751      0.408      0.443      0.246
[YOLOv5] epoch 66/100 running
[YOLOv5] validation: all       1000        641      0.821      0.394      0.453      0.259
[YOLOv5] epoch 67/100 running
[YOLOv5] validation: all       1000        641      0.747      0.384      0.433      0.241
[YOLOv5] epoch 68/100 running
[YOLOv5] validation: all       1000        641       0.82      0.353      0.426      0.238
[YOLOv5] epoch 69/100 running
[YOLOv5] validation: all       1000        641      0.813      0.366      0.439      0.248
[YOLOv5] epoch 70/100 running
[YOLOv5] validation: all       1000        641      0.804      0.366      0.442      0.242
[YOLOv5] epoch 71/100 running
[YOLOv5] validation: all       1000        641      0.781      0.411      0.453      0.246
[YOLOv5] epoch 72/100 running
[YOLOv5] validation: all       1000        641      0.771      0.403       0.46      0.255
[YOLOv5] epoch 73/100 running
[YOLOv5] validation: all       1000        641      0.745      0.401      0.455      0.253
[YOLOv5] epoch 74/100 running
[YOLOv5] validation: all       1000        641       0.81      0.375      0.438      0.235
[YOLOv5] epoch 75/100 running
[YOLOv5] validation: all       1000        641      0.771       0.39       0.44      0.241
[YOLOv5] epoch 76/100 running
[YOLOv5] validation: all       1000        641      0.757      0.403      0.443      0.237
[YOLOv5] epoch 77/100 running
[YOLOv5] validation: all       1000        641      0.784        0.4      0.451      0.247
[YOLOv5] epoch 78/100 running
[YOLOv5] validation: all       1000        641      0.759        0.4      0.444      0.254
[YOLOv5] epoch 79/100 running
[YOLOv5] validation: all       1000        641      0.813      0.367      0.438      0.247
[YOLOv5] epoch 80/100 running
[YOLOv5] validation: all       1000        641      0.768      0.394      0.451      0.253
[YOLOv5] epoch 81/100 running
[YOLOv5] validation: all       1000        641      0.829      0.368      0.439      0.248
[YOLOv5] epoch 82/100 running
[YOLOv5] validation: all       1000        641      0.789      0.397      0.454      0.258
[YOLOv5] epoch 83/100 running
[YOLOv5] validation: all       1000        641      0.783      0.401      0.454      0.261
[YOLOv5] epoch 84/100 running
[YOLOv5] validation: all       1000        641      0.819      0.373      0.436      0.247
[YOLOv5] epoch 85/100 running
[YOLOv5] validation: all       1000        641      0.811      0.388      0.456      0.258
[YOLOv5] epoch 86/100 running
[YOLOv5] validation: all       1000        641       0.76        0.4      0.448      0.257
[YOLOv5] epoch 87/100 running
[YOLOv5] validation: all       1000        641      0.763      0.392      0.432      0.247
[YOLOv5] epoch 88/100 running
[YOLOv5] validation: all       1000        641      0.792      0.383      0.441      0.253
[YOLOv5] epoch 89/100 running
[YOLOv5] validation: all       1000        641      0.799      0.403      0.454       0.26
[YOLOv5] epoch 90/100 running
[YOLOv5] validation: all       1000        641      0.802      0.385      0.449      0.254
[YOLOv5] epoch 91/100 running
[YOLOv5] validation: all       1000        641      0.866      0.373      0.451      0.253
[YOLOv5] epoch 92/100 running
[YOLOv5] validation: all       1000        641      0.861      0.368      0.452      0.258
[YOLOv5] epoch 93/100 running
[YOLOv5] validation: all       1000        641       0.79        0.4      0.455      0.261
[YOLOv5] epoch 94/100 running
[YOLOv5] validation: all       1000        641      0.801      0.396      0.453       0.26
[YOLOv5] epoch 95/100 running
[YOLOv5] validation: all       1000        641      0.821      0.398      0.459      0.264
[YOLOv5] epoch 96/100 running
[YOLOv5] validation: all       1000        641      0.823      0.389      0.454      0.264
[YOLOv5] epoch 97/100 running
[YOLOv5] validation: all       1000        641      0.852      0.383      0.453      0.262
[YOLOv5] epoch 98/100 running
[YOLOv5] validation: all       1000        641      0.852      0.377      0.454      0.261
[YOLOv5] epoch 99/100 running
[YOLOv5] validation: all       1000        641      0.815      0.395      0.455      0.261
[YOLOv5] epoch 100/100 running
[YOLOv5] validation: all       1000        641      0.825      0.394      0.453       0.26
[YOLOv5] 100 epochs completed in 0.793 hours.
[YOLOv5] validation: all       1000        641      0.786      0.418      0.467      0.267
[Task] training completed: 3094.4s
[Task] evaluating: checkpoint=last, group=test, samples=1000
[YOLOv5] validation: all       1000        614      0.701      0.366      0.381      0.173
[Task] evaluation: checkpoint=last, group=test, mAP50-95=0.1729, mAP50=0.3811, time=82.9s
[Task] evaluating: checkpoint=best, group=test, samples=1000
[YOLOv5] validation: all       1000        614      0.791       0.34      0.391      0.171
[Task] evaluation: checkpoint=best, group=test, mAP50-95=0.1713, mAP50=0.3912, time=82.2s
[Task] completed: evaluation=165.1s, output=/home/lijinhe/work/YOLO_Retraining/runs/studies/balance_learning_curve_2batch/sequences/Balance_Learning_Curve_random_s41__seq-full-cold__stage0-stage7__yolov5s__s42/tasks/004__stage4__full-cold
[Task] output: /home/lijinhe/work/YOLO_Retraining/runs/studies/balance_learning_curve_2batch/sequences/Balance_Learning_Curve_random_s41__seq-full-cold__stage0-stage7__yolov5s__s42/tasks/005__stage5__full-cold
[Task] data: current=1000, candidate=5575, validation=1000, test=1000
[Task] selection: policy=full, selected=5575, groups={'candidate': 5575}, time=0.002s
[Task] training: backend=yolov5, epochs=100, batch=64, device=0
[YOLOv5] epoch 1/100 running
[YOLOv5] validation: all       1000        641    0.00315      0.431     0.0186    0.00517
[YOLOv5] epoch 2/100 running
[YOLOv5] validation: all       1000        641      0.823     0.0463       0.14     0.0412
[YOLOv5] epoch 3/100 running
[YOLOv5] validation: all       1000        641      0.395      0.126      0.061     0.0198
[YOLOv5] epoch 4/100 running
[YOLOv5] validation: all       1000        641      0.392      0.274      0.132     0.0501
[YOLOv5] epoch 5/100 running
[YOLOv5] validation: all       1000        641      0.509      0.145      0.135     0.0495
[YOLOv5] epoch 6/100 running
[YOLOv5] validation: all       1000        641      0.445      0.273      0.171     0.0602
[YOLOv5] epoch 7/100 running
[YOLOv5] validation: all       1000        641      0.481      0.267        0.2     0.0909
[YOLOv5] epoch 8/100 running
[YOLOv5] validation: all       1000        641       0.63      0.295      0.285      0.116
[YOLOv5] epoch 9/100 running
[YOLOv5] validation: all       1000        641      0.614      0.352      0.332      0.138
[YOLOv5] epoch 10/100 running
[YOLOv5] validation: all       1000        641      0.563      0.306      0.285      0.118
[YOLOv5] epoch 11/100 running
[YOLOv5] validation: all       1000        641      0.594      0.253      0.271      0.121
[YOLOv5] epoch 12/100 running
[YOLOv5] validation: all       1000        641      0.669      0.304      0.306       0.12
[YOLOv5] epoch 13/100 running
[YOLOv5] validation: all       1000        641      0.665      0.319       0.35      0.163
[YOLOv5] epoch 14/100 running
[YOLOv5] validation: all       1000        641      0.698       0.34      0.378      0.177
[YOLOv5] epoch 15/100 running
[YOLOv5] validation: all       1000        641      0.708      0.299      0.344      0.154
[YOLOv5] epoch 16/100 running
[YOLOv5] validation: all       1000        641      0.799      0.294      0.365      0.176
[YOLOv5] epoch 17/100 running
[YOLOv5] validation: all       1000        641      0.679      0.335      0.358       0.16
[YOLOv5] epoch 18/100 running
[YOLOv5] validation: all       1000        641      0.675      0.346      0.375      0.176
[YOLOv5] epoch 19/100 running
[YOLOv5] validation: all       1000        641      0.739      0.301      0.364      0.158
[YOLOv5] epoch 20/100 running
[YOLOv5] validation: all       1000        641      0.683      0.352      0.382      0.174
[YOLOv5] epoch 21/100 running
[YOLOv5] validation: all       1000        641      0.668      0.328       0.34      0.162
[YOLOv5] epoch 22/100 running
[YOLOv5] validation: all       1000        641      0.761      0.343       0.39      0.183
[YOLOv5] epoch 23/100 running
[YOLOv5] validation: all       1000        641      0.692      0.366      0.385      0.165
[YOLOv5] epoch 24/100 running
[YOLOv5] validation: all       1000        641      0.741      0.362      0.408      0.205
[YOLOv5] epoch 25/100 running
[YOLOv5] validation: all       1000        641       0.72      0.346       0.37      0.183
[YOLOv5] epoch 26/100 running
[YOLOv5] validation: all       1000        641      0.703      0.361      0.392      0.196
[YOLOv5] epoch 27/100 running
[YOLOv5] validation: all       1000        641      0.718      0.374      0.396      0.189
[YOLOv5] epoch 28/100 running
[YOLOv5] validation: all       1000        641      0.671      0.392      0.397      0.203
[YOLOv5] epoch 29/100 running
[YOLOv5] validation: all       1000        641       0.75       0.37      0.404      0.208
[YOLOv5] epoch 30/100 running
[YOLOv5] validation: all       1000        641       0.67      0.338      0.342      0.149
[YOLOv5] epoch 31/100 running
[YOLOv5] validation: all       1000        641      0.748      0.363        0.4      0.186
[YOLOv5] epoch 32/100 running
[YOLOv5] validation: all       1000        641       0.79      0.376       0.44      0.232
[YOLOv5] epoch 33/100 running
[YOLOv5] validation: all       1000        641      0.756      0.378      0.417      0.219
[YOLOv5] epoch 34/100 running
[YOLOv5] validation: all       1000        641      0.747      0.357      0.395      0.194
[YOLOv5] epoch 35/100 running
[YOLOv5] validation: all       1000        641      0.731      0.417      0.451      0.226
[YOLOv5] epoch 36/100 running
[YOLOv5] validation: all       1000        641      0.733      0.377       0.42      0.214
[YOLOv5] epoch 37/100 running
[YOLOv5] validation: all       1000        641      0.779      0.361      0.426      0.214
[YOLOv5] epoch 38/100 running
[YOLOv5] validation: all       1000        641      0.754      0.397      0.436      0.227
[YOLOv5] epoch 39/100 running
[YOLOv5] validation: all       1000        641      0.775      0.346      0.404      0.213
[YOLOv5] epoch 40/100 running
[YOLOv5] validation: all       1000        641      0.778      0.332       0.39      0.197
[YOLOv5] epoch 41/100 running
[YOLOv5] validation: all       1000        641      0.747      0.376      0.425      0.219
[YOLOv5] epoch 42/100 running
[YOLOv5] validation: all       1000        641      0.771      0.386      0.423      0.217
[YOLOv5] epoch 43/100 running
[YOLOv5] validation: all       1000        641      0.766       0.38      0.415      0.209
[YOLOv5] epoch 44/100 running
[YOLOv5] validation: all       1000        641      0.788      0.387      0.423       0.23
[YOLOv5] epoch 45/100 running
[YOLOv5] validation: all       1000        641       0.71      0.415       0.42      0.218
[YOLOv5] epoch 46/100 running
[YOLOv5] validation: all       1000        641      0.784      0.407      0.437       0.22
[YOLOv5] epoch 47/100 running
[YOLOv5] validation: all       1000        641      0.801      0.345      0.412      0.207
[YOLOv5] epoch 48/100 running
[YOLOv5] validation: all       1000        641       0.79      0.347      0.411      0.219
[YOLOv5] epoch 49/100 running
[YOLOv5] validation: all       1000        641      0.769      0.384      0.433       0.22
[YOLOv5] epoch 50/100 running
[YOLOv5] validation: all       1000        641      0.765      0.388      0.432      0.224
[YOLOv5] epoch 51/100 running
[YOLOv5] validation: all       1000        641      0.754      0.388      0.433      0.226
[YOLOv5] epoch 52/100 running
[YOLOv5] validation: all       1000        641      0.748      0.371      0.421      0.223
[YOLOv5] epoch 53/100 running
[YOLOv5] validation: all       1000        641      0.758      0.375      0.417      0.219
[YOLOv5] epoch 54/100 running
[YOLOv5] validation: all       1000        641      0.758      0.385      0.436      0.229
[YOLOv5] epoch 55/100 running
[YOLOv5] validation: all       1000        641      0.835      0.359      0.441      0.235
[YOLOv5] epoch 56/100 running
[YOLOv5] validation: all       1000        641      0.801      0.369      0.434      0.243
[YOLOv5] epoch 57/100 running
[YOLOv5] validation: all       1000        641      0.761      0.375       0.42      0.215
[YOLOv5] epoch 58/100 running
[YOLOv5] validation: all       1000        641      0.781      0.393      0.438      0.224
[YOLOv5] epoch 59/100 running
[YOLOv5] validation: all       1000        641      0.782      0.368       0.42      0.224
[YOLOv5] epoch 60/100 running
[YOLOv5] validation: all       1000        641      0.783      0.363      0.422      0.223
[YOLOv5] epoch 61/100 running
[YOLOv5] validation: all       1000        641      0.757      0.392      0.426      0.221
[YOLOv5] epoch 62/100 running
[YOLOv5] validation: all       1000        641      0.794      0.389      0.435      0.234
[YOLOv5] epoch 63/100 running
[YOLOv5] validation: all       1000        641      0.792      0.409      0.449       0.24
[YOLOv5] epoch 64/100 running
[YOLOv5] validation: all       1000        641       0.82      0.396      0.447       0.24
[YOLOv5] epoch 65/100 running
[YOLOv5] validation: all       1000        641      0.769      0.384      0.438      0.238
[YOLOv5] epoch 66/100 running
[YOLOv5] validation: all       1000        641       0.79       0.38      0.434      0.236
[YOLOv5] epoch 67/100 running
[YOLOv5] validation: all       1000        641       0.77      0.404      0.446      0.249
[YOLOv5] epoch 68/100 running
[YOLOv5] validation: all       1000        641      0.793      0.393      0.451      0.255
[YOLOv5] epoch 69/100 running
[YOLOv5] validation: all       1000        641      0.839      0.386      0.454      0.253
[YOLOv5] epoch 70/100 running
[YOLOv5] validation: all       1000        641       0.77      0.381       0.44      0.235
[YOLOv5] epoch 71/100 running
[YOLOv5] validation: all       1000        641      0.825      0.368      0.448      0.243
[YOLOv5] epoch 72/100 running
[YOLOv5] validation: all       1000        641      0.751      0.397      0.439      0.242
[YOLOv5] epoch 73/100 running
[YOLOv5] validation: all       1000        641      0.817      0.385      0.455      0.251
[YOLOv5] epoch 74/100 running
[YOLOv5] validation: all       1000        641      0.818      0.378       0.45       0.25
[YOLOv5] epoch 75/100 running
[YOLOv5] validation: all       1000        641      0.776      0.378      0.425      0.234
[YOLOv5] epoch 76/100 running
[YOLOv5] validation: all       1000        641      0.801      0.396      0.446      0.253
[YOLOv5] epoch 77/100 running
[YOLOv5] validation: all       1000        641      0.799      0.395      0.447      0.241
[YOLOv5] epoch 78/100 running
[YOLOv5] validation: all       1000        641      0.819      0.389      0.447      0.249
[YOLOv5] epoch 79/100 running
[YOLOv5] validation: all       1000        641      0.781      0.404      0.453      0.251
[YOLOv5] epoch 80/100 running
[YOLOv5] validation: all       1000        641      0.811      0.395      0.448      0.252
[YOLOv5] epoch 81/100 running
[YOLOv5] validation: all       1000        641      0.811      0.385      0.446      0.249
[YOLOv5] epoch 82/100 running
[YOLOv5] validation: all       1000        641      0.828      0.387      0.448      0.251
[YOLOv5] epoch 83/100 running
[YOLOv5] validation: all       1000        641      0.813      0.406      0.458      0.257
[YOLOv5] epoch 84/100 running
[YOLOv5] validation: all       1000        641      0.762      0.404      0.443      0.243
[YOLOv5] epoch 85/100 running
[YOLOv5] validation: all       1000        641      0.797      0.387      0.446      0.246
[YOLOv5] epoch 86/100 running
[YOLOv5] validation: all       1000        641       0.76      0.392      0.441       0.25
[YOLOv5] epoch 87/100 running
[YOLOv5] validation: all       1000        641      0.821      0.389      0.449       0.25
[YOLOv5] epoch 88/100 running
[YOLOv5] validation: all       1000        641      0.785      0.391      0.446      0.248
[YOLOv5] epoch 89/100 running
[YOLOv5] validation: all       1000        641      0.822      0.375      0.443      0.254
[YOLOv5] epoch 90/100 running
[YOLOv5] validation: all       1000        641      0.821      0.385      0.451      0.251
[YOLOv5] epoch 91/100 running
[YOLOv5] validation: all       1000        641      0.849      0.374      0.448      0.254
[YOLOv5] epoch 92/100 running
[YOLOv5] validation: all       1000        641      0.815      0.391      0.446      0.255
[YOLOv5] epoch 93/100 running
[YOLOv5] validation: all       1000        641      0.842      0.388      0.456      0.257
[YOLOv5] epoch 94/100 running
[YOLOv5] validation: all       1000        641      0.821      0.386      0.451      0.255
[YOLOv5] epoch 95/100 running
[YOLOv5] validation: all       1000        641      0.839      0.388      0.454      0.257
[YOLOv5] epoch 96/100 running
[YOLOv5] validation: all       1000        641      0.813      0.395      0.453      0.255
[YOLOv5] epoch 97/100 running
[YOLOv5] validation: all       1000        641      0.799      0.402      0.455      0.254
[YOLOv5] epoch 98/100 running
[YOLOv5] validation: all       1000        641      0.806      0.394      0.456      0.258
[YOLOv5] epoch 99/100 running
[YOLOv5] validation: all       1000        641      0.808      0.389      0.454      0.257
[YOLOv5] epoch 100/100 running
[YOLOv5] validation: all       1000        641      0.807      0.392      0.456      0.257
[YOLOv5] 100 epochs completed in 0.864 hours.
[YOLOv5] validation: all       1000        641      0.814      0.406      0.457      0.257
[Task] training completed: 3351.7s
[Task] evaluating: checkpoint=last, group=test, samples=1000
[YOLOv5] validation: all       1000        614      0.776      0.419      0.437      0.201
[Task] evaluation: checkpoint=last, group=test, mAP50-95=0.2014, mAP50=0.4371, time=81.6s
[Task] evaluating: checkpoint=best, group=test, samples=1000
[YOLOv5] validation: all       1000        614      0.778      0.386      0.439      0.202
[Task] evaluation: checkpoint=best, group=test, mAP50-95=0.2023, mAP50=0.4393, time=81.5s
[Task] completed: evaluation=163.1s, output=/home/lijinhe/work/YOLO_Retraining/runs/studies/balance_learning_curve_2batch/sequences/Balance_Learning_Curve_random_s41__seq-full-cold__stage0-stage7__yolov5s__s42/tasks/005__stage5__full-cold
[Task] output: /home/lijinhe/work/YOLO_Retraining/runs/studies/balance_learning_curve_2batch/sequences/Balance_Learning_Curve_random_s41__seq-full-cold__stage0-stage7__yolov5s__s42/tasks/006__stage6__full-cold
[Task] data: current=998, candidate=6573, validation=1000, test=1000
[Task] selection: policy=full, selected=6573, groups={'candidate': 6573}, time=0.002s
[Task] training: backend=yolov5, epochs=100, batch=64, device=0
[YOLOv5] epoch 1/100 running
[YOLOv5] validation: all       1000        641      0.823     0.0506      0.103     0.0346
[YOLOv5] epoch 2/100 running
[YOLOv5] validation: all       1000        641      0.462      0.203      0.199      0.066
[YOLOv5] epoch 3/100 running
[YOLOv5] validation: all       1000        641      0.349      0.232      0.118     0.0376
[YOLOv5] epoch 4/100 running
[YOLOv5] validation: all       1000        641      0.592      0.168     0.0727     0.0216
[YOLOv5] epoch 5/100 running
[YOLOv5] validation: all       1000        641      0.517      0.307      0.217     0.0891
[YOLOv5] epoch 6/100 running
[YOLOv5] validation: all       1000        641      0.488      0.355      0.242      0.096
[YOLOv5] epoch 7/100 running
[YOLOv5] validation: all       1000        641      0.547      0.295      0.248     0.0889
[YOLOv5] epoch 8/100 running
[YOLOv5] validation: all       1000        641      0.709      0.289      0.321      0.146
[YOLOv5] epoch 9/100 running
[YOLOv5] validation: all       1000        641      0.766      0.285      0.363      0.156
[YOLOv5] epoch 10/100 running
[YOLOv5] validation: all       1000        641      0.657      0.328      0.353      0.153
[YOLOv5] epoch 11/100 running
[YOLOv5] validation: all       1000        641      0.685      0.348      0.392      0.194
[YOLOv5] epoch 12/100 running
[YOLOv5] validation: all       1000        641      0.741      0.335      0.406      0.179
[YOLOv5] epoch 13/100 running
[YOLOv5] validation: all       1000        641      0.699      0.375      0.392      0.189
[YOLOv5] epoch 14/100 running
[YOLOv5] validation: all       1000        641      0.743      0.322      0.374      0.185
[YOLOv5] epoch 15/100 running
[YOLOv5] validation: all       1000        641      0.714      0.391       0.43      0.219
[YOLOv5] epoch 16/100 running
[YOLOv5] validation: all       1000        641      0.722      0.367      0.386      0.186
[YOLOv5] epoch 17/100 running
[YOLOv5] validation: all       1000        641      0.771      0.363      0.421      0.213
[YOLOv5] epoch 18/100 running
[YOLOv5] validation: all       1000        641      0.788      0.368      0.426      0.214
[YOLOv5] epoch 19/100 running
[YOLOv5] validation: all       1000        641      0.727      0.331      0.367      0.184
[YOLOv5] epoch 20/100 running
[YOLOv5] validation: all       1000        641      0.689      0.394      0.422       0.21
[YOLOv5] epoch 21/100 running
[YOLOv5] validation: all       1000        641      0.807      0.331       0.41      0.215
[YOLOv5] epoch 22/100 running
[YOLOv5] validation: all       1000        641      0.712      0.399      0.434      0.221
[YOLOv5] epoch 23/100 running
[YOLOv5] validation: all       1000        641       0.78       0.35      0.417      0.204
[YOLOv5] epoch 24/100 running
[YOLOv5] validation: all       1000        641      0.745      0.356       0.41      0.206
[YOLOv5] epoch 25/100 running
[YOLOv5] validation: all       1000        641      0.766      0.408      0.471       0.24
[YOLOv5] epoch 26/100 running
[YOLOv5] validation: all       1000        641      0.784      0.347      0.401      0.191
[YOLOv5] epoch 27/100 running
[YOLOv5] validation: all       1000        641      0.786      0.368      0.414      0.206
[YOLOv5] epoch 28/100 running
[YOLOv5] validation: all       1000        641      0.728      0.388      0.421      0.218
[YOLOv5] epoch 29/100 running
[YOLOv5] validation: all       1000        641      0.811      0.399      0.467       0.25
[YOLOv5] epoch 30/100 running
[YOLOv5] validation: all       1000        641      0.713      0.397      0.439      0.227
[YOLOv5] epoch 31/100 running
[YOLOv5] validation: all       1000        641      0.726      0.391      0.408      0.198
[YOLOv5] epoch 32/100 running
[YOLOv5] validation: all       1000        641      0.724      0.419      0.441      0.222
[YOLOv5] epoch 33/100 running
[YOLOv5] validation: all       1000        641      0.815      0.389      0.445      0.225
[YOLOv5] epoch 34/100 running
[YOLOv5] validation: all       1000        641      0.679      0.417      0.445      0.226
[YOLOv5] epoch 35/100 running
[YOLOv5] validation: all       1000        641      0.808      0.419      0.486      0.251
[YOLOv5] epoch 36/100 running
[YOLOv5] validation: all       1000        641      0.834      0.376      0.456       0.24
[YOLOv5] epoch 37/100 running
[YOLOv5] validation: all       1000        641      0.749      0.414      0.451      0.242
[YOLOv5] epoch 38/100 running
[YOLOv5] validation: all       1000        641      0.715      0.437      0.456      0.246
[YOLOv5] epoch 39/100 running
[YOLOv5] validation: all       1000        641      0.756      0.435      0.465      0.242
[YOLOv5] epoch 40/100 running
[YOLOv5] validation: all       1000        641       0.79      0.413       0.47      0.248
[YOLOv5] epoch 41/100 running
[YOLOv5] validation: all       1000        641      0.784      0.416      0.464      0.239
[YOLOv5] epoch 42/100 running
[YOLOv5] validation: all       1000        641      0.737      0.429      0.456      0.234
[YOLOv5] epoch 43/100 running
[YOLOv5] validation: all       1000        641      0.779      0.447      0.485      0.257
[YOLOv5] epoch 44/100 running
[YOLOv5] validation: all       1000        641      0.766      0.442      0.474      0.255
[YOLOv5] epoch 45/100 running
[YOLOv5] validation: all       1000        641       0.75      0.451      0.479       0.25
[YOLOv5] epoch 46/100 running
[YOLOv5] validation: all       1000        641      0.806      0.397      0.468      0.253
[YOLOv5] epoch 47/100 running
[YOLOv5] validation: all       1000        641      0.781       0.42       0.46      0.254
[YOLOv5] epoch 48/100 running
[YOLOv5] validation: all       1000        641      0.798      0.419      0.476      0.254
[YOLOv5] epoch 49/100 running
[YOLOv5] validation: all       1000        641      0.792      0.436      0.476      0.261
[YOLOv5] epoch 50/100 running
[YOLOv5] validation: all       1000        641      0.812      0.392      0.478      0.264
[YOLOv5] epoch 51/100 running
[YOLOv5] validation: all       1000        641      0.789      0.388      0.452      0.242
[YOLOv5] epoch 52/100 running
[YOLOv5] validation: all       1000        641      0.798      0.413      0.463      0.247
[YOLOv5] epoch 53/100 running
[YOLOv5] validation: all       1000        641      0.815      0.417      0.469      0.255
[YOLOv5] epoch 54/100 running
[YOLOv5] validation: all       1000        641      0.792      0.424      0.464      0.259
[YOLOv5] epoch 55/100 running
[YOLOv5] validation: all       1000        641      0.786      0.455      0.489      0.266
[YOLOv5] epoch 56/100 running
[YOLOv5] validation: all       1000        641      0.775      0.461      0.488      0.269
[YOLOv5] epoch 57/100 running
[YOLOv5] validation: all       1000        641      0.777      0.423      0.478       0.25
[YOLOv5] epoch 58/100 running
[YOLOv5] validation: all       1000        641      0.771      0.449      0.483      0.273
[YOLOv5] epoch 59/100 running
[YOLOv5] validation: all       1000        641       0.55      0.466      0.505      0.288
[YOLOv5] epoch 60/100 running
[YOLOv5] validation: all       1000        641      0.796      0.439      0.497      0.276
[YOLOv5] epoch 61/100 running
[YOLOv5] validation: all       1000        641       0.82      0.392      0.474      0.268
[YOLOv5] epoch 62/100 running
[YOLOv5] validation: all       1000        641      0.842      0.413      0.492      0.271
[YOLOv5] epoch 63/100 running
[YOLOv5] validation: all       1000        641      0.556      0.454      0.509       0.28
[YOLOv5] epoch 64/100 running
[YOLOv5] validation: all       1000        641      0.561       0.42      0.506      0.278
[YOLOv5] epoch 65/100 running
[YOLOv5] validation: all       1000        641      0.565      0.427      0.483      0.276
[YOLOv5] epoch 66/100 running
[YOLOv5] validation: all       1000        641      0.546      0.426      0.493      0.278
[YOLOv5] epoch 67/100 running
[YOLOv5] validation: all       1000        641      0.815      0.422      0.478      0.272
[YOLOv5] epoch 68/100 running
[YOLOv5] validation: all       1000        641      0.579      0.414      0.503      0.287
[YOLOv5] epoch 69/100 running
[YOLOv5] validation: all       1000        641      0.583      0.406      0.482      0.272
[YOLOv5] epoch 70/100 running
[YOLOv5] validation: all       1000        641      0.499      0.504      0.493      0.276
[YOLOv5] epoch 71/100 running
[YOLOv5] validation: all       1000        641      0.566      0.417      0.486      0.276
[YOLOv5] epoch 72/100 running
[YOLOv5] validation: all       1000        641      0.554      0.445      0.488      0.278
[YOLOv5] epoch 73/100 running
[YOLOv5] validation: all       1000        641      0.821      0.442       0.48      0.272
[YOLOv5] epoch 74/100 running
[YOLOv5] validation: all       1000        641      0.839      0.422      0.482      0.275
[YOLOv5] epoch 75/100 running
[YOLOv5] validation: all       1000        641      0.836      0.415       0.48      0.279
[YOLOv5] epoch 76/100 running
[YOLOv5] validation: all       1000        641      0.561      0.428      0.487      0.279
[YOLOv5] epoch 77/100 running
[YOLOv5] validation: all       1000        641      0.529      0.435      0.486      0.279
[YOLOv5] epoch 78/100 running
[YOLOv5] validation: all       1000        641      0.541      0.433      0.482      0.279
[YOLOv5] epoch 79/100 running
[YOLOv5] validation: all       1000        641      0.586      0.476      0.503      0.289
[YOLOv5] epoch 80/100 running
[YOLOv5] validation: all       1000        641      0.532      0.482      0.509      0.292
[YOLOv5] epoch 81/100 running
[YOLOv5] validation: all       1000        641      0.578       0.49      0.513      0.295
[YOLOv5] epoch 82/100 running
[YOLOv5] validation: all       1000        641      0.583      0.426      0.509      0.293
[YOLOv5] epoch 83/100 running
[YOLOv5] validation: all       1000        641      0.525      0.457      0.487      0.281
[YOLOv5] epoch 84/100 running
[YOLOv5] validation: all       1000        641      0.597       0.42      0.492      0.282
[YOLOv5] epoch 85/100 running
[YOLOv5] validation: all       1000        641      0.555      0.434      0.488      0.285
[YOLOv5] epoch 86/100 running
[YOLOv5] validation: all       1000        641      0.578      0.427      0.481      0.277
[YOLOv5] epoch 87/100 running
[YOLOv5] validation: all       1000        641      0.574      0.433      0.482      0.279
[YOLOv5] epoch 88/100 running
[YOLOv5] validation: all       1000        641      0.594      0.425      0.493      0.282
[YOLOv5] epoch 89/100 running
[YOLOv5] validation: all       1000        641      0.589      0.433      0.491      0.282
[YOLOv5] epoch 90/100 running
[YOLOv5] validation: all       1000        641      0.576      0.438      0.491       0.28
[YOLOv5] epoch 91/100 running
[YOLOv5] validation: all       1000        641      0.575      0.435      0.492       0.28
[YOLOv5] epoch 92/100 running
[YOLOv5] validation: all       1000        641      0.547       0.45      0.493      0.281
[YOLOv5] epoch 93/100 running
[YOLOv5] validation: all       1000        641      0.578      0.421      0.487      0.282
[YOLOv5] epoch 94/100 running
[YOLOv5] validation: all       1000        641      0.561      0.432      0.486      0.277
[YOLOv5] epoch 95/100 running
[YOLOv5] validation: all       1000        641      0.574       0.43      0.479      0.276
[YOLOv5] epoch 96/100 running
[YOLOv5] validation: all       1000        641      0.591      0.421      0.482       0.28
[YOLOv5] epoch 97/100 running
[YOLOv5] validation: all       1000        641      0.572       0.43      0.481      0.282
[YOLOv5] epoch 98/100 running
[YOLOv5] validation: all       1000        641      0.543      0.452      0.481      0.284
[YOLOv5] epoch 99/100 running
[YOLOv5] validation: all       1000        641      0.544      0.447      0.481      0.283
[YOLOv5] epoch 100/100 running
[YOLOv5] validation: all       1000        641      0.564      0.435       0.48      0.281
[YOLOv5] 100 epochs completed in 0.978 hours.
[YOLOv5] validation: all       1000        641      0.579       0.49      0.513      0.295
[Task] training completed: 3759.3s
[Task] evaluating: checkpoint=last, group=test, samples=1000
[YOLOv5] validation: all       1000        614      0.777      0.413      0.481      0.227
[Task] evaluation: checkpoint=last, group=test, mAP50-95=0.2269, mAP50=0.4807, time=78.5s
[Task] evaluating: checkpoint=best, group=test, samples=1000
[YOLOv5] validation: all       1000        614      0.761      0.415      0.468      0.229
[Task] evaluation: checkpoint=best, group=test, mAP50-95=0.2285, mAP50=0.4681, time=79.1s
[Task] completed: evaluation=157.6s, output=/home/lijinhe/work/YOLO_Retraining/runs/studies/balance_learning_curve_2batch/sequences/Balance_Learning_Curve_random_s41__seq-full-cold__stage0-stage7__yolov5s__s42/tasks/006__stage6__full-cold
[Task] output: /home/lijinhe/work/YOLO_Retraining/runs/studies/balance_learning_curve_2batch/sequences/Balance_Learning_Curve_random_s41__seq-full-cold__stage0-stage7__yolov5s__s42/tasks/007__stage7__full-cold
[Task] data: current=1000, candidate=7573, validation=1000, test=1000
[Task] selection: policy=full, selected=7573, groups={'candidate': 7573}, time=0.003s
[Task] training: backend=yolov5, epochs=100, batch=64, device=0
[YOLOv5] epoch 1/100 running
[YOLOv5] validation: all       1000        641      0.793     0.0445     0.0956     0.0347
[YOLOv5] epoch 2/100 running
[YOLOv5] validation: all       1000        641      0.768      0.174        0.2     0.0776
[YOLOv5] epoch 3/100 running
[YOLOv5] validation: all       1000        641      0.511       0.11     0.0954     0.0399
[YOLOv5] epoch 4/100 running
[YOLOv5] validation: all       1000        641      0.802     0.0422     0.0381     0.0146
[YOLOv5] epoch 5/100 running
[YOLOv5] validation: all       1000        641      0.435      0.184      0.122     0.0442
[YOLOv5] epoch 6/100 running
[YOLOv5] validation: all       1000        641      0.641      0.265      0.277     0.0952
[YOLOv5] epoch 7/100 running
[YOLOv5] validation: all       1000        641       0.64      0.297      0.307      0.133
[YOLOv5] epoch 8/100 running
[YOLOv5] validation: all       1000        641      0.582      0.329      0.274      0.108
[YOLOv5] epoch 9/100 running
[YOLOv5] validation: all       1000        641      0.665      0.349      0.362      0.162
[YOLOv5] epoch 10/100 running
[YOLOv5] validation: all       1000        641      0.646      0.373      0.384      0.187
[YOLOv5] epoch 11/100 running
[YOLOv5] validation: all       1000        641      0.713      0.358      0.393      0.187
[YOLOv5] epoch 12/100 running
[YOLOv5] validation: all       1000        641      0.699      0.365      0.384      0.186
[YOLOv5] epoch 13/100 running
[YOLOv5] validation: all       1000        641      0.726      0.291      0.345      0.169
[YOLOv5] epoch 14/100 running
[YOLOv5] validation: all       1000        641      0.753       0.39      0.431      0.191
[YOLOv5] epoch 15/100 running
[YOLOv5] validation: all       1000        641      0.761      0.287      0.355       0.15
[YOLOv5] epoch 16/100 running
[YOLOv5] validation: all       1000        641      0.738      0.355      0.411      0.196
[YOLOv5] epoch 17/100 running
[YOLOv5] validation: all       1000        641      0.759      0.373      0.434      0.217
[YOLOv5] epoch 18/100 running
[YOLOv5] validation: all       1000        641      0.755      0.371      0.402       0.21
[YOLOv5] epoch 19/100 running
[YOLOv5] validation: all       1000        641      0.774      0.363      0.424      0.204
[YOLOv5] epoch 20/100 running
[YOLOv5] validation: all       1000        641      0.735      0.393      0.435      0.219
[YOLOv5] epoch 21/100 running
[YOLOv5] validation: all       1000        641      0.716      0.396      0.423      0.213
[YOLOv5] epoch 22/100 running
[YOLOv5] validation: all       1000        641      0.787       0.38      0.453       0.23
[YOLOv5] epoch 23/100 running
[YOLOv5] validation: all       1000        641      0.761      0.328      0.387       0.19
[YOLOv5] epoch 24/100 running
[YOLOv5] validation: all       1000        641      0.741      0.389      0.441      0.222
[YOLOv5] epoch 25/100 running
[YOLOv5] validation: all       1000        641      0.839      0.365      0.457       0.23
[YOLOv5] epoch 26/100 running
[YOLOv5] validation: all       1000        641      0.737      0.405      0.446      0.216
[YOLOv5] epoch 27/100 running
[YOLOv5] validation: all       1000        641      0.744      0.406      0.427      0.217
[YOLOv5] epoch 28/100 running
[YOLOv5] validation: all       1000        641      0.788      0.425      0.462      0.232
[YOLOv5] epoch 29/100 running
[YOLOv5] validation: all       1000        641      0.815      0.435      0.482      0.237
[YOLOv5] epoch 30/100 running
[YOLOv5] validation: all       1000        641      0.823      0.383      0.451      0.234
[YOLOv5] epoch 31/100 running
[YOLOv5] validation: all       1000        641      0.789      0.389      0.465      0.248
[YOLOv5] epoch 32/100 running
[YOLOv5] validation: all       1000        641      0.788      0.445      0.484      0.241
[YOLOv5] epoch 33/100 running
[YOLOv5] validation: all       1000        641      0.834      0.371      0.446      0.228
[YOLOv5] epoch 34/100 running
[YOLOv5] validation: all       1000        641      0.793      0.412      0.462       0.23
[YOLOv5] epoch 35/100 running
[YOLOv5] validation: all       1000        641       0.73      0.421      0.431      0.223
[YOLOv5] epoch 36/100 running
[YOLOv5] validation: all       1000        641      0.764      0.407      0.443      0.234
[YOLOv5] epoch 37/100 running
[YOLOv5] validation: all       1000        641      0.805      0.424      0.458      0.232
[YOLOv5] epoch 38/100 running
[YOLOv5] validation: all       1000        641      0.767      0.419      0.448      0.223
[YOLOv5] epoch 39/100 running
[YOLOv5] validation: all       1000        641       0.78      0.437      0.478      0.235
[YOLOv5] epoch 40/100 running
[YOLOv5] validation: all       1000        641      0.792      0.424       0.47      0.245
[YOLOv5] epoch 41/100 running
[YOLOv5] validation: all       1000        641      0.818      0.435      0.494      0.265
[YOLOv5] epoch 42/100 running
[YOLOv5] validation: all       1000        641      0.805      0.432      0.474       0.25
[YOLOv5] epoch 43/100 running
[YOLOv5] validation: all       1000        641      0.774      0.419      0.467      0.235
[YOLOv5] epoch 44/100 running
[YOLOv5] validation: all       1000        641      0.757      0.443      0.487       0.26
[YOLOv5] epoch 45/100 running
[YOLOv5] validation: all       1000        641      0.819      0.468      0.498      0.257
[YOLOv5] epoch 46/100 running
[YOLOv5] validation: all       1000        641       0.79      0.414      0.458      0.248
[YOLOv5] epoch 47/100 running
[YOLOv5] validation: all       1000        641      0.783      0.421      0.467      0.249
[YOLOv5] epoch 48/100 running
[YOLOv5] validation: all       1000        641      0.767      0.434      0.475      0.244
[YOLOv5] epoch 49/100 running
[YOLOv5] validation: all       1000        641      0.807      0.448      0.495      0.267
[YOLOv5] epoch 50/100 running
[YOLOv5] validation: all       1000        641      0.788      0.442      0.484      0.273
[YOLOv5] epoch 51/100 running
[YOLOv5] validation: all       1000        641      0.816      0.439      0.475      0.252
[YOLOv5] epoch 52/100 running
[YOLOv5] validation: all       1000        641      0.806      0.429      0.486      0.261
[YOLOv5] epoch 53/100 running
[YOLOv5] validation: all       1000        641      0.784      0.454      0.486      0.269
[YOLOv5] epoch 54/100 running
[YOLOv5] validation: all       1000        641      0.771      0.445      0.482      0.265
[YOLOv5] epoch 55/100 running
[YOLOv5] validation: all       1000        641      0.785      0.427      0.478      0.259
[YOLOv5] epoch 56/100 running
[YOLOv5] validation: all       1000        641      0.818      0.442      0.494      0.267
[YOLOv5] epoch 57/100 running
[YOLOv5] validation: all       1000        641      0.816      0.445      0.496      0.268
[YOLOv5] epoch 58/100 running
[YOLOv5] validation: all       1000        641      0.823       0.45      0.503      0.278
[YOLOv5] epoch 59/100 running
[YOLOv5] validation: all       1000        641      0.842       0.45      0.503      0.278
[YOLOv5] epoch 60/100 running
[YOLOv5] validation: all       1000        641      0.785      0.462      0.492      0.272
[YOLOv5] epoch 61/100 running
[YOLOv5] validation: all       1000        641      0.861      0.433      0.497      0.267
[YOLOv5] epoch 62/100 running
[YOLOv5] validation: all       1000        641      0.787      0.472        0.5      0.278
[YOLOv5] epoch 63/100 running
[YOLOv5] validation: all       1000        641      0.844      0.447      0.497      0.274
[YOLOv5] epoch 64/100 running
[YOLOv5] validation: all       1000        641      0.828      0.426      0.495      0.274
[YOLOv5] epoch 65/100 running
[YOLOv5] validation: all       1000        641      0.848      0.428      0.503      0.273
[YOLOv5] epoch 66/100 running
[YOLOv5] validation: all       1000        641      0.849      0.426      0.492      0.272
[YOLOv5] epoch 67/100 running
[YOLOv5] validation: all       1000        641      0.791      0.456      0.488      0.272
[YOLOv5] epoch 68/100 running
[YOLOv5] validation: all       1000        641      0.801      0.453      0.493      0.281
[YOLOv5] epoch 69/100 running
[YOLOv5] validation: all       1000        641      0.841      0.432      0.497      0.274
[YOLOv5] epoch 70/100 running
[YOLOv5] validation: all       1000        641       0.87      0.446      0.499       0.28
[YOLOv5] epoch 71/100 running
[YOLOv5] validation: all       1000        641      0.838      0.442      0.499      0.281
[YOLOv5] epoch 72/100 running
[YOLOv5] validation: all       1000        641      0.844      0.451        0.5       0.28
[YOLOv5] epoch 73/100 running
[YOLOv5] validation: all       1000        641      0.841       0.43      0.492      0.278
[YOLOv5] epoch 74/100 running
[YOLOv5] validation: all       1000        641      0.854      0.432      0.497       0.28
[YOLOv5] epoch 75/100 running
[YOLOv5] validation: all       1000        641      0.845      0.449      0.498      0.276
[YOLOv5] epoch 76/100 running
[YOLOv5] validation: all       1000        641      0.849      0.446      0.494      0.275
[YOLOv5] epoch 77/100 running
[YOLOv5] validation: all       1000        641      0.839      0.437       0.49      0.274
[YOLOv5] epoch 78/100 running
[YOLOv5] validation: all       1000        641      0.593      0.487      0.514      0.287
[YOLOv5] epoch 79/100 running
[YOLOv5] validation: all       1000        641      0.551      0.454      0.488      0.276
[YOLOv5] epoch 80/100 running
[YOLOv5] validation: all       1000        641      0.572       0.44      0.491      0.278
[YOLOv5] epoch 81/100 running
[YOLOv5] validation: all       1000        641      0.578      0.453        0.5      0.281
[YOLOv5] epoch 82/100 running
[YOLOv5] validation: all       1000        641      0.853      0.446        0.5      0.282
[YOLOv5] epoch 83/100 running
[YOLOv5] validation: all       1000        641      0.824      0.461      0.507      0.281
[YOLOv5] epoch 84/100 running
[YOLOv5] validation: all       1000        641      0.824      0.449        0.5      0.277
[YOLOv5] epoch 85/100 running
[YOLOv5] validation: all       1000        641      0.548      0.463      0.493      0.277
[YOLOv5] epoch 86/100 running
[YOLOv5] validation: all       1000        641      0.804      0.461      0.501      0.277
[YOLOv5] epoch 87/100 running
[YOLOv5] validation: all       1000        641      0.532      0.463      0.499       0.28
[YOLOv5] epoch 88/100 running
[YOLOv5] validation: all       1000        641      0.856      0.415      0.496      0.274
[YOLOv5] epoch 89/100 running
[YOLOv5] validation: all       1000        641      0.842      0.423      0.489      0.273
[YOLOv5] epoch 90/100 running
[YOLOv5] validation: all       1000        641      0.547      0.458      0.495      0.277
[YOLOv5] epoch 91/100 running
[YOLOv5] validation: all       1000        641      0.585      0.443      0.495      0.277
[YOLOv5] epoch 92/100 running
[YOLOv5] validation: all       1000        641      0.857      0.434      0.495      0.278
[YOLOv5] epoch 93/100 running
[YOLOv5] validation: all       1000        641      0.582      0.452      0.497      0.278
[YOLOv5] epoch 94/100 running
[YOLOv5] validation: all       1000        641      0.585      0.462      0.503       0.28
[YOLOv5] epoch 95/100 running
[YOLOv5] validation: all       1000        641      0.584      0.457      0.499      0.279
[YOLOv5] epoch 96/100 running
[YOLOv5] validation: all       1000        641      0.578      0.464      0.505      0.282
[YOLOv5] epoch 97/100 running
[YOLOv5] validation: all       1000        641      0.586      0.456      0.503      0.282
[YOLOv5] epoch 98/100 running
[YOLOv5] validation: all       1000        641      0.605      0.443      0.504      0.281
[YOLOv5] epoch 99/100 running
[YOLOv5] validation: all       1000        641      0.586      0.447      0.503      0.281
[YOLOv5] epoch 100/100 running
[YOLOv5] validation: all       1000        641      0.589      0.447      0.501       0.28
[YOLOv5] 100 epochs completed in 1.006 hours.
[YOLOv5] validation: all       1000        641      0.593      0.487      0.514      0.287
[Task] training completed: 3816.4s
[Task] evaluating: checkpoint=last, group=test, samples=1000
[YOLOv5] validation: all       1000        614      0.741      0.443       0.45      0.218
[Task] evaluation: checkpoint=last, group=test, mAP50-95=0.2183, mAP50=0.4505, time=84.0s
[Task] evaluating: checkpoint=best, group=test, samples=1000
[YOLOv5] validation: all       1000        614      0.774      0.431      0.474      0.235
[Task] evaluation: checkpoint=best, group=test, mAP50-95=0.2347, mAP50=0.4739, time=78.0s
[Task] completed: evaluation=161.9s, output=/home/lijinhe/work/YOLO_Retraining/runs/studies/balance_learning_curve_2batch/sequences/Balance_Learning_Curve_random_s41__seq-full-cold__stage0-stage7__yolov5s__s42/tasks/007__stage7__full-cold
/home/lijinhe/work/YOLO_Retraining/runs/studies/balance_learning_curve_2batch/sequences/Balance_Learning_Curve_random_s41__seq-full-cold__stage0-stage7__yolov5s__s42
