[GPU0 wait] polling GPU0 every 180s
[GPU0 wait] launch requires 2 consecutive idle checks
[GPU0 wait] idle limits: util<=5% mem<=1024MiB and no compute process
[GPU0 wait] 2026-08-27 18:07:29 util=2% mem=13899/81559MiB compute_process=present
[GPU0 wait] GPU0 is busy
[GPU0 wait] next check in 180s
[GPU0 wait] 2026-08-27 18:10:29 util=0% mem=13899/81559MiB compute_process=present
[GPU0 wait] GPU0 is busy
[GPU0 wait] next check in 180s
[GPU0 wait] 2026-08-27 18:13:30 util=0% mem=13899/81559MiB compute_process=present
[GPU0 wait] GPU0 is busy
[GPU0 wait] next check in 180s
[GPU0 wait] 2026-08-27 18:16:30 util=69% mem=13899/81559MiB compute_process=present
[GPU0 wait] GPU0 is busy
[GPU0 wait] next check in 180s
[GPU0 wait] 2026-08-27 18:19:30 util=77% mem=13899/81559MiB compute_process=present
[GPU0 wait] GPU0 is busy
[GPU0 wait] next check in 180s
[GPU0 wait] 2026-08-27 18:22:30 util=0% mem=13899/81559MiB compute_process=present
[GPU0 wait] GPU0 is busy
[GPU0 wait] next check in 180s
[GPU0 wait] 2026-08-27 18:25:30 util=98% mem=38787/81559MiB compute_process=present
[GPU0 wait] GPU0 is busy
[GPU0 wait] next check in 180s
[GPU0 wait] 2026-08-27 18:28:31 util=15% mem=25805/81559MiB compute_process=present
[GPU0 wait] GPU0 is busy
[GPU0 wait] next check in 180s
[GPU0 wait] 2026-08-27 18:31:31 util=68% mem=24901/81559MiB compute_process=present
[GPU0 wait] GPU0 is busy
[GPU0 wait] next check in 180s
[GPU0 wait] 2026-08-27 18:34:31 util=0% mem=24901/81559MiB compute_process=present
[GPU0 wait] GPU0 is busy
[GPU0 wait] next check in 180s
[GPU0 wait] 2026-08-27 18:37:31 util=0% mem=24901/81559MiB compute_process=present
[GPU0 wait] GPU0 is busy
[GPU0 wait] next check in 180s
[GPU0 wait] 2026-08-27 18:40:32 util=47% mem=24901/81559MiB compute_process=present
[GPU0 wait] GPU0 is busy
[GPU0 wait] next check in 180s
[GPU0 wait] 2026-08-27 18:43:32 util=0% mem=24901/81559MiB compute_process=present
[GPU0 wait] GPU0 is busy
[GPU0 wait] next check in 180s
[GPU0 wait] 2026-08-27 18:46:32 util=0% mem=0/81559MiB compute_process=none
[GPU0 wait] idle check 1/2 passed
[GPU0 wait] next check in 180s
[GPU0 wait] 2026-08-27 18:49:32 util=0% mem=689/81559MiB compute_process=present
[GPU0 wait] GPU0 became busy; count reset
[GPU0 wait] next check in 180s
[GPU0 wait] 2026-08-27 18:52:32 util=0% mem=53091/81559MiB compute_process=present
[GPU0 wait] GPU0 is busy
[GPU0 wait] next check in 180s
[GPU0 wait] 2026-08-27 18:55:33 util=0% mem=53091/81559MiB compute_process=present
[GPU0 wait] GPU0 is busy
[GPU0 wait] next check in 180s
[GPU0 wait] 2026-08-27 18:58:33 util=0% mem=54763/81559MiB compute_process=present
[GPU0 wait] GPU0 is busy
[GPU0 wait] next check in 180s
[GPU0 wait] 2026-08-27 19:01:33 util=0% mem=53091/81559MiB compute_process=present
[GPU0 wait] GPU0 is busy
[GPU0 wait] next check in 180s
[GPU0 wait] 2026-08-27 19:04:34 util=99% mem=68413/81559MiB compute_process=present
[GPU0 wait] GPU0 is busy
[GPU0 wait] next check in 180s
[GPU0 wait] 2026-08-27 19:07:34 util=0% mem=51557/81559MiB compute_process=present
[GPU0 wait] GPU0 is busy
[GPU0 wait] next check in 180s
[GPU0 wait] 2026-08-27 19:10:34 util=0% mem=51557/81559MiB compute_process=present
[GPU0 wait] GPU0 is busy
[GPU0 wait] next check in 180s
[GPU0 wait] 2026-08-27 19:13:34 util=0% mem=51557/81559MiB compute_process=present
[GPU0 wait] GPU0 is busy
[GPU0 wait] next check in 180s
[GPU0 wait] 2026-08-27 19:16:34 util=0% mem=51557/81559MiB compute_process=present
[GPU0 wait] GPU0 is busy
[GPU0 wait] next check in 180s
[GPU0 wait] 2026-08-27 19:19:35 util=100% mem=68315/81559MiB compute_process=present
[GPU0 wait] GPU0 is busy
[GPU0 wait] next check in 180s
[GPU0 wait] 2026-08-27 19:22:35 util=100% mem=68315/81559MiB compute_process=present
[GPU0 wait] GPU0 is busy
[GPU0 wait] next check in 180s
[GPU0 wait] 2026-08-27 19:25:35 util=0% mem=40089/81559MiB compute_process=present
[GPU0 wait] GPU0 is busy
[GPU0 wait] next check in 180s
[GPU0 wait] 2026-08-27 19:28:35 util=0% mem=40089/81559MiB compute_process=present
[GPU0 wait] GPU0 is busy
[GPU0 wait] next check in 180s
[GPU0 wait] 2026-08-27 19:31:36 util=0% mem=40089/81559MiB compute_process=present
[GPU0 wait] GPU0 is busy
[GPU0 wait] next check in 180s
[GPU0 wait] 2026-08-27 19:34:36 util=0% mem=40089/81559MiB compute_process=present
[GPU0 wait] GPU0 is busy
[GPU0 wait] next check in 180s
[GPU0 wait] 2026-08-27 19:37:36 util=0% mem=40089/81559MiB compute_process=present
[GPU0 wait] GPU0 is busy
[GPU0 wait] next check in 180s
[GPU0 wait] 2026-08-27 19:40:36 util=0% mem=0/81559MiB compute_process=none
[GPU0 wait] idle check 1/2 passed
[GPU0 wait] next check in 180s
[GPU0 wait] 2026-08-27 19:43:37 util=0% mem=47601/81559MiB compute_process=present
[GPU0 wait] GPU0 became busy; count reset
[GPU0 wait] next check in 180s
[GPU0 wait] 2026-08-27 19:46:37 util=0% mem=47601/81559MiB compute_process=present
[GPU0 wait] GPU0 is busy
[GPU0 wait] next check in 180s
[GPU0 wait] 2026-08-27 19:49:37 util=0% mem=47601/81559MiB compute_process=present
[GPU0 wait] GPU0 is busy
[GPU0 wait] next check in 180s
[GPU0 wait] 2026-08-27 19:52:37 util=0% mem=47601/81559MiB compute_process=present
[GPU0 wait] GPU0 is busy
[GPU0 wait] next check in 180s
[GPU0 wait] 2026-08-27 19:55:38 util=0% mem=47601/81559MiB compute_process=present
[GPU0 wait] GPU0 is busy
[GPU0 wait] next check in 180s
[GPU0 wait] 2026-08-27 19:58:38 util=0% mem=47601/81559MiB compute_process=present
[GPU0 wait] GPU0 is busy
[GPU0 wait] next check in 180s
[GPU0 wait] 2026-08-27 20:01:38 util=0% mem=47601/81559MiB compute_process=present
[GPU0 wait] GPU0 is busy
[GPU0 wait] next check in 180s
[GPU0 wait] 2026-08-27 20:04:39 util=100% mem=53109/81559MiB compute_process=present
[GPU0 wait] GPU0 is busy
[GPU0 wait] next check in 180s
[GPU0 wait] 2026-08-27 20:07:39 util=0% mem=0/81559MiB compute_process=none
[GPU0 wait] idle check 1/2 passed
[GPU0 wait] next check in 180s
[GPU0 wait] 2026-08-27 20:10:39 util=0% mem=29411/81559MiB compute_process=present
[GPU0 wait] GPU0 became busy; count reset
[GPU0 wait] next check in 180s
[GPU0 wait] 2026-08-27 20:13:39 util=0% mem=47601/81559MiB compute_process=present
[GPU0 wait] GPU0 is busy
[GPU0 wait] next check in 180s
[GPU0 wait] 2026-08-27 20:16:40 util=100% mem=53109/81559MiB compute_process=present
[GPU0 wait] GPU0 is busy
[GPU0 wait] next check in 180s
[GPU0 wait] 2026-08-27 20:19:40 util=98% mem=53109/81559MiB compute_process=present
[GPU0 wait] GPU0 is busy
[GPU0 wait] next check in 180s
[GPU0 wait] 2026-08-27 20:22:40 util=100% mem=53109/81559MiB compute_process=present
[GPU0 wait] GPU0 is busy
[GPU0 wait] next check in 180s
[GPU0 wait] 2026-08-27 20:25:40 util=100% mem=53109/81559MiB compute_process=present
[GPU0 wait] GPU0 is busy
[GPU0 wait] next check in 180s
[GPU0 wait] 2026-08-27 20:28:41 util=100% mem=53109/81559MiB compute_process=present
[GPU0 wait] GPU0 is busy
[GPU0 wait] next check in 180s
[GPU0 wait] 2026-08-27 20:31:41 util=100% mem=53109/81559MiB compute_process=present
[GPU0 wait] GPU0 is busy
[GPU0 wait] next check in 180s
[GPU0 wait] 2026-08-27 20:34:41 util=100% mem=53109/81559MiB compute_process=present
[GPU0 wait] GPU0 is busy
[GPU0 wait] next check in 180s
[GPU0 wait] 2026-08-27 20:37:41 util=100% mem=53109/81559MiB compute_process=present
[GPU0 wait] GPU0 is busy
[GPU0 wait] next check in 180s
[GPU0 wait] 2026-08-27 20:40:41 util=100% mem=53109/81559MiB compute_process=present
[GPU0 wait] GPU0 is busy
[GPU0 wait] next check in 180s
[GPU0 wait] 2026-08-27 20:43:42 util=100% mem=53109/81559MiB compute_process=present
[GPU0 wait] GPU0 is busy
[GPU0 wait] next check in 180s
[GPU0 wait] 2026-08-27 20:46:42 util=100% mem=53109/81559MiB compute_process=present
[GPU0 wait] GPU0 is busy
[GPU0 wait] next check in 180s
[GPU0 wait] 2026-08-27 20:49:42 util=100% mem=53109/81559MiB compute_process=present
[GPU0 wait] GPU0 is busy
[GPU0 wait] next check in 180s
[GPU0 wait] 2026-08-27 20:52:42 util=92% mem=53109/81559MiB compute_process=present
[GPU0 wait] GPU0 is busy
[GPU0 wait] next check in 180s
[GPU0 wait] 2026-08-27 20:55:43 util=100% mem=53109/81559MiB compute_process=present
[GPU0 wait] GPU0 is busy
[GPU0 wait] next check in 180s
[GPU0 wait] 2026-08-27 20:58:43 util=93% mem=53109/81559MiB compute_process=present
[GPU0 wait] GPU0 is busy
[GPU0 wait] next check in 180s
[GPU0 wait] 2026-08-27 21:01:43 util=100% mem=53109/81559MiB compute_process=present
[GPU0 wait] GPU0 is busy
[GPU0 wait] next check in 180s
[GPU0 wait] 2026-08-27 21:04:43 util=100% mem=53109/81559MiB compute_process=present
[GPU0 wait] GPU0 is busy
[GPU0 wait] next check in 180s
[GPU0 wait] 2026-08-27 21:07:44 util=100% mem=53109/81559MiB compute_process=present
[GPU0 wait] GPU0 is busy
[GPU0 wait] next check in 180s
[GPU0 wait] 2026-08-27 21:10:44 util=92% mem=53109/81559MiB compute_process=present
[GPU0 wait] GPU0 is busy
[GPU0 wait] next check in 180s
[GPU0 wait] 2026-08-27 21:13:44 util=100% mem=53109/81559MiB compute_process=present
[GPU0 wait] GPU0 is busy
[GPU0 wait] next check in 180s
[GPU0 wait] 2026-08-27 21:16:44 util=100% mem=53109/81559MiB compute_process=present
[GPU0 wait] GPU0 is busy
[GPU0 wait] next check in 180s
[GPU0 wait] 2026-08-27 21:19:44 util=100% mem=53109/81559MiB compute_process=present
[GPU0 wait] GPU0 is busy
[GPU0 wait] next check in 180s
[GPU0 wait] 2026-08-27 21:22:45 util=100% mem=53109/81559MiB compute_process=present
[GPU0 wait] GPU0 is busy
[GPU0 wait] next check in 180s
[GPU0 wait] 2026-08-27 21:25:45 util=100% mem=53109/81559MiB compute_process=present
[GPU0 wait] GPU0 is busy
[GPU0 wait] next check in 180s
[GPU0 wait] 2026-08-27 21:28:45 util=100% mem=53109/81559MiB compute_process=present
[GPU0 wait] GPU0 is busy
[GPU0 wait] next check in 180s
[GPU0 wait] 2026-08-27 21:31:45 util=100% mem=53109/81559MiB compute_process=present
[GPU0 wait] GPU0 is busy
[GPU0 wait] next check in 180s
[GPU0 wait] 2026-08-27 21:34:46 util=100% mem=53109/81559MiB compute_process=present
[GPU0 wait] GPU0 is busy
[GPU0 wait] next check in 180s
[GPU0 wait] 2026-08-27 21:37:46 util=100% mem=53109/81559MiB compute_process=present
[GPU0 wait] GPU0 is busy
[GPU0 wait] next check in 180s
[GPU0 wait] 2026-08-27 21:40:46 util=100% mem=53109/81559MiB compute_process=present
[GPU0 wait] GPU0 is busy
[GPU0 wait] next check in 180s
[GPU0 wait] 2026-08-27 21:43:46 util=100% mem=53109/81559MiB compute_process=present
[GPU0 wait] GPU0 is busy
[GPU0 wait] next check in 180s
[GPU0 wait] 2026-08-27 21:46:47 util=100% mem=53109/81559MiB compute_process=present
[GPU0 wait] GPU0 is busy
[GPU0 wait] next check in 180s
[GPU0 wait] 2026-08-27 21:49:47 util=100% mem=53109/81559MiB compute_process=present
[GPU0 wait] GPU0 is busy
[GPU0 wait] next check in 180s
[GPU0 wait] 2026-08-27 21:52:47 util=100% mem=53109/81559MiB compute_process=present
[GPU0 wait] GPU0 is busy
[GPU0 wait] next check in 180s
[GPU0 wait] 2026-08-27 21:55:47 util=100% mem=53109/81559MiB compute_process=present
[GPU0 wait] GPU0 is busy
[GPU0 wait] next check in 180s
[GPU0 wait] 2026-08-27 21:58:48 util=100% mem=53109/81559MiB compute_process=present
[GPU0 wait] GPU0 is busy
[GPU0 wait] next check in 180s
[GPU0 wait] 2026-08-27 22:01:48 util=100% mem=53109/81559MiB compute_process=present
[GPU0 wait] GPU0 is busy
[GPU0 wait] next check in 180s
[GPU0 wait] 2026-08-27 22:04:48 util=100% mem=53109/81559MiB compute_process=present
[GPU0 wait] GPU0 is busy
[GPU0 wait] next check in 180s
[GPU0 wait] 2026-08-27 22:07:48 util=100% mem=53109/81559MiB compute_process=present
[GPU0 wait] GPU0 is busy
[GPU0 wait] next check in 180s
[GPU0 wait] 2026-08-27 22:10:48 util=100% mem=53109/81559MiB compute_process=present
[GPU0 wait] GPU0 is busy
[GPU0 wait] next check in 180s
[GPU0 wait] 2026-08-27 22:13:49 util=100% mem=53109/81559MiB compute_process=present
[GPU0 wait] GPU0 is busy
[GPU0 wait] next check in 180s
[GPU0 wait] 2026-08-27 22:16:49 util=100% mem=53109/81559MiB compute_process=present
[GPU0 wait] GPU0 is busy
[GPU0 wait] next check in 180s
[GPU0 wait] 2026-08-27 22:19:49 util=100% mem=53109/81559MiB compute_process=present
[GPU0 wait] GPU0 is busy
[GPU0 wait] next check in 180s
[GPU0 wait] 2026-08-27 22:22:49 util=100% mem=53109/81559MiB compute_process=present
[GPU0 wait] GPU0 is busy
[GPU0 wait] next check in 180s
[GPU0 wait] 2026-08-27 22:25:49 util=100% mem=53109/81559MiB compute_process=present
[GPU0 wait] GPU0 is busy
[GPU0 wait] next check in 180s
[GPU0 wait] 2026-08-27 22:28:50 util=100% mem=53109/81559MiB compute_process=present
[GPU0 wait] GPU0 is busy
[GPU0 wait] next check in 180s
[GPU0 wait] 2026-08-27 22:31:50 util=100% mem=53109/81559MiB compute_process=present
[GPU0 wait] GPU0 is busy
[GPU0 wait] next check in 180s
[GPU0 wait] 2026-08-27 22:34:50 util=100% mem=53109/81559MiB compute_process=present
[GPU0 wait] GPU0 is busy
[GPU0 wait] next check in 180s
[GPU0 wait] 2026-08-27 22:37:50 util=100% mem=53109/81559MiB compute_process=present
[GPU0 wait] GPU0 is busy
[GPU0 wait] next check in 180s
[GPU0 wait] 2026-08-27 22:40:51 util=100% mem=53109/81559MiB compute_process=present
[GPU0 wait] GPU0 is busy
[GPU0 wait] next check in 180s
[GPU0 wait] 2026-08-27 22:43:51 util=100% mem=53109/81559MiB compute_process=present
[GPU0 wait] GPU0 is busy
[GPU0 wait] next check in 180s
[GPU0 wait] 2026-08-27 22:46:51 util=100% mem=53109/81559MiB compute_process=present
[GPU0 wait] GPU0 is busy
[GPU0 wait] next check in 180s
[GPU0 wait] 2026-08-27 22:49:51 util=100% mem=53109/81559MiB compute_process=present
[GPU0 wait] GPU0 is busy
[GPU0 wait] next check in 180s
[GPU0 wait] 2026-08-27 22:52:52 util=0% mem=40089/81559MiB compute_process=present
[GPU0 wait] GPU0 is busy
[GPU0 wait] next check in 180s
[GPU0 wait] 2026-08-27 22:55:52 util=0% mem=68213/81559MiB compute_process=present
[GPU0 wait] GPU0 is busy
[GPU0 wait] next check in 180s
[GPU0 wait] 2026-08-27 22:58:52 util=100% mem=68215/81559MiB compute_process=present
[GPU0 wait] GPU0 is busy
[GPU0 wait] next check in 180s
[GPU0 wait] 2026-08-27 23:01:52 util=100% mem=68215/81559MiB compute_process=present
[GPU0 wait] GPU0 is busy
[GPU0 wait] next check in 180s
[GPU0 wait] 2026-08-27 23:04:53 util=83% mem=69573/81559MiB compute_process=present
[GPU0 wait] GPU0 is busy
[GPU0 wait] next check in 180s
[GPU0 wait] 2026-08-27 23:07:53 util=8% mem=69573/81559MiB compute_process=present
[GPU0 wait] GPU0 is busy
[GPU0 wait] next check in 180s
[GPU0 wait] 2026-08-27 23:10:53 util=61% mem=69573/81559MiB compute_process=present
[GPU0 wait] GPU0 is busy
[GPU0 wait] next check in 180s
[GPU0 wait] 2026-08-27 23:13:53 util=100% mem=69573/81559MiB compute_process=present
[GPU0 wait] GPU0 is busy
[GPU0 wait] next check in 180s
[GPU0 wait] 2026-08-27 23:16:54 util=100% mem=69573/81559MiB compute_process=present
[GPU0 wait] GPU0 is busy
[GPU0 wait] next check in 180s
[GPU0 wait] 2026-08-27 23:19:54 util=100% mem=69573/81559MiB compute_process=present
[GPU0 wait] GPU0 is busy
[GPU0 wait] next check in 180s
[GPU0 wait] 2026-08-27 23:22:54 util=100% mem=69573/81559MiB compute_process=present
[GPU0 wait] GPU0 is busy
[GPU0 wait] next check in 180s
[GPU0 wait] 2026-08-27 23:25:54 util=100% mem=69573/81559MiB compute_process=present
[GPU0 wait] GPU0 is busy
[GPU0 wait] next check in 180s
[GPU0 wait] 2026-08-27 23:28:55 util=100% mem=69573/81559MiB compute_process=present
[GPU0 wait] GPU0 is busy
[GPU0 wait] next check in 180s
[GPU0 wait] 2026-08-27 23:31:55 util=100% mem=69573/81559MiB compute_process=present
[GPU0 wait] GPU0 is busy
[GPU0 wait] next check in 180s
[GPU0 wait] 2026-08-27 23:34:55 util=100% mem=69573/81559MiB compute_process=present
[GPU0 wait] GPU0 is busy
[GPU0 wait] next check in 180s
[GPU0 wait] 2026-08-27 23:37:55 util=100% mem=69573/81559MiB compute_process=present
[GPU0 wait] GPU0 is busy
[GPU0 wait] next check in 180s
[GPU0 wait] 2026-08-27 23:40:56 util=100% mem=69573/81559MiB compute_process=present
[GPU0 wait] GPU0 is busy
[GPU0 wait] next check in 180s
[GPU0 wait] 2026-08-27 23:43:56 util=100% mem=69573/81559MiB compute_process=present
[GPU0 wait] GPU0 is busy
[GPU0 wait] next check in 180s
[GPU0 wait] 2026-08-27 23:46:56 util=82% mem=69573/81559MiB compute_process=present
[GPU0 wait] GPU0 is busy
[GPU0 wait] next check in 180s
[GPU0 wait] 2026-08-27 23:49:56 util=100% mem=69573/81559MiB compute_process=present
[GPU0 wait] GPU0 is busy
[GPU0 wait] next check in 180s
[GPU0 wait] 2026-08-27 23:52:57 util=100% mem=69573/81559MiB compute_process=present
[GPU0 wait] GPU0 is busy
[GPU0 wait] next check in 180s
[GPU0 wait] 2026-08-27 23:55:57 util=0% mem=0/81559MiB compute_process=none
[GPU0 wait] idle check 1/2 passed
[GPU0 wait] next check in 180s
[GPU0 wait] 2026-08-27 23:58:57 util=0% mem=53091/81559MiB compute_process=present
[GPU0 wait] GPU0 became busy; count reset
[GPU0 wait] next check in 180s
[GPU0 wait] 2026-08-28 00:01:57 util=0% mem=53091/81559MiB compute_process=present
[GPU0 wait] GPU0 is busy
[GPU0 wait] next check in 180s
[GPU0 wait] 2026-08-28 00:04:58 util=100% mem=68413/81559MiB compute_process=present
[GPU0 wait] GPU0 is busy
[GPU0 wait] next check in 180s
[GPU0 wait] 2026-08-28 00:07:58 util=77% mem=68413/81559MiB compute_process=present
[GPU0 wait] GPU0 is busy
[GPU0 wait] next check in 180s
[GPU0 wait] 2026-08-28 00:10:58 util=100% mem=68413/81559MiB compute_process=present
[GPU0 wait] GPU0 is busy
[GPU0 wait] next check in 180s
[GPU0 wait] 2026-08-28 00:13:59 util=100% mem=68413/81559MiB compute_process=present
[GPU0 wait] GPU0 is busy
[GPU0 wait] next check in 180s
[GPU0 wait] 2026-08-28 00:16:59 util=100% mem=68415/81559MiB compute_process=present
[GPU0 wait] GPU0 is busy
[GPU0 wait] next check in 180s
[GPU0 wait] 2026-08-28 00:19:59 util=100% mem=68415/81559MiB compute_process=present
[GPU0 wait] GPU0 is busy
[GPU0 wait] next check in 180s
[GPU0 wait] 2026-08-28 00:22:59 util=100% mem=68415/81559MiB compute_process=present
[GPU0 wait] GPU0 is busy
[GPU0 wait] next check in 180s
[GPU0 wait] 2026-08-28 00:26:00 util=100% mem=68415/81559MiB compute_process=present
[GPU0 wait] GPU0 is busy
[GPU0 wait] next check in 180s
[GPU0 wait] 2026-08-28 00:29:00 util=100% mem=68415/81559MiB compute_process=present
[GPU0 wait] GPU0 is busy
[GPU0 wait] next check in 180s
[GPU0 wait] 2026-08-28 00:32:00 util=0% mem=0/81559MiB compute_process=none
[GPU0 wait] idle check 1/2 passed
[GPU0 wait] next check in 180s
[GPU0 wait] 2026-08-28 00:35:00 util=0% mem=0/81559MiB compute_process=none
[GPU0 wait] idle check 2/2 passed
[GPU0 wait] GPU0 passed two consecutive idle checks; launching tau=0.90 experiments
[Study] build and validate balance tau=0.90 manifests
[Study] environment preflight
[Study] start task=dedup_tau_0p900 GPU=0 layout=/home/lijinhe/work/YOLO_Retraining/runs/studies/balance_tau090_label_contrast/variants/dedup_tau_0p900/layout.yaml
[Task] output: /home/lijinhe/work/YOLO_Retraining/runs/studies/balance_tau090_label_contrast/tasks/dedup_tau_0p900__full-cold-stage0123__stage0+stage1+stage2+stage3__yolov5s__s42
[Task] data: current=4058, candidate=4058, validation=1000, test=1000
[Task] selection: policy=full, selected=4058, groups={'candidate': 4058}, time=0.001s
[Task] training: backend=yolov5, epochs=300, batch=64, device=0
[YOLOv5] epoch 1/300 running
[YOLOv5] validation: all       1000        641    0.00137      0.367     0.0144    0.00321
[YOLOv5] epoch 2/300 running
[YOLOv5] validation: all       1000        641      0.737      0.115      0.146     0.0524
[YOLOv5] epoch 3/300 running
[YOLOv5] validation: all       1000        641      0.681      0.144      0.135     0.0506
[YOLOv5] epoch 4/300 running
[YOLOv5] validation: all       1000        641      0.635     0.0905     0.0844     0.0291
[YOLOv5] epoch 5/300 running
[YOLOv5] validation: all       1000        641      0.652      0.121     0.0981      0.034
[YOLOv5] epoch 6/300 running
[YOLOv5] validation: all       1000        641      0.661      0.115      0.119     0.0467
[YOLOv5] epoch 7/300 running
[YOLOv5] validation: all       1000        641      0.495      0.239       0.23      0.102
[YOLOv5] epoch 8/300 running
[YOLOv5] validation: all       1000        641      0.476      0.305      0.223     0.0878
[YOLOv5] epoch 9/300 running
[YOLOv5] validation: all       1000        641      0.567      0.288      0.258       0.11
[YOLOv5] epoch 10/300 running
[YOLOv5] validation: all       1000        641      0.633      0.252      0.271      0.108
[YOLOv5] epoch 11/300 running
[YOLOv5] validation: all       1000        641      0.607       0.34      0.336      0.162
[YOLOv5] epoch 12/300 running
[YOLOv5] validation: all       1000        641      0.579       0.19      0.196     0.0891
[YOLOv5] epoch 13/300 running
[YOLOv5] validation: all       1000        641       0.67        0.3      0.337      0.145
[YOLOv5] epoch 14/300 running
[YOLOv5] validation: all       1000        641      0.647       0.26      0.294      0.131
[YOLOv5] epoch 15/300 running
[YOLOv5] validation: all       1000        641      0.708      0.302      0.331       0.13
[YOLOv5] epoch 16/300 running
[YOLOv5] validation: all       1000        641      0.726      0.331      0.372      0.173
[YOLOv5] epoch 17/300 running
[YOLOv5] validation: all       1000        641      0.622      0.305      0.348      0.152
[YOLOv5] epoch 18/300 running
[YOLOv5] validation: all       1000        641      0.691      0.367      0.395      0.187
[YOLOv5] epoch 19/300 running
[YOLOv5] validation: all       1000        641      0.687      0.306      0.329      0.133
[YOLOv5] epoch 20/300 running
[YOLOv5] validation: all       1000        641      0.667      0.353      0.368      0.179
[YOLOv5] epoch 21/300 running
[YOLOv5] validation: all       1000        641      0.768      0.315      0.384      0.177
[YOLOv5] epoch 22/300 running
[YOLOv5] validation: all       1000        641      0.782      0.291      0.361      0.168
[YOLOv5] epoch 23/300 running
[YOLOv5] validation: all       1000        641      0.724        0.3      0.349      0.152
[YOLOv5] epoch 24/300 running
[YOLOv5] validation: all       1000        641      0.749      0.371      0.412      0.181
[YOLOv5] epoch 25/300 running
[YOLOv5] validation: all       1000        641      0.743      0.373      0.404      0.186
[YOLOv5] epoch 26/300 running
[YOLOv5] validation: all       1000        641      0.762      0.338      0.396      0.177
[YOLOv5] epoch 27/300 running
[YOLOv5] validation: all       1000        641      0.747      0.358      0.399      0.176
[YOLOv5] epoch 28/300 running
[YOLOv5] validation: all       1000        641      0.766      0.328      0.391      0.189
[YOLOv5] epoch 29/300 running
[YOLOv5] validation: all       1000        641      0.742      0.362      0.398      0.195
[YOLOv5] epoch 30/300 running
[YOLOv5] validation: all       1000        641      0.687      0.375      0.396      0.189
[YOLOv5] epoch 31/300 running
[YOLOv5] validation: all       1000        641       0.74      0.359        0.4      0.192
[YOLOv5] epoch 32/300 running
[YOLOv5] validation: all       1000        641       0.76      0.336      0.382      0.177
[YOLOv5] epoch 33/300 running
[YOLOv5] validation: all       1000        641      0.703      0.327      0.377      0.176
[YOLOv5] epoch 34/300 running
[YOLOv5] validation: all       1000        641       0.76      0.248      0.298      0.136
[YOLOv5] epoch 35/300 running
[YOLOv5] validation: all       1000        641      0.744      0.363      0.389       0.19
[YOLOv5] epoch 36/300 running
[YOLOv5] validation: all       1000        641      0.778      0.367      0.423      0.215
[YOLOv5] epoch 37/300 running
[YOLOv5] validation: all       1000        641      0.729      0.389      0.418        0.2
[YOLOv5] epoch 38/300 running
[YOLOv5] validation: all       1000        641      0.778      0.401      0.436      0.217
[YOLOv5] epoch 39/300 running
[YOLOv5] validation: all       1000        641      0.728      0.374      0.414      0.211
[YOLOv5] epoch 40/300 running
[YOLOv5] validation: all       1000        641      0.725      0.332      0.383      0.184
[YOLOv5] epoch 41/300 running
[YOLOv5] validation: all       1000        641      0.749      0.352      0.384      0.173
[YOLOv5] epoch 42/300 running
[YOLOv5] validation: all       1000        641      0.754      0.404      0.421      0.201
[YOLOv5] epoch 43/300 running
[YOLOv5] validation: all       1000        641      0.764      0.351      0.392      0.185
[YOLOv5] epoch 44/300 running
[YOLOv5] validation: all       1000        641      0.795      0.362      0.409      0.209
[YOLOv5] epoch 45/300 running
[YOLOv5] validation: all       1000        641      0.773      0.362      0.408      0.206
[YOLOv5] epoch 46/300 running
[YOLOv5] validation: all       1000        641      0.717       0.39      0.416      0.204
[YOLOv5] epoch 47/300 running
[YOLOv5] validation: all       1000        641      0.741      0.386      0.409      0.202
[YOLOv5] epoch 48/300 running
[YOLOv5] validation: all       1000        641       0.75      0.334      0.396       0.21
[YOLOv5] epoch 49/300 running
[YOLOv5] validation: all       1000        641      0.775      0.377      0.422      0.206
[YOLOv5] epoch 50/300 running
[YOLOv5] validation: all       1000        641      0.782      0.389      0.423      0.207
[YOLOv5] epoch 51/300 running
[YOLOv5] validation: all       1000        641      0.741      0.364       0.39      0.187
[YOLOv5] epoch 52/300 running
[YOLOv5] validation: all       1000        641      0.759      0.351      0.385       0.19
[YOLOv5] epoch 53/300 running
[YOLOv5] validation: all       1000        641      0.797      0.378       0.43       0.22
[YOLOv5] epoch 54/300 running
[YOLOv5] validation: all       1000        641      0.777      0.386      0.414      0.223
[YOLOv5] epoch 55/300 running
[YOLOv5] validation: all       1000        641       0.78      0.383       0.42      0.211
[YOLOv5] epoch 56/300 running
[YOLOv5] validation: all       1000        641      0.734      0.352      0.391        0.2
[YOLOv5] epoch 57/300 running
[YOLOv5] validation: all       1000        641      0.743      0.376      0.399       0.21
[YOLOv5] epoch 58/300 running
[YOLOv5] validation: all       1000        641      0.745      0.428       0.44      0.231
[YOLOv5] epoch 59/300 running
[YOLOv5] validation: all       1000        641       0.82      0.365      0.432      0.226
[YOLOv5] epoch 60/300 running
[YOLOv5] validation: all       1000        641      0.749       0.39       0.41      0.209
[YOLOv5] epoch 61/300 running
[YOLOv5] validation: all       1000        641      0.705      0.397      0.398      0.209
[YOLOv5] epoch 62/300 running
[YOLOv5] validation: all       1000        641        0.8      0.353      0.407      0.215
[YOLOv5] epoch 63/300 running
[YOLOv5] validation: all       1000        641      0.767      0.376      0.412      0.222
[YOLOv5] epoch 64/300 running
[YOLOv5] validation: all       1000        641      0.843      0.345       0.42      0.232
[YOLOv5] epoch 65/300 running
[YOLOv5] validation: all       1000        641      0.743      0.357      0.403       0.22
[YOLOv5] epoch 66/300 running
[YOLOv5] validation: all       1000        641      0.711      0.386      0.391      0.201
[YOLOv5] epoch 67/300 running
[YOLOv5] validation: all       1000        641      0.733      0.409       0.43      0.231
[YOLOv5] epoch 68/300 running
[YOLOv5] validation: all       1000        641      0.778      0.349      0.412      0.219
[YOLOv5] epoch 69/300 running
[YOLOv5] validation: all       1000        641      0.772      0.382      0.422      0.222
[YOLOv5] epoch 70/300 running
[YOLOv5] validation: all       1000        641      0.786      0.355      0.409       0.21
[YOLOv5] epoch 71/300 running
[YOLOv5] validation: all       1000        641      0.772      0.394      0.426      0.223
[YOLOv5] epoch 72/300 running
[YOLOv5] validation: all       1000        641      0.775      0.397      0.425      0.235
[YOLOv5] epoch 73/300 running
[YOLOv5] validation: all       1000        641      0.788      0.359      0.407      0.216
[YOLOv5] epoch 74/300 running
[YOLOv5] validation: all       1000        641      0.708      0.393      0.412      0.216
[YOLOv5] epoch 75/300 running
[YOLOv5] validation: all       1000        641      0.753      0.374      0.399      0.201
[YOLOv5] epoch 76/300 running
[YOLOv5] validation: all       1000        641      0.805      0.355       0.42      0.224
[YOLOv5] epoch 77/300 running
[YOLOv5] validation: all       1000        641      0.773      0.366      0.402      0.201
[YOLOv5] epoch 78/300 running
[YOLOv5] validation: all       1000        641      0.748       0.36      0.395      0.211
[YOLOv5] epoch 79/300 running
[YOLOv5] validation: all       1000        641      0.753      0.385       0.42      0.234
[YOLOv5] epoch 80/300 running
[YOLOv5] validation: all       1000        641      0.795       0.39      0.429      0.233
[YOLOv5] epoch 81/300 running
[YOLOv5] validation: all       1000        641      0.798      0.415      0.445       0.24
[YOLOv5] epoch 82/300 running
[YOLOv5] validation: all       1000        641      0.845       0.35      0.401      0.205
[YOLOv5] epoch 83/300 running
[YOLOv5] validation: all       1000        641      0.786       0.38      0.417      0.221
[YOLOv5] epoch 84/300 running
[YOLOv5] validation: all       1000        641      0.806      0.375      0.421      0.226
[YOLOv5] epoch 85/300 running
[YOLOv5] validation: all       1000        641      0.788      0.392       0.42       0.23
[YOLOv5] epoch 86/300 running
[YOLOv5] validation: all       1000        641      0.802      0.358      0.416      0.224
[YOLOv5] epoch 87/300 running
[YOLOv5] validation: all       1000        641      0.829      0.409      0.455      0.252
[YOLOv5] epoch 88/300 running
[YOLOv5] validation: all       1000        641      0.799      0.386      0.445      0.239
[YOLOv5] epoch 89/300 running
[YOLOv5] validation: all       1000        641      0.786      0.409      0.431      0.238
[YOLOv5] epoch 90/300 running
[YOLOv5] validation: all       1000        641      0.741      0.416      0.419      0.216
[YOLOv5] epoch 91/300 running
[YOLOv5] validation: all       1000        641      0.781      0.361       0.41      0.207
[YOLOv5] epoch 92/300 running
[YOLOv5] validation: all       1000        641       0.78      0.417      0.451      0.246
[YOLOv5] epoch 93/300 running
[YOLOv5] validation: all       1000        641      0.779      0.423      0.445       0.23
[YOLOv5] epoch 94/300 running
[YOLOv5] validation: all       1000        641        0.8      0.397      0.437      0.233
[YOLOv5] epoch 95/300 running
[YOLOv5] validation: all       1000        641      0.834      0.417      0.455      0.247
[YOLOv5] epoch 96/300 running
[YOLOv5] validation: all       1000        641        0.8      0.415      0.445      0.251
[YOLOv5] epoch 97/300 running
[YOLOv5] validation: all       1000        641      0.815      0.392      0.435      0.234
[YOLOv5] epoch 98/300 running
[YOLOv5] validation: all       1000        641      0.847      0.374       0.44      0.244
[YOLOv5] epoch 99/300 running
[YOLOv5] validation: all       1000        641      0.776      0.428      0.443       0.24
[YOLOv5] epoch 100/300 running
[YOLOv5] validation: all       1000        641      0.732      0.428      0.434      0.224
[YOLOv5] epoch 101/300 running
[YOLOv5] validation: all       1000        641      0.815      0.381      0.432      0.227
[YOLOv5] epoch 102/300 running
[YOLOv5] validation: all       1000        641      0.803      0.415      0.449      0.249
[YOLOv5] epoch 103/300 running
[YOLOv5] validation: all       1000        641      0.826      0.378      0.427       0.24
[YOLOv5] epoch 104/300 running
[YOLOv5] validation: all       1000        641      0.798      0.398      0.438       0.25
[YOLOv5] epoch 105/300 running
[YOLOv5] validation: all       1000        641      0.796      0.424      0.445      0.246
[YOLOv5] epoch 106/300 running
[YOLOv5] validation: all       1000        641      0.828      0.389      0.445       0.25
[YOLOv5] epoch 107/300 running
[YOLOv5] validation: all       1000        641      0.821      0.381       0.43       0.24
[YOLOv5] epoch 108/300 running
[YOLOv5] validation: all       1000        641      0.802      0.401      0.438       0.24
[YOLOv5] epoch 109/300 running
[YOLOv5] validation: all       1000        641       0.79      0.409      0.444      0.244
[YOLOv5] epoch 110/300 running
[YOLOv5] validation: all       1000        641       0.82      0.365      0.425      0.229
[YOLOv5] epoch 111/300 running
[YOLOv5] validation: all       1000        641      0.785      0.359      0.408      0.227
[YOLOv5] epoch 112/300 running
[YOLOv5] validation: all       1000        641      0.804      0.385      0.434      0.233
[YOLOv5] epoch 113/300 running
[YOLOv5] validation: all       1000        641      0.786      0.396      0.429      0.231
[YOLOv5] epoch 114/300 running
[YOLOv5] validation: all       1000        641       0.76      0.391      0.418      0.228
[YOLOv5] epoch 115/300 running
[YOLOv5] validation: all       1000        641      0.809      0.374       0.43      0.235
[YOLOv5] epoch 116/300 running
[YOLOv5] validation: all       1000        641      0.837      0.341      0.421      0.235
[YOLOv5] epoch 117/300 running
[YOLOv5] validation: all       1000        641      0.834      0.344      0.431      0.242
[YOLOv5] epoch 118/300 running
[YOLOv5] validation: all       1000        641      0.768      0.407      0.474      0.264
[YOLOv5] epoch 119/300 running
[YOLOv5] validation: all       1000        641       0.51      0.422      0.443       0.25
[YOLOv5] epoch 120/300 running
[YOLOv5] validation: all       1000        641      0.834      0.371       0.43      0.239
[YOLOv5] epoch 121/300 running
[YOLOv5] validation: all       1000        641      0.806      0.367       0.42      0.228
[YOLOv5] epoch 122/300 running
[YOLOv5] validation: all       1000        641      0.781      0.373      0.425      0.237
[YOLOv5] epoch 123/300 running
[YOLOv5] validation: all       1000        641      0.809      0.404       0.44      0.245
[YOLOv5] epoch 124/300 running
[YOLOv5] validation: all       1000        641      0.792      0.406       0.44      0.242
[YOLOv5] epoch 125/300 running
[YOLOv5] validation: all       1000        641        0.8       0.37      0.428      0.234
[YOLOv5] epoch 126/300 running
[YOLOv5] validation: all       1000        641      0.811       0.37      0.433      0.234
[YOLOv5] epoch 127/300 running
[YOLOv5] validation: all       1000        641      0.832       0.36      0.426      0.235
[YOLOv5] epoch 128/300 running
[YOLOv5] validation: all       1000        641       0.81      0.377      0.431      0.239
[YOLOv5] epoch 129/300 running
[YOLOv5] validation: all       1000        641      0.758        0.4       0.42      0.242
[YOLOv5] epoch 130/300 running
[YOLOv5] validation: all       1000        641      0.786      0.382      0.452      0.242
[YOLOv5] epoch 131/300 running
[YOLOv5] validation: all       1000        641      0.766       0.39      0.427      0.232
[YOLOv5] epoch 132/300 running
[YOLOv5] validation: all       1000        641       0.78      0.394      0.431      0.232
[YOLOv5] epoch 133/300 running
[YOLOv5] validation: all       1000        641       0.78      0.382      0.416      0.236
[YOLOv5] epoch 134/300 running
[YOLOv5] validation: all       1000        641      0.719      0.397       0.41      0.237
[YOLOv5] epoch 135/300 running
[YOLOv5] validation: all       1000        641      0.746      0.392      0.409      0.229
[YOLOv5] epoch 136/300 running
[YOLOv5] validation: all       1000        641      0.805       0.39      0.427      0.242
[YOLOv5] epoch 137/300 running
[YOLOv5] validation: all       1000        641      0.806      0.371      0.433      0.243
[YOLOv5] epoch 138/300 running
[YOLOv5] validation: all       1000        641      0.832      0.352      0.424      0.232
[YOLOv5] epoch 139/300 running
[YOLOv5] validation: all       1000        641      0.839      0.364      0.432      0.244
[YOLOv5] epoch 140/300 running
[YOLOv5] validation: all       1000        641      0.853       0.35       0.43      0.235
[YOLOv5] epoch 141/300 running
[YOLOv5] validation: all       1000        641      0.822      0.356      0.427      0.233
[YOLOv5] epoch 142/300 running
[YOLOv5] validation: all       1000        641      0.759       0.37      0.423      0.228
[YOLOv5] epoch 143/300 running
[YOLOv5] validation: all       1000        641       0.81      0.359      0.425      0.228
[YOLOv5] epoch 144/300 running
[YOLOv5] validation: all       1000        641      0.764      0.365      0.427      0.237
[YOLOv5] epoch 145/300 running
[YOLOv5] validation: all       1000        641      0.863      0.336      0.425      0.235
[YOLOv5] epoch 146/300 running
[YOLOv5] validation: all       1000        641      0.815      0.364      0.426      0.238
[YOLOv5] epoch 147/300 running
[YOLOv5] validation: all       1000        641      0.825      0.368      0.429      0.239
[YOLOv5] epoch 148/300 running
[YOLOv5] validation: all       1000        641       0.85      0.353      0.429      0.238
[YOLOv5] epoch 149/300 running
[YOLOv5] validation: all       1000        641      0.851      0.353      0.431      0.241
[YOLOv5] epoch 150/300 running
[YOLOv5] validation: all       1000        641      0.838      0.353      0.452      0.257
[YOLOv5] epoch 151/300 running
[YOLOv5] validation: all       1000        641      0.713        0.4      0.445      0.255
[YOLOv5] epoch 152/300 running
[YOLOv5] validation: all       1000        641      0.759      0.363      0.444      0.257
[YOLOv5] epoch 153/300 running
[YOLOv5] validation: all       1000        641      0.822      0.363      0.446      0.256
[YOLOv5] epoch 154/300 running
[YOLOv5] validation: all       1000        641      0.607      0.449      0.445      0.255
[YOLOv5] epoch 155/300 running
[YOLOv5] validation: all       1000        641      0.825      0.354      0.446      0.259
[YOLOv5] epoch 156/300 running
[YOLOv5] validation: all       1000        641      0.843      0.351      0.448      0.257
[YOLOv5] epoch 157/300 running
[YOLOv5] validation: all       1000        641      0.595      0.451      0.449      0.258
[YOLOv5] epoch 158/300 running
[YOLOv5] validation: all       1000        641      0.677      0.451      0.455      0.259
[YOLOv5] epoch 159/300 running
[YOLOv5] validation: all       1000        641      0.724      0.427      0.452      0.254
[YOLOv5] epoch 160/300 running
[YOLOv5] validation: all       1000        641      0.662      0.444      0.452       0.25
[YOLOv5] epoch 161/300 running
[YOLOv5] validation: all       1000        641      0.808      0.365      0.446      0.246
[YOLOv5] epoch 162/300 running
[YOLOv5] validation: all       1000        641      0.823      0.372      0.427      0.237
[YOLOv5] epoch 163/300 running
[YOLOv5] validation: all       1000        641      0.805       0.38      0.425      0.237
[YOLOv5] epoch 164/300 running
[YOLOv5] validation: all       1000        641      0.816      0.379      0.426      0.236
[YOLOv5] epoch 165/300 running
[YOLOv5] validation: all       1000        641      0.807      0.376      0.421      0.233
[YOLOv5] epoch 166/300 running
[YOLOv5] validation: all       1000        641      0.816      0.372      0.421      0.236
[YOLOv5] epoch 167/300 running
[YOLOv5] validation: all       1000        641      0.791      0.377      0.424      0.236
[YOLOv5] epoch 168/300 running
[YOLOv5] validation: all       1000        641      0.822      0.372       0.43      0.238
[YOLOv5] epoch 169/300 running
[YOLOv5] validation: all       1000        641      0.823      0.372      0.437       0.24
[YOLOv5] epoch 170/300 running
[YOLOv5] validation: all       1000        641      0.785      0.388       0.43      0.237
[YOLOv5] epoch 171/300 running
[YOLOv5] validation: all       1000        641      0.805      0.385      0.436       0.24
[YOLOv5] epoch 172/300 running
[YOLOv5] validation: all       1000        641      0.813      0.389      0.438      0.241
[YOLOv5] epoch 173/300 running
[YOLOv5] validation: all       1000        641      0.843      0.382      0.441      0.244
[YOLOv5] epoch 174/300 running
[YOLOv5] validation: all       1000        641      0.821      0.387      0.442      0.243
[YOLOv5] epoch 175/300 running
[YOLOv5] validation: all       1000        641       0.83      0.387      0.445      0.247
[YOLOv5] epoch 176/300 running
[YOLOv5] validation: all       1000        641      0.846      0.373       0.44      0.241
[YOLOv5] epoch 177/300 running
[YOLOv5] validation: all       1000        641      0.837      0.382      0.437      0.237
[YOLOv5] epoch 178/300 running
[YOLOv5] validation: all       1000        641      0.812      0.378      0.437      0.239
[YOLOv5] epoch 179/300 running
[YOLOv5] validation: all       1000        641      0.786      0.389      0.431      0.236
[YOLOv5] epoch 180/300 running
[YOLOv5] validation: all       1000        641      0.778      0.386      0.432      0.237
[YOLOv5] epoch 181/300 running
[YOLOv5] validation: all       1000        641       0.77      0.386      0.433      0.239
[YOLOv5] epoch 182/300 running
[YOLOv5] validation: all       1000        641      0.791      0.371      0.432       0.24
[YOLOv5] epoch 183/300 running
[YOLOv5] validation: all       1000        641        0.8      0.368      0.436       0.24
[YOLOv5] epoch 184/300 running
[YOLOv5] validation: all       1000        641      0.755      0.387      0.439      0.244
[YOLOv5] epoch 185/300 running
[YOLOv5] validation: all       1000        641      0.822      0.363      0.437      0.243
[YOLOv5] epoch 186/300 running
[YOLOv5] validation: all       1000        641      0.826      0.367      0.442      0.246
[YOLOv5] epoch 187/300 running
[YOLOv5] validation: all       1000        641      0.792      0.381      0.441      0.245
[YOLOv5] epoch 188/300 running
[YOLOv5] validation: all       1000        641      0.801      0.381      0.442      0.248
[YOLOv5] epoch 189/300 running
[YOLOv5] validation: all       1000        641      0.804      0.373      0.441      0.247
[YOLOv5] epoch 190/300 running
[YOLOv5] validation: all       1000        641      0.822      0.359      0.433      0.241
[YOLOv5] epoch 191/300 running
[YOLOv5] validation: all       1000        641      0.832      0.354       0.43      0.238
[YOLOv5] epoch 192/300 running
[YOLOv5] validation: all       1000        641      0.842      0.348      0.429      0.238
[YOLOv5] epoch 193/300 running
[YOLOv5] validation: all       1000        641      0.848      0.345       0.43      0.237
[YOLOv5] epoch 194/300 running
[YOLOv5] validation: all       1000        641      0.857      0.343       0.43      0.239
[YOLOv5] epoch 195/300 running
[YOLOv5] validation: all       1000        641      0.813      0.363      0.431      0.241
[YOLOv5] epoch 196/300 running
[YOLOv5] validation: all       1000        641      0.823      0.358      0.429      0.241
[YOLOv5] epoch 197/300 running
[YOLOv5] validation: all       1000        641      0.817      0.364      0.431      0.243
[YOLOv5] epoch 198/300 running
[YOLOv5] validation: all       1000        641      0.824      0.358      0.433      0.242
[YOLOv5] epoch 199/300 running
[YOLOv5] validation: all       1000        641      0.831      0.351      0.433      0.246
[YOLOv5] epoch 200/300 running
[YOLOv5] validation: all       1000        641      0.847      0.349      0.433      0.244
[YOLOv5] epoch 201/300 running
[YOLOv5] validation: all       1000        641      0.857       0.35      0.435      0.244
[YOLOv5] epoch 202/300 running
[YOLOv5] validation: all       1000        641      0.858      0.351      0.434      0.243
[YOLOv5] epoch 203/300 running
[YOLOv5] validation: all       1000        641       0.85      0.357      0.432      0.242
[YOLOv5] epoch 204/300 running
[YOLOv5] validation: all       1000        641       0.84       0.36      0.434      0.242
[YOLOv5] epoch 205/300 running
[YOLOv5] validation: all       1000        641      0.839      0.363      0.432      0.242
[YOLOv5] epoch 206/300 running
[YOLOv5] validation: all       1000        641      0.837      0.364      0.433       0.24
[YOLOv5] epoch 207/300 running
[YOLOv5] validation: all       1000        641      0.833      0.366      0.431      0.239
[YOLOv5] epoch 208/300 running
[YOLOv5] validation: all       1000        641      0.833      0.367       0.43       0.24
[YOLOv5] epoch 209/300 running
[YOLOv5] validation: all       1000        641      0.836      0.361      0.429      0.238
[YOLOv5] epoch 210/300 running
[YOLOv5] validation: all       1000        641       0.84      0.357      0.427      0.238
[YOLOv5] epoch 211/300 running
[YOLOv5] validation: all       1000        641      0.821      0.359      0.428      0.238
[YOLOv5] epoch 212/300 running
[YOLOv5] validation: all       1000        641      0.741      0.392      0.426      0.238
[YOLOv5] epoch 213/300 running
[YOLOv5] validation: all       1000        641       0.74      0.401      0.428      0.237
[YOLOv5] epoch 214/300 running
[YOLOv5] validation: all       1000        641      0.738      0.401      0.428      0.237
[YOLOv5] epoch 215/300 running
[YOLOv5] validation: all       1000        641      0.805      0.369      0.427      0.238
[YOLOv5] epoch 216/300 running
[YOLOv5] validation: all       1000        641       0.79      0.367      0.427      0.239
[YOLOv5] epoch 217/300 running
[YOLOv5] validation: all       1000        641      0.755      0.395      0.428      0.239
[YOLOv5] epoch 218/300 running
[YOLOv5] validation: all       1000        641      0.743      0.397       0.43       0.24
[YOLOv5] 218 epochs completed in 1.744 hours.
[YOLOv5] validation: all       1000        641      0.768      0.407      0.473      0.264
[Task] training completed: 6512.9s
[Task] evaluating: checkpoint=last, group=test, samples=1000
[YOLOv5] validation: all       1000        614      0.839      0.363      0.427      0.195
[Task] evaluation: checkpoint=last, group=test, mAP50-95=0.1952, mAP50=0.4266, time=88.5s
[Task] evaluating: checkpoint=best, group=test, samples=1000
[YOLOv5] validation: all       1000        614      0.796      0.364      0.411      0.201
[Task] evaluation: checkpoint=best, group=test, mAP50-95=0.2008, mAP50=0.4106, time=80.1s
[Task] completed: evaluation=168.6s, output=/home/lijinhe/work/YOLO_Retraining/runs/studies/balance_tau090_label_contrast/tasks/dedup_tau_0p900__full-cold-stage0123__stage0+stage1+stage2+stage3__yolov5s__s42
/home/lijinhe/work/YOLO_Retraining/runs/studies/balance_tau090_label_contrast/tasks/dedup_tau_0p900__full-cold-stage0123__stage0+stage1+stage2+stage3__yolov5s__s42
[Study] completed task=dedup_tau_0p900
[Study] start task=dedup_tau_0p900_release_positive_clusters GPU=0 layout=/home/lijinhe/work/YOLO_Retraining/runs/studies/balance_tau090_label_contrast/variants/dedup_tau_0p900_release_positive_clusters/layout.yaml
[Task] output: /home/lijinhe/work/YOLO_Retraining/runs/studies/balance_tau090_label_contrast/tasks/dedup_tau_0p900_release_positive_clusters__full-cold-stage0123__stage0+stage1+stage2+stage3__yolov5s__s42
[Task] data: current=5866, candidate=5866, validation=1000, test=1000
[Task] selection: policy=full, selected=5866, groups={'candidate': 5866}, time=0.002s
[Task] training: backend=yolov5, epochs=300, batch=64, device=0
[YOLOv5] epoch 1/300 running
[YOLOv5] validation: all       1000        641      0.804     0.0598     0.0498     0.0152
[YOLOv5] epoch 2/300 running
[YOLOv5] validation: all       1000        641      0.744      0.152      0.236      0.101
[YOLOv5] epoch 3/300 running
[YOLOv5] validation: all       1000        641       0.72       0.17      0.192     0.0673
[YOLOv5] epoch 4/300 running
[YOLOv5] validation: all       1000        641      0.434      0.243      0.184     0.0649
[YOLOv5] epoch 5/300 running
[YOLOv5] validation: all       1000        641      0.628      0.293      0.298      0.119
[YOLOv5] epoch 6/300 running
[YOLOv5] validation: all       1000        641      0.691      0.298      0.335      0.139
[YOLOv5] epoch 7/300 running
[YOLOv5] validation: all       1000        641      0.621       0.35      0.348      0.151
[YOLOv5] epoch 8/300 running
[YOLOv5] validation: all       1000        641      0.578      0.256       0.26      0.109
[YOLOv5] epoch 9/300 running
[YOLOv5] validation: all       1000        641      0.638      0.348      0.352      0.152
[YOLOv5] epoch 10/300 running
[YOLOv5] validation: all       1000        641      0.794      0.307      0.383      0.175
[YOLOv5] epoch 11/300 running
[YOLOv5] validation: all       1000        641      0.659      0.324      0.319      0.143
[YOLOv5] epoch 12/300 running
[YOLOv5] validation: all       1000        641      0.704      0.348      0.385      0.175
[YOLOv5] epoch 13/300 running
[YOLOv5] validation: all       1000        641       0.71      0.355      0.404      0.193
[YOLOv5] epoch 14/300 running
[YOLOv5] validation: all       1000        641      0.795      0.406      0.469      0.217
[YOLOv5] epoch 15/300 running
[YOLOv5] validation: all       1000        641      0.715      0.347      0.383      0.187
[YOLOv5] epoch 16/300 running
[YOLOv5] validation: all       1000        641      0.741       0.35      0.402      0.195
[YOLOv5] epoch 17/300 running
[YOLOv5] validation: all       1000        641      0.765      0.397      0.435      0.212
[YOLOv5] epoch 18/300 running
[YOLOv5] validation: all       1000        641      0.771      0.404      0.456       0.24
[YOLOv5] epoch 19/300 running
[YOLOv5] validation: all       1000        641      0.811      0.395       0.44      0.212
[YOLOv5] epoch 20/300 running
[YOLOv5] validation: all       1000        641      0.779      0.358      0.438      0.217
[YOLOv5] epoch 21/300 running
[YOLOv5] validation: all       1000        641      0.749      0.397      0.423      0.207
[YOLOv5] epoch 22/300 running
[YOLOv5] validation: all       1000        641      0.741      0.399      0.435       0.22
[YOLOv5] epoch 23/300 running
[YOLOv5] validation: all       1000        641       0.79      0.362      0.436      0.233
[YOLOv5] epoch 24/300 running
[YOLOv5] validation: all       1000        641      0.771      0.389      0.433      0.223
[YOLOv5] epoch 25/300 running
[YOLOv5] validation: all       1000        641      0.765      0.397      0.434      0.207
[YOLOv5] epoch 26/300 running
[YOLOv5] validation: all       1000        641      0.782      0.368      0.421       0.21
[YOLOv5] epoch 27/300 running
[YOLOv5] validation: all       1000        641      0.819      0.386      0.467      0.241
[YOLOv5] epoch 28/300 running
[YOLOv5] validation: all       1000        641      0.831       0.41      0.457      0.238
[YOLOv5] epoch 29/300 running
[YOLOv5] validation: all       1000        641       0.79      0.401      0.451      0.233
[YOLOv5] epoch 30/300 running
[YOLOv5] validation: all       1000        641      0.722       0.39      0.413      0.192
[YOLOv5] epoch 31/300 running
[YOLOv5] validation: all       1000        641       0.81      0.377      0.452      0.241
[YOLOv5] epoch 32/300 running
[YOLOv5] validation: all       1000        641       0.77      0.417      0.464      0.234
[YOLOv5] epoch 33/300 running
[YOLOv5] validation: all       1000        641      0.777      0.405       0.45      0.254
[YOLOv5] epoch 34/300 running
[YOLOv5] validation: all       1000        641      0.747      0.407      0.454      0.237
[YOLOv5] epoch 35/300 running
[YOLOv5] validation: all       1000        641      0.821      0.377      0.437      0.231
[YOLOv5] epoch 36/300 running
[YOLOv5] validation: all       1000        641      0.779       0.43      0.475      0.253
[YOLOv5] epoch 37/300 running
[YOLOv5] validation: all       1000        641      0.762      0.444      0.469      0.253
[YOLOv5] epoch 38/300 running
[YOLOv5] validation: all       1000        641      0.789      0.427      0.476      0.263
[YOLOv5] epoch 39/300 running
[YOLOv5] validation: all       1000        641      0.769      0.423      0.466       0.23
[YOLOv5] epoch 40/300 running
[YOLOv5] validation: all       1000        641      0.795      0.388      0.452      0.236
[YOLOv5] epoch 41/300 running
[YOLOv5] validation: all       1000        641      0.799      0.443      0.477      0.249
[YOLOv5] epoch 42/300 running
[YOLOv5] validation: all       1000        641      0.767      0.393      0.437      0.223
[YOLOv5] epoch 43/300 running
[YOLOv5] validation: all       1000        641       0.83      0.416      0.475      0.247
[YOLOv5] epoch 44/300 running
[YOLOv5] validation: all       1000        641      0.818      0.397       0.46      0.237
[YOLOv5] epoch 45/300 running
[YOLOv5] validation: all       1000        641      0.781      0.445      0.486      0.253
[YOLOv5] epoch 46/300 running
[YOLOv5] validation: all       1000        641      0.791       0.39      0.469      0.248
[YOLOv5] epoch 47/300 running
[YOLOv5] validation: all       1000        641      0.816      0.431      0.479      0.261
[YOLOv5] epoch 48/300 running
[YOLOv5] validation: all       1000        641      0.767      0.433      0.461      0.251
[YOLOv5] epoch 49/300 running
[YOLOv5] validation: all       1000        641      0.818      0.413      0.469      0.246
[YOLOv5] epoch 50/300 running
[YOLOv5] validation: all       1000        641      0.772      0.437      0.468      0.246
[YOLOv5] epoch 51/300 running
[YOLOv5] validation: all       1000        641      0.784      0.417      0.461      0.237
[YOLOv5] epoch 52/300 running
[YOLOv5] validation: all       1000        641      0.777      0.462      0.502      0.274
[YOLOv5] epoch 53/300 running
[YOLOv5] validation: all       1000        641      0.798       0.46      0.501      0.268
[YOLOv5] epoch 54/300 running
[YOLOv5] validation: all       1000        641      0.823      0.415      0.478       0.26
[YOLOv5] epoch 55/300 running
[YOLOv5] validation: all       1000        641      0.794      0.428      0.476      0.267
[YOLOv5] epoch 56/300 running
[YOLOv5] validation: all       1000        641      0.732      0.453      0.472      0.263
[YOLOv5] epoch 57/300 running
[YOLOv5] validation: all       1000        641      0.865      0.423      0.516      0.267
[YOLOv5] epoch 58/300 running
[YOLOv5] validation: all       1000        641      0.815      0.436      0.493      0.266
[YOLOv5] epoch 59/300 running
[YOLOv5] validation: all       1000        641      0.779       0.43       0.49      0.266
[YOLOv5] epoch 60/300 running
[YOLOv5] validation: all       1000        641      0.811      0.431      0.484       0.25
[YOLOv5] epoch 61/300 running
[YOLOv5] validation: all       1000        641      0.804      0.465      0.503      0.268
[YOLOv5] epoch 62/300 running
[YOLOv5] validation: all       1000        641      0.841      0.426      0.503      0.274
[YOLOv5] epoch 63/300 running
[YOLOv5] validation: all       1000        641      0.568      0.447      0.505      0.272
[YOLOv5] epoch 64/300 running
[YOLOv5] validation: all       1000        641      0.828      0.437      0.497      0.276
[YOLOv5] epoch 65/300 running
[YOLOv5] validation: all       1000        641      0.846      0.408      0.498      0.266
[YOLOv5] epoch 66/300 running
[YOLOv5] validation: all       1000        641      0.819      0.455      0.516      0.274
[YOLOv5] epoch 67/300 running
[YOLOv5] validation: all       1000        641      0.801       0.44      0.512       0.28
[YOLOv5] epoch 68/300 running
[YOLOv5] validation: all       1000        641      0.774      0.462      0.481      0.257
[YOLOv5] epoch 69/300 running
[YOLOv5] validation: all       1000        641      0.804      0.436      0.472      0.252
[YOLOv5] epoch 70/300 running
[YOLOv5] validation: all       1000        641      0.568      0.521      0.516      0.294
[YOLOv5] epoch 71/300 running
[YOLOv5] validation: all       1000        641      0.831      0.398      0.465      0.253
[YOLOv5] epoch 72/300 running
[YOLOv5] validation: all       1000        641      0.799      0.441       0.46      0.257
[YOLOv5] epoch 73/300 running
[YOLOv5] validation: all       1000        641      0.847       0.43      0.472      0.252
[YOLOv5] epoch 74/300 running
[YOLOv5] validation: all       1000        641      0.821      0.448        0.5       0.27
[YOLOv5] epoch 75/300 running
[YOLOv5] validation: all       1000        641      0.586      0.439       0.51      0.282
[YOLOv5] epoch 76/300 running
[YOLOv5] validation: all       1000        641      0.835      0.443      0.489      0.259
[YOLOv5] epoch 77/300 running
[YOLOv5] validation: all       1000        641      0.535      0.444      0.507      0.278
[YOLOv5] epoch 78/300 running
[YOLOv5] validation: all       1000        641      0.824      0.433      0.486      0.273
[YOLOv5] epoch 79/300 running
[YOLOv5] validation: all       1000        641      0.509      0.484      0.487      0.263
[YOLOv5] epoch 80/300 running
[YOLOv5] validation: all       1000        641      0.576      0.437      0.509      0.285
[YOLOv5] epoch 81/300 running
[YOLOv5] validation: all       1000        641      0.823      0.415      0.482      0.266
[YOLOv5] epoch 82/300 running
[YOLOv5] validation: all       1000        641      0.576      0.453      0.503      0.279
[YOLOv5] epoch 83/300 running
[YOLOv5] validation: all       1000        641      0.806       0.46      0.512      0.284
[YOLOv5] epoch 84/300 running
[YOLOv5] validation: all       1000        641       0.52      0.498      0.503      0.283
[YOLOv5] epoch 85/300 running
[YOLOv5] validation: all       1000        641       0.57      0.462      0.504      0.281
[YOLOv5] epoch 86/300 running
[YOLOv5] validation: all       1000        641      0.809      0.452      0.495      0.287
[YOLOv5] epoch 87/300 running
[YOLOv5] validation: all       1000        641       0.83      0.464      0.511      0.291
[YOLOv5] epoch 88/300 running
[YOLOv5] validation: all       1000        641      0.837      0.453      0.508      0.291
[YOLOv5] epoch 89/300 running
[YOLOv5] validation: all       1000        641      0.512      0.461      0.492      0.289
[YOLOv5] epoch 90/300 running
[YOLOv5] validation: all       1000        641      0.581      0.445      0.518      0.301
[YOLOv5] epoch 91/300 running
[YOLOv5] validation: all       1000        641       0.58      0.418      0.505      0.287
[YOLOv5] epoch 92/300 running
[YOLOv5] validation: all       1000        641        0.6      0.462      0.517      0.297
[YOLOv5] epoch 93/300 running
[YOLOv5] validation: all       1000        641       0.82      0.448      0.494       0.29
[YOLOv5] epoch 94/300 running
[YOLOv5] validation: all       1000        641      0.843      0.409        0.5      0.293
[YOLOv5] epoch 95/300 running
[YOLOv5] validation: all       1000        641      0.552      0.437      0.513      0.302
[YOLOv5] epoch 96/300 running
[YOLOv5] validation: all       1000        641      0.554      0.443      0.505      0.296
[YOLOv5] epoch 97/300 running
[YOLOv5] validation: all       1000        641      0.549      0.441      0.503       0.29
[YOLOv5] epoch 98/300 running
[YOLOv5] validation: all       1000        641      0.804      0.448      0.491      0.286
[YOLOv5] epoch 99/300 running
[YOLOv5] validation: all       1000        641      0.836      0.451      0.506      0.289
[YOLOv5] epoch 100/300 running
[YOLOv5] validation: all       1000        641       0.85      0.454      0.518      0.297
[YOLOv5] epoch 101/300 running
[YOLOv5] validation: all       1000        641      0.842      0.459      0.509      0.299
[YOLOv5] epoch 102/300 running
[YOLOv5] validation: all       1000        641      0.865      0.442      0.511      0.302
[YOLOv5] epoch 103/300 running
[YOLOv5] validation: all       1000        641      0.841      0.464      0.506      0.301
[YOLOv5] epoch 104/300 running
[YOLOv5] validation: all       1000        641      0.885      0.428      0.508      0.294
[YOLOv5] epoch 105/300 running
[YOLOv5] validation: all       1000        641      0.864      0.432      0.505      0.293
[YOLOv5] epoch 106/300 running
[YOLOv5] validation: all       1000        641       0.81      0.447      0.503       0.29
[YOLOv5] epoch 107/300 running
[YOLOv5] validation: all       1000        641      0.784      0.476      0.513      0.301
[YOLOv5] epoch 108/300 running
[YOLOv5] validation: all       1000        641      0.851      0.433      0.503      0.292
[YOLOv5] epoch 109/300 running
[YOLOv5] validation: all       1000        641      0.835      0.433      0.506      0.297
[YOLOv5] epoch 110/300 running
[YOLOv5] validation: all       1000        641      0.842      0.431      0.507      0.292
[YOLOv5] epoch 111/300 running
[YOLOv5] validation: all       1000        641      0.832      0.434      0.495      0.285
[YOLOv5] epoch 112/300 running
[YOLOv5] validation: all       1000        641      0.565      0.429      0.492      0.281
[YOLOv5] epoch 113/300 running
[YOLOv5] validation: all       1000        641      0.571      0.433      0.491      0.275
[YOLOv5] epoch 114/300 running
[YOLOv5] validation: all       1000        641      0.559       0.44      0.503      0.282
[YOLOv5] epoch 115/300 running
[YOLOv5] validation: all       1000        641      0.589      0.486      0.513      0.289
[YOLOv5] epoch 116/300 running
[YOLOv5] validation: all       1000        641      0.626      0.481      0.514      0.291
[YOLOv5] epoch 117/300 running
[YOLOv5] validation: all       1000        641      0.606      0.422      0.505      0.286
[YOLOv5] epoch 118/300 running
[YOLOv5] validation: all       1000        641      0.588      0.445      0.503      0.285
[YOLOv5] epoch 119/300 running
[YOLOv5] validation: all       1000        641      0.826      0.448      0.524      0.302
[YOLOv5] epoch 120/300 running
[YOLOv5] validation: all       1000        641      0.847      0.444      0.526        0.3
[YOLOv5] epoch 121/300 running
[YOLOv5] validation: all       1000        641      0.825      0.453      0.527      0.304
[YOLOv5] epoch 122/300 running
[YOLOv5] validation: all       1000        641      0.814      0.461      0.509      0.293
[YOLOv5] epoch 123/300 running
[YOLOv5] validation: all       1000        641      0.816      0.461      0.516      0.301
[YOLOv5] epoch 124/300 running
[YOLOv5] validation: all       1000        641      0.827      0.455       0.52      0.305
[YOLOv5] epoch 125/300 running
[YOLOv5] validation: all       1000        641      0.818      0.453      0.521      0.305
[YOLOv5] epoch 126/300 running
[YOLOv5] validation: all       1000        641      0.577      0.451      0.518      0.305
[YOLOv5] epoch 127/300 running
[YOLOv5] validation: all       1000        641      0.596      0.447       0.52      0.304
[YOLOv5] epoch 128/300 running
[YOLOv5] validation: all       1000        641      0.553      0.473      0.515      0.301
[YOLOv5] epoch 129/300 running
[YOLOv5] validation: all       1000        641      0.573      0.472       0.52      0.305
[YOLOv5] epoch 130/300 running
[YOLOv5] validation: all       1000        641      0.552      0.477       0.52      0.301
[YOLOv5] epoch 131/300 running
[YOLOv5] validation: all       1000        641      0.567      0.478       0.52      0.302
[YOLOv5] epoch 132/300 running
[YOLOv5] validation: all       1000        641      0.569      0.473      0.519      0.301
[YOLOv5] epoch 133/300 running
[YOLOv5] validation: all       1000        641      0.555      0.477      0.513      0.297
[YOLOv5] epoch 134/300 running
[YOLOv5] validation: all       1000        641      0.529      0.482      0.511      0.295
[YOLOv5] epoch 135/300 running
[YOLOv5] validation: all       1000        641      0.636      0.422      0.514      0.296
[YOLOv5] epoch 136/300 running
[YOLOv5] validation: all       1000        641      0.608      0.437       0.51      0.294
[YOLOv5] epoch 137/300 running
[YOLOv5] validation: all       1000        641      0.628      0.426      0.509      0.295
[YOLOv5] epoch 138/300 running
[YOLOv5] validation: all       1000        641       0.58      0.438      0.506      0.291
[YOLOv5] epoch 139/300 running
[YOLOv5] validation: all       1000        641       0.58      0.439      0.505      0.292
[YOLOv5] epoch 140/300 running
[YOLOv5] validation: all       1000        641      0.586      0.425      0.503       0.29
[YOLOv5] epoch 141/300 running
[YOLOv5] validation: all       1000        641      0.601      0.432      0.504      0.292
[YOLOv5] epoch 142/300 running
[YOLOv5] validation: all       1000        641      0.608      0.431      0.503       0.29
[YOLOv5] epoch 143/300 running
[YOLOv5] validation: all       1000        641      0.562      0.451      0.507      0.293
[YOLOv5] epoch 144/300 running
[YOLOv5] validation: all       1000        641      0.572      0.448      0.507      0.292
[YOLOv5] epoch 145/300 running
[YOLOv5] validation: all       1000        641       0.57      0.442      0.508      0.292
[YOLOv5] epoch 146/300 running
[YOLOv5] validation: all       1000        641      0.595       0.43      0.506      0.291
[YOLOv5] epoch 147/300 running
[YOLOv5] validation: all       1000        641      0.603      0.431      0.511      0.296
[YOLOv5] epoch 148/300 running
[YOLOv5] validation: all       1000        641      0.611      0.429      0.508      0.295
[YOLOv5] epoch 149/300 running
[YOLOv5] validation: all       1000        641      0.614      0.434      0.509      0.293
[YOLOv5] epoch 150/300 running
[YOLOv5] validation: all       1000        641      0.623      0.431      0.508      0.293
[YOLOv5] epoch 151/300 running
[YOLOv5] validation: all       1000        641       0.62      0.432      0.506      0.292
[YOLOv5] epoch 152/300 running
[YOLOv5] validation: all       1000        641      0.611      0.427      0.497      0.291
[YOLOv5] epoch 153/300 running
[YOLOv5] validation: all       1000        641      0.628      0.428      0.504      0.292
[YOLOv5] epoch 154/300 running
[YOLOv5] validation: all       1000        641      0.618      0.431      0.503      0.292
[YOLOv5] epoch 155/300 running
[YOLOv5] validation: all       1000        641      0.623      0.425      0.501      0.291
[YOLOv5] epoch 156/300 running
[YOLOv5] validation: all       1000        641        0.6      0.437      0.498      0.291
[YOLOv5] epoch 157/300 running
[YOLOv5] validation: all       1000        641      0.616      0.425      0.494      0.288
[YOLOv5] epoch 158/300 running
[YOLOv5] validation: all       1000        641      0.605      0.429      0.494      0.287
[YOLOv5] epoch 159/300 running
[YOLOv5] validation: all       1000        641       0.62      0.423      0.496      0.286
[YOLOv5] epoch 160/300 running
[YOLOv5] validation: all       1000        641      0.597      0.426      0.495      0.286
[YOLOv5] epoch 161/300 running
[YOLOv5] validation: all       1000        641      0.632      0.407      0.494      0.284
[YOLOv5] epoch 162/300 running
[YOLOv5] validation: all       1000        641      0.593       0.43      0.496      0.285
[YOLOv5] epoch 163/300 running
[YOLOv5] validation: all       1000        641      0.588       0.43      0.494      0.285
[YOLOv5] epoch 164/300 running
[YOLOv5] validation: all       1000        641      0.585      0.432      0.494      0.285
[YOLOv5] epoch 165/300 running
[YOLOv5] validation: all       1000        641      0.584       0.43      0.495      0.285
[YOLOv5] epoch 166/300 running
[YOLOv5] validation: all       1000        641      0.599      0.423      0.497      0.285
[YOLOv5] epoch 167/300 running
[YOLOv5] validation: all       1000        641        0.6       0.42      0.496      0.287
[YOLOv5] epoch 168/300 running
[YOLOv5] validation: all       1000        641      0.632       0.41      0.497      0.287
[YOLOv5] epoch 169/300 running
[YOLOv5] validation: all       1000        641      0.622      0.413      0.497      0.287
[YOLOv5] epoch 170/300 running
[YOLOv5] validation: all       1000        641       0.62      0.416      0.496      0.287
[YOLOv5] epoch 171/300 running
[YOLOv5] validation: all       1000        641       0.62      0.416      0.496      0.287
[YOLOv5] epoch 172/300 running
[YOLOv5] validation: all       1000        641       0.62      0.416      0.496      0.288
[YOLOv5] epoch 173/300 running
[YOLOv5] validation: all       1000        641       0.62      0.409      0.497      0.289
[YOLOv5] epoch 174/300 running
[YOLOv5] validation: all       1000        641      0.593      0.418      0.497      0.289
[YOLOv5] epoch 175/300 running
[YOLOv5] validation: all       1000        641      0.626      0.408      0.498       0.29
[YOLOv5] epoch 176/300 running
[YOLOv5] validation: all       1000        641      0.626      0.407      0.498       0.29
[YOLOv5] epoch 177/300 running
[YOLOv5] validation: all       1000        641      0.628      0.407      0.498      0.289
[YOLOv5] epoch 178/300 running
[YOLOv5] validation: all       1000        641      0.606      0.414      0.499      0.289
[YOLOv5] epoch 179/300 running
[YOLOv5] validation: all       1000        641      0.611      0.417      0.499       0.29
[YOLOv5] epoch 180/300 running
[YOLOv5] validation: all       1000        641      0.606       0.42      0.499      0.289
[YOLOv5] epoch 181/300 running
[YOLOv5] validation: all       1000        641      0.608      0.421        0.5      0.289
[YOLOv5] epoch 182/300 running
[YOLOv5] validation: all       1000        641      0.608      0.421      0.502      0.289
[YOLOv5] epoch 183/300 running
[YOLOv5] validation: all       1000        641      0.607       0.42      0.501       0.29
[YOLOv5] epoch 184/300 running
[YOLOv5] validation: all       1000        641      0.608      0.418      0.501       0.29
[YOLOv5] epoch 185/300 running
[YOLOv5] validation: all       1000        641      0.627      0.408      0.501       0.29
[YOLOv5] epoch 186/300 running
[YOLOv5] validation: all       1000        641      0.627       0.41      0.501      0.289
[YOLOv5] epoch 187/300 running
[YOLOv5] validation: all       1000        641      0.637      0.406      0.498      0.288
[YOLOv5] epoch 188/300 running
[YOLOv5] validation: all       1000        641       0.58      0.435      0.499      0.289
[YOLOv5] epoch 189/300 running
[YOLOv5] validation: all       1000        641       0.58      0.435      0.499      0.289
[YOLOv5] epoch 190/300 running
[YOLOv5] validation: all       1000        641      0.583      0.435      0.498      0.289
[YOLOv5] epoch 191/300 running
[YOLOv5] validation: all       1000        641      0.581      0.434      0.498      0.289
[YOLOv5] epoch 192/300 running
[YOLOv5] validation: all       1000        641       0.58      0.434      0.498      0.288
[YOLOv5] epoch 193/300 running
[YOLOv5] validation: all       1000        641      0.582      0.434      0.497      0.287
[YOLOv5] epoch 194/300 running
[YOLOv5] validation: all       1000        641      0.586      0.432      0.497      0.286
[YOLOv5] epoch 195/300 running
[YOLOv5] validation: all       1000        641      0.586      0.433      0.497      0.286
[YOLOv5] epoch 196/300 running
[YOLOv5] validation: all       1000        641      0.586      0.433      0.497      0.285
[YOLOv5] epoch 197/300 running
[YOLOv5] validation: all       1000        641      0.587      0.433      0.497      0.286
[YOLOv5] epoch 198/300 running
[YOLOv5] validation: all       1000        641      0.586      0.433      0.497      0.287
[YOLOv5] epoch 199/300 running
[YOLOv5] validation: all       1000        641      0.584      0.435      0.497      0.286
[YOLOv5] epoch 200/300 running
[YOLOv5] validation: all       1000        641      0.583      0.436      0.497      0.288
[YOLOv5] epoch 201/300 running
[YOLOv5] validation: all       1000        641      0.579      0.435      0.497      0.287
[YOLOv5] epoch 202/300 running
[YOLOv5] validation: all       1000        641      0.625      0.412      0.497      0.288
[YOLOv5] epoch 203/300 running
[YOLOv5] validation: all       1000        641      0.627      0.413      0.497      0.287
[YOLOv5] epoch 204/300 running
[YOLOv5] validation: all       1000        641      0.628      0.413      0.497      0.287
[YOLOv5] epoch 205/300 running
[YOLOv5] validation: all       1000        641      0.628      0.413      0.497      0.287
[YOLOv5] epoch 206/300 running
[YOLOv5] validation: all       1000        641      0.632      0.412      0.497      0.287
[YOLOv5] epoch 207/300 running
[YOLOv5] validation: all       1000        641      0.633      0.411      0.497      0.286
[YOLOv5] epoch 208/300 running
[YOLOv5] validation: all       1000        641      0.583      0.435      0.497      0.287
[YOLOv5] epoch 209/300 running
[YOLOv5] validation: all       1000        641      0.583      0.434      0.497      0.287
[YOLOv5] epoch 210/300 running
[YOLOv5] validation: all       1000        641      0.587      0.434      0.497      0.287
[YOLOv5] epoch 211/300 running
[YOLOv5] validation: all       1000        641      0.585      0.434      0.497      0.286
[YOLOv5] epoch 212/300 running
[YOLOv5] validation: all       1000        641      0.586      0.435      0.498      0.287
[YOLOv5] epoch 213/300 running
[YOLOv5] validation: all       1000        641      0.588      0.434      0.499      0.287
[YOLOv5] epoch 214/300 running
[YOLOv5] validation: all       1000        641      0.588      0.433      0.498      0.287
[YOLOv5] epoch 215/300 running
[YOLOv5] validation: all       1000        641      0.587      0.434      0.498      0.287
[YOLOv5] epoch 216/300 running
[YOLOv5] validation: all       1000        641      0.882      0.412      0.498      0.287
[YOLOv5] epoch 217/300 running
[YOLOv5] validation: all       1000        641      0.881      0.412      0.498      0.287
[YOLOv5] epoch 218/300 running
[YOLOv5] validation: all       1000        641      0.592      0.429      0.498      0.287
[YOLOv5] epoch 219/300 running
[YOLOv5] validation: all       1000        641      0.593      0.429      0.499      0.287
[YOLOv5] epoch 220/300 running
[YOLOv5] validation: all       1000        641      0.877      0.413      0.499      0.288
[YOLOv5] epoch 221/300 running
[YOLOv5] validation: all       1000        641      0.876      0.412      0.499      0.288
[YOLOv5] 221 epochs completed in 2.496 hours.
[YOLOv5] validation: all       1000        641      0.826      0.453      0.527      0.304
[Task] training completed: 9219.1s
[Task] evaluating: checkpoint=last, group=test, samples=1000
[YOLOv5] validation: all       1000        614      0.858      0.397      0.472      0.224
[Task] evaluation: checkpoint=last, group=test, mAP50-95=0.2239, mAP50=0.4715, time=77.5s
[Task] evaluating: checkpoint=best, group=test, samples=1000
[YOLOv5] validation: all       1000        614      0.836      0.386      0.464      0.215
[Task] evaluation: checkpoint=best, group=test, mAP50-95=0.2148, mAP50=0.4641, time=79.1s
[Task] completed: evaluation=156.5s, output=/home/lijinhe/work/YOLO_Retraining/runs/studies/balance_tau090_label_contrast/tasks/dedup_tau_0p900_release_positive_clusters__full-cold-stage0123__stage0+stage1+stage2+stage3__yolov5s__s42
/home/lijinhe/work/YOLO_Retraining/runs/studies/balance_tau090_label_contrast/tasks/dedup_tau_0p900_release_positive_clusters__full-cold-stage0123__stage0+stage1+stage2+stage3__yolov5s__s42
[Study] completed task=dedup_tau_0p900_release_positive_clusters
[Study] start task=dedup_tau_0p900_release_positive_clusters_drop_pure_background GPU=0 layout=/home/lijinhe/work/YOLO_Retraining/runs/studies/balance_tau090_label_contrast/variants/dedup_tau_0p900_release_positive_clusters_drop_pure_background/layout.yaml
[Task] output: /home/lijinhe/work/YOLO_Retraining/runs/studies/balance_tau090_label_contrast/tasks/dedup_tau_0p900_release_positive_clusters_drop_pure_background__full-cold-stage0123__stage0+stage1+stage2+stage3__yolov5s__s42
[Task] data: current=3752, candidate=3752, validation=1000, test=1000
[Task] selection: policy=full, selected=3752, groups={'candidate': 3752}, time=0.001s
[Task] training: backend=yolov5, epochs=300, batch=64, device=0
[YOLOv5] epoch 1/300 running
[YOLOv5] validation: all       1000        641      0.797     0.0451     0.0284    0.00759
[YOLOv5] epoch 2/300 running
[YOLOv5] validation: all       1000        641      0.727      0.163      0.187     0.0632
[YOLOv5] epoch 3/300 running
[YOLOv5] validation: all       1000        641      0.667      0.182      0.169     0.0654
[YOLOv5] epoch 4/300 running
[YOLOv5] validation: all       1000        641      0.727      0.189      0.283       0.12
[YOLOv5] epoch 5/300 running
[YOLOv5] validation: all       1000        641      0.563      0.338      0.321      0.132
[YOLOv5] epoch 6/300 running
[YOLOv5] validation: all       1000        641      0.643      0.325      0.328      0.139
[YOLOv5] epoch 7/300 running
[YOLOv5] validation: all       1000        641      0.574      0.338      0.282      0.115
[YOLOv5] epoch 8/300 running
[YOLOv5] validation: all       1000        641      0.747      0.352      0.388       0.18
[YOLOv5] epoch 9/300 running
[YOLOv5] validation: all       1000        641      0.701      0.383      0.421      0.203
[YOLOv5] epoch 10/300 running
[YOLOv5] validation: all       1000        641      0.707      0.372      0.417      0.191
[YOLOv5] epoch 11/300 running
[YOLOv5] validation: all       1000        641       0.73       0.36      0.404      0.181
[YOLOv5] epoch 12/300 running
[YOLOv5] validation: all       1000        641      0.716      0.352       0.38      0.172
[YOLOv5] epoch 13/300 running
[YOLOv5] validation: all       1000        641       0.73      0.347       0.39      0.166
[YOLOv5] epoch 14/300 running
[YOLOv5] validation: all       1000        641      0.702      0.355      0.371       0.17
[YOLOv5] epoch 15/300 running
[YOLOv5] validation: all       1000        641      0.791       0.36      0.443      0.224
[YOLOv5] epoch 16/300 running
[YOLOv5] validation: all       1000        641      0.796      0.329      0.405      0.193
[YOLOv5] epoch 17/300 running
[YOLOv5] validation: all       1000        641      0.752      0.357       0.41      0.205
[YOLOv5] epoch 18/300 running
[YOLOv5] validation: all       1000        641      0.778      0.383      0.456       0.21
[YOLOv5] epoch 19/300 running
[YOLOv5] validation: all       1000        641      0.746      0.421      0.473      0.237
[YOLOv5] epoch 20/300 running
[YOLOv5] validation: all       1000        641       0.76      0.405      0.449       0.24
[YOLOv5] epoch 21/300 running
[YOLOv5] validation: all       1000        641      0.729      0.368      0.407        0.2
[YOLOv5] epoch 22/300 running
[YOLOv5] validation: all       1000        641      0.701      0.419      0.448      0.224
[YOLOv5] epoch 23/300 running
[YOLOv5] validation: all       1000        641      0.784       0.38      0.448       0.22
[YOLOv5] epoch 24/300 running
[YOLOv5] validation: all       1000        641      0.782      0.424       0.49      0.262
[YOLOv5] epoch 25/300 running
[YOLOv5] validation: all       1000        641      0.747      0.371      0.427      0.206
[YOLOv5] epoch 26/300 running
[YOLOv5] validation: all       1000        641      0.765      0.367      0.415      0.196
[YOLOv5] epoch 27/300 running
[YOLOv5] validation: all       1000        641      0.735      0.417      0.461      0.235
[YOLOv5] epoch 28/300 running
[YOLOv5] validation: all       1000        641      0.796      0.404      0.463      0.231
[YOLOv5] epoch 29/300 running
[YOLOv5] validation: all       1000        641      0.813       0.38      0.441      0.221
[YOLOv5] epoch 30/300 running
[YOLOv5] validation: all       1000        641      0.771      0.403      0.461      0.236
[YOLOv5] epoch 31/300 running
[YOLOv5] validation: all       1000        641      0.802      0.419      0.488      0.247
[YOLOv5] epoch 32/300 running
[YOLOv5] validation: all       1000        641      0.806       0.41      0.486       0.26
[YOLOv5] epoch 33/300 running
[YOLOv5] validation: all       1000        641        0.8      0.428      0.481      0.246
[YOLOv5] epoch 34/300 running
[YOLOv5] validation: all       1000        641      0.795        0.4      0.468      0.253
[YOLOv5] epoch 35/300 running
[YOLOv5] validation: all       1000        641      0.777      0.415      0.469       0.24
[YOLOv5] epoch 36/300 running
[YOLOv5] validation: all       1000        641        0.8      0.395      0.445      0.222
[YOLOv5] epoch 37/300 running
[YOLOv5] validation: all       1000        641      0.789      0.423       0.48       0.24
[YOLOv5] epoch 38/300 running
[YOLOv5] validation: all       1000        641      0.775      0.402       0.46      0.262
[YOLOv5] epoch 39/300 running
[YOLOv5] validation: all       1000        641      0.773      0.433      0.456      0.238
[YOLOv5] epoch 40/300 running
[YOLOv5] validation: all       1000        641      0.743      0.445      0.454      0.233
[YOLOv5] epoch 41/300 running
[YOLOv5] validation: all       1000        641      0.814      0.426      0.482       0.27
[YOLOv5] epoch 42/300 running
[YOLOv5] validation: all       1000        641      0.808      0.421      0.464      0.244
[YOLOv5] epoch 43/300 running
[YOLOv5] validation: all       1000        641      0.703      0.408      0.427      0.225
[YOLOv5] epoch 44/300 running
[YOLOv5] validation: all       1000        641      0.778      0.422       0.47      0.253
[YOLOv5] epoch 45/300 running
[YOLOv5] validation: all       1000        641      0.785      0.427       0.48      0.252
[YOLOv5] epoch 46/300 running
[YOLOv5] validation: all       1000        641      0.817      0.441      0.475      0.244
[YOLOv5] epoch 47/300 running
[YOLOv5] validation: all       1000        641      0.821      0.426      0.472      0.249
[YOLOv5] epoch 48/300 running
[YOLOv5] validation: all       1000        641      0.774      0.425      0.501      0.269
[YOLOv5] epoch 49/300 running
[YOLOv5] validation: all       1000        641       0.77      0.451       0.47      0.245
[YOLOv5] epoch 50/300 running
[YOLOv5] validation: all       1000        641      0.812      0.414      0.488      0.263
[YOLOv5] epoch 51/300 running
[YOLOv5] validation: all       1000        641      0.735      0.456      0.468      0.258
[YOLOv5] epoch 52/300 running
[YOLOv5] validation: all       1000        641      0.839      0.423      0.486      0.258
[YOLOv5] epoch 53/300 running
[YOLOv5] validation: all       1000        641      0.821      0.417      0.487       0.26
[YOLOv5] epoch 54/300 running
[YOLOv5] validation: all       1000        641      0.819      0.415      0.478      0.262
[YOLOv5] epoch 55/300 running
[YOLOv5] validation: all       1000        641      0.803      0.435      0.491      0.261
[YOLOv5] epoch 56/300 running
[YOLOv5] validation: all       1000        641       0.75      0.455      0.538      0.284
[YOLOv5] epoch 57/300 running
[YOLOv5] validation: all       1000        641      0.836      0.431      0.492      0.264
[YOLOv5] epoch 58/300 running
[YOLOv5] validation: all       1000        641      0.813      0.421      0.484      0.265
[YOLOv5] epoch 59/300 running
[YOLOv5] validation: all       1000        641      0.767      0.462      0.502      0.282
[YOLOv5] epoch 60/300 running
[YOLOv5] validation: all       1000        641      0.825      0.425      0.481      0.261
[YOLOv5] epoch 61/300 running
[YOLOv5] validation: all       1000        641      0.806      0.412      0.495      0.261
[YOLOv5] epoch 62/300 running
[YOLOv5] validation: all       1000        641      0.835      0.406      0.478      0.273
[YOLOv5] epoch 63/300 running
[YOLOv5] validation: all       1000        641      0.821      0.433      0.487      0.279
[YOLOv5] epoch 64/300 running
[YOLOv5] validation: all       1000        641      0.766      0.464      0.493      0.265
[YOLOv5] epoch 65/300 running
[YOLOv5] validation: all       1000        641        0.6      0.414       0.51      0.279
[YOLOv5] epoch 66/300 running
[YOLOv5] validation: all       1000        641      0.547      0.439      0.499      0.271
[YOLOv5] epoch 67/300 running
[YOLOv5] validation: all       1000        641      0.541      0.506      0.505      0.278
[YOLOv5] epoch 68/300 running
[YOLOv5] validation: all       1000        641      0.804      0.416      0.491      0.267
[YOLOv5] epoch 69/300 running
[YOLOv5] validation: all       1000        641      0.834      0.411      0.488      0.266
[YOLOv5] epoch 70/300 running
[YOLOv5] validation: all       1000        641      0.807      0.421      0.476      0.256
[YOLOv5] epoch 71/300 running
[YOLOv5] validation: all       1000        641      0.544      0.429      0.476      0.267
[YOLOv5] epoch 72/300 running
[YOLOv5] validation: all       1000        641      0.572      0.433      0.497      0.274
[YOLOv5] epoch 73/300 running
[YOLOv5] validation: all       1000        641      0.551      0.485      0.512      0.283
[YOLOv5] epoch 74/300 running
[YOLOv5] validation: all       1000        641      0.818       0.42      0.475      0.253
[YOLOv5] epoch 75/300 running
[YOLOv5] validation: all       1000        641      0.783      0.464      0.504      0.275
[YOLOv5] epoch 76/300 running
[YOLOv5] validation: all       1000        641      0.811      0.433      0.494      0.274
[YOLOv5] epoch 77/300 running
[YOLOv5] validation: all       1000        641      0.792      0.436      0.475      0.259
[YOLOv5] epoch 78/300 running
[YOLOv5] validation: all       1000        641      0.862      0.445      0.517      0.283
[YOLOv5] epoch 79/300 running
[YOLOv5] validation: all       1000        641      0.815      0.452      0.491      0.275
[YOLOv5] epoch 80/300 running
[YOLOv5] validation: all       1000        641      0.546       0.53      0.524      0.291
[YOLOv5] epoch 81/300 running
[YOLOv5] validation: all       1000        641      0.568      0.444      0.493      0.274
[YOLOv5] epoch 82/300 running
[YOLOv5] validation: all       1000        641      0.504      0.527      0.502      0.283
[YOLOv5] epoch 83/300 running
[YOLOv5] validation: all       1000        641      0.823      0.472      0.506      0.282
[YOLOv5] epoch 84/300 running
[YOLOv5] validation: all       1000        641      0.602      0.501      0.508      0.289
[YOLOv5] epoch 85/300 running
[YOLOv5] validation: all       1000        641      0.823      0.431      0.494      0.271
[YOLOv5] epoch 86/300 running
[YOLOv5] validation: all       1000        641      0.554      0.456      0.496      0.268
[YOLOv5] epoch 87/300 running
[YOLOv5] validation: all       1000        641      0.564      0.457      0.505       0.28
[YOLOv5] epoch 88/300 running
[YOLOv5] validation: all       1000        641      0.817      0.444      0.494      0.275
[YOLOv5] epoch 89/300 running
[YOLOv5] validation: all       1000        641      0.774       0.45      0.494      0.276
[YOLOv5] epoch 90/300 running
[YOLOv5] validation: all       1000        641      0.571       0.44      0.499      0.288
[YOLOv5] epoch 91/300 running
[YOLOv5] validation: all       1000        641      0.596       0.43      0.481      0.267
[YOLOv5] epoch 92/300 running
[YOLOv5] validation: all       1000        641      0.579      0.433      0.523      0.305
[YOLOv5] epoch 93/300 running
[YOLOv5] validation: all       1000        641      0.555      0.513      0.501      0.278
[YOLOv5] epoch 94/300 running
[YOLOv5] validation: all       1000        641      0.598      0.519      0.511      0.286
[YOLOv5] epoch 95/300 running
[YOLOv5] validation: all       1000        641      0.818      0.458      0.502      0.278
[YOLOv5] epoch 96/300 running
[YOLOv5] validation: all       1000        641      0.842      0.443       0.51       0.28
[YOLOv5] epoch 97/300 running
[YOLOv5] validation: all       1000        641      0.525      0.462      0.501      0.282
[YOLOv5] epoch 98/300 running
[YOLOv5] validation: all       1000        641      0.556      0.459      0.501      0.291
[YOLOv5] epoch 99/300 running
[YOLOv5] validation: all       1000        641      0.842      0.429      0.492      0.286
[YOLOv5] epoch 100/300 running
[YOLOv5] validation: all       1000        641       0.75      0.462      0.488      0.273
[YOLOv5] epoch 101/300 running
[YOLOv5] validation: all       1000        641       0.85      0.428      0.486      0.271
[YOLOv5] epoch 102/300 running
[YOLOv5] validation: all       1000        641      0.827      0.454      0.526      0.296
[YOLOv5] epoch 103/300 running
[YOLOv5] validation: all       1000        641      0.592      0.447      0.511      0.289
[YOLOv5] epoch 104/300 running
[YOLOv5] validation: all       1000        641      0.559      0.462      0.501      0.283
[YOLOv5] epoch 105/300 running
[YOLOv5] validation: all       1000        641      0.567      0.481       0.53      0.299
[YOLOv5] epoch 106/300 running
[YOLOv5] validation: all       1000        641      0.654      0.487      0.531      0.298
[YOLOv5] epoch 107/300 running
[YOLOv5] validation: all       1000        641      0.609      0.441      0.516      0.288
[YOLOv5] epoch 108/300 running
[YOLOv5] validation: all       1000        641      0.561      0.468      0.503      0.283
[YOLOv5] epoch 109/300 running
[YOLOv5] validation: all       1000        641      0.855       0.44      0.496      0.279
[YOLOv5] epoch 110/300 running
[YOLOv5] validation: all       1000        641      0.624      0.428      0.525      0.297
[YOLOv5] epoch 111/300 running
[YOLOv5] validation: all       1000        641      0.552      0.468       0.52      0.288
[YOLOv5] epoch 112/300 running
[YOLOv5] validation: all       1000        641      0.594      0.485       0.53      0.291
[YOLOv5] epoch 113/300 running
[YOLOv5] validation: all       1000        641       0.55      0.446      0.503      0.279
[YOLOv5] epoch 114/300 running
[YOLOv5] validation: all       1000        641      0.847      0.427      0.505      0.275
[YOLOv5] epoch 115/300 running
[YOLOv5] validation: all       1000        641      0.536       0.44      0.498       0.28
[YOLOv5] epoch 116/300 running
[YOLOv5] validation: all       1000        641      0.862      0.396      0.496      0.275
[YOLOv5] epoch 117/300 running
[YOLOv5] validation: all       1000        641      0.623      0.486      0.521      0.301
[YOLOv5] epoch 118/300 running
[YOLOv5] validation: all       1000        641      0.546       0.47      0.511      0.296
[YOLOv5] epoch 119/300 running
[YOLOv5] validation: all       1000        641      0.595      0.426      0.512      0.298
[YOLOv5] epoch 120/300 running
[YOLOv5] validation: all       1000        641      0.639       0.41      0.496      0.286
[YOLOv5] epoch 121/300 running
[YOLOv5] validation: all       1000        641      0.577      0.445      0.512        0.3
[YOLOv5] epoch 122/300 running
[YOLOv5] validation: all       1000        641      0.523      0.481      0.511      0.295
[YOLOv5] epoch 123/300 running
[YOLOv5] validation: all       1000        641      0.593      0.453      0.501      0.286
[YOLOv5] epoch 124/300 running
[YOLOv5] validation: all       1000        641      0.594      0.491       0.51      0.287
[YOLOv5] epoch 125/300 running
[YOLOv5] validation: all       1000        641      0.596      0.489      0.507      0.277
[YOLOv5] epoch 126/300 running
[YOLOv5] validation: all       1000        641      0.557      0.456      0.509      0.283
[YOLOv5] epoch 127/300 running
[YOLOv5] validation: all       1000        641      0.628      0.504      0.521      0.295
[YOLOv5] epoch 128/300 running
[YOLOv5] validation: all       1000        641       0.59      0.479      0.498       0.29
[YOLOv5] epoch 129/300 running
[YOLOv5] validation: all       1000        641      0.562      0.494      0.515        0.3
[YOLOv5] epoch 130/300 running
[YOLOv5] validation: all       1000        641      0.814      0.443      0.503      0.291
[YOLOv5] epoch 131/300 running
[YOLOv5] validation: all       1000        641       0.85      0.416      0.492      0.285
[YOLOv5] epoch 132/300 running
[YOLOv5] validation: all       1000        641      0.839      0.421      0.486      0.283
[YOLOv5] epoch 133/300 running
[YOLOv5] validation: all       1000        641      0.816      0.443      0.501      0.288
[YOLOv5] epoch 134/300 running
[YOLOv5] validation: all       1000        641      0.874      0.421      0.507      0.286
[YOLOv5] epoch 135/300 running
[YOLOv5] validation: all       1000        641      0.875      0.422      0.497       0.28
[YOLOv5] epoch 136/300 running
[YOLOv5] validation: all       1000        641      0.856       0.43      0.502      0.286
[YOLOv5] epoch 137/300 running
[YOLOv5] validation: all       1000        641      0.806      0.468        0.5      0.288
[YOLOv5] epoch 138/300 running
[YOLOv5] validation: all       1000        641      0.838      0.443      0.502      0.291
[YOLOv5] epoch 139/300 running
[YOLOv5] validation: all       1000        641      0.812      0.458       0.51      0.295
[YOLOv5] epoch 140/300 running
[YOLOv5] validation: all       1000        641       0.88      0.421      0.498      0.286
[YOLOv5] epoch 141/300 running
[YOLOv5] validation: all       1000        641      0.602      0.429      0.502      0.293
[YOLOv5] epoch 142/300 running
[YOLOv5] validation: all       1000        641      0.619      0.428      0.501      0.291
[YOLOv5] epoch 143/300 running
[YOLOv5] validation: all       1000        641      0.621      0.434      0.505      0.295
[YOLOv5] epoch 144/300 running
[YOLOv5] validation: all       1000        641      0.613      0.453      0.516        0.3
[YOLOv5] epoch 145/300 running
[YOLOv5] validation: all       1000        641      0.608      0.456      0.512      0.294
[YOLOv5] epoch 146/300 running
[YOLOv5] validation: all       1000        641      0.584       0.46      0.506       0.29
[YOLOv5] epoch 147/300 running
[YOLOv5] validation: all       1000        641      0.595      0.452      0.508      0.295
[YOLOv5] epoch 148/300 running
[YOLOv5] validation: all       1000        641      0.615      0.439      0.515      0.301
[YOLOv5] epoch 149/300 running
[YOLOv5] validation: all       1000        641      0.628      0.435      0.511      0.297
[YOLOv5] epoch 150/300 running
[YOLOv5] validation: all       1000        641      0.563      0.449      0.504      0.291
[YOLOv5] epoch 151/300 running
[YOLOv5] validation: all       1000        641      0.863       0.43      0.504      0.293
[YOLOv5] epoch 152/300 running
[YOLOv5] validation: all       1000        641      0.861      0.424      0.504      0.293
[YOLOv5] epoch 153/300 running
[YOLOv5] validation: all       1000        641      0.841      0.434      0.518      0.303
[YOLOv5] epoch 154/300 running
[YOLOv5] validation: all       1000        641       0.56      0.461      0.519      0.301
[YOLOv5] epoch 155/300 running
[YOLOv5] validation: all       1000        641       0.84      0.437      0.507      0.295
[YOLOv5] epoch 156/300 running
[YOLOv5] validation: all       1000        641      0.855      0.433      0.509      0.298
[YOLOv5] 156 epochs completed in 1.048 hours.
[YOLOv5] validation: all       1000        641      0.751      0.455      0.538      0.284
[Task] training completed: 4000.8s
[Task] evaluating: checkpoint=last, group=test, samples=1000
[YOLOv5] validation: all       1000        614       0.82      0.361       0.45      0.219
[Task] evaluation: checkpoint=last, group=test, mAP50-95=0.2195, mAP50=0.4497, time=81.5s
[Task] evaluating: checkpoint=best, group=test, samples=1000
[YOLOv5] validation: all       1000        614      0.736      0.388      0.443      0.209
[Task] evaluation: checkpoint=best, group=test, mAP50-95=0.2087, mAP50=0.4433, time=85.8s
[Task] completed: evaluation=167.2s, output=/home/lijinhe/work/YOLO_Retraining/runs/studies/balance_tau090_label_contrast/tasks/dedup_tau_0p900_release_positive_clusters_drop_pure_background__full-cold-stage0123__stage0+stage1+stage2+stage3__yolov5s__s42
/home/lijinhe/work/YOLO_Retraining/runs/studies/balance_tau090_label_contrast/tasks/dedup_tau_0p900_release_positive_clusters_drop_pure_background__full-cold-stage0123__stage0+stage1+stage2+stage3__yolov5s__s42
[Study] completed task=dedup_tau_0p900_release_positive_clusters_drop_pure_background
[Study] start task=dedup_tau_0p900_positive_representative GPU=0 layout=/home/lijinhe/work/YOLO_Retraining/runs/studies/balance_tau090_label_contrast/variants/dedup_tau_0p900_positive_representative/layout.yaml
[Task] output: /home/lijinhe/work/YOLO_Retraining/runs/studies/balance_tau090_label_contrast/tasks/dedup_tau_0p900_positive_representative__full-cold-stage0123__stage0+stage1+stage2+stage3__yolov5s__s42
[Task] data: current=4058, candidate=4058, validation=1000, test=1000
[Task] selection: policy=full, selected=4058, groups={'candidate': 4058}, time=0.002s
[Task] training: backend=yolov5, epochs=300, batch=64, device=0
[YOLOv5] epoch 1/300 running
[YOLOv5] validation: all       1000        641    0.00186      0.458     0.0307    0.00654
[YOLOv5] epoch 2/300 running
[YOLOv5] validation: all       1000        641      0.662      0.128      0.108     0.0359
[YOLOv5] epoch 3/300 running
[YOLOv5] validation: all       1000        641      0.702      0.124      0.144      0.051
[YOLOv5] epoch 4/300 running
[YOLOv5] validation: all       1000        641      0.658      0.149      0.132     0.0464
[YOLOv5] epoch 5/300 running
[YOLOv5] validation: all       1000        641      0.656      0.124      0.123     0.0447
[YOLOv5] epoch 6/300 running
[YOLOv5] validation: all       1000        641       0.42      0.173      0.134     0.0552
[YOLOv5] epoch 7/300 running
[YOLOv5] validation: all       1000        641      0.575      0.237       0.22     0.0912
[YOLOv5] epoch 8/300 running
[YOLOv5] validation: all       1000        641      0.501      0.283      0.221     0.0888
[YOLOv5] epoch 9/300 running
[YOLOv5] validation: all       1000        641      0.584      0.288      0.308      0.123
[YOLOv5] epoch 10/300 running
[YOLOv5] validation: all       1000        641      0.612      0.339      0.336      0.138
[YOLOv5] epoch 11/300 running
[YOLOv5] validation: all       1000        641      0.602      0.285      0.288      0.136
[YOLOv5] epoch 12/300 running
[YOLOv5] validation: all       1000        641      0.754      0.223      0.314      0.141
[YOLOv5] epoch 13/300 running
[YOLOv5] validation: all       1000        641      0.655      0.264      0.318      0.149
[YOLOv5] epoch 14/300 running
[YOLOv5] validation: all       1000        641      0.645      0.306        0.3      0.109
[YOLOv5] epoch 15/300 running
[YOLOv5] validation: all       1000        641      0.645      0.236      0.289      0.121
[YOLOv5] epoch 16/300 running
[YOLOv5] validation: all       1000        641      0.703      0.322      0.347      0.155
[YOLOv5] epoch 17/300 running
[YOLOv5] validation: all       1000        641      0.591      0.311      0.277       0.12
[YOLOv5] epoch 18/300 running
[YOLOv5] validation: all       1000        641      0.716      0.307      0.353      0.164
[YOLOv5] epoch 19/300 running
[YOLOv5] validation: all       1000        641      0.662        0.3      0.328      0.156
[YOLOv5] epoch 20/300 running
[YOLOv5] validation: all       1000        641      0.708      0.324      0.353      0.169
[YOLOv5] epoch 21/300 running
[YOLOv5] validation: all       1000        641      0.689      0.338      0.373      0.192
[YOLOv5] epoch 22/300 running
[YOLOv5] validation: all       1000        641      0.656      0.338      0.368       0.18
[YOLOv5] epoch 23/300 running
[YOLOv5] validation: all       1000        641      0.742      0.317      0.368      0.166
[YOLOv5] epoch 24/300 running
[YOLOv5] validation: all       1000        641      0.723      0.358      0.405      0.182
[YOLOv5] epoch 25/300 running
[YOLOv5] validation: all       1000        641      0.762      0.371      0.421      0.189
[YOLOv5] epoch 26/300 running
[YOLOv5] validation: all       1000        641       0.71      0.314      0.368      0.168
[YOLOv5] epoch 27/300 running
[YOLOv5] validation: all       1000        641      0.736      0.362      0.394      0.191
[YOLOv5] epoch 28/300 running
[YOLOv5] validation: all       1000        641      0.794      0.365      0.426      0.211
[YOLOv5] epoch 29/300 running
[YOLOv5] validation: all       1000        641      0.747      0.372      0.422      0.203
[YOLOv5] epoch 30/300 running
[YOLOv5] validation: all       1000        641      0.655      0.359      0.355      0.173
[YOLOv5] epoch 31/300 running
[YOLOv5] validation: all       1000        641      0.754      0.315      0.379      0.187
[YOLOv5] epoch 32/300 running
[YOLOv5] validation: all       1000        641      0.745      0.362      0.402      0.199
[YOLOv5] epoch 33/300 running
[YOLOv5] validation: all       1000        641      0.747      0.353      0.392      0.179
[YOLOv5] epoch 34/300 running
[YOLOv5] validation: all       1000        641      0.754      0.331      0.377      0.185
[YOLOv5] epoch 35/300 running
[YOLOv5] validation: all       1000        641      0.777      0.358      0.407      0.185
[YOLOv5] epoch 36/300 running
[YOLOv5] validation: all       1000        641      0.723      0.378      0.407      0.202
[YOLOv5] epoch 37/300 running
[YOLOv5] validation: all       1000        641      0.766      0.349      0.395      0.202
[YOLOv5] epoch 38/300 running
[YOLOv5] validation: all       1000        641      0.708      0.353      0.393      0.191
[YOLOv5] epoch 39/300 running
[YOLOv5] validation: all       1000        641      0.787      0.312      0.384      0.201
[YOLOv5] epoch 40/300 running
[YOLOv5] validation: all       1000        641      0.709       0.36      0.404        0.2
[YOLOv5] epoch 41/300 running
[YOLOv5] validation: all       1000        641      0.719      0.334      0.372      0.188
[YOLOv5] epoch 42/300 running
[YOLOv5] validation: all       1000        641      0.707      0.349      0.372      0.168
[YOLOv5] epoch 43/300 running
[YOLOv5] validation: all       1000        641      0.704      0.331      0.358      0.174
[YOLOv5] epoch 44/300 running
[YOLOv5] validation: all       1000        641      0.751      0.378      0.415      0.209
[YOLOv5] epoch 45/300 running
[YOLOv5] validation: all       1000        641      0.768      0.332      0.377      0.181
[YOLOv5] epoch 46/300 running
[YOLOv5] validation: all       1000        641       0.75      0.351      0.387       0.19
[YOLOv5] epoch 47/300 running
[YOLOv5] validation: all       1000        641      0.742      0.361      0.392      0.202
[YOLOv5] epoch 48/300 running
[YOLOv5] validation: all       1000        641      0.776      0.359      0.414      0.208
[YOLOv5] epoch 49/300 running
[YOLOv5] validation: all       1000        641      0.781      0.389      0.435      0.218
[YOLOv5] epoch 50/300 running
[YOLOv5] validation: all       1000        641      0.768      0.343      0.384      0.185
[YOLOv5] epoch 51/300 running
[YOLOv5] validation: all       1000        641       0.81       0.36      0.419      0.211
[YOLOv5] epoch 52/300 running
[YOLOv5] validation: all       1000        641      0.797      0.347       0.41      0.202
[YOLOv5] epoch 53/300 running
[YOLOv5] validation: all       1000        641      0.753      0.396      0.418      0.192
[YOLOv5] epoch 54/300 running
[YOLOv5] validation: all       1000        641      0.802      0.313      0.404      0.201
[YOLOv5] epoch 55/300 running
[YOLOv5] validation: all       1000        641      0.721      0.355      0.364      0.176
[YOLOv5] epoch 56/300 running
[YOLOv5] validation: all       1000        641      0.788      0.389      0.425      0.213
[YOLOv5] epoch 57/300 running
[YOLOv5] validation: all       1000        641      0.725      0.396      0.406      0.209
[YOLOv5] epoch 58/300 running
[YOLOv5] validation: all       1000        641      0.805      0.354      0.415      0.214
[YOLOv5] epoch 59/300 running
[YOLOv5] validation: all       1000        641      0.775      0.382      0.426      0.221
[YOLOv5] epoch 60/300 running
[YOLOv5] validation: all       1000        641      0.778      0.361      0.415      0.212
[YOLOv5] epoch 61/300 running
[YOLOv5] validation: all       1000        641      0.763       0.37      0.409      0.203
[YOLOv5] epoch 62/300 running
[YOLOv5] validation: all       1000        641      0.791      0.387      0.416      0.206
[YOLOv5] epoch 63/300 running
[YOLOv5] validation: all       1000        641        0.8      0.383      0.436       0.22
[YOLOv5] epoch 64/300 running
[YOLOv5] validation: all       1000        641      0.751      0.379      0.417      0.208
[YOLOv5] epoch 65/300 running
[YOLOv5] validation: all       1000        641      0.751      0.384      0.419      0.218
[YOLOv5] epoch 66/300 running
[YOLOv5] validation: all       1000        641      0.751      0.393      0.432      0.241
[YOLOv5] epoch 67/300 running
[YOLOv5] validation: all       1000        641      0.734      0.394      0.431      0.233
[YOLOv5] epoch 68/300 running
[YOLOv5] validation: all       1000        641      0.742      0.406      0.438      0.229
[YOLOv5] epoch 69/300 running
[YOLOv5] validation: all       1000        641      0.801      0.371      0.444      0.237
[YOLOv5] epoch 70/300 running
[YOLOv5] validation: all       1000        641      0.782       0.39      0.435      0.229
[YOLOv5] epoch 71/300 running
[YOLOv5] validation: all       1000        641      0.704      0.386       0.41      0.222
[YOLOv5] epoch 72/300 running
[YOLOv5] validation: all       1000        641      0.805       0.37      0.445      0.242
[YOLOv5] epoch 73/300 running
[YOLOv5] validation: all       1000        641      0.796      0.391      0.429      0.231
[YOLOv5] epoch 74/300 running
[YOLOv5] validation: all       1000        641      0.766      0.383      0.421      0.219
[YOLOv5] epoch 75/300 running
[YOLOv5] validation: all       1000        641      0.764      0.379      0.407      0.209
[YOLOv5] epoch 76/300 running
[YOLOv5] validation: all       1000        641      0.794      0.366      0.438      0.239
[YOLOv5] epoch 77/300 running
[YOLOv5] validation: all       1000        641       0.82      0.364      0.418      0.216
[YOLOv5] epoch 78/300 running
[YOLOv5] validation: all       1000        641      0.789      0.358      0.418      0.212
[YOLOv5] epoch 79/300 running
[YOLOv5] validation: all       1000        641      0.852      0.375      0.442      0.238
[YOLOv5] epoch 80/300 running
[YOLOv5] validation: all       1000        641      0.767      0.392      0.438      0.238
[YOLOv5] epoch 81/300 running
[YOLOv5] validation: all       1000        641      0.755      0.388      0.428      0.231
[YOLOv5] epoch 82/300 running
[YOLOv5] validation: all       1000        641      0.826      0.363      0.423      0.216
[YOLOv5] epoch 83/300 running
[YOLOv5] validation: all       1000        641      0.861      0.388      0.437      0.226
[YOLOv5] epoch 84/300 running
[YOLOv5] validation: all       1000        641      0.747      0.391       0.42       0.21
[YOLOv5] epoch 85/300 running
[YOLOv5] validation: all       1000        641      0.826      0.385      0.441      0.229
[YOLOv5] epoch 86/300 running
[YOLOv5] validation: all       1000        641      0.795      0.393      0.425      0.215
[YOLOv5] epoch 87/300 running
[YOLOv5] validation: all       1000        641      0.745      0.431      0.439      0.225
[YOLOv5] epoch 88/300 running
[YOLOv5] validation: all       1000        641      0.792      0.403      0.446      0.247
[YOLOv5] epoch 89/300 running
[YOLOv5] validation: all       1000        641      0.812       0.37      0.416      0.222
[YOLOv5] epoch 90/300 running
[YOLOv5] validation: all       1000        641      0.777      0.392      0.425      0.226
[YOLOv5] epoch 91/300 running
[YOLOv5] validation: all       1000        641       0.78      0.393      0.437      0.234
[YOLOv5] epoch 92/300 running
[YOLOv5] validation: all       1000        641      0.806      0.384       0.44      0.235
[YOLOv5] epoch 93/300 running
[YOLOv5] validation: all       1000        641      0.834      0.343      0.409       0.22
[YOLOv5] epoch 94/300 running
[YOLOv5] validation: all       1000        641      0.794      0.396       0.45      0.239
[YOLOv5] epoch 95/300 running
[YOLOv5] validation: all       1000        641      0.793      0.387      0.446       0.24
[YOLOv5] epoch 96/300 running
[YOLOv5] validation: all       1000        641      0.774      0.382      0.432      0.235
[YOLOv5] epoch 97/300 running
[YOLOv5] validation: all       1000        641       0.88      0.367      0.435      0.228
[YOLOv5] epoch 98/300 running
[YOLOv5] validation: all       1000        641      0.841       0.37      0.446      0.236
[YOLOv5] epoch 99/300 running
[YOLOv5] validation: all       1000        641      0.833      0.378      0.446      0.238
[YOLOv5] epoch 100/300 running
[YOLOv5] validation: all       1000        641      0.741      0.397       0.42      0.218
[YOLOv5] epoch 101/300 running
[YOLOv5] validation: all       1000        641      0.783      0.401      0.426      0.221
[YOLOv5] epoch 102/300 running
[YOLOv5] validation: all       1000        641      0.771       0.41      0.444      0.243
[YOLOv5] epoch 103/300 running
[YOLOv5] validation: all       1000        641      0.877      0.353      0.437      0.247
[YOLOv5] epoch 104/300 running
[YOLOv5] validation: all       1000        641      0.758      0.405      0.436      0.243
[YOLOv5] epoch 105/300 running
[YOLOv5] validation: all       1000        641      0.527      0.412      0.455       0.25
[YOLOv5] epoch 106/300 running
[YOLOv5] validation: all       1000        641      0.824      0.371      0.439      0.243
[YOLOv5] epoch 107/300 running
[YOLOv5] validation: all       1000        641      0.781      0.372      0.433      0.236
[YOLOv5] epoch 108/300 running
[YOLOv5] validation: all       1000        641      0.802      0.398      0.442      0.241
[YOLOv5] epoch 109/300 running
[YOLOv5] validation: all       1000        641      0.803      0.392      0.455      0.248
[YOLOv5] epoch 110/300 running
[YOLOv5] validation: all       1000        641       0.84      0.375      0.435      0.237
[YOLOv5] epoch 111/300 running
[YOLOv5] validation: all       1000        641      0.862      0.369      0.436      0.239
[YOLOv5] epoch 112/300 running
[YOLOv5] validation: all       1000        641      0.804      0.389      0.443      0.235
[YOLOv5] epoch 113/300 running
[YOLOv5] validation: all       1000        641      0.784      0.412      0.442      0.231
[YOLOv5] epoch 114/300 running
[YOLOv5] validation: all       1000        641      0.825      0.376      0.444      0.247
[YOLOv5] epoch 115/300 running
[YOLOv5] validation: all       1000        641        0.8      0.393      0.441      0.239
[YOLOv5] epoch 116/300 running
[YOLOv5] validation: all       1000        641      0.526      0.411      0.447      0.249
[YOLOv5] epoch 117/300 running
[YOLOv5] validation: all       1000        641      0.764      0.414      0.452      0.248
[YOLOv5] epoch 118/300 running
[YOLOv5] validation: all       1000        641      0.844      0.347      0.438      0.245
[YOLOv5] epoch 119/300 running
[YOLOv5] validation: all       1000        641      0.767      0.405      0.444      0.257
[YOLOv5] epoch 120/300 running
[YOLOv5] validation: all       1000        641      0.775       0.42      0.455      0.255
[YOLOv5] epoch 121/300 running
[YOLOv5] validation: all       1000        641      0.782      0.391      0.438      0.252
[YOLOv5] epoch 122/300 running
[YOLOv5] validation: all       1000        641       0.78      0.404      0.441       0.25
[YOLOv5] epoch 123/300 running
[YOLOv5] validation: all       1000        641      0.855      0.387      0.452      0.253
[YOLOv5] epoch 124/300 running
[YOLOv5] validation: all       1000        641      0.842      0.381      0.451       0.25
[YOLOv5] epoch 125/300 running
[YOLOv5] validation: all       1000        641       0.84      0.364      0.442      0.248
[YOLOv5] epoch 126/300 running
[YOLOv5] validation: all       1000        641      0.809      0.389      0.435      0.244
[YOLOv5] epoch 127/300 running
[YOLOv5] validation: all       1000        641      0.825      0.374      0.431      0.237
[YOLOv5] epoch 128/300 running
[YOLOv5] validation: all       1000        641      0.834      0.389      0.444      0.243
[YOLOv5] epoch 129/300 running
[YOLOv5] validation: all       1000        641      0.818      0.386      0.437      0.242
[YOLOv5] epoch 130/300 running
[YOLOv5] validation: all       1000        641      0.793      0.405      0.437      0.232
[YOLOv5] epoch 131/300 running
[YOLOv5] validation: all       1000        641      0.805      0.385      0.435      0.241
[YOLOv5] epoch 132/300 running
[YOLOv5] validation: all       1000        641      0.822      0.397      0.433      0.235
[YOLOv5] epoch 133/300 running
[YOLOv5] validation: all       1000        641      0.773      0.399      0.437      0.238
[YOLOv5] epoch 134/300 running
[YOLOv5] validation: all       1000        641      0.805      0.375      0.426      0.234
[YOLOv5] epoch 135/300 running
[YOLOv5] validation: all       1000        641      0.757      0.412      0.429       0.24
[YOLOv5] epoch 136/300 running
[YOLOv5] validation: all       1000        641      0.812      0.375       0.43      0.241
[YOLOv5] epoch 137/300 running
[YOLOv5] validation: all       1000        641      0.774      0.406      0.428       0.24
[YOLOv5] epoch 138/300 running
[YOLOv5] validation: all       1000        641      0.844      0.373      0.434      0.248
[YOLOv5] epoch 139/300 running
[YOLOv5] validation: all       1000        641        0.8      0.389      0.431      0.242
[YOLOv5] epoch 140/300 running
[YOLOv5] validation: all       1000        641      0.855       0.37      0.434      0.247
[YOLOv5] epoch 141/300 running
[YOLOv5] validation: all       1000        641      0.809      0.388      0.433      0.241
[YOLOv5] epoch 142/300 running
[YOLOv5] validation: all       1000        641       0.78      0.401      0.437      0.239
[YOLOv5] epoch 143/300 running
[YOLOv5] validation: all       1000        641      0.779      0.396      0.434      0.237
[YOLOv5] epoch 144/300 running
[YOLOv5] validation: all       1000        641      0.759      0.416      0.437      0.242
[YOLOv5] epoch 145/300 running
[YOLOv5] validation: all       1000        641      0.818      0.386      0.447      0.245
[YOLOv5] epoch 146/300 running
[YOLOv5] validation: all       1000        641      0.805      0.386      0.441      0.245
[YOLOv5] epoch 147/300 running
[YOLOv5] validation: all       1000        641      0.781      0.403      0.444      0.247
[YOLOv5] epoch 148/300 running
[YOLOv5] validation: all       1000        641      0.764      0.426      0.448      0.247
[YOLOv5] epoch 149/300 running
[YOLOv5] validation: all       1000        641       0.79      0.426      0.451       0.25
[YOLOv5] epoch 150/300 running
[YOLOv5] validation: all       1000        641      0.545      0.411      0.445      0.248
[YOLOv5] epoch 151/300 running
[YOLOv5] validation: all       1000        641      0.814      0.404      0.447      0.247
[YOLOv5] epoch 152/300 running
[YOLOv5] validation: all       1000        641      0.822      0.398      0.449       0.25
[YOLOv5] epoch 153/300 running
[YOLOv5] validation: all       1000        641      0.774      0.416      0.445      0.248
[YOLOv5] epoch 154/300 running
[YOLOv5] validation: all       1000        641      0.782      0.395      0.447      0.245
[YOLOv5] epoch 155/300 running
[YOLOv5] validation: all       1000        641      0.775      0.399      0.445      0.246
[YOLOv5] epoch 156/300 running
[YOLOv5] validation: all       1000        641      0.829      0.375      0.442      0.246
[YOLOv5] epoch 157/300 running
[YOLOv5] validation: all       1000        641      0.833      0.377      0.441      0.248
[YOLOv5] epoch 158/300 running
[YOLOv5] validation: all       1000        641      0.813      0.388      0.442      0.244
[YOLOv5] epoch 159/300 running
[YOLOv5] validation: all       1000        641      0.798      0.396      0.441      0.243
[YOLOv5] epoch 160/300 running
[YOLOv5] validation: all       1000        641      0.799      0.396       0.44      0.243
[YOLOv5] epoch 161/300 running
[YOLOv5] validation: all       1000        641      0.802      0.381       0.44       0.24
[YOLOv5] epoch 162/300 running
[YOLOv5] validation: all       1000        641      0.783      0.393      0.436      0.236
[YOLOv5] epoch 163/300 running
[YOLOv5] validation: all       1000        641      0.818      0.371      0.438      0.241
[YOLOv5] epoch 164/300 running
[YOLOv5] validation: all       1000        641      0.805      0.379       0.44      0.239
[YOLOv5] epoch 165/300 running
[YOLOv5] validation: all       1000        641      0.762        0.4      0.444      0.238
[YOLOv5] epoch 166/300 running
[YOLOv5] validation: all       1000        641      0.799      0.384      0.444      0.242
[YOLOv5] epoch 167/300 running
[YOLOv5] validation: all       1000        641      0.751      0.424      0.443      0.243
[YOLOv5] epoch 168/300 running
[YOLOv5] validation: all       1000        641      0.776      0.408      0.447      0.248
[YOLOv5] epoch 169/300 running
[YOLOv5] validation: all       1000        641      0.787      0.397      0.444      0.249
[YOLOv5] epoch 170/300 running
[YOLOv5] validation: all       1000        641      0.774      0.407       0.44      0.247
[YOLOv5] epoch 171/300 running
[YOLOv5] validation: all       1000        641      0.793      0.403      0.442      0.252
[YOLOv5] epoch 172/300 running
[YOLOv5] validation: all       1000        641      0.802      0.407      0.445      0.255
[YOLOv5] epoch 173/300 running
[YOLOv5] validation: all       1000        641      0.811      0.404      0.444      0.253
[YOLOv5] epoch 174/300 running
[YOLOv5] validation: all       1000        641      0.805      0.406      0.445      0.249
[YOLOv5] epoch 175/300 running
[YOLOv5] validation: all       1000        641      0.811      0.397      0.446      0.247
[YOLOv5] epoch 176/300 running
[YOLOv5] validation: all       1000        641      0.836      0.386      0.447      0.246
[YOLOv5] epoch 177/300 running
[YOLOv5] validation: all       1000        641      0.563      0.404      0.447      0.246
[YOLOv5] epoch 178/300 running
[YOLOv5] validation: all       1000        641      0.552       0.41      0.445      0.247
[YOLOv5] epoch 179/300 running
[YOLOv5] validation: all       1000        641      0.546      0.406      0.444      0.249
[YOLOv5] epoch 180/300 running
[YOLOv5] validation: all       1000        641       0.53      0.402      0.442      0.247
[YOLOv5] epoch 181/300 running
[YOLOv5] validation: all       1000        641      0.592      0.368      0.444      0.248
[YOLOv5] epoch 182/300 running
[YOLOv5] validation: all       1000        641      0.556      0.386      0.445      0.246
[YOLOv5] epoch 183/300 running
[YOLOv5] validation: all       1000        641      0.563      0.384      0.447      0.248
[YOLOv5] epoch 184/300 running
[YOLOv5] validation: all       1000        641      0.573      0.386      0.445      0.248
[YOLOv5] epoch 185/300 running
[YOLOv5] validation: all       1000        641      0.594      0.383      0.444      0.245
[YOLOv5] epoch 186/300 running
[YOLOv5] validation: all       1000        641        0.6      0.382      0.445      0.247
[YOLOv5] epoch 187/300 running
[YOLOv5] validation: all       1000        641      0.553      0.405      0.445      0.248
[YOLOv5] epoch 188/300 running
[YOLOv5] validation: all       1000        641      0.551      0.404      0.442      0.245
[YOLOv5] epoch 189/300 running
[YOLOv5] validation: all       1000        641      0.553      0.399      0.442      0.245
[YOLOv5] epoch 190/300 running
[YOLOv5] validation: all       1000        641      0.556      0.397      0.439      0.244
[YOLOv5] epoch 191/300 running
[YOLOv5] validation: all       1000        641      0.546      0.397      0.436      0.241
[YOLOv5] epoch 192/300 running
[YOLOv5] validation: all       1000        641      0.553      0.393      0.435      0.239
[YOLOv5] epoch 193/300 running
[YOLOv5] validation: all       1000        641      0.611      0.363      0.433      0.239
[YOLOv5] epoch 194/300 running
[YOLOv5] validation: all       1000        641      0.559      0.385      0.434      0.239
[YOLOv5] epoch 195/300 running
[YOLOv5] validation: all       1000        641      0.559      0.389      0.433      0.239
[YOLOv5] epoch 196/300 running
[YOLOv5] validation: all       1000        641       0.56      0.387      0.434      0.239
[YOLOv5] epoch 197/300 running
[YOLOv5] validation: all       1000        641      0.606      0.368      0.438      0.242
[YOLOv5] epoch 198/300 running
[YOLOv5] validation: all       1000        641      0.616      0.367      0.442      0.244
[YOLOv5] epoch 199/300 running
[YOLOv5] validation: all       1000        641      0.616      0.366      0.444      0.247
[YOLOv5] epoch 200/300 running
[YOLOv5] validation: all       1000        641      0.549      0.395      0.443      0.248
[YOLOv5] epoch 201/300 running
[YOLOv5] validation: all       1000        641      0.559      0.393       0.44      0.246
[YOLOv5] epoch 202/300 running
[YOLOv5] validation: all       1000        641      0.567      0.393       0.44      0.247
[YOLOv5] epoch 203/300 running
[YOLOv5] validation: all       1000        641      0.576      0.385      0.442      0.248
[YOLOv5] epoch 204/300 running
[YOLOv5] validation: all       1000        641       0.58       0.38      0.444       0.25
[YOLOv5] epoch 205/300 running
[YOLOv5] validation: all       1000        641      0.577      0.381      0.444      0.252
[YOLOv5] 205 epochs completed in 1.509 hours.
[YOLOv5] validation: all       1000        641      0.526       0.41      0.455       0.25
[Task] training completed: 5669.5s
[Task] evaluating: checkpoint=last, group=test, samples=1000
[YOLOv5] validation: all       1000        614      0.775      0.401      0.437        0.2
[Task] evaluation: checkpoint=last, group=test, mAP50-95=0.1998, mAP50=0.4372, time=83.0s
[Task] evaluating: checkpoint=best, group=test, samples=1000
[YOLOv5] validation: all       1000        614       0.78      0.402      0.442      0.194
[Task] evaluation: checkpoint=best, group=test, mAP50-95=0.1938, mAP50=0.4416, time=86.6s
[Task] completed: evaluation=169.6s, output=/home/lijinhe/work/YOLO_Retraining/runs/studies/balance_tau090_label_contrast/tasks/dedup_tau_0p900_positive_representative__full-cold-stage0123__stage0+stage1+stage2+stage3__yolov5s__s42
/home/lijinhe/work/YOLO_Retraining/runs/studies/balance_tau090_label_contrast/tasks/dedup_tau_0p900_positive_representative__full-cold-stage0123__stage0+stage1+stage2+stage3__yolov5s__s42
[Study] completed task=dedup_tau_0p900_positive_representative
[Study] all four new tau=0.90 tasks completed
