[Task] output: /home/lijinhe/work/YOLO_Retraining/runs/studies/balance_learning_curve_2batch_dedup_contrast/sequences/Balance_LC2B_ordered_tau096_mixed_release_drop_bg__seq-full-cold__stage0-stage7__yolov5s__s42/tasks/000__stage0__full-cold
[Task] data: current=401, candidate=401, validation=1000, test=1000
[Task] selection: policy=full, selected=401, groups={'candidate': 401}, time=0.000s
[Task] training: backend=yolov5, epochs=100, batch=64, device=0
[YOLOv5] epoch 1/100 running
[YOLOv5] validation: all       1000        641   0.000224      0.115   0.000146   3.55e-05
[YOLOv5] epoch 2/100 running
[YOLOv5] validation: all       1000        641   0.000537      0.287   0.000823   0.000183
[YOLOv5] epoch 3/100 running
[YOLOv5] validation: all       1000        641    0.00083      0.498    0.00766    0.00158
[YOLOv5] epoch 4/100 running
[YOLOv5] validation: all       1000        641    0.00145      0.564     0.0229    0.00453
[YOLOv5] epoch 5/100 running
[YOLOv5] validation: all       1000        641      0.253       0.44     0.0131    0.00353
[YOLOv5] epoch 6/100 running
[YOLOv5] validation: all       1000        641       0.53      0.166     0.0639     0.0149
[YOLOv5] epoch 7/100 running
[YOLOv5] validation: all       1000        641      0.531      0.178     0.0878     0.0242
[YOLOv5] epoch 8/100 running
[YOLOv5] validation: all       1000        641      0.447      0.208      0.109     0.0283
[YOLOv5] epoch 9/100 running
[YOLOv5] validation: all       1000        641      0.426      0.247      0.133      0.039
[YOLOv5] epoch 10/100 running
[YOLOv5] validation: all       1000        641      0.484      0.348      0.249     0.0906
[YOLOv5] epoch 11/100 running
[YOLOv5] validation: all       1000        641      0.463      0.282      0.204     0.0709
[YOLOv5] epoch 12/100 running
[YOLOv5] validation: all       1000        641      0.573      0.239      0.229     0.0806
[YOLOv5] epoch 13/100 running
[YOLOv5] validation: all       1000        641      0.459      0.264      0.161     0.0535
[YOLOv5] epoch 14/100 running
[YOLOv5] validation: all       1000        641      0.529      0.202      0.185     0.0732
[YOLOv5] epoch 15/100 running
[YOLOv5] validation: all       1000        641      0.529      0.228      0.192     0.0671
[YOLOv5] epoch 16/100 running
[YOLOv5] validation: all       1000        641      0.447       0.27      0.173     0.0558
[YOLOv5] epoch 17/100 running
[YOLOv5] validation: all       1000        641      0.608      0.289      0.269      0.104
[YOLOv5] epoch 18/100 running
[YOLOv5] validation: all       1000        641       0.56      0.312      0.271      0.111
[YOLOv5] epoch 19/100 running
[YOLOv5] validation: all       1000        641       0.61      0.273      0.263      0.107
[YOLOv5] epoch 20/100 running
[YOLOv5] validation: all       1000        641      0.634      0.291      0.258      0.109
[YOLOv5] epoch 21/100 running
[YOLOv5] validation: all       1000        641      0.672      0.326      0.294      0.138
[YOLOv5] epoch 22/100 running
[YOLOv5] validation: all       1000        641      0.705       0.31      0.347      0.158
[YOLOv5] epoch 23/100 running
[YOLOv5] validation: all       1000        641      0.638      0.309      0.336      0.141
[YOLOv5] epoch 24/100 running
[YOLOv5] validation: all       1000        641      0.651      0.312      0.329      0.149
[YOLOv5] epoch 25/100 running
[YOLOv5] validation: all       1000        641      0.643      0.325      0.319      0.157
[YOLOv5] epoch 26/100 running
[YOLOv5] validation: all       1000        641      0.714      0.279      0.337      0.172
[YOLOv5] epoch 27/100 running
[YOLOv5] validation: all       1000        641      0.729      0.329      0.376      0.182
[YOLOv5] epoch 28/100 running
[YOLOv5] validation: all       1000        641      0.741      0.289      0.354      0.171
[YOLOv5] epoch 29/100 running
[YOLOv5] validation: all       1000        641      0.711      0.334      0.373      0.185
[YOLOv5] epoch 30/100 running
[YOLOv5] validation: all       1000        641      0.708      0.361      0.379      0.179
[YOLOv5] epoch 31/100 running
[YOLOv5] validation: all       1000        641      0.728      0.328      0.369      0.175
[YOLOv5] epoch 32/100 running
[YOLOv5] validation: all       1000        641      0.723      0.326      0.351      0.177
[YOLOv5] epoch 33/100 running
[YOLOv5] validation: all       1000        641      0.747      0.362      0.407      0.199
[YOLOv5] epoch 34/100 running
[YOLOv5] validation: all       1000        641      0.729       0.32      0.338      0.162
[YOLOv5] epoch 35/100 running
[YOLOv5] validation: all       1000        641      0.746      0.337      0.372      0.187
[YOLOv5] epoch 36/100 running
[YOLOv5] validation: all       1000        641      0.694      0.374      0.363      0.186
[YOLOv5] epoch 37/100 running
[YOLOv5] validation: all       1000        641      0.743      0.336      0.354      0.176
[YOLOv5] epoch 38/100 running
[YOLOv5] validation: all       1000        641      0.718      0.338      0.377      0.181
[YOLOv5] epoch 39/100 running
[YOLOv5] validation: all       1000        641      0.707      0.342      0.368      0.179
[YOLOv5] epoch 40/100 running
[YOLOv5] validation: all       1000        641      0.694      0.306      0.315      0.153
[YOLOv5] epoch 41/100 running
[YOLOv5] validation: all       1000        641       0.72      0.344      0.374       0.19
[YOLOv5] epoch 42/100 running
[YOLOv5] validation: all       1000        641      0.662      0.383      0.378      0.182
[YOLOv5] epoch 43/100 running
[YOLOv5] validation: all       1000        641      0.689      0.355      0.357      0.163
[YOLOv5] epoch 44/100 running
[YOLOv5] validation: all       1000        641      0.681      0.362      0.381      0.181
[YOLOv5] epoch 45/100 running
[YOLOv5] validation: all       1000        641      0.678      0.369      0.395      0.194
[YOLOv5] epoch 46/100 running
[YOLOv5] validation: all       1000        641      0.764      0.357      0.401       0.21
[YOLOv5] epoch 47/100 running
[YOLOv5] validation: all       1000        641      0.714      0.348      0.376      0.188
[YOLOv5] epoch 48/100 running
[YOLOv5] validation: all       1000        641      0.749      0.377      0.402      0.199
[YOLOv5] epoch 49/100 running
[YOLOv5] validation: all       1000        641      0.762      0.349      0.389      0.197
[YOLOv5] epoch 50/100 running
[YOLOv5] validation: all       1000        641      0.707      0.397      0.404      0.216
[YOLOv5] epoch 51/100 running
[YOLOv5] validation: all       1000        641      0.779      0.346      0.394      0.197
[YOLOv5] epoch 52/100 running
[YOLOv5] validation: all       1000        641      0.725      0.361      0.404      0.212
[YOLOv5] epoch 53/100 running
[YOLOv5] validation: all       1000        641      0.766      0.349      0.389       0.19
[YOLOv5] epoch 54/100 running
[YOLOv5] validation: all       1000        641      0.702      0.361      0.393      0.191
[YOLOv5] epoch 55/100 running
[YOLOv5] validation: all       1000        641      0.751      0.324      0.374      0.174
[YOLOv5] epoch 56/100 running
[YOLOv5] validation: all       1000        641      0.729      0.354      0.388      0.195
[YOLOv5] epoch 57/100 running
[YOLOv5] validation: all       1000        641      0.667      0.415      0.411       0.21
[YOLOv5] epoch 58/100 running
[YOLOv5] validation: all       1000        641      0.712      0.385      0.399      0.194
[YOLOv5] epoch 59/100 running
[YOLOv5] validation: all       1000        641      0.721      0.347      0.373       0.19
[YOLOv5] epoch 60/100 running
[YOLOv5] validation: all       1000        641      0.728      0.353      0.394      0.193
[YOLOv5] epoch 61/100 running
[YOLOv5] validation: all       1000        641      0.735      0.352      0.404      0.204
[YOLOv5] epoch 62/100 running
[YOLOv5] validation: all       1000        641      0.794      0.345      0.418      0.213
[YOLOv5] epoch 63/100 running
[YOLOv5] validation: all       1000        641      0.765      0.366      0.432      0.228
[YOLOv5] epoch 64/100 running
[YOLOv5] validation: all       1000        641      0.784      0.362      0.438      0.233
[YOLOv5] epoch 65/100 running
[YOLOv5] validation: all       1000        641      0.749      0.364      0.417      0.214
[YOLOv5] epoch 66/100 running
[YOLOv5] validation: all       1000        641      0.773      0.342       0.43      0.237
[YOLOv5] epoch 67/100 running
[YOLOv5] validation: all       1000        641      0.711      0.373      0.416      0.229
[YOLOv5] epoch 68/100 running
[YOLOv5] validation: all       1000        641      0.759      0.358      0.441       0.25
[YOLOv5] epoch 69/100 running
[YOLOv5] validation: all       1000        641      0.726      0.397      0.438      0.243
[YOLOv5] epoch 70/100 running
[YOLOv5] validation: all       1000        641      0.719      0.387      0.428      0.237
[YOLOv5] epoch 71/100 running
[YOLOv5] validation: all       1000        641      0.729      0.405       0.46      0.256
[YOLOv5] epoch 72/100 running
[YOLOv5] validation: all       1000        641      0.746      0.387      0.454      0.252
[YOLOv5] epoch 73/100 running
[YOLOv5] validation: all       1000        641      0.775      0.355      0.449      0.246
[YOLOv5] epoch 74/100 running
[YOLOv5] validation: all       1000        641      0.718      0.384      0.423      0.228
[YOLOv5] epoch 75/100 running
[YOLOv5] validation: all       1000        641      0.757      0.367      0.428       0.23
[YOLOv5] epoch 76/100 running
[YOLOv5] validation: all       1000        641      0.751      0.387       0.43      0.232
[YOLOv5] epoch 77/100 running
[YOLOv5] validation: all       1000        641      0.779      0.355      0.415      0.227
[YOLOv5] epoch 78/100 running
[YOLOv5] validation: all       1000        641      0.746      0.355      0.407      0.224
[YOLOv5] epoch 79/100 running
[YOLOv5] validation: all       1000        641      0.796      0.359      0.441      0.245
[YOLOv5] epoch 80/100 running
[YOLOv5] validation: all       1000        641      0.768      0.386      0.445      0.247
[YOLOv5] epoch 81/100 running
[YOLOv5] validation: all       1000        641      0.744      0.388      0.436      0.237
[YOLOv5] epoch 82/100 running
[YOLOv5] validation: all       1000        641       0.73      0.398      0.442      0.249
[YOLOv5] epoch 83/100 running
[YOLOv5] validation: all       1000        641      0.787      0.375      0.448      0.258
[YOLOv5] epoch 84/100 running
[YOLOv5] validation: all       1000        641      0.773      0.378      0.431      0.242
[YOLOv5] epoch 85/100 running
[YOLOv5] validation: all       1000        641      0.763      0.372      0.441      0.249
[YOLOv5] epoch 86/100 running
[YOLOv5] validation: all       1000        641      0.706      0.417      0.454      0.258
[YOLOv5] epoch 87/100 running
[YOLOv5] validation: all       1000        641      0.771      0.385      0.457      0.257
[YOLOv5] epoch 88/100 running
[YOLOv5] validation: all       1000        641      0.767      0.393      0.448      0.244
[YOLOv5] epoch 89/100 running
[YOLOv5] validation: all       1000        641      0.738      0.408      0.444      0.241
[YOLOv5] epoch 90/100 running
[YOLOv5] validation: all       1000        641      0.719       0.41       0.44      0.253
[YOLOv5] epoch 91/100 running
[YOLOv5] validation: all       1000        641      0.701      0.407       0.43      0.243
[YOLOv5] epoch 92/100 running
[YOLOv5] validation: all       1000        641      0.724      0.389      0.437      0.246
[YOLOv5] epoch 93/100 running
[YOLOv5] validation: all       1000        641      0.736      0.387      0.437      0.251
[YOLOv5] epoch 94/100 running
[YOLOv5] validation: all       1000        641      0.784      0.371      0.437      0.247
[YOLOv5] epoch 95/100 running
[YOLOv5] validation: all       1000        641      0.785      0.369      0.428      0.246
[YOLOv5] epoch 96/100 running
[YOLOv5] validation: all       1000        641      0.768      0.386      0.437       0.25
[YOLOv5] epoch 97/100 running
[YOLOv5] validation: all       1000        641      0.758      0.396      0.438      0.252
[YOLOv5] epoch 98/100 running
[YOLOv5] validation: all       1000        641      0.756      0.397      0.437      0.247
[YOLOv5] epoch 99/100 running
[YOLOv5] validation: all       1000        641      0.748      0.399      0.434      0.246
[YOLOv5] epoch 100/100 running
[YOLOv5] validation: all       1000        641      0.747        0.4      0.438       0.25
[YOLOv5] 100 epochs completed in 0.591 hours.
[YOLOv5] validation: all       1000        641      0.729      0.406      0.457      0.255
[Task] training completed: 2376.1s
[Task] evaluating: checkpoint=last, group=test, samples=1000
[YOLOv5] validation: all       1000        614      0.753      0.344      0.381      0.176
[Task] evaluation: checkpoint=last, group=test, mAP50-95=0.1764, mAP50=0.3815, time=83.2s
[Task] evaluating: checkpoint=best, group=test, samples=1000
[YOLOv5] validation: all       1000        614      0.718      0.349      0.362      0.156
[Task] evaluation: checkpoint=best, group=test, mAP50-95=0.1557, mAP50=0.3622, time=87.9s
[Task] completed: evaluation=171.0s, output=/home/lijinhe/work/YOLO_Retraining/runs/studies/balance_learning_curve_2batch_dedup_contrast/sequences/Balance_LC2B_ordered_tau096_mixed_release_drop_bg__seq-full-cold__stage0-stage7__yolov5s__s42/tasks/000__stage0__full-cold
[Task] output: /home/lijinhe/work/YOLO_Retraining/runs/studies/balance_learning_curve_2batch_dedup_contrast/sequences/Balance_LC2B_ordered_tau096_mixed_release_drop_bg__seq-full-cold__stage0-stage7__yolov5s__s42/tasks/001__stage1__full-cold
[Task] data: current=586, candidate=987, validation=1000, test=1000
[Task] selection: policy=full, selected=987, groups={'candidate': 987}, time=0.000s
[Task] training: backend=yolov5, epochs=100, batch=64, device=0
[YOLOv5] epoch 1/100 running
[YOLOv5] validation: all       1000        641    0.00058       0.28    0.00454    0.00111
[YOLOv5] epoch 2/100 running
[YOLOv5] validation: all       1000        641     0.0172     0.0442     0.0131    0.00336
[YOLOv5] epoch 3/100 running
[YOLOv5] validation: all       1000        641      0.774     0.0244     0.0223    0.00539
[YOLOv5] epoch 4/100 running
[YOLOv5] validation: all       1000        641      0.358      0.227      0.112     0.0314
[YOLOv5] epoch 5/100 running
[YOLOv5] validation: all       1000        641      0.457      0.277      0.205     0.0652
[YOLOv5] epoch 6/100 running
[YOLOv5] validation: all       1000        641       0.48       0.26      0.178     0.0656
[YOLOv5] epoch 7/100 running
[YOLOv5] validation: all       1000        641      0.557      0.267      0.197     0.0775
[YOLOv5] epoch 8/100 running
[YOLOv5] validation: all       1000        641      0.711      0.288      0.299      0.121
[YOLOv5] epoch 9/100 running
[YOLOv5] validation: all       1000        641      0.577        0.3      0.244     0.0984
[YOLOv5] epoch 10/100 running
[YOLOv5] validation: all       1000        641      0.657      0.298      0.299      0.119
[YOLOv5] epoch 11/100 running
[YOLOv5] validation: all       1000        641      0.704       0.32      0.356      0.159
[YOLOv5] epoch 12/100 running
[YOLOv5] validation: all       1000        641       0.69      0.336      0.348      0.149
[YOLOv5] epoch 13/100 running
[YOLOv5] validation: all       1000        641      0.668      0.337      0.334      0.159
[YOLOv5] epoch 14/100 running
[YOLOv5] validation: all       1000        641      0.738      0.363      0.381      0.184
[YOLOv5] epoch 15/100 running
[YOLOv5] validation: all       1000        641      0.671      0.377      0.362      0.158
[YOLOv5] epoch 16/100 running
[YOLOv5] validation: all       1000        641      0.757      0.334      0.356      0.148
[YOLOv5] epoch 17/100 running
[YOLOv5] validation: all       1000        641       0.66      0.252      0.244      0.096
[YOLOv5] epoch 18/100 running
[YOLOv5] validation: all       1000        641      0.737      0.333      0.374      0.175
[YOLOv5] epoch 19/100 running
[YOLOv5] validation: all       1000        641      0.802      0.324      0.398      0.197
[YOLOv5] epoch 20/100 running
[YOLOv5] validation: all       1000        641      0.714       0.39      0.407       0.18
[YOLOv5] epoch 21/100 running
[YOLOv5] validation: all       1000        641      0.763      0.377      0.408      0.187
[YOLOv5] epoch 22/100 running
[YOLOv5] validation: all       1000        641      0.782      0.391      0.401      0.192
[YOLOv5] epoch 23/100 running
[YOLOv5] validation: all       1000        641      0.696      0.366      0.373      0.175
[YOLOv5] epoch 24/100 running
[YOLOv5] validation: all       1000        641      0.687       0.37      0.374      0.178
[YOLOv5] epoch 25/100 running
[YOLOv5] validation: all       1000        641      0.709      0.367      0.374      0.177
[YOLOv5] epoch 26/100 running
[YOLOv5] validation: all       1000        641      0.768      0.361      0.407      0.185
[YOLOv5] epoch 27/100 running
[YOLOv5] validation: all       1000        641      0.829      0.382       0.45      0.223
[YOLOv5] epoch 28/100 running
[YOLOv5] validation: all       1000        641       0.75      0.379      0.401       0.18
[YOLOv5] epoch 29/100 running
[YOLOv5] validation: all       1000        641      0.738       0.38      0.405      0.181
[YOLOv5] epoch 30/100 running
[YOLOv5] validation: all       1000        641      0.708      0.269      0.282      0.121
[YOLOv5] epoch 31/100 running
[YOLOv5] validation: all       1000        641      0.721      0.378      0.382      0.172
[YOLOv5] epoch 32/100 running
[YOLOv5] validation: all       1000        641      0.752      0.399      0.418      0.203
[YOLOv5] epoch 33/100 running
[YOLOv5] validation: all       1000        641      0.793      0.331      0.377      0.175
[YOLOv5] epoch 34/100 running
[YOLOv5] validation: all       1000        641      0.821      0.353      0.402      0.203
[YOLOv5] epoch 35/100 running
[YOLOv5] validation: all       1000        641      0.828       0.35       0.42      0.204
[YOLOv5] epoch 36/100 running
[YOLOv5] validation: all       1000        641      0.786      0.405      0.444      0.226
[YOLOv5] epoch 37/100 running
[YOLOv5] validation: all       1000        641      0.758      0.409      0.428      0.206
[YOLOv5] epoch 38/100 running
[YOLOv5] validation: all       1000        641       0.75       0.39      0.418      0.212
[YOLOv5] epoch 39/100 running
[YOLOv5] validation: all       1000        641      0.727      0.404      0.419      0.195
[YOLOv5] epoch 40/100 running
[YOLOv5] validation: all       1000        641      0.713       0.39        0.4      0.184
[YOLOv5] epoch 41/100 running
[YOLOv5] validation: all       1000        641      0.753      0.369      0.409       0.19
[YOLOv5] epoch 42/100 running
[YOLOv5] validation: all       1000        641      0.818      0.395       0.45      0.225
[YOLOv5] epoch 43/100 running
[YOLOv5] validation: all       1000        641      0.792      0.401      0.442      0.213
[YOLOv5] epoch 44/100 running
[YOLOv5] validation: all       1000        641      0.765        0.4      0.448      0.225
[YOLOv5] epoch 45/100 running
[YOLOv5] validation: all       1000        641      0.742      0.402      0.434      0.217
[YOLOv5] epoch 46/100 running
[YOLOv5] validation: all       1000        641      0.753      0.409      0.444      0.217
[YOLOv5] epoch 47/100 running
[YOLOv5] validation: all       1000        641      0.783      0.405      0.441      0.218
[YOLOv5] epoch 48/100 running
[YOLOv5] validation: all       1000        641      0.748      0.426      0.433      0.213
[YOLOv5] epoch 49/100 running
[YOLOv5] validation: all       1000        641      0.727      0.432      0.449       0.23
[YOLOv5] epoch 50/100 running
[YOLOv5] validation: all       1000        641      0.759      0.409      0.447       0.23
[YOLOv5] epoch 51/100 running
[YOLOv5] validation: all       1000        641      0.754      0.413      0.443      0.236
[YOLOv5] epoch 52/100 running
[YOLOv5] validation: all       1000        641      0.826      0.372       0.45      0.235
[YOLOv5] epoch 53/100 running
[YOLOv5] validation: all       1000        641      0.772      0.424      0.467      0.237
[YOLOv5] epoch 54/100 running
[YOLOv5] validation: all       1000        641      0.779      0.396      0.454      0.246
[YOLOv5] epoch 55/100 running
[YOLOv5] validation: all       1000        641      0.779      0.433      0.466      0.242
[YOLOv5] epoch 56/100 running
[YOLOv5] validation: all       1000        641      0.792      0.398       0.44      0.232
[YOLOv5] epoch 57/100 running
[YOLOv5] validation: all       1000        641      0.747      0.406      0.437      0.206
[YOLOv5] epoch 58/100 running
[YOLOv5] validation: all       1000        641        0.8      0.377      0.442      0.208
[YOLOv5] epoch 59/100 running
[YOLOv5] validation: all       1000        641      0.773        0.4       0.45      0.225
[YOLOv5] epoch 60/100 running
[YOLOv5] validation: all       1000        641       0.79      0.422      0.471      0.247
[YOLOv5] epoch 61/100 running
[YOLOv5] validation: all       1000        641      0.785      0.435      0.477      0.238
[YOLOv5] epoch 62/100 running
[YOLOv5] validation: all       1000        641      0.794      0.415      0.472      0.241
[YOLOv5] epoch 63/100 running
[YOLOv5] validation: all       1000        641      0.805      0.409      0.457      0.232
[YOLOv5] epoch 64/100 running
[YOLOv5] validation: all       1000        641      0.818      0.409      0.457       0.23
[YOLOv5] epoch 65/100 running
[YOLOv5] validation: all       1000        641      0.807      0.422      0.457      0.236
[YOLOv5] epoch 66/100 running
[YOLOv5] validation: all       1000        641      0.824      0.385      0.446      0.224
[YOLOv5] epoch 67/100 running
[YOLOv5] validation: all       1000        641      0.808      0.382      0.451      0.229
[YOLOv5] epoch 68/100 running
[YOLOv5] validation: all       1000        641      0.788      0.398      0.446      0.219
[YOLOv5] epoch 69/100 running
[YOLOv5] validation: all       1000        641      0.763      0.424      0.458      0.235
[YOLOv5] epoch 70/100 running
[YOLOv5] validation: all       1000        641      0.769      0.434      0.461      0.229
[YOLOv5] epoch 71/100 running
[YOLOv5] validation: all       1000        641      0.492      0.494      0.484      0.262
[YOLOv5] epoch 72/100 running
[YOLOv5] validation: all       1000        641      0.638      0.477      0.486      0.253
[YOLOv5] epoch 73/100 running
[YOLOv5] validation: all       1000        641      0.788      0.401      0.452       0.23
[YOLOv5] epoch 74/100 running
[YOLOv5] validation: all       1000        641      0.799      0.394      0.475      0.253
[YOLOv5] epoch 75/100 running
[YOLOv5] validation: all       1000        641      0.539      0.512       0.51      0.272
[YOLOv5] epoch 76/100 running
[YOLOv5] validation: all       1000        641      0.829      0.403      0.496       0.26
[YOLOv5] epoch 77/100 running
[YOLOv5] validation: all       1000        641      0.551      0.518      0.497      0.263
[YOLOv5] epoch 78/100 running
[YOLOv5] validation: all       1000        641      0.584      0.484      0.496      0.261
[YOLOv5] epoch 79/100 running
[YOLOv5] validation: all       1000        641      0.564      0.482      0.496      0.256
[YOLOv5] epoch 80/100 running
[YOLOv5] validation: all       1000        641      0.607      0.462      0.494      0.255
[YOLOv5] epoch 81/100 running
[YOLOv5] validation: all       1000        641      0.603      0.502      0.495       0.26
[YOLOv5] epoch 82/100 running
[YOLOv5] validation: all       1000        641       0.64      0.501      0.508      0.271
[YOLOv5] epoch 83/100 running
[YOLOv5] validation: all       1000        641      0.576      0.491      0.502      0.267
[YOLOv5] epoch 84/100 running
[YOLOv5] validation: all       1000        641      0.635      0.479      0.497      0.267
[YOLOv5] epoch 85/100 running
[YOLOv5] validation: all       1000        641      0.608      0.443      0.484      0.257
[YOLOv5] epoch 86/100 running
[YOLOv5] validation: all       1000        641      0.649      0.436      0.503      0.266
[YOLOv5] epoch 87/100 running
[YOLOv5] validation: all       1000        641      0.616      0.495      0.516      0.273
[YOLOv5] epoch 88/100 running
[YOLOv5] validation: all       1000        641      0.633      0.452       0.51      0.272
[YOLOv5] epoch 89/100 running
[YOLOv5] validation: all       1000        641      0.618      0.476      0.506      0.276
[YOLOv5] epoch 90/100 running
[YOLOv5] validation: all       1000        641      0.623      0.507      0.529      0.293
[YOLOv5] epoch 91/100 running
[YOLOv5] validation: all       1000        641      0.615      0.518       0.51      0.276
[YOLOv5] epoch 92/100 running
[YOLOv5] validation: all       1000        641      0.652      0.508      0.513      0.277
[YOLOv5] epoch 93/100 running
[YOLOv5] validation: all       1000        641      0.603       0.51      0.517      0.287
[YOLOv5] epoch 94/100 running
[YOLOv5] validation: all       1000        641      0.624      0.481      0.516       0.28
[YOLOv5] epoch 95/100 running
[YOLOv5] validation: all       1000        641      0.642      0.487      0.518       0.28
[YOLOv5] epoch 96/100 running
[YOLOv5] validation: all       1000        641      0.647      0.491      0.526      0.286
[YOLOv5] epoch 97/100 running
[YOLOv5] validation: all       1000        641      0.646      0.493      0.525      0.285
[YOLOv5] epoch 98/100 running
[YOLOv5] validation: all       1000        641      0.658      0.494      0.522      0.281
[YOLOv5] epoch 99/100 running
[YOLOv5] validation: all       1000        641      0.654      0.497      0.523      0.284
[YOLOv5] epoch 100/100 running
[YOLOv5] validation: all       1000        641      0.667      0.494      0.527      0.284
[YOLOv5] 100 epochs completed in 0.596 hours.
[YOLOv5] validation: all       1000        641      0.622      0.507      0.529      0.293
[Task] training completed: 2368.9s
[Task] evaluating: checkpoint=last, group=test, samples=1000
[YOLOv5] validation: all       1000        614      0.534       0.42      0.467      0.212
[Task] evaluation: checkpoint=last, group=test, mAP50-95=0.2116, mAP50=0.4674, time=82.2s
[Task] evaluating: checkpoint=best, group=test, samples=1000
[YOLOv5] validation: all       1000        614       0.49      0.412      0.452      0.215
[Task] evaluation: checkpoint=best, group=test, mAP50-95=0.2152, mAP50=0.4524, time=83.4s
[Task] completed: evaluation=165.6s, output=/home/lijinhe/work/YOLO_Retraining/runs/studies/balance_learning_curve_2batch_dedup_contrast/sequences/Balance_LC2B_ordered_tau096_mixed_release_drop_bg__seq-full-cold__stage0-stage7__yolov5s__s42/tasks/001__stage1__full-cold
[Task] output: /home/lijinhe/work/YOLO_Retraining/runs/studies/balance_learning_curve_2batch_dedup_contrast/sequences/Balance_LC2B_ordered_tau096_mixed_release_drop_bg__seq-full-cold__stage0-stage7__yolov5s__s42/tasks/002__stage2__full-cold
[Task] data: current=541, candidate=1528, validation=1000, test=1000
[Task] selection: policy=full, selected=1528, groups={'candidate': 1528}, time=0.001s
[Task] training: backend=yolov5, epochs=100, batch=64, device=0
[YOLOv5] epoch 1/100 running
[YOLOv5] validation: all       1000        641   0.000802      0.382    0.00383   0.000737
[YOLOv5] epoch 2/100 running
[YOLOv5] validation: all       1000        641      0.596      0.195      0.104     0.0337
[YOLOv5] epoch 3/100 running
[YOLOv5] validation: all       1000        641      0.461      0.294      0.179     0.0618
[YOLOv5] epoch 4/100 running
[YOLOv5] validation: all       1000        641      0.705      0.152      0.207     0.0801
[YOLOv5] epoch 5/100 running
[YOLOv5] validation: all       1000        641      0.636      0.295      0.255     0.0955
[YOLOv5] epoch 6/100 running
[YOLOv5] validation: all       1000        641      0.726      0.325      0.352       0.14
[YOLOv5] epoch 7/100 running
[YOLOv5] validation: all       1000        641       0.67      0.302      0.328      0.129
[YOLOv5] epoch 8/100 running
[YOLOv5] validation: all       1000        641      0.657      0.296      0.302      0.136
[YOLOv5] epoch 9/100 running
[YOLOv5] validation: all       1000        641       0.71      0.302      0.321      0.144
[YOLOv5] epoch 10/100 running
[YOLOv5] validation: all       1000        641      0.535      0.354      0.324      0.139
[YOLOv5] epoch 11/100 running
[YOLOv5] validation: all       1000        641      0.664      0.287      0.294     0.0952
[YOLOv5] epoch 12/100 running
[YOLOv5] validation: all       1000        641      0.786       0.33      0.381      0.177
[YOLOv5] epoch 13/100 running
[YOLOv5] validation: all       1000        641      0.717      0.334      0.389      0.178
[YOLOv5] epoch 14/100 running
[YOLOv5] validation: all       1000        641      0.679      0.332      0.327      0.144
[YOLOv5] epoch 15/100 running
[YOLOv5] validation: all       1000        641      0.793      0.341      0.387       0.19
[YOLOv5] epoch 16/100 running
[YOLOv5] validation: all       1000        641      0.714      0.401      0.418      0.181
[YOLOv5] epoch 17/100 running
[YOLOv5] validation: all       1000        641      0.753      0.368      0.424      0.199
[YOLOv5] epoch 18/100 running
[YOLOv5] validation: all       1000        641       0.74       0.36      0.392      0.186
[YOLOv5] epoch 19/100 running
[YOLOv5] validation: all       1000        641      0.753       0.33      0.387      0.159
[YOLOv5] epoch 20/100 running
[YOLOv5] validation: all       1000        641      0.716      0.366        0.4      0.172
[YOLOv5] epoch 21/100 running
[YOLOv5] validation: all       1000        641      0.783      0.373      0.413      0.195
[YOLOv5] epoch 22/100 running
[YOLOv5] validation: all       1000        641      0.736      0.374      0.419      0.197
[YOLOv5] epoch 23/100 running
[YOLOv5] validation: all       1000        641       0.75      0.373      0.455      0.231
[YOLOv5] epoch 24/100 running
[YOLOv5] validation: all       1000        641       0.72      0.376      0.411      0.209
[YOLOv5] epoch 25/100 running
[YOLOv5] validation: all       1000        641      0.697      0.415      0.435       0.21
[YOLOv5] epoch 26/100 running
[YOLOv5] validation: all       1000        641      0.768       0.38      0.435      0.224
[YOLOv5] epoch 27/100 running
[YOLOv5] validation: all       1000        641      0.762      0.409      0.437      0.215
[YOLOv5] epoch 28/100 running
[YOLOv5] validation: all       1000        641      0.781      0.383      0.449      0.236
[YOLOv5] epoch 29/100 running
[YOLOv5] validation: all       1000        641      0.775      0.367      0.459      0.232
[YOLOv5] epoch 30/100 running
[YOLOv5] validation: all       1000        641      0.774      0.386      0.425      0.211
[YOLOv5] epoch 31/100 running
[YOLOv5] validation: all       1000        641      0.781      0.391      0.426      0.209
[YOLOv5] epoch 32/100 running
[YOLOv5] validation: all       1000        641      0.802       0.38       0.43      0.211
[YOLOv5] epoch 33/100 running
[YOLOv5] validation: all       1000        641      0.753      0.378      0.413      0.208
[YOLOv5] epoch 34/100 running
[YOLOv5] validation: all       1000        641       0.79       0.42      0.467      0.239
[YOLOv5] epoch 35/100 running
[YOLOv5] validation: all       1000        641      0.775      0.385      0.438      0.221
[YOLOv5] epoch 36/100 running
[YOLOv5] validation: all       1000        641      0.765       0.44      0.487      0.253
[YOLOv5] epoch 37/100 running
[YOLOv5] validation: all       1000        641      0.734      0.432      0.441      0.228
[YOLOv5] epoch 38/100 running
[YOLOv5] validation: all       1000        641      0.815      0.393      0.457       0.23
[YOLOv5] epoch 39/100 running
[YOLOv5] validation: all       1000        641      0.792      0.404      0.452      0.212
[YOLOv5] epoch 40/100 running
[YOLOv5] validation: all       1000        641      0.779      0.437      0.462      0.236
[YOLOv5] epoch 41/100 running
[YOLOv5] validation: all       1000        641      0.761      0.438      0.452      0.234
[YOLOv5] epoch 42/100 running
[YOLOv5] validation: all       1000        641      0.783      0.405       0.43      0.217
[YOLOv5] epoch 43/100 running
[YOLOv5] validation: all       1000        641      0.813       0.42      0.477      0.257
[YOLOv5] epoch 44/100 running
[YOLOv5] validation: all       1000        641       0.77      0.411       0.45      0.229
[YOLOv5] epoch 45/100 running
[YOLOv5] validation: all       1000        641      0.781      0.439      0.469      0.242
[YOLOv5] epoch 46/100 running
[YOLOv5] validation: all       1000        641      0.793      0.433      0.474      0.249
[YOLOv5] epoch 47/100 running
[YOLOv5] validation: all       1000        641      0.735      0.464      0.476       0.25
[YOLOv5] epoch 48/100 running
[YOLOv5] validation: all       1000        641      0.848      0.374      0.461      0.247
[YOLOv5] epoch 49/100 running
[YOLOv5] validation: all       1000        641      0.789      0.407       0.45      0.235
[YOLOv5] epoch 50/100 running
[YOLOv5] validation: all       1000        641      0.826      0.427      0.482      0.257
[YOLOv5] epoch 51/100 running
[YOLOv5] validation: all       1000        641      0.805      0.418      0.459      0.237
[YOLOv5] epoch 52/100 running
[YOLOv5] validation: all       1000        641      0.787      0.434      0.468      0.249
[YOLOv5] epoch 53/100 running
[YOLOv5] validation: all       1000        641      0.838      0.451      0.501      0.275
[YOLOv5] epoch 54/100 running
[YOLOv5] validation: all       1000        641      0.846      0.428      0.496      0.268
[YOLOv5] epoch 55/100 running
[YOLOv5] validation: all       1000        641       0.74      0.469      0.486      0.259
[YOLOv5] epoch 56/100 running
[YOLOv5] validation: all       1000        641      0.798      0.436      0.466      0.253
[YOLOv5] epoch 57/100 running
[YOLOv5] validation: all       1000        641      0.862      0.418      0.484       0.26
[YOLOv5] epoch 58/100 running
[YOLOv5] validation: all       1000        641      0.849      0.437      0.502      0.277
[YOLOv5] epoch 59/100 running
[YOLOv5] validation: all       1000        641      0.845      0.454      0.505       0.28
[YOLOv5] epoch 60/100 running
[YOLOv5] validation: all       1000        641      0.836      0.428       0.49      0.265
[YOLOv5] epoch 61/100 running
[YOLOv5] validation: all       1000        641      0.834      0.434      0.495      0.267
[YOLOv5] epoch 62/100 running
[YOLOv5] validation: all       1000        641      0.834      0.447      0.502      0.272
[YOLOv5] epoch 63/100 running
[YOLOv5] validation: all       1000        641      0.824       0.41      0.494      0.267
[YOLOv5] epoch 64/100 running
[YOLOv5] validation: all       1000        641      0.801      0.441      0.496      0.263
[YOLOv5] epoch 65/100 running
[YOLOv5] validation: all       1000        641      0.791      0.457       0.49      0.258
[YOLOv5] epoch 66/100 running
[YOLOv5] validation: all       1000        641      0.781      0.458      0.496       0.28
[YOLOv5] epoch 67/100 running
[YOLOv5] validation: all       1000        641      0.834      0.434      0.481      0.261
[YOLOv5] epoch 68/100 running
[YOLOv5] validation: all       1000        641      0.809      0.418      0.465      0.266
[YOLOv5] epoch 69/100 running
[YOLOv5] validation: all       1000        641      0.856      0.403      0.459      0.248
[YOLOv5] epoch 70/100 running
[YOLOv5] validation: all       1000        641       0.81      0.442      0.487      0.262
[YOLOv5] epoch 71/100 running
[YOLOv5] validation: all       1000        641        0.8      0.443      0.475      0.258
[YOLOv5] epoch 72/100 running
[YOLOv5] validation: all       1000        641      0.833      0.406      0.475      0.259
[YOLOv5] epoch 73/100 running
[YOLOv5] validation: all       1000        641       0.79      0.439      0.477       0.26
[YOLOv5] epoch 74/100 running
[YOLOv5] validation: all       1000        641       0.81      0.435      0.479       0.27
[YOLOv5] epoch 75/100 running
[YOLOv5] validation: all       1000        641      0.785       0.46      0.478      0.254
[YOLOv5] epoch 76/100 running
[YOLOv5] validation: all       1000        641      0.814      0.451      0.492      0.268
[YOLOv5] epoch 77/100 running
[YOLOv5] validation: all       1000        641      0.807      0.451      0.496      0.274
[YOLOv5] epoch 78/100 running
[YOLOv5] validation: all       1000        641      0.806      0.445      0.489      0.277
[YOLOv5] epoch 79/100 running
[YOLOv5] validation: all       1000        641      0.852      0.423       0.49      0.276
[YOLOv5] epoch 80/100 running
[YOLOv5] validation: all       1000        641      0.865      0.423      0.487      0.276
[YOLOv5] epoch 81/100 running
[YOLOv5] validation: all       1000        641      0.794      0.452      0.483      0.266
[YOLOv5] epoch 82/100 running
[YOLOv5] validation: all       1000        641      0.829      0.436      0.488      0.264
[YOLOv5] epoch 83/100 running
[YOLOv5] validation: all       1000        641      0.833      0.418      0.479      0.264
[YOLOv5] epoch 84/100 running
[YOLOv5] validation: all       1000        641      0.869       0.41      0.489      0.271
[YOLOv5] epoch 85/100 running
[YOLOv5] validation: all       1000        641      0.822      0.438      0.486      0.268
[YOLOv5] epoch 86/100 running
[YOLOv5] validation: all       1000        641      0.822      0.444      0.492      0.283
[YOLOv5] epoch 87/100 running
[YOLOv5] validation: all       1000        641      0.824      0.428       0.49      0.276
[YOLOv5] epoch 88/100 running
[YOLOv5] validation: all       1000        641      0.841      0.441      0.502       0.28
[YOLOv5] epoch 89/100 running
[YOLOv5] validation: all       1000        641      0.816      0.435      0.487      0.271
[YOLOv5] epoch 90/100 running
[YOLOv5] validation: all       1000        641      0.865      0.405      0.487      0.274
[YOLOv5] epoch 91/100 running
[YOLOv5] validation: all       1000        641      0.843       0.43      0.492      0.281
[YOLOv5] epoch 92/100 running
[YOLOv5] validation: all       1000        641      0.823      0.433      0.491      0.282
[YOLOv5] epoch 93/100 running
[YOLOv5] validation: all       1000        641      0.835      0.432      0.496      0.285
[YOLOv5] epoch 94/100 running
[YOLOv5] validation: all       1000        641      0.849      0.419      0.491      0.281
[YOLOv5] epoch 95/100 running
[YOLOv5] validation: all       1000        641      0.803      0.447      0.493      0.282
[YOLOv5] epoch 96/100 running
[YOLOv5] validation: all       1000        641      0.799      0.452      0.497      0.282
[YOLOv5] epoch 97/100 running
[YOLOv5] validation: all       1000        641      0.826      0.436      0.492      0.282
[YOLOv5] epoch 98/100 running
[YOLOv5] validation: all       1000        641      0.795      0.454       0.49      0.273
[YOLOv5] epoch 99/100 running
[YOLOv5] validation: all       1000        641      0.837      0.438       0.49      0.278
[YOLOv5] epoch 100/100 running
[YOLOv5] validation: all       1000        641      0.811      0.446       0.49      0.278
[YOLOv5] 100 epochs completed in 0.710 hours.
[YOLOv5] validation: all       1000        641      0.846      0.454      0.505      0.281
[Task] training completed: 2787.1s
[Task] evaluating: checkpoint=last, group=test, samples=1000
[YOLOv5] validation: all       1000        614      0.762      0.425      0.452      0.207
[Task] evaluation: checkpoint=last, group=test, mAP50-95=0.2074, mAP50=0.4517, time=77.1s
[Task] evaluating: checkpoint=best, group=test, samples=1000
[YOLOv5] validation: all       1000        614      0.709      0.438      0.455      0.207
[Task] evaluation: checkpoint=best, group=test, mAP50-95=0.2066, mAP50=0.4550, time=87.0s
[Task] completed: evaluation=164.2s, output=/home/lijinhe/work/YOLO_Retraining/runs/studies/balance_learning_curve_2batch_dedup_contrast/sequences/Balance_LC2B_ordered_tau096_mixed_release_drop_bg__seq-full-cold__stage0-stage7__yolov5s__s42/tasks/002__stage2__full-cold
[Task] output: /home/lijinhe/work/YOLO_Retraining/runs/studies/balance_learning_curve_2batch_dedup_contrast/sequences/Balance_LC2B_ordered_tau096_mixed_release_drop_bg__seq-full-cold__stage0-stage7__yolov5s__s42/tasks/003__stage3__full-cold
[Task] data: current=181, candidate=1709, validation=1000, test=1000
[Task] selection: policy=full, selected=1709, groups={'candidate': 1709}, time=0.001s
[Task] training: backend=yolov5, epochs=100, batch=64, device=0
[YOLOv5] epoch 1/100 running
[YOLOv5] validation: all       1000        641    0.00117      0.417    0.00434   0.000954
[YOLOv5] epoch 2/100 running
[YOLOv5] validation: all       1000        641      0.801     0.0427     0.0578     0.0152
[YOLOv5] epoch 3/100 running
[YOLOv5] validation: all       1000        641      0.687      0.133      0.138     0.0399
[YOLOv5] epoch 4/100 running
[YOLOv5] validation: all       1000        641      0.706      0.167       0.22     0.0801
[YOLOv5] epoch 5/100 running
[YOLOv5] validation: all       1000        641      0.511      0.309      0.246     0.0958
[YOLOv5] epoch 6/100 running
[YOLOv5] validation: all       1000        641      0.614      0.303      0.287      0.117
[YOLOv5] epoch 7/100 running
[YOLOv5] validation: all       1000        641      0.659      0.308      0.317      0.125
[YOLOv5] epoch 8/100 running
[YOLOv5] validation: all       1000        641      0.674      0.308      0.339      0.156
[YOLOv5] epoch 9/100 running
[YOLOv5] validation: all       1000        641      0.677      0.359      0.376      0.161
[YOLOv5] epoch 10/100 running
[YOLOv5] validation: all       1000        641      0.653      0.343      0.343      0.142
[YOLOv5] epoch 11/100 running
[YOLOv5] validation: all       1000        641      0.691      0.368      0.387      0.172
[YOLOv5] epoch 12/100 running
[YOLOv5] validation: all       1000        641      0.706      0.391      0.402      0.193
[YOLOv5] epoch 13/100 running
[YOLOv5] validation: all       1000        641      0.723      0.356       0.39      0.185
[YOLOv5] epoch 14/100 running
[YOLOv5] validation: all       1000        641      0.701      0.329      0.357      0.156
[YOLOv5] epoch 15/100 running
[YOLOv5] validation: all       1000        641      0.731      0.398      0.435      0.211
[YOLOv5] epoch 16/100 running
[YOLOv5] validation: all       1000        641       0.73      0.327       0.39      0.197
[YOLOv5] epoch 17/100 running
[YOLOv5] validation: all       1000        641      0.748      0.367      0.411      0.208
[YOLOv5] epoch 18/100 running
[YOLOv5] validation: all       1000        641      0.756      0.357      0.408      0.182
[YOLOv5] epoch 19/100 running
[YOLOv5] validation: all       1000        641      0.794      0.367      0.437      0.207
[YOLOv5] epoch 20/100 running
[YOLOv5] validation: all       1000        641      0.715       0.41      0.433      0.208
[YOLOv5] epoch 21/100 running
[YOLOv5] validation: all       1000        641      0.816      0.359      0.426      0.221
[YOLOv5] epoch 22/100 running
[YOLOv5] validation: all       1000        641      0.801      0.357      0.425       0.21
[YOLOv5] epoch 23/100 running
[YOLOv5] validation: all       1000        641      0.764       0.36      0.426      0.209
[YOLOv5] epoch 24/100 running
[YOLOv5] validation: all       1000        641      0.821       0.36      0.433      0.213
[YOLOv5] epoch 25/100 running
[YOLOv5] validation: all       1000        641      0.757      0.411      0.461      0.226
[YOLOv5] epoch 26/100 running
[YOLOv5] validation: all       1000        641      0.722      0.323      0.338      0.142
[YOLOv5] epoch 27/100 running
[YOLOv5] validation: all       1000        641      0.771      0.418      0.462      0.229
[YOLOv5] epoch 28/100 running
[YOLOv5] validation: all       1000        641      0.776       0.37      0.415      0.218
[YOLOv5] epoch 29/100 running
[YOLOv5] validation: all       1000        641      0.755      0.408      0.431      0.204
[YOLOv5] epoch 30/100 running
[YOLOv5] validation: all       1000        641      0.786      0.432      0.483      0.246
[YOLOv5] epoch 31/100 running
[YOLOv5] validation: all       1000        641        0.8      0.411      0.458      0.236
[YOLOv5] epoch 32/100 running
[YOLOv5] validation: all       1000        641      0.829      0.381       0.45      0.233
[YOLOv5] epoch 33/100 running
[YOLOv5] validation: all       1000        641      0.792      0.423      0.457      0.242
[YOLOv5] epoch 34/100 running
[YOLOv5] validation: all       1000        641       0.79      0.373      0.409      0.199
[YOLOv5] epoch 35/100 running
[YOLOv5] validation: all       1000        641      0.775      0.413      0.436      0.229
[YOLOv5] epoch 36/100 running
[YOLOv5] validation: all       1000        641      0.804      0.373       0.42      0.223
[YOLOv5] epoch 37/100 running
[YOLOv5] validation: all       1000        641      0.778      0.409      0.437      0.214
[YOLOv5] epoch 38/100 running
[YOLOv5] validation: all       1000        641      0.799      0.395      0.448       0.23
[YOLOv5] epoch 39/100 running
[YOLOv5] validation: all       1000        641      0.773      0.393      0.431      0.211
[YOLOv5] epoch 40/100 running
[YOLOv5] validation: all       1000        641      0.752      0.457      0.475      0.242
[YOLOv5] epoch 41/100 running
[YOLOv5] validation: all       1000        641      0.828      0.432      0.479      0.246
[YOLOv5] epoch 42/100 running
[YOLOv5] validation: all       1000        641      0.797      0.443      0.476      0.247
[YOLOv5] epoch 43/100 running
[YOLOv5] validation: all       1000        641      0.813      0.441       0.47       0.24
[YOLOv5] epoch 44/100 running
[YOLOv5] validation: all       1000        641       0.83      0.437      0.507      0.276
[YOLOv5] epoch 45/100 running
[YOLOv5] validation: all       1000        641       0.82      0.394      0.443      0.227
[YOLOv5] epoch 46/100 running
[YOLOv5] validation: all       1000        641      0.793      0.378      0.435      0.226
[YOLOv5] epoch 47/100 running
[YOLOv5] validation: all       1000        641      0.808      0.431      0.458      0.248
[YOLOv5] epoch 48/100 running
[YOLOv5] validation: all       1000        641       0.82      0.445      0.494      0.256
[YOLOv5] epoch 49/100 running
[YOLOv5] validation: all       1000        641      0.791      0.436       0.47      0.246
[YOLOv5] epoch 50/100 running
[YOLOv5] validation: all       1000        641      0.871      0.397      0.479      0.265
[YOLOv5] epoch 51/100 running
[YOLOv5] validation: all       1000        641      0.858      0.439        0.5      0.266
[YOLOv5] epoch 52/100 running
[YOLOv5] validation: all       1000        641      0.801      0.433      0.471      0.264
[YOLOv5] epoch 53/100 running
[YOLOv5] validation: all       1000        641      0.836      0.435      0.492      0.277
[YOLOv5] epoch 54/100 running
[YOLOv5] validation: all       1000        641      0.816      0.443      0.481      0.254
[YOLOv5] epoch 55/100 running
[YOLOv5] validation: all       1000        641      0.843      0.412      0.485      0.262
[YOLOv5] epoch 56/100 running
[YOLOv5] validation: all       1000        641      0.839      0.391      0.465      0.254
[YOLOv5] epoch 57/100 running
[YOLOv5] validation: all       1000        641      0.818      0.448      0.491      0.275
[YOLOv5] epoch 58/100 running
[YOLOv5] validation: all       1000        641      0.886      0.409      0.485      0.278
[YOLOv5] epoch 59/100 running
[YOLOv5] validation: all       1000        641      0.861      0.424      0.466      0.261
[YOLOv5] epoch 60/100 running
[YOLOv5] validation: all       1000        641      0.836      0.438      0.488      0.283
[YOLOv5] epoch 61/100 running
[YOLOv5] validation: all       1000        641      0.803      0.445      0.487      0.274
[YOLOv5] epoch 62/100 running
[YOLOv5] validation: all       1000        641      0.857      0.416      0.482      0.269
[YOLOv5] epoch 63/100 running
[YOLOv5] validation: all       1000        641      0.865      0.427      0.516      0.278
[YOLOv5] epoch 64/100 running
[YOLOv5] validation: all       1000        641      0.834      0.427      0.475      0.263
[YOLOv5] epoch 65/100 running
[YOLOv5] validation: all       1000        641      0.863      0.415      0.482      0.272
[YOLOv5] epoch 66/100 running
[YOLOv5] validation: all       1000        641      0.555      0.481       0.49      0.277
[YOLOv5] epoch 67/100 running
[YOLOv5] validation: all       1000        641      0.818      0.442      0.488      0.275
[YOLOv5] epoch 68/100 running
[YOLOv5] validation: all       1000        641      0.843      0.449      0.494      0.272
[YOLOv5] epoch 69/100 running
[YOLOv5] validation: all       1000        641      0.544      0.454       0.47      0.259
[YOLOv5] epoch 70/100 running
[YOLOv5] validation: all       1000        641       0.82      0.443      0.502      0.283
[YOLOv5] epoch 71/100 running
[YOLOv5] validation: all       1000        641      0.853      0.429      0.509      0.294
[YOLOv5] epoch 72/100 running
[YOLOv5] validation: all       1000        641       0.84      0.426      0.497      0.284
[YOLOv5] epoch 73/100 running
[YOLOv5] validation: all       1000        641      0.856      0.437      0.492      0.273
[YOLOv5] epoch 74/100 running
[YOLOv5] validation: all       1000        641      0.833      0.437      0.493      0.274
[YOLOv5] epoch 75/100 running
[YOLOv5] validation: all       1000        641      0.811      0.454      0.492      0.276
[YOLOv5] epoch 76/100 running
[YOLOv5] validation: all       1000        641      0.835      0.441      0.496      0.288
[YOLOv5] epoch 77/100 running
[YOLOv5] validation: all       1000        641      0.861      0.424      0.493      0.287
[YOLOv5] epoch 78/100 running
[YOLOv5] validation: all       1000        641      0.842       0.42       0.48      0.264
[YOLOv5] epoch 79/100 running
[YOLOv5] validation: all       1000        641      0.582      0.485      0.497      0.277
[YOLOv5] epoch 80/100 running
[YOLOv5] validation: all       1000        641      0.855       0.44      0.505      0.287
[YOLOv5] epoch 81/100 running
[YOLOv5] validation: all       1000        641      0.821      0.436      0.492      0.276
[YOLOv5] epoch 82/100 running
[YOLOv5] validation: all       1000        641       0.57      0.446      0.486      0.275
[YOLOv5] epoch 83/100 running
[YOLOv5] validation: all       1000        641      0.594      0.471      0.502       0.29
[YOLOv5] epoch 84/100 running
[YOLOv5] validation: all       1000        641      0.609      0.413      0.482      0.283
[YOLOv5] epoch 85/100 running
[YOLOv5] validation: all       1000        641      0.839      0.441      0.502      0.293
[YOLOv5] epoch 86/100 running
[YOLOv5] validation: all       1000        641      0.563      0.479      0.508      0.293
[YOLOv5] epoch 87/100 running
[YOLOv5] validation: all       1000        641      0.833      0.444      0.489      0.275
[YOLOv5] epoch 88/100 running
[YOLOv5] validation: all       1000        641      0.571      0.438      0.482      0.278
[YOLOv5] epoch 89/100 running
[YOLOv5] validation: all       1000        641      0.611      0.423      0.488      0.274
[YOLOv5] epoch 90/100 running
[YOLOv5] validation: all       1000        641      0.622      0.431      0.493      0.286
[YOLOv5] epoch 91/100 running
[YOLOv5] validation: all       1000        641      0.604      0.429      0.491      0.282
[YOLOv5] epoch 92/100 running
[YOLOv5] validation: all       1000        641      0.652      0.483      0.498      0.289
[YOLOv5] epoch 93/100 running
[YOLOv5] validation: all       1000        641      0.611      0.427      0.492      0.284
[YOLOv5] epoch 94/100 running
[YOLOv5] validation: all       1000        641      0.874      0.429        0.5      0.294
[YOLOv5] epoch 95/100 running
[YOLOv5] validation: all       1000        641        0.6      0.451      0.507      0.293
[YOLOv5] epoch 96/100 running
[YOLOv5] validation: all       1000        641       0.59      0.452      0.504      0.293
[YOLOv5] epoch 97/100 running
[YOLOv5] validation: all       1000        641      0.591      0.442      0.496      0.283
[YOLOv5] epoch 98/100 running
[YOLOv5] validation: all       1000        641       0.62      0.426      0.492      0.287
[YOLOv5] epoch 99/100 running
[YOLOv5] validation: all       1000        641      0.618      0.431      0.498       0.29
[YOLOv5] epoch 100/100 running
[YOLOv5] validation: all       1000        641        0.6      0.442      0.499      0.292
[YOLOv5] 100 epochs completed in 0.504 hours.
[YOLOv5] validation: all       1000        641       0.83      0.447      0.516      0.278
[Task] training completed: 2053.6s
[Task] evaluating: checkpoint=last, group=test, samples=1000
[YOLOv5] validation: all       1000        614      0.806      0.417      0.454      0.215
[Task] evaluation: checkpoint=last, group=test, mAP50-95=0.2153, mAP50=0.4538, time=74.8s
[Task] evaluating: checkpoint=best, group=test, samples=1000
[YOLOv5] validation: all       1000        614      0.764      0.408      0.439      0.199
[Task] evaluation: checkpoint=best, group=test, mAP50-95=0.1990, mAP50=0.4393, time=76.1s
[Task] completed: evaluation=150.9s, output=/home/lijinhe/work/YOLO_Retraining/runs/studies/balance_learning_curve_2batch_dedup_contrast/sequences/Balance_LC2B_ordered_tau096_mixed_release_drop_bg__seq-full-cold__stage0-stage7__yolov5s__s42/tasks/003__stage3__full-cold
[Task] output: /home/lijinhe/work/YOLO_Retraining/runs/studies/balance_learning_curve_2batch_dedup_contrast/sequences/Balance_LC2B_ordered_tau096_mixed_release_drop_bg__seq-full-cold__stage0-stage7__yolov5s__s42/tasks/004__stage4__full-cold
[Task] data: current=211, candidate=1920, validation=1000, test=1000
[Task] selection: policy=full, selected=1920, groups={'candidate': 1920}, time=0.001s
[Task] training: backend=yolov5, epochs=100, batch=64, device=0
[YOLOv5] epoch 1/100 running
[YOLOv5] validation: all       1000        641      0.271     0.0402    0.00931    0.00206
[YOLOv5] epoch 2/100 running
[YOLOv5] validation: all       1000        641      0.809     0.0482     0.0589     0.0165
[YOLOv5] epoch 3/100 running
[YOLOv5] validation: all       1000        641       0.63      0.154      0.111      0.036
[YOLOv5] epoch 4/100 running
[YOLOv5] validation: all       1000        641      0.456      0.405      0.262     0.0841
[YOLOv5] epoch 5/100 running
[YOLOv5] validation: all       1000        641      0.478      0.356      0.226     0.0875
[YOLOv5] epoch 6/100 running
[YOLOv5] validation: all       1000        641      0.655      0.319      0.319      0.143
[YOLOv5] epoch 7/100 running
[YOLOv5] validation: all       1000        641      0.553      0.314      0.262      0.103
[YOLOv5] epoch 8/100 running
[YOLOv5] validation: all       1000        641      0.716      0.338      0.368      0.176
[YOLOv5] epoch 9/100 running
[YOLOv5] validation: all       1000        641      0.746      0.331      0.378      0.162
[YOLOv5] epoch 10/100 running
[YOLOv5] validation: all       1000        641      0.674      0.323      0.353       0.15
[YOLOv5] epoch 11/100 running
[YOLOv5] validation: all       1000        641       0.67      0.295      0.322      0.134
[YOLOv5] epoch 12/100 running
[YOLOv5] validation: all       1000        641      0.768      0.366      0.411      0.199
[YOLOv5] epoch 13/100 running
[YOLOv5] validation: all       1000        641      0.699      0.345       0.36       0.16
[YOLOv5] epoch 14/100 running
[YOLOv5] validation: all       1000        641      0.789      0.311      0.376      0.158
[YOLOv5] epoch 15/100 running
[YOLOv5] validation: all       1000        641      0.609      0.315      0.312      0.155
[YOLOv5] epoch 16/100 running
[YOLOv5] validation: all       1000        641      0.722      0.358      0.408      0.203
[YOLOv5] epoch 17/100 running
[YOLOv5] validation: all       1000        641       0.69      0.358      0.359      0.144
[YOLOv5] epoch 18/100 running
[YOLOv5] validation: all       1000        641      0.723      0.386      0.415       0.19
[YOLOv5] epoch 19/100 running
[YOLOv5] validation: all       1000        641      0.799      0.379      0.435      0.226
[YOLOv5] epoch 20/100 running
[YOLOv5] validation: all       1000        641      0.748      0.349      0.403        0.2
[YOLOv5] epoch 21/100 running
[YOLOv5] validation: all       1000        641      0.741      0.381      0.415      0.197
[YOLOv5] epoch 22/100 running
[YOLOv5] validation: all       1000        641      0.785      0.409       0.46      0.233
[YOLOv5] epoch 23/100 running
[YOLOv5] validation: all       1000        641      0.782      0.412      0.465      0.227
[YOLOv5] epoch 24/100 running
[YOLOv5] validation: all       1000        641      0.804      0.372      0.464      0.229
[YOLOv5] epoch 25/100 running
[YOLOv5] validation: all       1000        641      0.755      0.363       0.43      0.216
[YOLOv5] epoch 26/100 running
[YOLOv5] validation: all       1000        641      0.734      0.386      0.426      0.218
[YOLOv5] epoch 27/100 running
[YOLOv5] validation: all       1000        641      0.774      0.421      0.475       0.23
[YOLOv5] epoch 28/100 running
[YOLOv5] validation: all       1000        641      0.809      0.417       0.46      0.226
[YOLOv5] epoch 29/100 running
[YOLOv5] validation: all       1000        641      0.808      0.346      0.377      0.182
[YOLOv5] epoch 30/100 running
[YOLOv5] validation: all       1000        641      0.805      0.395      0.435      0.223
[YOLOv5] epoch 31/100 running
[YOLOv5] validation: all       1000        641      0.755      0.408      0.442       0.24
[YOLOv5] epoch 32/100 running
[YOLOv5] validation: all       1000        641      0.724      0.431      0.471       0.25
[YOLOv5] epoch 33/100 running
[YOLOv5] validation: all       1000        641      0.778      0.418      0.467      0.243
[YOLOv5] epoch 34/100 running
[YOLOv5] validation: all       1000        641      0.758       0.41      0.451      0.242
[YOLOv5] epoch 35/100 running
[YOLOv5] validation: all       1000        641      0.772      0.378      0.426        0.2
[YOLOv5] epoch 36/100 running
[YOLOv5] validation: all       1000        641      0.808      0.411      0.463      0.225
[YOLOv5] epoch 37/100 running
[YOLOv5] validation: all       1000        641      0.776      0.414      0.467      0.242
[YOLOv5] epoch 38/100 running
[YOLOv5] validation: all       1000        641      0.802      0.429      0.467       0.24
[YOLOv5] epoch 39/100 running
[YOLOv5] validation: all       1000        641       0.72       0.39      0.422        0.2
[YOLOv5] epoch 40/100 running
[YOLOv5] validation: all       1000        641      0.794       0.41      0.444       0.23
[YOLOv5] epoch 41/100 running
[YOLOv5] validation: all       1000        641       0.84      0.417      0.473      0.252
[YOLOv5] epoch 42/100 running
[YOLOv5] validation: all       1000        641      0.824      0.397      0.461      0.235
[YOLOv5] epoch 43/100 running
[YOLOv5] validation: all       1000        641        0.8      0.439      0.489      0.248
[YOLOv5] epoch 44/100 running
[YOLOv5] validation: all       1000        641      0.816      0.416      0.466      0.245
[YOLOv5] epoch 45/100 running
[YOLOv5] validation: all       1000        641       0.77      0.434      0.473      0.249
[YOLOv5] epoch 46/100 running
[YOLOv5] validation: all       1000        641      0.742       0.45      0.466      0.238
[YOLOv5] epoch 47/100 running
[YOLOv5] validation: all       1000        641      0.758      0.389      0.436       0.24
[YOLOv5] epoch 48/100 running
[YOLOv5] validation: all       1000        641       0.73      0.455      0.458       0.23
[YOLOv5] epoch 49/100 running
[YOLOv5] validation: all       1000        641      0.792      0.435      0.473      0.261
[YOLOv5] epoch 50/100 running
[YOLOv5] validation: all       1000        641      0.792      0.437      0.489      0.262
[YOLOv5] epoch 51/100 running
[YOLOv5] validation: all       1000        641      0.739      0.458       0.46      0.245
[YOLOv5] epoch 52/100 running
[YOLOv5] validation: all       1000        641      0.822      0.405      0.472      0.258
[YOLOv5] epoch 53/100 running
[YOLOv5] validation: all       1000        641      0.848      0.397      0.468       0.26
[YOLOv5] epoch 54/100 running
[YOLOv5] validation: all       1000        641       0.82      0.434      0.494      0.279
[YOLOv5] epoch 55/100 running
[YOLOv5] validation: all       1000        641       0.87       0.41      0.492      0.275
[YOLOv5] epoch 56/100 running
[YOLOv5] validation: all       1000        641      0.839      0.427       0.49      0.262
[YOLOv5] epoch 57/100 running
[YOLOv5] validation: all       1000        641      0.812      0.437      0.474      0.261
[YOLOv5] epoch 58/100 running
[YOLOv5] validation: all       1000        641      0.837      0.424       0.47      0.259
[YOLOv5] epoch 59/100 running
[YOLOv5] validation: all       1000        641      0.789      0.481      0.509      0.275
[YOLOv5] epoch 60/100 running
[YOLOv5] validation: all       1000        641      0.841       0.45      0.497      0.269
[YOLOv5] epoch 61/100 running
[YOLOv5] validation: all       1000        641      0.808      0.456      0.489      0.265
[YOLOv5] epoch 62/100 running
[YOLOv5] validation: all       1000        641      0.794      0.448       0.48      0.254
[YOLOv5] epoch 63/100 running
[YOLOv5] validation: all       1000        641      0.841       0.42      0.488      0.265
[YOLOv5] epoch 64/100 running
[YOLOv5] validation: all       1000        641      0.836      0.431      0.493      0.261
[YOLOv5] epoch 65/100 running
[YOLOv5] validation: all       1000        641      0.809      0.438      0.485      0.265
[YOLOv5] epoch 66/100 running
[YOLOv5] validation: all       1000        641      0.868      0.409      0.482      0.257
[YOLOv5] epoch 67/100 running
[YOLOv5] validation: all       1000        641      0.781       0.43      0.477      0.251
[YOLOv5] epoch 68/100 running
[YOLOv5] validation: all       1000        641      0.809      0.455      0.503       0.26
[YOLOv5] epoch 69/100 running
[YOLOv5] validation: all       1000        641      0.837      0.437      0.509      0.272
[YOLOv5] epoch 70/100 running
[YOLOv5] validation: all       1000        641      0.844      0.425      0.487      0.272
[YOLOv5] epoch 71/100 running
[YOLOv5] validation: all       1000        641      0.875      0.433      0.515      0.274
[YOLOv5] epoch 72/100 running
[YOLOv5] validation: all       1000        641      0.827      0.452      0.506      0.273
[YOLOv5] epoch 73/100 running
[YOLOv5] validation: all       1000        641      0.805      0.438      0.495      0.274
[YOLOv5] epoch 74/100 running
[YOLOv5] validation: all       1000        641      0.847      0.427      0.513      0.284
[YOLOv5] epoch 75/100 running
[YOLOv5] validation: all       1000        641      0.811      0.446        0.5      0.269
[YOLOv5] epoch 76/100 running
[YOLOv5] validation: all       1000        641      0.834      0.434      0.498      0.274
[YOLOv5] epoch 77/100 running
[YOLOv5] validation: all       1000        641       0.85      0.465      0.516      0.285
[YOLOv5] epoch 78/100 running
[YOLOv5] validation: all       1000        641      0.855      0.449      0.506      0.284
[YOLOv5] epoch 79/100 running
[YOLOv5] validation: all       1000        641      0.851      0.413      0.482      0.262
[YOLOv5] epoch 80/100 running
[YOLOv5] validation: all       1000        641      0.818       0.45      0.493      0.275
[YOLOv5] epoch 81/100 running
[YOLOv5] validation: all       1000        641      0.842      0.423       0.49      0.276
[YOLOv5] epoch 82/100 running
[YOLOv5] validation: all       1000        641       0.58      0.439      0.496      0.275
[YOLOv5] epoch 83/100 running
[YOLOv5] validation: all       1000        641      0.586      0.446      0.503      0.282
[YOLOv5] epoch 84/100 running
[YOLOv5] validation: all       1000        641      0.871      0.416      0.502      0.274
[YOLOv5] epoch 85/100 running
[YOLOv5] validation: all       1000        641      0.592      0.458      0.499      0.273
[YOLOv5] epoch 86/100 running
[YOLOv5] validation: all       1000        641      0.607      0.425      0.494      0.277
[YOLOv5] epoch 87/100 running
[YOLOv5] validation: all       1000        641      0.594      0.441       0.51      0.281
[YOLOv5] epoch 88/100 running
[YOLOv5] validation: all       1000        641      0.576      0.473       0.52      0.295
[YOLOv5] epoch 89/100 running
[YOLOv5] validation: all       1000        641      0.557      0.462      0.504      0.286
[YOLOv5] epoch 90/100 running
[YOLOv5] validation: all       1000        641      0.603      0.449      0.511      0.288
[YOLOv5] epoch 91/100 running
[YOLOv5] validation: all       1000        641        0.6       0.45      0.509      0.285
[YOLOv5] epoch 92/100 running
[YOLOv5] validation: all       1000        641      0.623      0.449      0.512      0.284
[YOLOv5] epoch 93/100 running
[YOLOv5] validation: all       1000        641      0.608       0.45      0.505      0.283
[YOLOv5] epoch 94/100 running
[YOLOv5] validation: all       1000        641      0.608      0.445      0.519      0.293
[YOLOv5] epoch 95/100 running
[YOLOv5] validation: all       1000        641      0.602      0.465      0.514      0.291
[YOLOv5] epoch 96/100 running
[YOLOv5] validation: all       1000        641      0.618      0.444      0.512       0.29
[YOLOv5] epoch 97/100 running
[YOLOv5] validation: all       1000        641      0.631      0.448       0.52      0.295
[YOLOv5] epoch 98/100 running
[YOLOv5] validation: all       1000        641      0.616      0.454      0.526      0.297
[YOLOv5] epoch 99/100 running
[YOLOv5] validation: all       1000        641      0.619      0.447       0.52       0.29
[YOLOv5] epoch 100/100 running
[YOLOv5] validation: all       1000        641      0.628      0.444      0.525      0.291
[YOLOv5] 100 epochs completed in 0.364 hours.
[YOLOv5] validation: all       1000        641      0.618      0.454      0.524      0.296
[Task] training completed: 1518.7s
[Task] evaluating: checkpoint=last, group=test, samples=1000
[YOLOv5] validation: all       1000        614      0.528      0.416      0.454      0.202
[Task] evaluation: checkpoint=last, group=test, mAP50-95=0.2023, mAP50=0.4538, time=77.3s
[Task] evaluating: checkpoint=best, group=test, samples=1000
[YOLOv5] validation: all       1000        614      0.811       0.39      0.446      0.202
[Task] evaluation: checkpoint=best, group=test, mAP50-95=0.2021, mAP50=0.4456, time=77.2s
[Task] completed: evaluation=154.5s, output=/home/lijinhe/work/YOLO_Retraining/runs/studies/balance_learning_curve_2batch_dedup_contrast/sequences/Balance_LC2B_ordered_tau096_mixed_release_drop_bg__seq-full-cold__stage0-stage7__yolov5s__s42/tasks/004__stage4__full-cold
[Task] output: /home/lijinhe/work/YOLO_Retraining/runs/studies/balance_learning_curve_2batch_dedup_contrast/sequences/Balance_LC2B_ordered_tau096_mixed_release_drop_bg__seq-full-cold__stage0-stage7__yolov5s__s42/tasks/005__stage5__full-cold
[Task] data: current=147, candidate=2067, validation=1000, test=1000
[Task] selection: policy=full, selected=2067, groups={'candidate': 2067}, time=0.001s
[Task] training: backend=yolov5, epochs=100, batch=64, device=0
[YOLOv5] epoch 1/100 running
[YOLOv5] validation: all       1000        641    0.00123      0.324    0.00226    0.00056
[YOLOv5] epoch 2/100 running
[YOLOv5] validation: all       1000        641      0.605      0.172      0.123       0.04
[YOLOv5] epoch 3/100 running
[YOLOv5] validation: all       1000        641      0.639      0.197      0.172     0.0638
[YOLOv5] epoch 4/100 running
[YOLOv5] validation: all       1000        641      0.732      0.194      0.284      0.114
[YOLOv5] epoch 5/100 running
[YOLOv5] validation: all       1000        641       0.56      0.206      0.181     0.0684
[YOLOv5] epoch 6/100 running
[YOLOv5] validation: all       1000        641      0.597      0.318      0.292      0.111
[YOLOv5] epoch 7/100 running
[YOLOv5] validation: all       1000        641      0.671      0.299      0.325      0.119
[YOLOv5] epoch 8/100 running
[YOLOv5] validation: all       1000        641      0.715      0.324      0.366      0.151
[YOLOv5] epoch 9/100 running
[YOLOv5] validation: all       1000        641      0.723      0.347      0.376      0.167
[YOLOv5] epoch 10/100 running
[YOLOv5] validation: all       1000        641      0.656      0.236      0.234     0.0774
[YOLOv5] epoch 11/100 running
[YOLOv5] validation: all       1000        641      0.678      0.368      0.385      0.161
[YOLOv5] epoch 12/100 running
[YOLOv5] validation: all       1000        641       0.71      0.328      0.359      0.157
[YOLOv5] epoch 13/100 running
[YOLOv5] validation: all       1000        641      0.746      0.306      0.353      0.157
[YOLOv5] epoch 14/100 running
[YOLOv5] validation: all       1000        641      0.701      0.314      0.334      0.158
[YOLOv5] epoch 15/100 running
[YOLOv5] validation: all       1000        641      0.696      0.334      0.382      0.178
[YOLOv5] epoch 16/100 running
[YOLOv5] validation: all       1000        641      0.726      0.348      0.379      0.179
[YOLOv5] epoch 17/100 running
[YOLOv5] validation: all       1000        641      0.735      0.338      0.399       0.19
[YOLOv5] epoch 18/100 running
[YOLOv5] validation: all       1000        641      0.779      0.342      0.392      0.192
[YOLOv5] epoch 19/100 running
[YOLOv5] validation: all       1000        641      0.709      0.387        0.4      0.199
[YOLOv5] epoch 20/100 running
[YOLOv5] validation: all       1000        641      0.767       0.35      0.396       0.18
[YOLOv5] epoch 21/100 running
[YOLOv5] validation: all       1000        641      0.729      0.338      0.387      0.181
[YOLOv5] epoch 22/100 running
[YOLOv5] validation: all       1000        641       0.72      0.332      0.373      0.175
[YOLOv5] epoch 23/100 running
[YOLOv5] validation: all       1000        641      0.765      0.404      0.438      0.202
[YOLOv5] epoch 24/100 running
[YOLOv5] validation: all       1000        641      0.766        0.4      0.457      0.223
[YOLOv5] epoch 25/100 running
[YOLOv5] validation: all       1000        641      0.761      0.336      0.382      0.179
[YOLOv5] epoch 26/100 running
[YOLOv5] validation: all       1000        641      0.759       0.35      0.425      0.213
[YOLOv5] epoch 27/100 running
[YOLOv5] validation: all       1000        641      0.818      0.382       0.45      0.223
[YOLOv5] epoch 28/100 running
[YOLOv5] validation: all       1000        641        0.8       0.39      0.428      0.222
[YOLOv5] epoch 29/100 running
[YOLOv5] validation: all       1000        641      0.774      0.411      0.461      0.237
[YOLOv5] epoch 30/100 running
[YOLOv5] validation: all       1000        641      0.741      0.404       0.44      0.211
[YOLOv5] epoch 31/100 running
[YOLOv5] validation: all       1000        641      0.761      0.412       0.45      0.232
[YOLOv5] epoch 32/100 running
[YOLOv5] validation: all       1000        641      0.725      0.391        0.4      0.191
[YOLOv5] epoch 33/100 running
[YOLOv5] validation: all       1000        641      0.832       0.39      0.483      0.251
[YOLOv5] epoch 34/100 running
[YOLOv5] validation: all       1000        641      0.778      0.437      0.472      0.242
[YOLOv5] epoch 35/100 running
[YOLOv5] validation: all       1000        641      0.765      0.408      0.439      0.223
[YOLOv5] epoch 36/100 running
[YOLOv5] validation: all       1000        641      0.796      0.401      0.456      0.242
[YOLOv5] epoch 37/100 running
[YOLOv5] validation: all       1000        641      0.807      0.389      0.441      0.228
[YOLOv5] epoch 38/100 running
[YOLOv5] validation: all       1000        641      0.825      0.401      0.441      0.222
[YOLOv5] epoch 39/100 running
[YOLOv5] validation: all       1000        641      0.758      0.408      0.442      0.214
[YOLOv5] epoch 40/100 running
[YOLOv5] validation: all       1000        641      0.794      0.435      0.472      0.261
[YOLOv5] epoch 41/100 running
[YOLOv5] validation: all       1000        641      0.784      0.408       0.46       0.24
[YOLOv5] epoch 42/100 running
[YOLOv5] validation: all       1000        641      0.719      0.434      0.443      0.226
[YOLOv5] epoch 43/100 running
[YOLOv5] validation: all       1000        641      0.844      0.369      0.443      0.234
[YOLOv5] epoch 44/100 running
[YOLOv5] validation: all       1000        641        0.8      0.408      0.442      0.229
[YOLOv5] epoch 45/100 running
[YOLOv5] validation: all       1000        641       0.82      0.412      0.455      0.228
[YOLOv5] epoch 46/100 running
[YOLOv5] validation: all       1000        641      0.829      0.417      0.468      0.259
[YOLOv5] epoch 47/100 running
[YOLOv5] validation: all       1000        641      0.839      0.421      0.482      0.256
[YOLOv5] epoch 48/100 running
[YOLOv5] validation: all       1000        641      0.759      0.413      0.445      0.227
[YOLOv5] epoch 49/100 running
[YOLOv5] validation: all       1000        641      0.751      0.389      0.423      0.208
[YOLOv5] epoch 50/100 running
[YOLOv5] validation: all       1000        641      0.762      0.433       0.47      0.255
[YOLOv5] epoch 51/100 running
[YOLOv5] validation: all       1000        641      0.778      0.396      0.448      0.225
[YOLOv5] epoch 52/100 running
[YOLOv5] validation: all       1000        641      0.846      0.404      0.475      0.252
[YOLOv5] epoch 53/100 running
[YOLOv5] validation: all       1000        641      0.809      0.423      0.482      0.252
[YOLOv5] epoch 54/100 running
[YOLOv5] validation: all       1000        641      0.821      0.412      0.467      0.238
[YOLOv5] epoch 55/100 running
[YOLOv5] validation: all       1000        641      0.827      0.429       0.49      0.277
[YOLOv5] epoch 56/100 running
[YOLOv5] validation: all       1000        641      0.785      0.438      0.473      0.246
[YOLOv5] epoch 57/100 running
[YOLOv5] validation: all       1000        641      0.736      0.444       0.47      0.249
[YOLOv5] epoch 58/100 running
[YOLOv5] validation: all       1000        641      0.799      0.415      0.471      0.242
[YOLOv5] epoch 59/100 running
[YOLOv5] validation: all       1000        641      0.772      0.445      0.482      0.268
[YOLOv5] epoch 60/100 running
[YOLOv5] validation: all       1000        641      0.796      0.444      0.474      0.261
[YOLOv5] epoch 61/100 running
[YOLOv5] validation: all       1000        641      0.825      0.424       0.48      0.256
[YOLOv5] epoch 62/100 running
[YOLOv5] validation: all       1000        641      0.818      0.405      0.478      0.256
[YOLOv5] epoch 63/100 running
[YOLOv5] validation: all       1000        641      0.792      0.414      0.464      0.249
[YOLOv5] epoch 64/100 running
[YOLOv5] validation: all       1000        641       0.86      0.404      0.474      0.267
[YOLOv5] epoch 65/100 running
[YOLOv5] validation: all       1000        641      0.857      0.404      0.472      0.256
[YOLOv5] epoch 66/100 running
[YOLOv5] validation: all       1000        641      0.809       0.43      0.492      0.268
[YOLOv5] epoch 67/100 running
[YOLOv5] validation: all       1000        641      0.775       0.46      0.493      0.268
[YOLOv5] epoch 68/100 running
[YOLOv5] validation: all       1000        641      0.774      0.459      0.496      0.278
[YOLOv5] epoch 69/100 running
[YOLOv5] validation: all       1000        641      0.834      0.414      0.469      0.263
[YOLOv5] epoch 70/100 running
[YOLOv5] validation: all       1000        641      0.832      0.431       0.48      0.263
[YOLOv5] epoch 71/100 running
[YOLOv5] validation: all       1000        641      0.596      0.485      0.494      0.285
[YOLOv5] epoch 72/100 running
[YOLOv5] validation: all       1000        641      0.512      0.503      0.496      0.283
[YOLOv5] epoch 73/100 running
[YOLOv5] validation: all       1000        641      0.548      0.522      0.509      0.281
[YOLOv5] epoch 74/100 running
[YOLOv5] validation: all       1000        641      0.831      0.424      0.505      0.285
[YOLOv5] epoch 75/100 running
[YOLOv5] validation: all       1000        641      0.853      0.394      0.488      0.277
[YOLOv5] epoch 76/100 running
[YOLOv5] validation: all       1000        641      0.516      0.516      0.498      0.286
[YOLOv5] epoch 77/100 running
[YOLOv5] validation: all       1000        641      0.822       0.43      0.489      0.267
[YOLOv5] epoch 78/100 running
[YOLOv5] validation: all       1000        641      0.841      0.416      0.509      0.285
[YOLOv5] epoch 79/100 running
[YOLOv5] validation: all       1000        641      0.826      0.435        0.5       0.28
[YOLOv5] epoch 80/100 running
[YOLOv5] validation: all       1000        641       0.55      0.523      0.511      0.295
[YOLOv5] epoch 81/100 running
[YOLOv5] validation: all       1000        641      0.834      0.421      0.501      0.284
[YOLOv5] epoch 82/100 running
[YOLOv5] validation: all       1000        641      0.644      0.504      0.542      0.306
[YOLOv5] epoch 83/100 running
[YOLOv5] validation: all       1000        641      0.562       0.47      0.499      0.287
[YOLOv5] epoch 84/100 running
[YOLOv5] validation: all       1000        641      0.544      0.489      0.503      0.277
[YOLOv5] epoch 85/100 running
[YOLOv5] validation: all       1000        641      0.861      0.416      0.514      0.287
[YOLOv5] epoch 86/100 running
[YOLOv5] validation: all       1000        641      0.504      0.501      0.505      0.289
[YOLOv5] epoch 87/100 running
[YOLOv5] validation: all       1000        641      0.574      0.424      0.512      0.301
[YOLOv5] epoch 88/100 running
[YOLOv5] validation: all       1000        641      0.564      0.508      0.523      0.301
[YOLOv5] epoch 89/100 running
[YOLOv5] validation: all       1000        641      0.558      0.549      0.523      0.302
[YOLOv5] epoch 90/100 running
[YOLOv5] validation: all       1000        641      0.588      0.511      0.529      0.311
[YOLOv5] epoch 91/100 running
[YOLOv5] validation: all       1000        641      0.552      0.485      0.523      0.298
[YOLOv5] epoch 92/100 running
[YOLOv5] validation: all       1000        641      0.542      0.551      0.525      0.298
[YOLOv5] epoch 93/100 running
[YOLOv5] validation: all       1000        641      0.591       0.55      0.538      0.307
[YOLOv5] epoch 94/100 running
[YOLOv5] validation: all       1000        641      0.502      0.525      0.523      0.304
[YOLOv5] epoch 95/100 running
[YOLOv5] validation: all       1000        641      0.568      0.517      0.525      0.305
[YOLOv5] epoch 96/100 running
[YOLOv5] validation: all       1000        641      0.529      0.566      0.531      0.311
[YOLOv5] epoch 97/100 running
[YOLOv5] validation: all       1000        641      0.513      0.556      0.526       0.31
[YOLOv5] epoch 98/100 running
[YOLOv5] validation: all       1000        641       0.54      0.535      0.525      0.303
[YOLOv5] epoch 99/100 running
[YOLOv5] validation: all       1000        641       0.51       0.53      0.527      0.312
[YOLOv5] epoch 100/100 running
[YOLOv5] validation: all       1000        641      0.538      0.551      0.521      0.309
[YOLOv5] 100 epochs completed in 0.329 hours.
[YOLOv5] validation: all       1000        641      0.645      0.505      0.542      0.307
[Task] training completed: 1402.8s
[Task] evaluating: checkpoint=last, group=test, samples=1000
[YOLOv5] validation: all       1000        614      0.827      0.434      0.478      0.216
[Task] evaluation: checkpoint=last, group=test, mAP50-95=0.2163, mAP50=0.4776, time=80.9s
[Task] evaluating: checkpoint=best, group=test, samples=1000
[YOLOv5] validation: all       1000        614      0.791      0.434      0.462      0.216
[Task] evaluation: checkpoint=best, group=test, mAP50-95=0.2160, mAP50=0.4617, time=78.6s
[Task] completed: evaluation=159.4s, output=/home/lijinhe/work/YOLO_Retraining/runs/studies/balance_learning_curve_2batch_dedup_contrast/sequences/Balance_LC2B_ordered_tau096_mixed_release_drop_bg__seq-full-cold__stage0-stage7__yolov5s__s42/tasks/005__stage5__full-cold
[Task] output: /home/lijinhe/work/YOLO_Retraining/runs/studies/balance_learning_curve_2batch_dedup_contrast/sequences/Balance_LC2B_ordered_tau096_mixed_release_drop_bg__seq-full-cold__stage0-stage7__yolov5s__s42/tasks/006__stage6__full-cold
[Task] data: current=206, candidate=2273, validation=1000, test=1000
[Task] selection: policy=full, selected=2273, groups={'candidate': 2273}, time=0.001s
[Task] training: backend=yolov5, epochs=100, batch=64, device=0
[YOLOv5] epoch 1/100 running
[YOLOv5] validation: all       1000        641      0.766     0.0287    0.00716    0.00194
[YOLOv5] epoch 2/100 running
[YOLOv5] validation: all       1000        641      0.626      0.172      0.122     0.0408
[YOLOv5] epoch 3/100 running
[YOLOv5] validation: all       1000        641      0.651      0.168      0.161     0.0546
[YOLOv5] epoch 4/100 running
[YOLOv5] validation: all       1000        641        0.7      0.173      0.207     0.0776
[YOLOv5] epoch 5/100 running
[YOLOv5] validation: all       1000        641      0.632       0.33       0.35      0.152
[YOLOv5] epoch 6/100 running
[YOLOv5] validation: all       1000        641      0.642      0.296      0.327      0.124
[YOLOv5] epoch 7/100 running
[YOLOv5] validation: all       1000        641      0.635      0.305      0.283      0.126
[YOLOv5] epoch 8/100 running
[YOLOv5] validation: all       1000        641      0.665      0.357      0.372      0.157
[YOLOv5] epoch 9/100 running
[YOLOv5] validation: all       1000        641      0.656      0.347      0.361      0.164
[YOLOv5] epoch 10/100 running
[YOLOv5] validation: all       1000        641      0.675      0.335      0.353       0.15
[YOLOv5] epoch 11/100 running
[YOLOv5] validation: all       1000        641      0.731      0.312      0.382      0.175
[YOLOv5] epoch 12/100 running
[YOLOv5] validation: all       1000        641      0.694      0.403      0.438      0.207
[YOLOv5] epoch 13/100 running
[YOLOv5] validation: all       1000        641      0.722      0.344      0.387      0.171
[YOLOv5] epoch 14/100 running
[YOLOv5] validation: all       1000        641      0.728      0.312      0.323      0.134
[YOLOv5] epoch 15/100 running
[YOLOv5] validation: all       1000        641      0.762      0.394       0.44      0.204
[YOLOv5] epoch 16/100 running
[YOLOv5] validation: all       1000        641      0.734      0.351      0.391      0.181
[YOLOv5] epoch 17/100 running
[YOLOv5] validation: all       1000        641       0.77      0.334      0.411      0.194
[YOLOv5] epoch 18/100 running
[YOLOv5] validation: all       1000        641      0.725      0.393      0.413      0.187
[YOLOv5] epoch 19/100 running
[YOLOv5] validation: all       1000        641      0.759      0.376      0.423      0.189
[YOLOv5] epoch 20/100 running
[YOLOv5] validation: all       1000        641      0.725      0.387      0.425      0.215
[YOLOv5] epoch 21/100 running
[YOLOv5] validation: all       1000        641      0.705      0.422      0.443      0.221
[YOLOv5] epoch 22/100 running
[YOLOv5] validation: all       1000        641      0.776      0.387       0.45      0.221
[YOLOv5] epoch 23/100 running
[YOLOv5] validation: all       1000        641      0.719      0.393      0.426      0.208
[YOLOv5] epoch 24/100 running
[YOLOv5] validation: all       1000        641      0.728      0.399      0.439      0.221
[YOLOv5] epoch 25/100 running
[YOLOv5] validation: all       1000        641      0.723      0.327      0.352      0.166
[YOLOv5] epoch 26/100 running
[YOLOv5] validation: all       1000        641      0.784      0.428      0.471      0.241
[YOLOv5] epoch 27/100 running
[YOLOv5] validation: all       1000        641      0.787      0.385      0.441      0.221
[YOLOv5] epoch 28/100 running
[YOLOv5] validation: all       1000        641       0.77      0.396      0.449      0.222
[YOLOv5] epoch 29/100 running
[YOLOv5] validation: all       1000        641      0.777      0.406      0.454      0.238
[YOLOv5] epoch 30/100 running
[YOLOv5] validation: all       1000        641       0.82      0.404      0.462      0.233
[YOLOv5] epoch 31/100 running
[YOLOv5] validation: all       1000        641      0.773      0.398      0.443       0.22
[YOLOv5] epoch 32/100 running
[YOLOv5] validation: all       1000        641      0.828      0.414      0.478      0.237
[YOLOv5] epoch 33/100 running
[YOLOv5] validation: all       1000        641      0.727      0.463      0.483       0.25
[YOLOv5] epoch 34/100 running
[YOLOv5] validation: all       1000        641      0.806      0.449      0.481      0.245
[YOLOv5] epoch 35/100 running
[YOLOv5] validation: all       1000        641      0.788      0.409      0.461      0.232
[YOLOv5] epoch 36/100 running
[YOLOv5] validation: all       1000        641      0.796      0.424       0.49      0.247
[YOLOv5] epoch 37/100 running
[YOLOv5] validation: all       1000        641      0.815      0.435      0.499      0.242
[YOLOv5] epoch 38/100 running
[YOLOv5] validation: all       1000        641      0.819       0.42      0.481      0.242
[YOLOv5] epoch 39/100 running
[YOLOv5] validation: all       1000        641      0.783      0.419      0.465      0.235
[YOLOv5] epoch 40/100 running
[YOLOv5] validation: all       1000        641      0.825      0.426      0.492      0.251
[YOLOv5] epoch 41/100 running
[YOLOv5] validation: all       1000        641      0.853      0.424      0.504      0.254
[YOLOv5] epoch 42/100 running
[YOLOv5] validation: all       1000        641      0.831      0.423      0.499      0.245
[YOLOv5] epoch 43/100 running
[YOLOv5] validation: all       1000        641      0.801      0.403      0.454      0.221
[YOLOv5] epoch 44/100 running
[YOLOv5] validation: all       1000        641      0.824        0.4      0.475      0.244
[YOLOv5] epoch 45/100 running
[YOLOv5] validation: all       1000        641      0.791      0.427      0.484       0.25
[YOLOv5] epoch 46/100 running
[YOLOv5] validation: all       1000        641      0.823      0.439      0.481      0.258
[YOLOv5] epoch 47/100 running
[YOLOv5] validation: all       1000        641      0.789      0.454      0.506      0.264
[YOLOv5] epoch 48/100 running
[YOLOv5] validation: all       1000        641      0.803      0.442      0.494      0.252
[YOLOv5] epoch 49/100 running
[YOLOv5] validation: all       1000        641      0.832      0.443      0.509      0.261
[YOLOv5] epoch 50/100 running
[YOLOv5] validation: all       1000        641      0.736      0.457      0.474      0.236
[YOLOv5] epoch 51/100 running
[YOLOv5] validation: all       1000        641      0.825      0.469      0.511      0.267
[YOLOv5] epoch 52/100 running
[YOLOv5] validation: all       1000        641      0.849      0.459      0.514      0.265
[YOLOv5] epoch 53/100 running
[YOLOv5] validation: all       1000        641      0.717      0.457      0.469      0.241
[YOLOv5] epoch 54/100 running
[YOLOv5] validation: all       1000        641      0.838      0.392      0.467      0.224
[YOLOv5] epoch 55/100 running
[YOLOv5] validation: all       1000        641      0.834      0.435      0.473       0.25
[YOLOv5] epoch 56/100 running
[YOLOv5] validation: all       1000        641      0.797      0.437      0.487       0.27
[YOLOv5] epoch 57/100 running
[YOLOv5] validation: all       1000        641      0.821      0.419      0.489      0.262
[YOLOv5] epoch 58/100 running
[YOLOv5] validation: all       1000        641      0.845      0.426      0.494      0.261
[YOLOv5] epoch 59/100 running
[YOLOv5] validation: all       1000        641      0.785      0.453      0.478      0.249
[YOLOv5] epoch 60/100 running
[YOLOv5] validation: all       1000        641      0.829      0.431      0.498      0.271
[YOLOv5] epoch 61/100 running
[YOLOv5] validation: all       1000        641      0.788       0.45      0.486       0.26
[YOLOv5] epoch 62/100 running
[YOLOv5] validation: all       1000        641      0.799       0.44      0.515      0.277
[YOLOv5] epoch 63/100 running
[YOLOv5] validation: all       1000        641      0.831      0.414      0.495      0.254
[YOLOv5] epoch 64/100 running
[YOLOv5] validation: all       1000        641      0.536      0.522      0.511      0.264
[YOLOv5] epoch 65/100 running
[YOLOv5] validation: all       1000        641       0.58      0.535      0.535      0.279
[YOLOv5] epoch 66/100 running
[YOLOv5] validation: all       1000        641       0.62      0.505      0.543      0.287
[YOLOv5] epoch 67/100 running
[YOLOv5] validation: all       1000        641      0.561      0.532      0.517       0.28
[YOLOv5] epoch 68/100 running
[YOLOv5] validation: all       1000        641      0.519       0.57      0.514      0.282
[YOLOv5] epoch 69/100 running
[YOLOv5] validation: all       1000        641      0.592      0.533       0.51      0.287
[YOLOv5] epoch 70/100 running
[YOLOv5] validation: all       1000        641       0.57      0.559      0.535      0.294
[YOLOv5] epoch 71/100 running
[YOLOv5] validation: all       1000        641      0.639      0.487      0.519      0.288
[YOLOv5] epoch 72/100 running
[YOLOv5] validation: all       1000        641       0.63      0.463      0.505      0.273
[YOLOv5] epoch 73/100 running
[YOLOv5] validation: all       1000        641      0.653      0.494      0.523      0.293
[YOLOv5] epoch 74/100 running
[YOLOv5] validation: all       1000        641      0.632      0.489      0.513      0.283
[YOLOv5] epoch 75/100 running
[YOLOv5] validation: all       1000        641      0.595      0.491      0.511      0.268
[YOLOv5] epoch 76/100 running
[YOLOv5] validation: all       1000        641       0.62      0.489       0.51      0.271
[YOLOv5] epoch 77/100 running
[YOLOv5] validation: all       1000        641      0.705       0.45      0.535      0.285
[YOLOv5] epoch 78/100 running
[YOLOv5] validation: all       1000        641      0.535        0.5      0.486      0.267
[YOLOv5] epoch 79/100 running
[YOLOv5] validation: all       1000        641       0.82      0.451      0.497      0.272
[YOLOv5] epoch 80/100 running
[YOLOv5] validation: all       1000        641      0.747      0.488      0.529      0.288
[YOLOv5] epoch 81/100 running
[YOLOv5] validation: all       1000        641      0.581      0.532      0.511      0.277
[YOLOv5] epoch 82/100 running
[YOLOv5] validation: all       1000        641      0.672      0.523      0.544      0.285
[YOLOv5] epoch 83/100 running
[YOLOv5] validation: all       1000        641      0.672       0.48      0.518      0.282
[YOLOv5] epoch 84/100 running
[YOLOv5] validation: all       1000        641      0.616      0.542      0.528      0.279
[YOLOv5] epoch 85/100 running
[YOLOv5] validation: all       1000        641      0.593      0.547       0.53       0.29
[YOLOv5] epoch 86/100 running
[YOLOv5] validation: all       1000        641      0.597      0.547       0.53       0.29
[YOLOv5] epoch 87/100 running
[YOLOv5] validation: all       1000        641      0.674      0.546      0.552      0.305
[YOLOv5] epoch 88/100 running
[YOLOv5] validation: all       1000        641      0.601      0.553      0.541      0.297
[YOLOv5] epoch 89/100 running
[YOLOv5] validation: all       1000        641      0.599      0.538      0.531      0.293
[YOLOv5] epoch 90/100 running
[YOLOv5] validation: all       1000        641      0.593      0.524      0.524      0.295
[YOLOv5] epoch 91/100 running
[YOLOv5] validation: all       1000        641       0.66      0.508      0.538      0.298
[YOLOv5] epoch 92/100 running
[YOLOv5] validation: all       1000        641      0.612      0.525       0.54      0.296
[YOLOv5] epoch 93/100 running
[YOLOv5] validation: all       1000        641      0.727      0.446      0.529      0.291
[YOLOv5] epoch 94/100 running
[YOLOv5] validation: all       1000        641      0.825      0.455      0.537      0.306
[YOLOv5] epoch 95/100 running
[YOLOv5] validation: all       1000        641      0.826      0.447      0.536      0.302
[YOLOv5] epoch 96/100 running
[YOLOv5] validation: all       1000        641      0.595      0.529      0.523       0.29
[YOLOv5] epoch 97/100 running
[YOLOv5] validation: all       1000        641      0.666      0.491      0.527      0.294
[YOLOv5] epoch 98/100 running
[YOLOv5] validation: all       1000        641      0.645      0.506      0.524      0.293
[YOLOv5] epoch 99/100 running
[YOLOv5] validation: all       1000        641      0.652      0.499      0.526      0.292
[YOLOv5] epoch 100/100 running
[YOLOv5] validation: all       1000        641       0.61      0.503      0.526      0.294
[YOLOv5] 100 epochs completed in 0.396 hours.
[YOLOv5] validation: all       1000        641      0.674      0.546      0.552      0.305
[Task] training completed: 1639.1s
[Task] evaluating: checkpoint=last, group=test, samples=1000
[YOLOv5] validation: all       1000        614      0.775      0.414      0.458      0.218
[Task] evaluation: checkpoint=last, group=test, mAP50-95=0.2184, mAP50=0.4582, time=79.2s
[Task] evaluating: checkpoint=best, group=test, samples=1000
[YOLOv5] validation: all       1000        614      0.769      0.432      0.467      0.223
[Task] evaluation: checkpoint=best, group=test, mAP50-95=0.2225, mAP50=0.4666, time=77.7s
[Task] completed: evaluation=156.9s, output=/home/lijinhe/work/YOLO_Retraining/runs/studies/balance_learning_curve_2batch_dedup_contrast/sequences/Balance_LC2B_ordered_tau096_mixed_release_drop_bg__seq-full-cold__stage0-stage7__yolov5s__s42/tasks/006__stage6__full-cold
[Task] output: /home/lijinhe/work/YOLO_Retraining/runs/studies/balance_learning_curve_2batch_dedup_contrast/sequences/Balance_LC2B_ordered_tau096_mixed_release_drop_bg__seq-full-cold__stage0-stage7__yolov5s__s42/tasks/007__stage7__full-cold
[Task] data: current=105, candidate=2378, validation=1000, test=1000
[Task] selection: policy=full, selected=2378, groups={'candidate': 2378}, time=0.001s
[Task] training: backend=yolov5, epochs=100, batch=64, device=0
[YOLOv5] epoch 1/100 running
[YOLOv5] validation: all       1000        641      0.533     0.0433     0.0151    0.00421
[YOLOv5] epoch 2/100 running
[YOLOv5] validation: all       1000        641      0.662      0.193      0.135     0.0387
[YOLOv5] epoch 3/100 running
[YOLOv5] validation: all       1000        641      0.683      0.122      0.134     0.0463
[YOLOv5] epoch 4/100 running
[YOLOv5] validation: all       1000        641      0.477      0.381      0.288      0.103
[YOLOv5] epoch 5/100 running
[YOLOv5] validation: all       1000        641      0.488      0.288      0.211     0.0778
[YOLOv5] epoch 6/100 running
[YOLOv5] validation: all       1000        641      0.658      0.244      0.279      0.112
[YOLOv5] epoch 7/100 running
[YOLOv5] validation: all       1000        641      0.665       0.35      0.342       0.14
[YOLOv5] epoch 8/100 running
[YOLOv5] validation: all       1000        641      0.688      0.351      0.367      0.144
[YOLOv5] epoch 9/100 running
[YOLOv5] validation: all       1000        641      0.626      0.314      0.318      0.137
[YOLOv5] epoch 10/100 running
[YOLOv5] validation: all       1000        641      0.674      0.322      0.338      0.135
[YOLOv5] epoch 11/100 running
[YOLOv5] validation: all       1000        641       0.69      0.311      0.327      0.142
[YOLOv5] epoch 12/100 running
[YOLOv5] validation: all       1000        641      0.681       0.31      0.349      0.164
[YOLOv5] epoch 13/100 running
[YOLOv5] validation: all       1000        641      0.675      0.336      0.339      0.155
[YOLOv5] epoch 14/100 running
[YOLOv5] validation: all       1000        641      0.759      0.366      0.422      0.178
[YOLOv5] epoch 15/100 running
[YOLOv5] validation: all       1000        641      0.701      0.406      0.417      0.187
[YOLOv5] epoch 16/100 running
[YOLOv5] validation: all       1000        641      0.707      0.344      0.359       0.14
[YOLOv5] epoch 17/100 running
[YOLOv5] validation: all       1000        641      0.753      0.364      0.401      0.193
[YOLOv5] epoch 18/100 running
[YOLOv5] validation: all       1000        641      0.776      0.366      0.412      0.181
[YOLOv5] epoch 19/100 running
[YOLOv5] validation: all       1000        641      0.698      0.427      0.416       0.21
[YOLOv5] epoch 20/100 running
[YOLOv5] validation: all       1000        641      0.795      0.372      0.443      0.213
[YOLOv5] epoch 21/100 running
[YOLOv5] validation: all       1000        641      0.825      0.395      0.469      0.236
[YOLOv5] epoch 22/100 running
[YOLOv5] validation: all       1000        641      0.735      0.408      0.439      0.212
[YOLOv5] epoch 23/100 running
[YOLOv5] validation: all       1000        641      0.728      0.412      0.434      0.211
[YOLOv5] epoch 24/100 running
[YOLOv5] validation: all       1000        641      0.744      0.446      0.477      0.242
[YOLOv5] epoch 25/100 running
[YOLOv5] validation: all       1000        641      0.798      0.411       0.47      0.246
[YOLOv5] epoch 26/100 running
[YOLOv5] validation: all       1000        641      0.769      0.434      0.442      0.235
[YOLOv5] epoch 27/100 running
[YOLOv5] validation: all       1000        641      0.751      0.405      0.448      0.224
[YOLOv5] epoch 28/100 running
[YOLOv5] validation: all       1000        641      0.782      0.425      0.474      0.255
[YOLOv5] epoch 29/100 running
[YOLOv5] validation: all       1000        641      0.801      0.453      0.483      0.239
[YOLOv5] epoch 30/100 running
[YOLOv5] validation: all       1000        641       0.79      0.415      0.465      0.247
[YOLOv5] epoch 31/100 running
[YOLOv5] validation: all       1000        641      0.791      0.437      0.485      0.239
[YOLOv5] epoch 32/100 running
[YOLOv5] validation: all       1000        641      0.818      0.446      0.492      0.253
[YOLOv5] epoch 33/100 running
[YOLOv5] validation: all       1000        641      0.802      0.457      0.478      0.235
[YOLOv5] epoch 34/100 running
[YOLOv5] validation: all       1000        641      0.765      0.399      0.459      0.231
[YOLOv5] epoch 35/100 running
[YOLOv5] validation: all       1000        641      0.829      0.403      0.478      0.248
[YOLOv5] epoch 36/100 running
[YOLOv5] validation: all       1000        641      0.797      0.428      0.487      0.253
[YOLOv5] epoch 37/100 running
[YOLOv5] validation: all       1000        641      0.798      0.427      0.476      0.261
[YOLOv5] epoch 38/100 running
[YOLOv5] validation: all       1000        641      0.809       0.45      0.501      0.267
[YOLOv5] epoch 39/100 running
[YOLOv5] validation: all       1000        641      0.765      0.435      0.478      0.254
[YOLOv5] epoch 40/100 running
[YOLOv5] validation: all       1000        641      0.809      0.415      0.482      0.263
[YOLOv5] epoch 41/100 running
[YOLOv5] validation: all       1000        641       0.81      0.424      0.486      0.252
[YOLOv5] epoch 42/100 running
[YOLOv5] validation: all       1000        641      0.789      0.424      0.478      0.247
[YOLOv5] epoch 43/100 running
[YOLOv5] validation: all       1000        641      0.757      0.471      0.493      0.242
[YOLOv5] epoch 44/100 running
[YOLOv5] validation: all       1000        641      0.762      0.463      0.493      0.259
[YOLOv5] epoch 45/100 running
[YOLOv5] validation: all       1000        641       0.86      0.417      0.492      0.269
[YOLOv5] epoch 46/100 running
[YOLOv5] validation: all       1000        641       0.81      0.413      0.457      0.235
[YOLOv5] epoch 47/100 running
[YOLOv5] validation: all       1000        641      0.826      0.418      0.486      0.267
[YOLOv5] epoch 48/100 running
[YOLOv5] validation: all       1000        641      0.819      0.447        0.5      0.273
[YOLOv5] epoch 49/100 running
[YOLOv5] validation: all       1000        641      0.816      0.459      0.505      0.263
[YOLOv5] epoch 50/100 running
[YOLOv5] validation: all       1000        641      0.804      0.436      0.491      0.274
[YOLOv5] epoch 51/100 running
[YOLOv5] validation: all       1000        641      0.798      0.439      0.502      0.277
[YOLOv5] epoch 52/100 running
[YOLOv5] validation: all       1000        641      0.864      0.424      0.505      0.273
[YOLOv5] epoch 53/100 running
[YOLOv5] validation: all       1000        641      0.782      0.479       0.51      0.279
[YOLOv5] epoch 54/100 running
[YOLOv5] validation: all       1000        641      0.799      0.442      0.496      0.268
[YOLOv5] epoch 55/100 running
[YOLOv5] validation: all       1000        641      0.786      0.464      0.498      0.279
[YOLOv5] epoch 56/100 running
[YOLOv5] validation: all       1000        641      0.834      0.431        0.5      0.278
[YOLOv5] epoch 57/100 running
[YOLOv5] validation: all       1000        641      0.828      0.471      0.519       0.28
[YOLOv5] epoch 58/100 running
[YOLOv5] validation: all       1000        641      0.833      0.433      0.501       0.26
[YOLOv5] epoch 59/100 running
[YOLOv5] validation: all       1000        641      0.817      0.454        0.5      0.267
[YOLOv5] epoch 60/100 running
[YOLOv5] validation: all       1000        641      0.839      0.439      0.502      0.276
[YOLOv5] epoch 61/100 running
[YOLOv5] validation: all       1000        641      0.823      0.467        0.5      0.284
[YOLOv5] epoch 62/100 running
[YOLOv5] validation: all       1000        641      0.807      0.469      0.515      0.284
[YOLOv5] epoch 63/100 running
[YOLOv5] validation: all       1000        641      0.862      0.452      0.517      0.285
[YOLOv5] epoch 64/100 running
[YOLOv5] validation: all       1000        641      0.816      0.477      0.525      0.287
[YOLOv5] epoch 65/100 running
[YOLOv5] validation: all       1000        641      0.837      0.462       0.53      0.288
[YOLOv5] epoch 66/100 running
[YOLOv5] validation: all       1000        641       0.81      0.439      0.493      0.271
[YOLOv5] epoch 67/100 running
[YOLOv5] validation: all       1000        641      0.832      0.439       0.49      0.265
[YOLOv5] epoch 68/100 running
[YOLOv5] validation: all       1000        641      0.824      0.456      0.525      0.291
[YOLOv5] epoch 69/100 running
[YOLOv5] validation: all       1000        641      0.833      0.449      0.513      0.276
[YOLOv5] epoch 70/100 running
[YOLOv5] validation: all       1000        641      0.839      0.441      0.503      0.268
[YOLOv5] epoch 71/100 running
[YOLOv5] validation: all       1000        641       0.82      0.455      0.511      0.283
[YOLOv5] epoch 72/100 running
[YOLOv5] validation: all       1000        641      0.841      0.443      0.511      0.275
[YOLOv5] epoch 73/100 running
[YOLOv5] validation: all       1000        641      0.824      0.459      0.507      0.277
[YOLOv5] epoch 74/100 running
[YOLOv5] validation: all       1000        641      0.823      0.455      0.506      0.281
[YOLOv5] epoch 75/100 running
[YOLOv5] validation: all       1000        641      0.858      0.458      0.524      0.291
[YOLOv5] epoch 76/100 running
[YOLOv5] validation: all       1000        641      0.864      0.448      0.522      0.277
[YOLOv5] epoch 77/100 running
[YOLOv5] validation: all       1000        641      0.831      0.454      0.512      0.279
[YOLOv5] epoch 78/100 running
[YOLOv5] validation: all       1000        641      0.811      0.456       0.51      0.284
[YOLOv5] epoch 79/100 running
[YOLOv5] validation: all       1000        641      0.834      0.441      0.514      0.289
[YOLOv5] epoch 80/100 running
[YOLOv5] validation: all       1000        641      0.839      0.445      0.512      0.288
[YOLOv5] epoch 81/100 running
[YOLOv5] validation: all       1000        641      0.838      0.462      0.528      0.295
[YOLOv5] epoch 82/100 running
[YOLOv5] validation: all       1000        641       0.82       0.47      0.533      0.294
[YOLOv5] epoch 83/100 running
[YOLOv5] validation: all       1000        641      0.844      0.447      0.526      0.285
[YOLOv5] epoch 84/100 running
[YOLOv5] validation: all       1000        641      0.836       0.46      0.522      0.286
[YOLOv5] epoch 85/100 running
[YOLOv5] validation: all       1000        641      0.532      0.528      0.521      0.293
[YOLOv5] epoch 86/100 running
[YOLOv5] validation: all       1000        641      0.537      0.486      0.521      0.291
[YOLOv5] epoch 87/100 running
[YOLOv5] validation: all       1000        641      0.544      0.559      0.543      0.304
[YOLOv5] epoch 88/100 running
[YOLOv5] validation: all       1000        641      0.891      0.426      0.527      0.288
[YOLOv5] epoch 89/100 running
[YOLOv5] validation: all       1000        641      0.845       0.45       0.52      0.293
[YOLOv5] epoch 90/100 running
[YOLOv5] validation: all       1000        641      0.792      0.488      0.524      0.295
[YOLOv5] epoch 91/100 running
[YOLOv5] validation: all       1000        641      0.837      0.462      0.515      0.289
[YOLOv5] epoch 92/100 running
[YOLOv5] validation: all       1000        641      0.825      0.461      0.518      0.288
[YOLOv5] epoch 93/100 running
[YOLOv5] validation: all       1000        641      0.841      0.449      0.517       0.29
[YOLOv5] epoch 94/100 running
[YOLOv5] validation: all       1000        641      0.829      0.451      0.519      0.296
[YOLOv5] epoch 95/100 running
[YOLOv5] validation: all       1000        641      0.835      0.453      0.515      0.291
[YOLOv5] epoch 96/100 running
[YOLOv5] validation: all       1000        641      0.851      0.437      0.516       0.29
[YOLOv5] epoch 97/100 running
[YOLOv5] validation: all       1000        641      0.847      0.459      0.524      0.295
[YOLOv5] epoch 98/100 running
[YOLOv5] validation: all       1000        641      0.847      0.458      0.529        0.3
[YOLOv5] epoch 99/100 running
[YOLOv5] validation: all       1000        641      0.818      0.475      0.521      0.295
[YOLOv5] epoch 100/100 running
[YOLOv5] validation: all       1000        641      0.561       0.48      0.524      0.297
[YOLOv5] 100 epochs completed in 0.396 hours.
[YOLOv5] validation: all       1000        641      0.545      0.559      0.543      0.304
[Task] training completed: 1645.6s
[Task] evaluating: checkpoint=last, group=test, samples=1000
[YOLOv5] validation: all       1000        614      0.822      0.397      0.474      0.212
[Task] evaluation: checkpoint=last, group=test, mAP50-95=0.2120, mAP50=0.4742, time=71.2s
[Task] evaluating: checkpoint=best, group=test, samples=1000
[YOLOv5] validation: all       1000        614      0.809      0.396      0.472      0.216
[Task] evaluation: checkpoint=best, group=test, mAP50-95=0.2161, mAP50=0.4718, time=79.2s
[Task] completed: evaluation=150.4s, output=/home/lijinhe/work/YOLO_Retraining/runs/studies/balance_learning_curve_2batch_dedup_contrast/sequences/Balance_LC2B_ordered_tau096_mixed_release_drop_bg__seq-full-cold__stage0-stage7__yolov5s__s42/tasks/007__stage7__full-cold
/home/lijinhe/work/YOLO_Retraining/runs/studies/balance_learning_curve_2batch_dedup_contrast/sequences/Balance_LC2B_ordered_tau096_mixed_release_drop_bg__seq-full-cold__stage0-stage7__yolov5s__s42
