[Task] output: /home/lijinhe/work/YOLO_Retraining/runs/studies/balance_learning_curve_2batch_dedup_contrast/sequences/Balance_LC2B_ordered_dedup_tau099__seq-full-cold__stage0-stage7__yolov5s__s42/tasks/000__stage0__full-cold
[Task] data: current=972, candidate=972, validation=1000, test=1000
[Task] selection: policy=full, selected=972, groups={'candidate': 972}, time=0.000s
[Task] training: backend=yolov5, epochs=100, batch=64, device=0
[YOLOv5] epoch 1/100 running
[YOLOv5] validation: all       1000        641   0.000532      0.273    0.00066   0.000138
[YOLOv5] epoch 2/100 running
[YOLOv5] validation: all       1000        641   0.000931      0.548     0.0132    0.00296
[YOLOv5] epoch 3/100 running
[YOLOv5] validation: all       1000        641    0.00105      0.553       0.02    0.00463
[YOLOv5] epoch 4/100 running
[YOLOv5] validation: all       1000        641      0.307      0.338      0.114     0.0311
[YOLOv5] epoch 5/100 running
[YOLOv5] validation: all       1000        641      0.625      0.148      0.136     0.0441
[YOLOv5] epoch 6/100 running
[YOLOv5] validation: all       1000        641      0.491      0.218      0.216     0.0829
[YOLOv5] epoch 7/100 running
[YOLOv5] validation: all       1000        641      0.458      0.301      0.192     0.0627
[YOLOv5] epoch 8/100 running
[YOLOv5] validation: all       1000        641      0.489      0.204      0.186     0.0731
[YOLOv5] epoch 9/100 running
[YOLOv5] validation: all       1000        641      0.622      0.139      0.139     0.0584
[YOLOv5] epoch 10/100 running
[YOLOv5] validation: all       1000        641      0.489      0.104     0.0955     0.0355
[YOLOv5] epoch 11/100 running
[YOLOv5] validation: all       1000        641      0.549      0.251      0.168     0.0741
[YOLOv5] epoch 12/100 running
[YOLOv5] validation: all       1000        641      0.534      0.254      0.195     0.0808
[YOLOv5] epoch 13/100 running
[YOLOv5] validation: all       1000        641      0.603      0.232      0.227        0.1
[YOLOv5] epoch 14/100 running
[YOLOv5] validation: all       1000        641      0.505      0.254       0.21     0.0731
[YOLOv5] epoch 15/100 running
[YOLOv5] validation: all       1000        641      0.567      0.266      0.253     0.0855
[YOLOv5] epoch 16/100 running
[YOLOv5] validation: all       1000        641      0.593      0.246      0.236     0.0934
[YOLOv5] epoch 17/100 running
[YOLOv5] validation: all       1000        641      0.538      0.224       0.16     0.0583
[YOLOv5] epoch 18/100 running
[YOLOv5] validation: all       1000        641      0.623      0.237      0.259      0.109
[YOLOv5] epoch 19/100 running
[YOLOv5] validation: all       1000        641      0.563      0.285      0.244      0.104
[YOLOv5] epoch 20/100 running
[YOLOv5] validation: all       1000        641      0.689      0.271      0.298      0.124
[YOLOv5] epoch 21/100 running
[YOLOv5] validation: all       1000        641      0.658      0.311      0.308      0.138
[YOLOv5] epoch 22/100 running
[YOLOv5] validation: all       1000        641       0.58      0.256      0.235      0.081
[YOLOv5] epoch 23/100 running
[YOLOv5] validation: all       1000        641      0.626       0.29      0.281      0.136
[YOLOv5] epoch 24/100 running
[YOLOv5] validation: all       1000        641      0.636      0.294      0.286      0.135
[YOLOv5] epoch 25/100 running
[YOLOv5] validation: all       1000        641      0.696      0.279       0.31      0.142
[YOLOv5] epoch 26/100 running
[YOLOv5] validation: all       1000        641      0.578      0.299      0.279      0.116
[YOLOv5] epoch 27/100 running
[YOLOv5] validation: all       1000        641      0.657        0.3      0.308      0.128
[YOLOv5] epoch 28/100 running
[YOLOv5] validation: all       1000        641      0.702      0.278      0.324      0.148
[YOLOv5] epoch 29/100 running
[YOLOv5] validation: all       1000        641      0.732        0.3      0.334      0.151
[YOLOv5] epoch 30/100 running
[YOLOv5] validation: all       1000        641      0.628      0.305      0.292      0.127
[YOLOv5] epoch 31/100 running
[YOLOv5] validation: all       1000        641      0.697      0.233      0.256     0.0842
[YOLOv5] epoch 32/100 running
[YOLOv5] validation: all       1000        641      0.734      0.306      0.323      0.154
[YOLOv5] epoch 33/100 running
[YOLOv5] validation: all       1000        641       0.73      0.302      0.341      0.166
[YOLOv5] epoch 34/100 running
[YOLOv5] validation: all       1000        641       0.66      0.322      0.329      0.154
[YOLOv5] epoch 35/100 running
[YOLOv5] validation: all       1000        641      0.706       0.33      0.324      0.153
[YOLOv5] epoch 36/100 running
[YOLOv5] validation: all       1000        641      0.628       0.32      0.313      0.153
[YOLOv5] epoch 37/100 running
[YOLOv5] validation: all       1000        641      0.699      0.326       0.34       0.14
[YOLOv5] epoch 38/100 running
[YOLOv5] validation: all       1000        641      0.657      0.342      0.351      0.171
[YOLOv5] epoch 39/100 running
[YOLOv5] validation: all       1000        641      0.653      0.331      0.324      0.166
[YOLOv5] epoch 40/100 running
[YOLOv5] validation: all       1000        641      0.652      0.329      0.331      0.154
[YOLOv5] epoch 41/100 running
[YOLOv5] validation: all       1000        641       0.67      0.304      0.318      0.156
[YOLOv5] epoch 42/100 running
[YOLOv5] validation: all       1000        641      0.804      0.301      0.357      0.152
[YOLOv5] epoch 43/100 running
[YOLOv5] validation: all       1000        641      0.706      0.329      0.353      0.166
[YOLOv5] epoch 44/100 running
[YOLOv5] validation: all       1000        641      0.698      0.348      0.364      0.175
[YOLOv5] epoch 45/100 running
[YOLOv5] validation: all       1000        641      0.752      0.363      0.388      0.184
[YOLOv5] epoch 46/100 running
[YOLOv5] validation: all       1000        641       0.72      0.369      0.379      0.194
[YOLOv5] epoch 47/100 running
[YOLOv5] validation: all       1000        641      0.686      0.368       0.38      0.193
[YOLOv5] epoch 48/100 running
[YOLOv5] validation: all       1000        641      0.685      0.357      0.364      0.187
[YOLOv5] epoch 49/100 running
[YOLOv5] validation: all       1000        641      0.666      0.348      0.351      0.177
[YOLOv5] epoch 50/100 running
[YOLOv5] validation: all       1000        641      0.719       0.35      0.369      0.188
[YOLOv5] epoch 51/100 running
[YOLOv5] validation: all       1000        641      0.743      0.365      0.395      0.207
[YOLOv5] epoch 52/100 running
[YOLOv5] validation: all       1000        641      0.758      0.342      0.375      0.191
[YOLOv5] epoch 53/100 running
[YOLOv5] validation: all       1000        641      0.721      0.368      0.391      0.196
[YOLOv5] epoch 54/100 running
[YOLOv5] validation: all       1000        641      0.689      0.369      0.361       0.19
[YOLOv5] epoch 55/100 running
[YOLOv5] validation: all       1000        641      0.691      0.348      0.353      0.179
[YOLOv5] epoch 56/100 running
[YOLOv5] validation: all       1000        641      0.748      0.366      0.379      0.182
[YOLOv5] epoch 57/100 running
[YOLOv5] validation: all       1000        641      0.762      0.389      0.412      0.205
[YOLOv5] epoch 58/100 running
[YOLOv5] validation: all       1000        641      0.733       0.36      0.388      0.201
[YOLOv5] epoch 59/100 running
[YOLOv5] validation: all       1000        641       0.76      0.351      0.379      0.197
[YOLOv5] epoch 60/100 running
[YOLOv5] validation: all       1000        641      0.752      0.365      0.377        0.2
[YOLOv5] epoch 61/100 running
[YOLOv5] validation: all       1000        641      0.747      0.329       0.36       0.19
[YOLOv5] epoch 62/100 running
[YOLOv5] validation: all       1000        641      0.785      0.356      0.403       0.21
[YOLOv5] epoch 63/100 running
[YOLOv5] validation: all       1000        641      0.753      0.372      0.394      0.197
[YOLOv5] epoch 64/100 running
[YOLOv5] validation: all       1000        641      0.749      0.338      0.371      0.187
[YOLOv5] epoch 65/100 running
[YOLOv5] validation: all       1000        641      0.764      0.349      0.376      0.187
[YOLOv5] epoch 66/100 running
[YOLOv5] validation: all       1000        641      0.747      0.374      0.392      0.197
[YOLOv5] epoch 67/100 running
[YOLOv5] validation: all       1000        641      0.706      0.408      0.408      0.223
[YOLOv5] epoch 68/100 running
[YOLOv5] validation: all       1000        641      0.815      0.382      0.425      0.221
[YOLOv5] epoch 69/100 running
[YOLOv5] validation: all       1000        641      0.822       0.37      0.419      0.229
[YOLOv5] epoch 70/100 running
[YOLOv5] validation: all       1000        641      0.759      0.408      0.413      0.221
[YOLOv5] epoch 71/100 running
[YOLOv5] validation: all       1000        641      0.774      0.367      0.388      0.209
[YOLOv5] epoch 72/100 running
[YOLOv5] validation: all       1000        641      0.784      0.361      0.381      0.201
[YOLOv5] epoch 73/100 running
[YOLOv5] validation: all       1000        641       0.75       0.37      0.399      0.218
[YOLOv5] epoch 74/100 running
[YOLOv5] validation: all       1000        641      0.799      0.333      0.373      0.198
[YOLOv5] epoch 75/100 running
[YOLOv5] validation: all       1000        641      0.742      0.387      0.412      0.224
[YOLOv5] epoch 76/100 running
[YOLOv5] validation: all       1000        641      0.766      0.364      0.393      0.213
[YOLOv5] epoch 77/100 running
[YOLOv5] validation: all       1000        641      0.709      0.375      0.389      0.209
[YOLOv5] epoch 78/100 running
[YOLOv5] validation: all       1000        641       0.78      0.359      0.385      0.199
[YOLOv5] epoch 79/100 running
[YOLOv5] validation: all       1000        641      0.779      0.367      0.414      0.208
[YOLOv5] epoch 80/100 running
[YOLOv5] validation: all       1000        641      0.762      0.362      0.402      0.207
[YOLOv5] epoch 81/100 running
[YOLOv5] validation: all       1000        641      0.783      0.361      0.403      0.205
[YOLOv5] epoch 82/100 running
[YOLOv5] validation: all       1000        641      0.791      0.373      0.412      0.218
[YOLOv5] epoch 83/100 running
[YOLOv5] validation: all       1000        641      0.792       0.38      0.419      0.225
[YOLOv5] epoch 84/100 running
[YOLOv5] validation: all       1000        641      0.758      0.388      0.398      0.207
[YOLOv5] epoch 85/100 running
[YOLOv5] validation: all       1000        641      0.812       0.36      0.401      0.211
[YOLOv5] epoch 86/100 running
[YOLOv5] validation: all       1000        641      0.768      0.374      0.384        0.2
[YOLOv5] epoch 87/100 running
[YOLOv5] validation: all       1000        641      0.775      0.382      0.405      0.213
[YOLOv5] epoch 88/100 running
[YOLOv5] validation: all       1000        641      0.805      0.378      0.401      0.213
[YOLOv5] epoch 89/100 running
[YOLOv5] validation: all       1000        641      0.776      0.376      0.401      0.215
[YOLOv5] epoch 90/100 running
[YOLOv5] validation: all       1000        641      0.782      0.366      0.396      0.212
[YOLOv5] epoch 91/100 running
[YOLOv5] validation: all       1000        641      0.777      0.378      0.409      0.225
[YOLOv5] epoch 92/100 running
[YOLOv5] validation: all       1000        641      0.859      0.357      0.419      0.229
[YOLOv5] epoch 93/100 running
[YOLOv5] validation: all       1000        641      0.828      0.366      0.441      0.239
[YOLOv5] epoch 94/100 running
[YOLOv5] validation: all       1000        641      0.761      0.393      0.442      0.243
[YOLOv5] epoch 95/100 running
[YOLOv5] validation: all       1000        641      0.794      0.395      0.441      0.242
[YOLOv5] epoch 96/100 running
[YOLOv5] validation: all       1000        641       0.77      0.394      0.446      0.243
[YOLOv5] epoch 97/100 running
[YOLOv5] validation: all       1000        641      0.817       0.37      0.435      0.236
[YOLOv5] epoch 98/100 running
[YOLOv5] validation: all       1000        641      0.806      0.364       0.43      0.233
[YOLOv5] epoch 99/100 running
[YOLOv5] validation: all       1000        641      0.825      0.363      0.442      0.245
[YOLOv5] epoch 100/100 running
[YOLOv5] validation: all       1000        641      0.792      0.379      0.441      0.243
[YOLOv5] 100 epochs completed in 0.261 hours.
[YOLOv5] validation: all       1000        641      0.768      0.398      0.446      0.243
[Task] training completed: 1174.6s
[Task] evaluating: checkpoint=last, group=test, samples=1000
[YOLOv5] validation: all       1000        614      0.768      0.366      0.387      0.174
[Task] evaluation: checkpoint=last, group=test, mAP50-95=0.1744, mAP50=0.3870, time=84.4s
[Task] evaluating: checkpoint=best, group=test, samples=1000
[YOLOv5] validation: all       1000        614       0.75      0.347      0.377      0.167
[Task] evaluation: checkpoint=best, group=test, mAP50-95=0.1666, mAP50=0.3766, time=77.6s
[Task] completed: evaluation=162.0s, output=/home/lijinhe/work/YOLO_Retraining/runs/studies/balance_learning_curve_2batch_dedup_contrast/sequences/Balance_LC2B_ordered_dedup_tau099__seq-full-cold__stage0-stage7__yolov5s__s42/tasks/000__stage0__full-cold
[Task] output: /home/lijinhe/work/YOLO_Retraining/runs/studies/balance_learning_curve_2batch_dedup_contrast/sequences/Balance_LC2B_ordered_dedup_tau099__seq-full-cold__stage0-stage7__yolov5s__s42/tasks/001__stage1__full-cold
[Task] data: current=873, candidate=1845, validation=1000, test=1000
[Task] selection: policy=full, selected=1845, groups={'candidate': 1845}, time=0.001s
[Task] training: backend=yolov5, epochs=100, batch=64, device=0
[YOLOv5] epoch 1/100 running
[YOLOv5] validation: all       1000        641   0.000757      0.369   0.000797   0.000181
[YOLOv5] epoch 2/100 running
[YOLOv5] validation: all       1000        641      0.802     0.0451     0.0638     0.0173
[YOLOv5] epoch 3/100 running
[YOLOv5] validation: all       1000        641      0.433      0.165      0.117     0.0388
[YOLOv5] epoch 4/100 running
[YOLOv5] validation: all       1000        641      0.378      0.157     0.0914     0.0287
[YOLOv5] epoch 5/100 running
[YOLOv5] validation: all       1000        641      0.587      0.234      0.215     0.0848
[YOLOv5] epoch 6/100 running
[YOLOv5] validation: all       1000        641      0.644       0.31      0.287      0.108
[YOLOv5] epoch 7/100 running
[YOLOv5] validation: all       1000        641      0.554      0.271       0.23     0.0863
[YOLOv5] epoch 8/100 running
[YOLOv5] validation: all       1000        641      0.596      0.237       0.25     0.0921
[YOLOv5] epoch 9/100 running
[YOLOv5] validation: all       1000        641      0.653      0.245      0.219     0.0903
[YOLOv5] epoch 10/100 running
[YOLOv5] validation: all       1000        641       0.65      0.338      0.321       0.14
[YOLOv5] epoch 11/100 running
[YOLOv5] validation: all       1000        641       0.71      0.316      0.328       0.16
[YOLOv5] epoch 12/100 running
[YOLOv5] validation: all       1000        641      0.683      0.245      0.292      0.122
[YOLOv5] epoch 13/100 running
[YOLOv5] validation: all       1000        641      0.714      0.292      0.325       0.15
[YOLOv5] epoch 14/100 running
[YOLOv5] validation: all       1000        641      0.797      0.306      0.359      0.142
[YOLOv5] epoch 15/100 running
[YOLOv5] validation: all       1000        641      0.711      0.309      0.355      0.158
[YOLOv5] epoch 16/100 running
[YOLOv5] validation: all       1000        641      0.661      0.323      0.322      0.155
[YOLOv5] epoch 17/100 running
[YOLOv5] validation: all       1000        641      0.693      0.338      0.371      0.178
[YOLOv5] epoch 18/100 running
[YOLOv5] validation: all       1000        641      0.746      0.305      0.371       0.17
[YOLOv5] epoch 19/100 running
[YOLOv5] validation: all       1000        641       0.69      0.368      0.393      0.188
[YOLOv5] epoch 20/100 running
[YOLOv5] validation: all       1000        641      0.751      0.308      0.337      0.152
[YOLOv5] epoch 21/100 running
[YOLOv5] validation: all       1000        641      0.777      0.354      0.429      0.212
[YOLOv5] epoch 22/100 running
[YOLOv5] validation: all       1000        641      0.752      0.274      0.319      0.149
[YOLOv5] epoch 23/100 running
[YOLOv5] validation: all       1000        641      0.714      0.361       0.39      0.181
[YOLOv5] epoch 24/100 running
[YOLOv5] validation: all       1000        641      0.748      0.347      0.397      0.185
[YOLOv5] epoch 25/100 running
[YOLOv5] validation: all       1000        641       0.69       0.26      0.308      0.122
[YOLOv5] epoch 26/100 running
[YOLOv5] validation: all       1000        641      0.743      0.385      0.416      0.191
[YOLOv5] epoch 27/100 running
[YOLOv5] validation: all       1000        641      0.691      0.334      0.364       0.14
[YOLOv5] epoch 28/100 running
[YOLOv5] validation: all       1000        641      0.748       0.38       0.43      0.192
[YOLOv5] epoch 29/100 running
[YOLOv5] validation: all       1000        641      0.761      0.383      0.429      0.217
[YOLOv5] epoch 30/100 running
[YOLOv5] validation: all       1000        641      0.795       0.38      0.431      0.204
[YOLOv5] epoch 31/100 running
[YOLOv5] validation: all       1000        641      0.752      0.346      0.377      0.181
[YOLOv5] epoch 32/100 running
[YOLOv5] validation: all       1000        641      0.792      0.383      0.442      0.217
[YOLOv5] epoch 33/100 running
[YOLOv5] validation: all       1000        641      0.739       0.35      0.382      0.176
[YOLOv5] epoch 34/100 running
[YOLOv5] validation: all       1000        641      0.776       0.37      0.407      0.209
[YOLOv5] epoch 35/100 running
[YOLOv5] validation: all       1000        641      0.825      0.351      0.404      0.209
[YOLOv5] epoch 36/100 running
[YOLOv5] validation: all       1000        641      0.728      0.387       0.42      0.198
[YOLOv5] epoch 37/100 running
[YOLOv5] validation: all       1000        641      0.772      0.391       0.43      0.216
[YOLOv5] epoch 38/100 running
[YOLOv5] validation: all       1000        641      0.684      0.385      0.384      0.193
[YOLOv5] epoch 39/100 running
[YOLOv5] validation: all       1000        641      0.748      0.411      0.438      0.194
[YOLOv5] epoch 40/100 running
[YOLOv5] validation: all       1000        641      0.735      0.399      0.412      0.197
[YOLOv5] epoch 41/100 running
[YOLOv5] validation: all       1000        641      0.819      0.393      0.453       0.22
[YOLOv5] epoch 42/100 running
[YOLOv5] validation: all       1000        641      0.749      0.392      0.409      0.196
[YOLOv5] epoch 43/100 running
[YOLOv5] validation: all       1000        641      0.792      0.373      0.421      0.203
[YOLOv5] epoch 44/100 running
[YOLOv5] validation: all       1000        641      0.705      0.435      0.429      0.207
[YOLOv5] epoch 45/100 running
[YOLOv5] validation: all       1000        641      0.765      0.411      0.439      0.219
[YOLOv5] epoch 46/100 running
[YOLOv5] validation: all       1000        641      0.767      0.377      0.423      0.204
[YOLOv5] epoch 47/100 running
[YOLOv5] validation: all       1000        641      0.779      0.385      0.442      0.232
[YOLOv5] epoch 48/100 running
[YOLOv5] validation: all       1000        641      0.771      0.409      0.447      0.224
[YOLOv5] epoch 49/100 running
[YOLOv5] validation: all       1000        641      0.836      0.401      0.461      0.232
[YOLOv5] epoch 50/100 running
[YOLOv5] validation: all       1000        641      0.849      0.355      0.427      0.222
[YOLOv5] epoch 51/100 running
[YOLOv5] validation: all       1000        641      0.758      0.406      0.441       0.22
[YOLOv5] epoch 52/100 running
[YOLOv5] validation: all       1000        641      0.771      0.392      0.424      0.211
[YOLOv5] epoch 53/100 running
[YOLOv5] validation: all       1000        641      0.772      0.406      0.433      0.224
[YOLOv5] epoch 54/100 running
[YOLOv5] validation: all       1000        641      0.849      0.408      0.472      0.249
[YOLOv5] epoch 55/100 running
[YOLOv5] validation: all       1000        641      0.843      0.372      0.453      0.243
[YOLOv5] epoch 56/100 running
[YOLOv5] validation: all       1000        641      0.801      0.422      0.466      0.256
[YOLOv5] epoch 57/100 running
[YOLOv5] validation: all       1000        641      0.815      0.403      0.462      0.246
[YOLOv5] epoch 58/100 running
[YOLOv5] validation: all       1000        641      0.844      0.407      0.489      0.262
[YOLOv5] epoch 59/100 running
[YOLOv5] validation: all       1000        641      0.773      0.434      0.479      0.261
[YOLOv5] epoch 60/100 running
[YOLOv5] validation: all       1000        641      0.812       0.42      0.465      0.241
[YOLOv5] epoch 61/100 running
[YOLOv5] validation: all       1000        641      0.808      0.396      0.469      0.244
[YOLOv5] epoch 62/100 running
[YOLOv5] validation: all       1000        641      0.812      0.405      0.446      0.229
[YOLOv5] epoch 63/100 running
[YOLOv5] validation: all       1000        641      0.817        0.4      0.486       0.26
[YOLOv5] epoch 64/100 running
[YOLOv5] validation: all       1000        641      0.777      0.432      0.498       0.27
[YOLOv5] epoch 65/100 running
[YOLOv5] validation: all       1000        641      0.825      0.394      0.459      0.234
[YOLOv5] epoch 66/100 running
[YOLOv5] validation: all       1000        641      0.837      0.397      0.497      0.267
[YOLOv5] epoch 67/100 running
[YOLOv5] validation: all       1000        641      0.761       0.43      0.464      0.252
[YOLOv5] epoch 68/100 running
[YOLOv5] validation: all       1000        641      0.822      0.421       0.48      0.258
[YOLOv5] epoch 69/100 running
[YOLOv5] validation: all       1000        641      0.765      0.437      0.511      0.282
[YOLOv5] epoch 70/100 running
[YOLOv5] validation: all       1000        641      0.792      0.419      0.456      0.244
[YOLOv5] epoch 71/100 running
[YOLOv5] validation: all       1000        641       0.58      0.452        0.5      0.271
[YOLOv5] epoch 72/100 running
[YOLOv5] validation: all       1000        641      0.528      0.465      0.463      0.246
[YOLOv5] epoch 73/100 running
[YOLOv5] validation: all       1000        641        0.8      0.407      0.474      0.255
[YOLOv5] epoch 74/100 running
[YOLOv5] validation: all       1000        641      0.791      0.394      0.442      0.239
[YOLOv5] epoch 75/100 running
[YOLOv5] validation: all       1000        641      0.547       0.53       0.53      0.295
[YOLOv5] epoch 76/100 running
[YOLOv5] validation: all       1000        641      0.621       0.49       0.49      0.268
[YOLOv5] epoch 77/100 running
[YOLOv5] validation: all       1000        641      0.571      0.505      0.476       0.27
[YOLOv5] epoch 78/100 running
[YOLOv5] validation: all       1000        641      0.498      0.434      0.466      0.251
[YOLOv5] epoch 79/100 running
[YOLOv5] validation: all       1000        641      0.521      0.463      0.481      0.268
[YOLOv5] epoch 80/100 running
[YOLOv5] validation: all       1000        641      0.531      0.543      0.503      0.286
[YOLOv5] epoch 81/100 running
[YOLOv5] validation: all       1000        641      0.612      0.455      0.476      0.263
[YOLOv5] epoch 82/100 running
[YOLOv5] validation: all       1000        641      0.642      0.445       0.47      0.264
[YOLOv5] epoch 83/100 running
[YOLOv5] validation: all       1000        641      0.807      0.409      0.485      0.277
[YOLOv5] epoch 84/100 running
[YOLOv5] validation: all       1000        641      0.615      0.454      0.524      0.298
[YOLOv5] epoch 85/100 running
[YOLOv5] validation: all       1000        641      0.567      0.495      0.517      0.284
[YOLOv5] epoch 86/100 running
[YOLOv5] validation: all       1000        641      0.577      0.497      0.512      0.282
[YOLOv5] epoch 87/100 running
[YOLOv5] validation: all       1000        641      0.564      0.412      0.476      0.264
[YOLOv5] epoch 88/100 running
[YOLOv5] validation: all       1000        641        0.6       0.46      0.504      0.276
[YOLOv5] epoch 89/100 running
[YOLOv5] validation: all       1000        641      0.548       0.52      0.525      0.289
[YOLOv5] epoch 90/100 running
[YOLOv5] validation: all       1000        641      0.524      0.498      0.511      0.288
[YOLOv5] epoch 91/100 running
[YOLOv5] validation: all       1000        641       0.61      0.469      0.514       0.29
[YOLOv5] epoch 92/100 running
[YOLOv5] validation: all       1000        641      0.634      0.464      0.511      0.294
[YOLOv5] epoch 93/100 running
[YOLOv5] validation: all       1000        641      0.632       0.47      0.526      0.304
[YOLOv5] epoch 94/100 running
[YOLOv5] validation: all       1000        641      0.629      0.456      0.509      0.284
[YOLOv5] epoch 95/100 running
[YOLOv5] validation: all       1000        641      0.596      0.461       0.51      0.289
[YOLOv5] epoch 96/100 running
[YOLOv5] validation: all       1000        641      0.611      0.451      0.519      0.297
[YOLOv5] epoch 97/100 running
[YOLOv5] validation: all       1000        641      0.613      0.467      0.517      0.294
[YOLOv5] epoch 98/100 running
[YOLOv5] validation: all       1000        641      0.539      0.489      0.524      0.293
[YOLOv5] epoch 99/100 running
[YOLOv5] validation: all       1000        641      0.556      0.496       0.51       0.29
[YOLOv5] epoch 100/100 running
[YOLOv5] validation: all       1000        641      0.555      0.495      0.498      0.282
[YOLOv5] 100 epochs completed in 0.365 hours.
[YOLOv5] validation: all       1000        641      0.547       0.53       0.53      0.295
[Task] training completed: 1532.1s
[Task] evaluating: checkpoint=last, group=test, samples=1000
[YOLOv5] validation: all       1000        614      0.788      0.418      0.469      0.225
[Task] evaluation: checkpoint=last, group=test, mAP50-95=0.2252, mAP50=0.4690, time=78.0s
[Task] evaluating: checkpoint=best, group=test, samples=1000
[YOLOv5] validation: all       1000        614      0.765      0.412      0.448      0.219
[Task] evaluation: checkpoint=best, group=test, mAP50-95=0.2190, mAP50=0.4480, time=79.7s
[Task] completed: evaluation=157.7s, output=/home/lijinhe/work/YOLO_Retraining/runs/studies/balance_learning_curve_2batch_dedup_contrast/sequences/Balance_LC2B_ordered_dedup_tau099__seq-full-cold__stage0-stage7__yolov5s__s42/tasks/001__stage1__full-cold
[Task] output: /home/lijinhe/work/YOLO_Retraining/runs/studies/balance_learning_curve_2batch_dedup_contrast/sequences/Balance_LC2B_ordered_dedup_tau099__seq-full-cold__stage0-stage7__yolov5s__s42/tasks/002__stage2__full-cold
[Task] data: current=957, candidate=2802, validation=1000, test=1000
[Task] selection: policy=full, selected=2802, groups={'candidate': 2802}, time=0.001s
[Task] training: backend=yolov5, epochs=100, batch=64, device=0
[YOLOv5] epoch 1/100 running
[YOLOv5] validation: all       1000        641     0.0022      0.602     0.0213     0.0062
[YOLOv5] epoch 2/100 running
[YOLOv5] validation: all       1000        641       0.53      0.225      0.185     0.0638
[YOLOv5] epoch 3/100 running
[YOLOv5] validation: all       1000        641      0.485      0.285      0.203     0.0785
[YOLOv5] epoch 4/100 running
[YOLOv5] validation: all       1000        641      0.487      0.232      0.154     0.0585
[YOLOv5] epoch 5/100 running
[YOLOv5] validation: all       1000        641       0.45       0.29      0.185     0.0595
[YOLOv5] epoch 6/100 running
[YOLOv5] validation: all       1000        641       0.63      0.268      0.264      0.112
[YOLOv5] epoch 7/100 running
[YOLOv5] validation: all       1000        641      0.742      0.265      0.317      0.137
[YOLOv5] epoch 8/100 running
[YOLOv5] validation: all       1000        641      0.703      0.285      0.313      0.138
[YOLOv5] epoch 9/100 running
[YOLOv5] validation: all       1000        641      0.703      0.281      0.325      0.138
[YOLOv5] epoch 10/100 running
[YOLOv5] validation: all       1000        641      0.683       0.37      0.386      0.172
[YOLOv5] epoch 11/100 running
[YOLOv5] validation: all       1000        641      0.731      0.274      0.313      0.133
[YOLOv5] epoch 12/100 running
[YOLOv5] validation: all       1000        641      0.727      0.348      0.357      0.156
[YOLOv5] epoch 13/100 running
[YOLOv5] validation: all       1000        641       0.69      0.337       0.36      0.164
[YOLOv5] epoch 14/100 running
[YOLOv5] validation: all       1000        641       0.72      0.334      0.365      0.164
[YOLOv5] epoch 15/100 running
[YOLOv5] validation: all       1000        641      0.776      0.352      0.396      0.193
[YOLOv5] epoch 16/100 running
[YOLOv5] validation: all       1000        641      0.749      0.398      0.426      0.205
[YOLOv5] epoch 17/100 running
[YOLOv5] validation: all       1000        641      0.683      0.379      0.392      0.179
[YOLOv5] epoch 18/100 running
[YOLOv5] validation: all       1000        641      0.796      0.321      0.385       0.17
[YOLOv5] epoch 19/100 running
[YOLOv5] validation: all       1000        641      0.748      0.341      0.394       0.19
[YOLOv5] epoch 20/100 running
[YOLOv5] validation: all       1000        641      0.801      0.355      0.426      0.198
[YOLOv5] epoch 21/100 running
[YOLOv5] validation: all       1000        641      0.824      0.383       0.44       0.22
[YOLOv5] epoch 22/100 running
[YOLOv5] validation: all       1000        641      0.757       0.31      0.339      0.155
[YOLOv5] epoch 23/100 running
[YOLOv5] validation: all       1000        641      0.784      0.405      0.439      0.228
[YOLOv5] epoch 24/100 running
[YOLOv5] validation: all       1000        641      0.818      0.385      0.444      0.223
[YOLOv5] epoch 25/100 running
[YOLOv5] validation: all       1000        641      0.796      0.395      0.436      0.217
[YOLOv5] epoch 26/100 running
[YOLOv5] validation: all       1000        641      0.765      0.402      0.423      0.217
[YOLOv5] epoch 27/100 running
[YOLOv5] validation: all       1000        641      0.791      0.359      0.401      0.199
[YOLOv5] epoch 28/100 running
[YOLOv5] validation: all       1000        641      0.772      0.419      0.449      0.221
[YOLOv5] epoch 29/100 running
[YOLOv5] validation: all       1000        641      0.838      0.385      0.447      0.222
[YOLOv5] epoch 30/100 running
[YOLOv5] validation: all       1000        641      0.773      0.387      0.431      0.213
[YOLOv5] epoch 31/100 running
[YOLOv5] validation: all       1000        641      0.771      0.354      0.407      0.206
[YOLOv5] epoch 32/100 running
[YOLOv5] validation: all       1000        641       0.79      0.417      0.447      0.233
[YOLOv5] epoch 33/100 running
[YOLOv5] validation: all       1000        641      0.802      0.423      0.455      0.247
[YOLOv5] epoch 34/100 running
[YOLOv5] validation: all       1000        641      0.761       0.41      0.421      0.193
[YOLOv5] epoch 35/100 running
[YOLOv5] validation: all       1000        641      0.767      0.427      0.449       0.23
[YOLOv5] epoch 36/100 running
[YOLOv5] validation: all       1000        641      0.806       0.37      0.409      0.203
[YOLOv5] epoch 37/100 running
[YOLOv5] validation: all       1000        641      0.803      0.401      0.463      0.248
[YOLOv5] epoch 38/100 running
[YOLOv5] validation: all       1000        641      0.771      0.376      0.422      0.216
[YOLOv5] epoch 39/100 running
[YOLOv5] validation: all       1000        641       0.81      0.428      0.451      0.233
[YOLOv5] epoch 40/100 running
[YOLOv5] validation: all       1000        641      0.809      0.431      0.478       0.24
[YOLOv5] epoch 41/100 running
[YOLOv5] validation: all       1000        641      0.743      0.403      0.434      0.226
[YOLOv5] epoch 42/100 running
[YOLOv5] validation: all       1000        641      0.774      0.441      0.468      0.257
[YOLOv5] epoch 43/100 running
[YOLOv5] validation: all       1000        641      0.772      0.415       0.44      0.223
[YOLOv5] epoch 44/100 running
[YOLOv5] validation: all       1000        641      0.841      0.401      0.467      0.239
[YOLOv5] epoch 45/100 running
[YOLOv5] validation: all       1000        641      0.811      0.417      0.452      0.234
[YOLOv5] epoch 46/100 running
[YOLOv5] validation: all       1000        641      0.758      0.432      0.458      0.237
[YOLOv5] epoch 47/100 running
[YOLOv5] validation: all       1000        641      0.807      0.404      0.461      0.245
[YOLOv5] epoch 48/100 running
[YOLOv5] validation: all       1000        641      0.765      0.434       0.47      0.243
[YOLOv5] epoch 49/100 running
[YOLOv5] validation: all       1000        641      0.795      0.396      0.449      0.237
[YOLOv5] epoch 50/100 running
[YOLOv5] validation: all       1000        641      0.839      0.417      0.465      0.257
[YOLOv5] epoch 51/100 running
[YOLOv5] validation: all       1000        641      0.798      0.425      0.458       0.24
[YOLOv5] epoch 52/100 running
[YOLOv5] validation: all       1000        641      0.802      0.418      0.455      0.239
[YOLOv5] epoch 53/100 running
[YOLOv5] validation: all       1000        641      0.801      0.412      0.463      0.247
[YOLOv5] epoch 54/100 running
[YOLOv5] validation: all       1000        641      0.776      0.463      0.487       0.26
[YOLOv5] epoch 55/100 running
[YOLOv5] validation: all       1000        641      0.779      0.419       0.45      0.246
[YOLOv5] epoch 56/100 running
[YOLOv5] validation: all       1000        641      0.751      0.434      0.481      0.263
[YOLOv5] epoch 57/100 running
[YOLOv5] validation: all       1000        641      0.816      0.431      0.478       0.27
[YOLOv5] epoch 58/100 running
[YOLOv5] validation: all       1000        641      0.774      0.423      0.449      0.242
[YOLOv5] epoch 59/100 running
[YOLOv5] validation: all       1000        641      0.807      0.411       0.45      0.243
[YOLOv5] epoch 60/100 running
[YOLOv5] validation: all       1000        641      0.774       0.43      0.465      0.244
[YOLOv5] epoch 61/100 running
[YOLOv5] validation: all       1000        641       0.79      0.433      0.463      0.255
[YOLOv5] epoch 62/100 running
[YOLOv5] validation: all       1000        641      0.773      0.418      0.457      0.247
[YOLOv5] epoch 63/100 running
[YOLOv5] validation: all       1000        641       0.75      0.422      0.454      0.242
[YOLOv5] epoch 64/100 running
[YOLOv5] validation: all       1000        641      0.795       0.42      0.476      0.261
[YOLOv5] epoch 65/100 running
[YOLOv5] validation: all       1000        641      0.767      0.409      0.459      0.248
[YOLOv5] epoch 66/100 running
[YOLOv5] validation: all       1000        641      0.793      0.427      0.481      0.254
[YOLOv5] epoch 67/100 running
[YOLOv5] validation: all       1000        641      0.806      0.459       0.49      0.259
[YOLOv5] epoch 68/100 running
[YOLOv5] validation: all       1000        641       0.78      0.441      0.458      0.254
[YOLOv5] epoch 69/100 running
[YOLOv5] validation: all       1000        641      0.792      0.453       0.48      0.257
[YOLOv5] epoch 70/100 running
[YOLOv5] validation: all       1000        641      0.857      0.409      0.468      0.248
[YOLOv5] epoch 71/100 running
[YOLOv5] validation: all       1000        641      0.832      0.428      0.476      0.258
[YOLOv5] epoch 72/100 running
[YOLOv5] validation: all       1000        641      0.818      0.435      0.479      0.254
[YOLOv5] epoch 73/100 running
[YOLOv5] validation: all       1000        641       0.83      0.431      0.485      0.266
[YOLOv5] epoch 74/100 running
[YOLOv5] validation: all       1000        641      0.816      0.422      0.473      0.261
[YOLOv5] epoch 75/100 running
[YOLOv5] validation: all       1000        641       0.84      0.425      0.471       0.26
[YOLOv5] epoch 76/100 running
[YOLOv5] validation: all       1000        641      0.818      0.415      0.467      0.259
[YOLOv5] epoch 77/100 running
[YOLOv5] validation: all       1000        641      0.793      0.439      0.485      0.258
[YOLOv5] epoch 78/100 running
[YOLOv5] validation: all       1000        641      0.818      0.445      0.489      0.263
[YOLOv5] epoch 79/100 running
[YOLOv5] validation: all       1000        641      0.828      0.431      0.486      0.279
[YOLOv5] epoch 80/100 running
[YOLOv5] validation: all       1000        641      0.842      0.424      0.491      0.258
[YOLOv5] epoch 81/100 running
[YOLOv5] validation: all       1000        641      0.792      0.458      0.486      0.266
[YOLOv5] epoch 82/100 running
[YOLOv5] validation: all       1000        641      0.563      0.427      0.481       0.27
[YOLOv5] epoch 83/100 running
[YOLOv5] validation: all       1000        641      0.863      0.422      0.493      0.274
[YOLOv5] epoch 84/100 running
[YOLOv5] validation: all       1000        641      0.812      0.423      0.475      0.266
[YOLOv5] epoch 85/100 running
[YOLOv5] validation: all       1000        641      0.802      0.456      0.488      0.271
[YOLOv5] epoch 86/100 running
[YOLOv5] validation: all       1000        641      0.569       0.45       0.49      0.273
[YOLOv5] epoch 87/100 running
[YOLOv5] validation: all       1000        641      0.831      0.437      0.482      0.268
[YOLOv5] epoch 88/100 running
[YOLOv5] validation: all       1000        641      0.562      0.458      0.485      0.268
[YOLOv5] epoch 89/100 running
[YOLOv5] validation: all       1000        641      0.568      0.425      0.475      0.266
[YOLOv5] epoch 90/100 running
[YOLOv5] validation: all       1000        641      0.534      0.454      0.493      0.275
[YOLOv5] epoch 91/100 running
[YOLOv5] validation: all       1000        641      0.558      0.451      0.491      0.278
[YOLOv5] epoch 92/100 running
[YOLOv5] validation: all       1000        641      0.575       0.44      0.483      0.273
[YOLOv5] epoch 93/100 running
[YOLOv5] validation: all       1000        641      0.807      0.439      0.482      0.274
[YOLOv5] epoch 94/100 running
[YOLOv5] validation: all       1000        641      0.572      0.434      0.478      0.273
[YOLOv5] epoch 95/100 running
[YOLOv5] validation: all       1000        641      0.579       0.43      0.479       0.27
[YOLOv5] epoch 96/100 running
[YOLOv5] validation: all       1000        641      0.587      0.435      0.481      0.275
[YOLOv5] epoch 97/100 running
[YOLOv5] validation: all       1000        641      0.574      0.447      0.481      0.274
[YOLOv5] epoch 98/100 running
[YOLOv5] validation: all       1000        641      0.575      0.432      0.479      0.277
[YOLOv5] epoch 99/100 running
[YOLOv5] validation: all       1000        641      0.557       0.44      0.474      0.272
[YOLOv5] epoch 100/100 running
[YOLOv5] validation: all       1000        641      0.573      0.438      0.475      0.273
[YOLOv5] 100 epochs completed in 0.589 hours.
[YOLOv5] validation: all       1000        641      0.864      0.422      0.494      0.274
[Task] training completed: 2349.4s
[Task] evaluating: checkpoint=last, group=test, samples=1000
[YOLOv5] validation: all       1000        614      0.793      0.405      0.454      0.215
[Task] evaluation: checkpoint=last, group=test, mAP50-95=0.2150, mAP50=0.4545, time=89.8s
[Task] evaluating: checkpoint=best, group=test, samples=1000
[YOLOv5] validation: all       1000        614      0.817      0.421      0.477      0.221
[Task] evaluation: checkpoint=best, group=test, mAP50-95=0.2207, mAP50=0.4766, time=77.9s
[Task] completed: evaluation=167.7s, output=/home/lijinhe/work/YOLO_Retraining/runs/studies/balance_learning_curve_2batch_dedup_contrast/sequences/Balance_LC2B_ordered_dedup_tau099__seq-full-cold__stage0-stage7__yolov5s__s42/tasks/002__stage2__full-cold
[Task] output: /home/lijinhe/work/YOLO_Retraining/runs/studies/balance_learning_curve_2batch_dedup_contrast/sequences/Balance_LC2B_ordered_dedup_tau099__seq-full-cold__stage0-stage7__yolov5s__s42/tasks/003__stage3__full-cold
[Task] data: current=624, candidate=3426, validation=1000, test=1000
[Task] selection: policy=full, selected=3426, groups={'candidate': 3426}, time=0.001s
[Task] training: backend=yolov5, epochs=100, batch=64, device=0
[YOLOv5] epoch 1/100 running
[YOLOv5] validation: all       1000        641    0.00332      0.448     0.0268    0.00861
[YOLOv5] epoch 2/100 running
[YOLOv5] validation: all       1000        641      0.628      0.174      0.145     0.0433
[YOLOv5] epoch 3/100 running
[YOLOv5] validation: all       1000        641      0.722      0.174      0.226     0.0863
[YOLOv5] epoch 4/100 running
[YOLOv5] validation: all       1000        641      0.434      0.199      0.126     0.0409
[YOLOv5] epoch 5/100 running
[YOLOv5] validation: all       1000        641      0.675      0.293      0.302      0.114
[YOLOv5] epoch 6/100 running
[YOLOv5] validation: all       1000        641      0.683      0.229      0.264      0.115
[YOLOv5] epoch 7/100 running
[YOLOv5] validation: all       1000        641      0.616      0.325      0.305      0.132
[YOLOv5] epoch 8/100 running
[YOLOv5] validation: all       1000        641       0.68      0.281      0.282      0.116
[YOLOv5] epoch 9/100 running
[YOLOv5] validation: all       1000        641      0.669      0.339       0.34      0.139
[YOLOv5] epoch 10/100 running
[YOLOv5] validation: all       1000        641      0.719      0.304      0.348      0.163
[YOLOv5] epoch 11/100 running
[YOLOv5] validation: all       1000        641      0.649      0.319      0.328       0.14
[YOLOv5] epoch 12/100 running
[YOLOv5] validation: all       1000        641      0.689      0.323      0.363      0.165
[YOLOv5] epoch 13/100 running
[YOLOv5] validation: all       1000        641      0.812      0.364      0.409      0.191
[YOLOv5] epoch 14/100 running
[YOLOv5] validation: all       1000        641      0.717      0.351      0.371       0.16
[YOLOv5] epoch 15/100 running
[YOLOv5] validation: all       1000        641      0.705       0.37      0.386      0.163
[YOLOv5] epoch 16/100 running
[YOLOv5] validation: all       1000        641        0.7      0.341      0.361      0.169
[YOLOv5] epoch 17/100 running
[YOLOv5] validation: all       1000        641      0.732      0.345      0.364       0.18
[YOLOv5] epoch 18/100 running
[YOLOv5] validation: all       1000        641      0.792      0.342      0.428      0.203
[YOLOv5] epoch 19/100 running
[YOLOv5] validation: all       1000        641      0.665      0.354      0.374      0.183
[YOLOv5] epoch 20/100 running
[YOLOv5] validation: all       1000        641      0.714      0.402      0.428      0.211
[YOLOv5] epoch 21/100 running
[YOLOv5] validation: all       1000        641      0.775      0.391      0.431      0.213
[YOLOv5] epoch 22/100 running
[YOLOv5] validation: all       1000        641      0.764      0.342      0.393      0.205
[YOLOv5] epoch 23/100 running
[YOLOv5] validation: all       1000        641      0.826      0.369      0.425      0.217
[YOLOv5] epoch 24/100 running
[YOLOv5] validation: all       1000        641      0.797      0.414      0.445      0.223
[YOLOv5] epoch 25/100 running
[YOLOv5] validation: all       1000        641      0.731      0.396      0.437      0.236
[YOLOv5] epoch 26/100 running
[YOLOv5] validation: all       1000        641      0.738      0.394       0.43       0.22
[YOLOv5] epoch 27/100 running
[YOLOv5] validation: all       1000        641      0.737      0.395      0.437      0.221
[YOLOv5] epoch 28/100 running
[YOLOv5] validation: all       1000        641      0.734       0.41      0.444      0.209
[YOLOv5] epoch 29/100 running
[YOLOv5] validation: all       1000        641      0.839      0.385      0.455      0.221
[YOLOv5] epoch 30/100 running
[YOLOv5] validation: all       1000        641      0.801       0.38      0.431       0.22
[YOLOv5] epoch 31/100 running
[YOLOv5] validation: all       1000        641      0.794      0.371       0.43      0.215
[YOLOv5] epoch 32/100 running
[YOLOv5] validation: all       1000        641      0.796      0.367      0.436      0.224
[YOLOv5] epoch 33/100 running
[YOLOv5] validation: all       1000        641      0.817      0.408      0.449      0.232
[YOLOv5] epoch 34/100 running
[YOLOv5] validation: all       1000        641      0.815      0.434      0.467      0.237
[YOLOv5] epoch 35/100 running
[YOLOv5] validation: all       1000        641      0.805      0.397      0.434      0.217
[YOLOv5] epoch 36/100 running
[YOLOv5] validation: all       1000        641      0.804      0.415      0.476      0.241
[YOLOv5] epoch 37/100 running
[YOLOv5] validation: all       1000        641      0.785      0.402      0.439       0.22
[YOLOv5] epoch 38/100 running
[YOLOv5] validation: all       1000        641      0.819      0.391      0.457      0.237
[YOLOv5] epoch 39/100 running
[YOLOv5] validation: all       1000        641      0.817       0.39      0.496      0.263
[YOLOv5] epoch 40/100 running
[YOLOv5] validation: all       1000        641      0.781      0.415      0.458      0.231
[YOLOv5] epoch 41/100 running
[YOLOv5] validation: all       1000        641       0.83      0.384      0.443      0.243
[YOLOv5] epoch 42/100 running
[YOLOv5] validation: all       1000        641      0.826      0.404      0.458      0.246
[YOLOv5] epoch 43/100 running
[YOLOv5] validation: all       1000        641      0.781      0.433      0.483      0.251
[YOLOv5] epoch 44/100 running
[YOLOv5] validation: all       1000        641       0.82      0.397      0.469      0.258
[YOLOv5] epoch 45/100 running
[YOLOv5] validation: all       1000        641      0.769      0.421      0.456       0.24
[YOLOv5] epoch 46/100 running
[YOLOv5] validation: all       1000        641      0.781       0.43      0.476      0.257
[YOLOv5] epoch 47/100 running
[YOLOv5] validation: all       1000        641      0.832      0.382      0.458      0.244
[YOLOv5] epoch 48/100 running
[YOLOv5] validation: all       1000        641      0.785      0.424      0.466      0.251
[YOLOv5] epoch 49/100 running
[YOLOv5] validation: all       1000        641       0.75      0.433      0.451      0.232
[YOLOv5] epoch 50/100 running
[YOLOv5] validation: all       1000        641      0.808      0.421      0.474      0.262
[YOLOv5] epoch 51/100 running
[YOLOv5] validation: all       1000        641       0.82        0.4      0.472      0.252
[YOLOv5] epoch 52/100 running
[YOLOv5] validation: all       1000        641      0.772      0.453      0.471      0.256
[YOLOv5] epoch 53/100 running
[YOLOv5] validation: all       1000        641       0.84      0.409      0.463      0.249
[YOLOv5] epoch 54/100 running
[YOLOv5] validation: all       1000        641      0.798        0.4      0.449      0.231
[YOLOv5] epoch 55/100 running
[YOLOv5] validation: all       1000        641      0.835      0.408      0.466      0.253
[YOLOv5] epoch 56/100 running
[YOLOv5] validation: all       1000        641       0.77      0.402      0.436      0.218
[YOLOv5] epoch 57/100 running
[YOLOv5] validation: all       1000        641      0.842      0.387      0.456      0.239
[YOLOv5] epoch 58/100 running
[YOLOv5] validation: all       1000        641      0.823      0.368      0.438       0.24
[YOLOv5] epoch 59/100 running
[YOLOv5] validation: all       1000        641       0.76      0.415       0.45      0.241
[YOLOv5] epoch 60/100 running
[YOLOv5] validation: all       1000        641      0.804      0.437       0.47      0.247
[YOLOv5] epoch 61/100 running
[YOLOv5] validation: all       1000        641      0.749      0.452      0.455      0.248
[YOLOv5] epoch 62/100 running
[YOLOv5] validation: all       1000        641      0.805      0.434      0.477      0.261
[YOLOv5] epoch 63/100 running
[YOLOv5] validation: all       1000        641      0.814      0.441      0.467      0.253
[YOLOv5] epoch 64/100 running
[YOLOv5] validation: all       1000        641      0.779      0.458      0.477      0.263
[YOLOv5] epoch 65/100 running
[YOLOv5] validation: all       1000        641      0.806      0.447      0.479      0.269
[YOLOv5] epoch 66/100 running
[YOLOv5] validation: all       1000        641      0.796      0.445       0.47      0.256
[YOLOv5] epoch 67/100 running
[YOLOv5] validation: all       1000        641      0.783      0.445      0.474      0.257
[YOLOv5] epoch 68/100 running
[YOLOv5] validation: all       1000        641      0.796      0.443       0.47      0.254
[YOLOv5] epoch 69/100 running
[YOLOv5] validation: all       1000        641      0.787      0.438      0.463      0.245
[YOLOv5] epoch 70/100 running
[YOLOv5] validation: all       1000        641      0.821      0.422       0.47      0.254
[YOLOv5] epoch 71/100 running
[YOLOv5] validation: all       1000        641      0.811       0.44      0.481      0.267
[YOLOv5] epoch 72/100 running
[YOLOv5] validation: all       1000        641      0.828      0.426      0.492      0.277
[YOLOv5] epoch 73/100 running
[YOLOv5] validation: all       1000        641      0.792       0.44      0.472      0.255
[YOLOv5] epoch 74/100 running
[YOLOv5] validation: all       1000        641      0.793      0.456      0.481      0.263
[YOLOv5] epoch 75/100 running
[YOLOv5] validation: all       1000        641      0.827      0.416      0.464      0.253
[YOLOv5] epoch 76/100 running
[YOLOv5] validation: all       1000        641      0.834      0.438      0.491      0.271
[YOLOv5] epoch 77/100 running
[YOLOv5] validation: all       1000        641      0.821      0.446      0.476      0.256
[YOLOv5] epoch 78/100 running
[YOLOv5] validation: all       1000        641      0.852       0.43      0.485      0.269
[YOLOv5] epoch 79/100 running
[YOLOv5] validation: all       1000        641       0.79      0.425       0.47      0.258
[YOLOv5] epoch 80/100 running
[YOLOv5] validation: all       1000        641      0.848      0.431       0.49      0.278
[YOLOv5] epoch 81/100 running
[YOLOv5] validation: all       1000        641      0.833      0.442      0.483      0.278
[YOLOv5] epoch 82/100 running
[YOLOv5] validation: all       1000        641      0.864      0.436        0.5      0.284
[YOLOv5] epoch 83/100 running
[YOLOv5] validation: all       1000        641      0.853      0.442      0.503      0.285
[YOLOv5] epoch 84/100 running
[YOLOv5] validation: all       1000        641      0.789      0.468      0.494       0.28
[YOLOv5] epoch 85/100 running
[YOLOv5] validation: all       1000        641       0.83      0.444      0.481      0.266
[YOLOv5] epoch 86/100 running
[YOLOv5] validation: all       1000        641      0.822      0.452      0.488      0.273
[YOLOv5] epoch 87/100 running
[YOLOv5] validation: all       1000        641      0.875      0.421        0.5      0.283
[YOLOv5] epoch 88/100 running
[YOLOv5] validation: all       1000        641      0.801       0.45      0.493      0.279
[YOLOv5] epoch 89/100 running
[YOLOv5] validation: all       1000        641      0.821      0.453        0.5      0.279
[YOLOv5] epoch 90/100 running
[YOLOv5] validation: all       1000        641       0.85      0.427      0.502      0.282
[YOLOv5] epoch 91/100 running
[YOLOv5] validation: all       1000        641      0.867      0.425      0.503      0.287
[YOLOv5] epoch 92/100 running
[YOLOv5] validation: all       1000        641      0.567       0.44        0.5      0.283
[YOLOv5] epoch 93/100 running
[YOLOv5] validation: all       1000        641      0.532      0.504      0.504      0.288
[YOLOv5] epoch 94/100 running
[YOLOv5] validation: all       1000        641       0.59      0.444      0.506      0.282
[YOLOv5] epoch 95/100 running
[YOLOv5] validation: all       1000        641      0.595      0.438        0.5      0.285
[YOLOv5] epoch 96/100 running
[YOLOv5] validation: all       1000        641      0.581      0.445        0.5      0.283
[YOLOv5] epoch 97/100 running
[YOLOv5] validation: all       1000        641      0.594      0.448      0.504      0.284
[YOLOv5] epoch 98/100 running
[YOLOv5] validation: all       1000        641       0.58      0.451      0.499      0.283
[YOLOv5] epoch 99/100 running
[YOLOv5] validation: all       1000        641      0.529      0.503      0.496       0.28
[YOLOv5] epoch 100/100 running
[YOLOv5] validation: all       1000        641      0.546      0.459      0.501      0.283
[YOLOv5] 100 epochs completed in 0.785 hours.
[YOLOv5] validation: all       1000        641      0.591      0.445      0.507      0.282
[Task] training completed: 3045.9s
[Task] evaluating: checkpoint=last, group=test, samples=1000
[YOLOv5] validation: all       1000        614      0.529       0.43       0.46      0.225
[Task] evaluation: checkpoint=last, group=test, mAP50-95=0.2249, mAP50=0.4604, time=78.5s
[Task] evaluating: checkpoint=best, group=test, samples=1000
[YOLOv5] validation: all       1000        614      0.773      0.441      0.465      0.223
[Task] evaluation: checkpoint=best, group=test, mAP50-95=0.2227, mAP50=0.4647, time=79.3s
[Task] completed: evaluation=157.8s, output=/home/lijinhe/work/YOLO_Retraining/runs/studies/balance_learning_curve_2batch_dedup_contrast/sequences/Balance_LC2B_ordered_dedup_tau099__seq-full-cold__stage0-stage7__yolov5s__s42/tasks/003__stage3__full-cold
[Task] output: /home/lijinhe/work/YOLO_Retraining/runs/studies/balance_learning_curve_2batch_dedup_contrast/sequences/Balance_LC2B_ordered_dedup_tau099__seq-full-cold__stage0-stage7__yolov5s__s42/tasks/004__stage4__full-cold
[Task] data: current=582, candidate=4008, validation=1000, test=1000
[Task] selection: policy=full, selected=4008, groups={'candidate': 4008}, time=0.001s
[Task] training: backend=yolov5, epochs=100, batch=64, device=0
[YOLOv5] epoch 1/100 running
[YOLOv5] validation: all       1000        641      0.789      0.036     0.0253    0.00655
[YOLOv5] epoch 2/100 running
[YOLOv5] validation: all       1000        641      0.664      0.154      0.138     0.0457
[YOLOv5] epoch 3/100 running
[YOLOv5] validation: all       1000        641      0.666      0.178       0.17     0.0645
[YOLOv5] epoch 4/100 running
[YOLOv5] validation: all       1000        641      0.471      0.182      0.146     0.0516
[YOLOv5] epoch 5/100 running
[YOLOv5] validation: all       1000        641      0.519      0.181      0.148     0.0467
[YOLOv5] epoch 6/100 running
[YOLOv5] validation: all       1000        641      0.591      0.229      0.246      0.104
[YOLOv5] epoch 7/100 running
[YOLOv5] validation: all       1000        641      0.682      0.282      0.309      0.122
[YOLOv5] epoch 8/100 running
[YOLOv5] validation: all       1000        641      0.706      0.317      0.345      0.156
[YOLOv5] epoch 9/100 running
[YOLOv5] validation: all       1000        641      0.702      0.284      0.358      0.162
[YOLOv5] epoch 10/100 running
[YOLOv5] validation: all       1000        641      0.648      0.335       0.35      0.153
[YOLOv5] epoch 11/100 running
[YOLOv5] validation: all       1000        641       0.75      0.357      0.412      0.185
[YOLOv5] epoch 12/100 running
[YOLOv5] validation: all       1000        641      0.735      0.347      0.389      0.185
[YOLOv5] epoch 13/100 running
[YOLOv5] validation: all       1000        641      0.609      0.174      0.183      0.078
[YOLOv5] epoch 14/100 running
[YOLOv5] validation: all       1000        641      0.702      0.347      0.403      0.181
[YOLOv5] epoch 15/100 running
[YOLOv5] validation: all       1000        641      0.684      0.356      0.372      0.162
[YOLOv5] epoch 16/100 running
[YOLOv5] validation: all       1000        641      0.724      0.312      0.381      0.183
[YOLOv5] epoch 17/100 running
[YOLOv5] validation: all       1000        641      0.795      0.371      0.422      0.191
[YOLOv5] epoch 18/100 running
[YOLOv5] validation: all       1000        641      0.648      0.393      0.391      0.172
[YOLOv5] epoch 19/100 running
[YOLOv5] validation: all       1000        641      0.784      0.394      0.449      0.232
[YOLOv5] epoch 20/100 running
[YOLOv5] validation: all       1000        641      0.761       0.38      0.428       0.21
[YOLOv5] epoch 21/100 running
[YOLOv5] validation: all       1000        641      0.743      0.358       0.38      0.179
[YOLOv5] epoch 22/100 running
[YOLOv5] validation: all       1000        641      0.745      0.387      0.437      0.211
[YOLOv5] epoch 23/100 running
[YOLOv5] validation: all       1000        641      0.725      0.405      0.455       0.22
[YOLOv5] epoch 24/100 running
[YOLOv5] validation: all       1000        641      0.722       0.39      0.419      0.187
[YOLOv5] epoch 25/100 running
[YOLOv5] validation: all       1000        641      0.737      0.363      0.408       0.21
[YOLOv5] epoch 26/100 running
[YOLOv5] validation: all       1000        641      0.779      0.375      0.421      0.198
[YOLOv5] epoch 27/100 running
[YOLOv5] validation: all       1000        641      0.763      0.404      0.456      0.221
[YOLOv5] epoch 28/100 running
[YOLOv5] validation: all       1000        641      0.794      0.395      0.451      0.231
[YOLOv5] epoch 29/100 running
[YOLOv5] validation: all       1000        641      0.769      0.427       0.46      0.244
[YOLOv5] epoch 30/100 running
[YOLOv5] validation: all       1000        641      0.815      0.397       0.46      0.239
[YOLOv5] epoch 31/100 running
[YOLOv5] validation: all       1000        641      0.748      0.393      0.448      0.237
[YOLOv5] epoch 32/100 running
[YOLOv5] validation: all       1000        641      0.752      0.409      0.431      0.226
[YOLOv5] epoch 33/100 running
[YOLOv5] validation: all       1000        641       0.75      0.401      0.434       0.22
[YOLOv5] epoch 34/100 running
[YOLOv5] validation: all       1000        641       0.85      0.369      0.432       0.22
[YOLOv5] epoch 35/100 running
[YOLOv5] validation: all       1000        641      0.736      0.408      0.436      0.229
[YOLOv5] epoch 36/100 running
[YOLOv5] validation: all       1000        641      0.733      0.413      0.439      0.221
[YOLOv5] epoch 37/100 running
[YOLOv5] validation: all       1000        641       0.76       0.41      0.446      0.236
[YOLOv5] epoch 38/100 running
[YOLOv5] validation: all       1000        641      0.759      0.407      0.447      0.225
[YOLOv5] epoch 39/100 running
[YOLOv5] validation: all       1000        641      0.788      0.395      0.452      0.235
[YOLOv5] epoch 40/100 running
[YOLOv5] validation: all       1000        641      0.802      0.409      0.469      0.234
[YOLOv5] epoch 41/100 running
[YOLOv5] validation: all       1000        641      0.774      0.354      0.424      0.234
[YOLOv5] epoch 42/100 running
[YOLOv5] validation: all       1000        641      0.768      0.425      0.444      0.229
[YOLOv5] epoch 43/100 running
[YOLOv5] validation: all       1000        641      0.812      0.412       0.45      0.234
[YOLOv5] epoch 44/100 running
[YOLOv5] validation: all       1000        641        0.8      0.384      0.456      0.238
[YOLOv5] epoch 45/100 running
[YOLOv5] validation: all       1000        641       0.78      0.461      0.474      0.259
[YOLOv5] epoch 46/100 running
[YOLOv5] validation: all       1000        641      0.778      0.413      0.442      0.237
[YOLOv5] epoch 47/100 running
[YOLOv5] validation: all       1000        641      0.785      0.411      0.455      0.231
[YOLOv5] epoch 48/100 running
[YOLOv5] validation: all       1000        641      0.817      0.421      0.484      0.258
[YOLOv5] epoch 49/100 running
[YOLOv5] validation: all       1000        641      0.809      0.415      0.465      0.245
[YOLOv5] epoch 50/100 running
[YOLOv5] validation: all       1000        641       0.81      0.381      0.445      0.232
[YOLOv5] epoch 51/100 running
[YOLOv5] validation: all       1000        641      0.816      0.385      0.464      0.243
[YOLOv5] epoch 52/100 running
[YOLOv5] validation: all       1000        641      0.776      0.426      0.459      0.249
[YOLOv5] epoch 53/100 running
[YOLOv5] validation: all       1000        641      0.802      0.423      0.471      0.259
[YOLOv5] epoch 54/100 running
[YOLOv5] validation: all       1000        641      0.777      0.406      0.456      0.251
[YOLOv5] epoch 55/100 running
[YOLOv5] validation: all       1000        641      0.824      0.423      0.476      0.244
[YOLOv5] epoch 56/100 running
[YOLOv5] validation: all       1000        641      0.837      0.424      0.472      0.257
[YOLOv5] epoch 57/100 running
[YOLOv5] validation: all       1000        641      0.778      0.463      0.497      0.282
[YOLOv5] epoch 58/100 running
[YOLOv5] validation: all       1000        641      0.816       0.43      0.489      0.272
[YOLOv5] epoch 59/100 running
[YOLOv5] validation: all       1000        641      0.833      0.435      0.473      0.255
[YOLOv5] epoch 60/100 running
[YOLOv5] validation: all       1000        641      0.823      0.433      0.485      0.262
[YOLOv5] epoch 61/100 running
[YOLOv5] validation: all       1000        641      0.835      0.426       0.48      0.262
[YOLOv5] epoch 62/100 running
[YOLOv5] validation: all       1000        641      0.792      0.414      0.446      0.228
[YOLOv5] epoch 63/100 running
[YOLOv5] validation: all       1000        641      0.884        0.4      0.482      0.263
[YOLOv5] epoch 64/100 running
[YOLOv5] validation: all       1000        641      0.822      0.419      0.482      0.261
[YOLOv5] epoch 65/100 running
[YOLOv5] validation: all       1000        641      0.864      0.404      0.467      0.243
[YOLOv5] epoch 66/100 running
[YOLOv5] validation: all       1000        641      0.836      0.433      0.486      0.265
[YOLOv5] epoch 67/100 running
[YOLOv5] validation: all       1000        641      0.818      0.437      0.466      0.254
[YOLOv5] epoch 68/100 running
[YOLOv5] validation: all       1000        641      0.832      0.429      0.488      0.276
[YOLOv5] epoch 69/100 running
[YOLOv5] validation: all       1000        641      0.839      0.395      0.465      0.259
[YOLOv5] epoch 70/100 running
[YOLOv5] validation: all       1000        641       0.79      0.442      0.483      0.271
[YOLOv5] epoch 71/100 running
[YOLOv5] validation: all       1000        641      0.803      0.416      0.473      0.264
[YOLOv5] epoch 72/100 running
[YOLOv5] validation: all       1000        641      0.817      0.423      0.467      0.257
[YOLOv5] epoch 73/100 running
[YOLOv5] validation: all       1000        641      0.832      0.432      0.479      0.261
[YOLOv5] epoch 74/100 running
[YOLOv5] validation: all       1000        641      0.836      0.453      0.498      0.274
[YOLOv5] epoch 75/100 running
[YOLOv5] validation: all       1000        641      0.863      0.434      0.498      0.278
[YOLOv5] epoch 76/100 running
[YOLOv5] validation: all       1000        641      0.859      0.426      0.497      0.277
[YOLOv5] epoch 77/100 running
[YOLOv5] validation: all       1000        641      0.755      0.468      0.475      0.266
[YOLOv5] epoch 78/100 running
[YOLOv5] validation: all       1000        641      0.823      0.461      0.495      0.271
[YOLOv5] epoch 79/100 running
[YOLOv5] validation: all       1000        641       0.84      0.444        0.5      0.275
[YOLOv5] epoch 80/100 running
[YOLOv5] validation: all       1000        641      0.843      0.436      0.496      0.268
[YOLOv5] epoch 81/100 running
[YOLOv5] validation: all       1000        641      0.853      0.448      0.499      0.275
[YOLOv5] epoch 82/100 running
[YOLOv5] validation: all       1000        641      0.849      0.418      0.493      0.269
[YOLOv5] epoch 83/100 running
[YOLOv5] validation: all       1000        641      0.835      0.439      0.492      0.273
[YOLOv5] epoch 84/100 running
[YOLOv5] validation: all       1000        641      0.827      0.446      0.492      0.275
[YOLOv5] epoch 85/100 running
[YOLOv5] validation: all       1000        641       0.81      0.442      0.484      0.273
[YOLOv5] epoch 86/100 running
[YOLOv5] validation: all       1000        641      0.812      0.446      0.491      0.277
[YOLOv5] epoch 87/100 running
[YOLOv5] validation: all       1000        641      0.848      0.426      0.482      0.277
[YOLOv5] epoch 88/100 running
[YOLOv5] validation: all       1000        641      0.794      0.459      0.484      0.275
[YOLOv5] epoch 89/100 running
[YOLOv5] validation: all       1000        641      0.825      0.437      0.482      0.276
[YOLOv5] epoch 90/100 running
[YOLOv5] validation: all       1000        641      0.828      0.435      0.487      0.279
[YOLOv5] epoch 91/100 running
[YOLOv5] validation: all       1000        641       0.83       0.43      0.482      0.275
[YOLOv5] epoch 92/100 running
[YOLOv5] validation: all       1000        641      0.861      0.424      0.497       0.28
[YOLOv5] epoch 93/100 running
[YOLOv5] validation: all       1000        641      0.807      0.441      0.484      0.274
[YOLOv5] epoch 94/100 running
[YOLOv5] validation: all       1000        641      0.851      0.435      0.487      0.277
[YOLOv5] epoch 95/100 running
[YOLOv5] validation: all       1000        641      0.851      0.432      0.489       0.28
[YOLOv5] epoch 96/100 running
[YOLOv5] validation: all       1000        641      0.826      0.441      0.482      0.277
[YOLOv5] epoch 97/100 running
[YOLOv5] validation: all       1000        641      0.838      0.434      0.485       0.28
[YOLOv5] epoch 98/100 running
[YOLOv5] validation: all       1000        641      0.847      0.436      0.489      0.278
[YOLOv5] epoch 99/100 running
[YOLOv5] validation: all       1000        641      0.569      0.456      0.491      0.284
[YOLOv5] epoch 100/100 running
[YOLOv5] validation: all       1000        641      0.558      0.461      0.495      0.285
[YOLOv5] 100 epochs completed in 1.324 hours.
[YOLOv5] validation: all       1000        641      0.841      0.443      0.499      0.275
[Task] training completed: 5054.2s
[Task] evaluating: checkpoint=last, group=test, samples=1000
[YOLOv5] validation: all       1000        614      0.756      0.432      0.478      0.225
[Task] evaluation: checkpoint=last, group=test, mAP50-95=0.2249, mAP50=0.4783, time=137.6s
[Task] evaluating: checkpoint=best, group=test, samples=1000
[YOLOv5] validation: all       1000        614      0.786       0.42      0.465      0.222
[Task] evaluation: checkpoint=best, group=test, mAP50-95=0.2218, mAP50=0.4646, time=134.6s
[Task] completed: evaluation=272.2s, output=/home/lijinhe/work/YOLO_Retraining/runs/studies/balance_learning_curve_2batch_dedup_contrast/sequences/Balance_LC2B_ordered_dedup_tau099__seq-full-cold__stage0-stage7__yolov5s__s42/tasks/004__stage4__full-cold
[Task] output: /home/lijinhe/work/YOLO_Retraining/runs/studies/balance_learning_curve_2batch_dedup_contrast/sequences/Balance_LC2B_ordered_dedup_tau099__seq-full-cold__stage0-stage7__yolov5s__s42/tasks/005__stage5__full-cold
[Task] data: current=471, candidate=4479, validation=1000, test=1000
[Task] selection: policy=full, selected=4479, groups={'candidate': 4479}, time=0.002s
[Task] training: backend=yolov5, epochs=100, batch=64, device=0
[YOLOv5] epoch 1/100 running
[YOLOv5] validation: all       1000        641    0.00536      0.527     0.0205    0.00552
[YOLOv5] epoch 2/100 running
[YOLOv5] validation: all       1000        641      0.712      0.171      0.201     0.0726
[YOLOv5] epoch 3/100 running
[YOLOv5] validation: all       1000        641      0.434       0.17      0.144     0.0438
[YOLOv5] epoch 4/100 running
[YOLOv5] validation: all       1000        641      0.528      0.289      0.241      0.103
[YOLOv5] epoch 5/100 running
[YOLOv5] validation: all       1000        641      0.563      0.293      0.241     0.0878
[YOLOv5] epoch 6/100 running
[YOLOv5] validation: all       1000        641      0.621      0.152      0.152     0.0554
[YOLOv5] epoch 7/100 running
[YOLOv5] validation: all       1000        641      0.556      0.212      0.176     0.0678
[YOLOv5] epoch 8/100 running
[YOLOv5] validation: all       1000        641      0.587      0.286      0.276       0.12
[YOLOv5] epoch 9/100 running
[YOLOv5] validation: all       1000        641      0.666      0.301      0.308      0.134
[YOLOv5] epoch 10/100 running
[YOLOv5] validation: all       1000        641      0.665       0.36      0.366      0.164
[YOLOv5] epoch 11/100 running
[YOLOv5] validation: all       1000        641      0.671      0.341       0.35      0.163
[YOLOv5] epoch 12/100 running
[YOLOv5] validation: all       1000        641      0.727      0.373      0.398      0.174
[YOLOv5] epoch 13/100 running
[YOLOv5] validation: all       1000        641      0.752      0.385      0.438      0.216
[YOLOv5] epoch 14/100 running
[YOLOv5] validation: all       1000        641      0.692      0.353      0.382       0.17
[YOLOv5] epoch 15/100 running
[YOLOv5] validation: all       1000        641      0.731      0.339      0.371      0.174
[YOLOv5] epoch 16/100 running
[YOLOv5] validation: all       1000        641      0.734      0.325      0.344      0.153
[YOLOv5] epoch 17/100 running
[YOLOv5] validation: all       1000        641      0.781      0.348      0.413      0.194
[YOLOv5] epoch 18/100 running
[YOLOv5] validation: all       1000        641      0.652      0.374      0.403      0.195
[YOLOv5] epoch 19/100 running
[YOLOv5] validation: all       1000        641      0.764       0.37      0.429      0.219
[YOLOv5] epoch 20/100 running
[YOLOv5] validation: all       1000        641      0.785      0.385      0.447      0.228
[YOLOv5] epoch 21/100 running
[YOLOv5] validation: all       1000        641      0.777      0.359      0.401      0.184
[YOLOv5] epoch 22/100 running
[YOLOv5] validation: all       1000        641       0.72      0.405      0.434      0.209
[YOLOv5] epoch 23/100 running
[YOLOv5] validation: all       1000        641      0.828      0.337      0.427      0.228
[YOLOv5] epoch 24/100 running
[YOLOv5] validation: all       1000        641      0.789      0.397      0.455      0.222
[YOLOv5] epoch 25/100 running
[YOLOv5] validation: all       1000        641      0.757      0.379       0.45      0.237
[YOLOv5] epoch 26/100 running
[YOLOv5] validation: all       1000        641      0.768      0.369       0.43      0.225
[YOLOv5] epoch 27/100 running
[YOLOv5] validation: all       1000        641      0.784      0.422       0.46      0.239
[YOLOv5] epoch 28/100 running
[YOLOv5] validation: all       1000        641      0.802      0.361      0.417       0.21
[YOLOv5] epoch 29/100 running
[YOLOv5] validation: all       1000        641       0.73       0.41      0.452      0.226
[YOLOv5] epoch 30/100 running
[YOLOv5] validation: all       1000        641      0.732      0.421      0.433      0.215
[YOLOv5] epoch 31/100 running
[YOLOv5] validation: all       1000        641      0.755      0.395      0.452      0.232
[YOLOv5] epoch 32/100 running
[YOLOv5] validation: all       1000        641      0.788      0.411      0.463      0.237
[YOLOv5] epoch 33/100 running
[YOLOv5] validation: all       1000        641      0.745       0.39      0.428      0.212
[YOLOv5] epoch 34/100 running
[YOLOv5] validation: all       1000        641      0.736      0.414      0.452       0.23
[YOLOv5] epoch 35/100 running
[YOLOv5] validation: all       1000        641      0.786      0.376       0.44      0.227
[YOLOv5] epoch 36/100 running
[YOLOv5] validation: all       1000        641      0.768      0.434      0.481      0.249
[YOLOv5] epoch 37/100 running
[YOLOv5] validation: all       1000        641       0.82      0.374      0.466      0.248
[YOLOv5] epoch 38/100 running
[YOLOv5] validation: all       1000        641      0.826      0.419      0.482       0.25
[YOLOv5] epoch 39/100 running
[YOLOv5] validation: all       1000        641      0.777      0.403      0.448      0.223
[YOLOv5] epoch 40/100 running
[YOLOv5] validation: all       1000        641      0.748      0.443      0.469      0.256
[YOLOv5] epoch 41/100 running
[YOLOv5] validation: all       1000        641      0.773      0.431      0.492       0.27
[YOLOv5] epoch 42/100 running
[YOLOv5] validation: all       1000        641      0.783      0.416      0.473       0.25
[YOLOv5] epoch 43/100 running
[YOLOv5] validation: all       1000        641      0.761      0.421      0.453       0.24
[YOLOv5] epoch 44/100 running
[YOLOv5] validation: all       1000        641      0.788      0.419      0.473       0.25
[YOLOv5] epoch 45/100 running
[YOLOv5] validation: all       1000        641      0.821      0.431      0.489       0.25
[YOLOv5] epoch 46/100 running
[YOLOv5] validation: all       1000        641      0.829      0.445      0.501      0.275
[YOLOv5] epoch 47/100 running
[YOLOv5] validation: all       1000        641      0.762      0.451      0.525      0.274
[YOLOv5] epoch 48/100 running
[YOLOv5] validation: all       1000        641      0.763      0.468      0.497      0.269
[YOLOv5] epoch 49/100 running
[YOLOv5] validation: all       1000        641      0.795       0.47      0.488       0.27
[YOLOv5] epoch 50/100 running
[YOLOv5] validation: all       1000        641      0.815      0.397      0.442      0.237
[YOLOv5] epoch 51/100 running
[YOLOv5] validation: all       1000        641      0.783      0.408      0.457       0.25
[YOLOv5] epoch 52/100 running
[YOLOv5] validation: all       1000        641      0.797      0.421      0.471      0.252
[YOLOv5] epoch 53/100 running
[YOLOv5] validation: all       1000        641      0.798      0.412      0.461      0.244
[YOLOv5] epoch 54/100 running
[YOLOv5] validation: all       1000        641      0.815      0.404      0.466      0.244
[YOLOv5] epoch 55/100 running
[YOLOv5] validation: all       1000        641      0.803      0.397       0.45      0.244
[YOLOv5] epoch 56/100 running
[YOLOv5] validation: all       1000        641      0.771      0.403      0.428      0.229
[YOLOv5] epoch 57/100 running
[YOLOv5] validation: all       1000        641      0.776       0.44      0.478      0.265
[YOLOv5] epoch 58/100 running
[YOLOv5] validation: all       1000        641      0.826      0.408      0.474      0.253
[YOLOv5] epoch 59/100 running
[YOLOv5] validation: all       1000        641      0.769      0.451      0.479      0.257
[YOLOv5] epoch 60/100 running
[YOLOv5] validation: all       1000        641      0.793      0.409      0.464      0.254
[YOLOv5] epoch 61/100 running
[YOLOv5] validation: all       1000        641      0.806      0.434      0.475      0.263
[YOLOv5] epoch 62/100 running
[YOLOv5] validation: all       1000        641      0.785      0.457      0.491      0.276
[YOLOv5] epoch 63/100 running
[YOLOv5] validation: all       1000        641      0.775      0.448      0.483       0.26
[YOLOv5] epoch 64/100 running
[YOLOv5] validation: all       1000        641      0.787      0.422      0.471      0.262
[YOLOv5] epoch 65/100 running
[YOLOv5] validation: all       1000        641      0.797      0.394      0.453       0.24
[YOLOv5] epoch 66/100 running
[YOLOv5] validation: all       1000        641      0.854       0.41      0.484      0.267
[YOLOv5] epoch 67/100 running
[YOLOv5] validation: all       1000        641      0.782      0.425      0.458      0.245
[YOLOv5] epoch 68/100 running
[YOLOv5] validation: all       1000        641      0.831      0.424      0.473      0.253
[YOLOv5] epoch 69/100 running
[YOLOv5] validation: all       1000        641      0.836      0.441      0.485      0.258
[YOLOv5] epoch 70/100 running
[YOLOv5] validation: all       1000        641      0.815      0.426      0.488      0.269
[YOLOv5] epoch 71/100 running
[YOLOv5] validation: all       1000        641      0.835      0.443      0.488      0.266
[YOLOv5] epoch 72/100 running
[YOLOv5] validation: all       1000        641      0.582      0.441       0.51      0.283
[YOLOv5] epoch 73/100 running
[YOLOv5] validation: all       1000        641      0.856      0.401      0.491      0.265
[YOLOv5] epoch 74/100 running
[YOLOv5] validation: all       1000        641      0.594      0.421      0.495      0.266
[YOLOv5] epoch 75/100 running
[YOLOv5] validation: all       1000        641      0.826      0.456      0.506      0.278
[YOLOv5] epoch 76/100 running
[YOLOv5] validation: all       1000        641      0.604      0.441      0.504       0.28
[YOLOv5] epoch 77/100 running
[YOLOv5] validation: all       1000        641      0.824      0.432        0.5      0.286
[YOLOv5] epoch 78/100 running
[YOLOv5] validation: all       1000        641       0.87      0.424      0.484      0.275
[YOLOv5] epoch 79/100 running
[YOLOv5] validation: all       1000        641      0.864      0.439      0.506      0.281
[YOLOv5] epoch 80/100 running
[YOLOv5] validation: all       1000        641       0.85      0.433      0.487      0.273
[YOLOv5] epoch 81/100 running
[YOLOv5] validation: all       1000        641      0.581      0.434      0.499      0.273
[YOLOv5] epoch 82/100 running
[YOLOv5] validation: all       1000        641       0.84      0.439      0.492      0.271
[YOLOv5] epoch 83/100 running
[YOLOv5] validation: all       1000        641       0.86      0.405       0.49      0.276
[YOLOv5] epoch 84/100 running
[YOLOv5] validation: all       1000        641      0.856      0.425      0.489      0.269
[YOLOv5] epoch 85/100 running
[YOLOv5] validation: all       1000        641      0.831      0.425      0.502      0.279
[YOLOv5] epoch 86/100 running
[YOLOv5] validation: all       1000        641      0.813      0.437        0.5       0.28
[YOLOv5] epoch 87/100 running
[YOLOv5] validation: all       1000        641      0.849      0.426      0.504      0.285
[YOLOv5] epoch 88/100 running
[YOLOv5] validation: all       1000        641       0.84      0.429      0.514      0.286
[YOLOv5] epoch 89/100 running
[YOLOv5] validation: all       1000        641      0.803      0.466      0.514      0.289
[YOLOv5] epoch 90/100 running
[YOLOv5] validation: all       1000        641      0.798      0.458      0.498      0.277
[YOLOv5] epoch 91/100 running
[YOLOv5] validation: all       1000        641      0.797      0.461        0.5      0.281
[YOLOv5] epoch 92/100 running
[YOLOv5] validation: all       1000        641      0.809      0.451      0.498      0.282
[YOLOv5] epoch 93/100 running
[YOLOv5] validation: all       1000        641      0.839      0.439       0.51      0.289
[YOLOv5] epoch 94/100 running
[YOLOv5] validation: all       1000        641      0.519      0.475      0.504       0.28
[YOLOv5] epoch 95/100 running
[YOLOv5] validation: all       1000        641      0.577      0.425      0.495      0.277
[YOLOv5] epoch 96/100 running
[YOLOv5] validation: all       1000        641      0.602      0.424      0.499       0.28
[YOLOv5] epoch 97/100 running
[YOLOv5] validation: all       1000        641      0.625      0.422      0.505      0.283
[YOLOv5] epoch 98/100 running
[YOLOv5] validation: all       1000        641      0.566      0.447        0.5      0.284
[YOLOv5] epoch 99/100 running
[YOLOv5] validation: all       1000        641      0.555      0.456      0.501       0.28
[YOLOv5] epoch 100/100 running
[YOLOv5] validation: all       1000        641       0.56      0.453      0.499      0.278
[YOLOv5] 100 epochs completed in 3.543 hours.
[YOLOv5] validation: all       1000        641      0.761      0.451      0.525      0.274
[Task] training completed: 13013.5s
[Task] evaluating: checkpoint=last, group=test, samples=1000
[YOLOv5] validation: all       1000        614      0.814      0.418      0.466      0.215
[Task] evaluation: checkpoint=last, group=test, mAP50-95=0.2151, mAP50=0.4665, time=85.9s
[Task] evaluating: checkpoint=best, group=test, samples=1000
[YOLOv5] validation: all       1000        614      0.735      0.439      0.461      0.216
[Task] evaluation: checkpoint=best, group=test, mAP50-95=0.2158, mAP50=0.4612, time=89.9s
[Task] completed: evaluation=175.9s, output=/home/lijinhe/work/YOLO_Retraining/runs/studies/balance_learning_curve_2batch_dedup_contrast/sequences/Balance_LC2B_ordered_dedup_tau099__seq-full-cold__stage0-stage7__yolov5s__s42/tasks/005__stage5__full-cold
[Task] output: /home/lijinhe/work/YOLO_Retraining/runs/studies/balance_learning_curve_2batch_dedup_contrast/sequences/Balance_LC2B_ordered_dedup_tau099__seq-full-cold__stage0-stage7__yolov5s__s42/tasks/006__stage6__full-cold
[Task] data: current=615, candidate=5094, validation=1000, test=1000
[Task] selection: policy=full, selected=5094, groups={'candidate': 5094}, time=0.002s
[Task] training: backend=yolov5, epochs=100, batch=64, device=0
[YOLOv5] epoch 1/100 running
[YOLOv5] validation: all       1000        641      0.794     0.0445     0.0634     0.0165
[YOLOv5] epoch 2/100 running
[YOLOv5] validation: all       1000        641      0.736      0.142      0.189     0.0671
[YOLOv5] epoch 3/100 running
[YOLOv5] validation: all       1000        641       0.39       0.31      0.155     0.0588
[YOLOv5] epoch 4/100 running
[YOLOv5] validation: all       1000        641      0.606      0.174      0.226     0.0862
[YOLOv5] epoch 5/100 running
[YOLOv5] validation: all       1000        641      0.417      0.142     0.0831     0.0285
[YOLOv5] epoch 6/100 running
[YOLOv5] validation: all       1000        641       0.57      0.255       0.24     0.0981
[YOLOv5] epoch 7/100 running
[YOLOv5] validation: all       1000        641       0.63      0.255      0.271      0.119
[YOLOv5] epoch 8/100 running
[YOLOv5] validation: all       1000        641      0.687      0.302      0.328      0.133
[YOLOv5] epoch 9/100 running
[YOLOv5] validation: all       1000        641      0.668      0.344      0.358      0.155
[YOLOv5] epoch 10/100 running
[YOLOv5] validation: all       1000        641      0.576      0.255       0.24      0.104
[YOLOv5] epoch 11/100 running
[YOLOv5] validation: all       1000        641      0.744      0.367      0.403      0.189
[YOLOv5] epoch 12/100 running
[YOLOv5] validation: all       1000        641      0.717      0.368      0.392      0.167
[YOLOv5] epoch 13/100 running
[YOLOv5] validation: all       1000        641      0.729      0.352      0.391      0.173
[YOLOv5] epoch 14/100 running
[YOLOv5] validation: all       1000        641      0.671      0.359      0.377      0.178
[YOLOv5] epoch 15/100 running
[YOLOv5] validation: all       1000        641      0.705      0.365        0.4      0.182
[YOLOv5] epoch 16/100 running
[YOLOv5] validation: all       1000        641      0.736      0.345      0.399      0.186
[YOLOv5] epoch 17/100 running
[YOLOv5] validation: all       1000        641      0.777      0.336      0.394      0.187
[YOLOv5] epoch 18/100 running
[YOLOv5] validation: all       1000        641      0.794      0.381      0.427      0.211
[YOLOv5] epoch 19/100 running
[YOLOv5] validation: all       1000        641      0.723      0.386      0.422      0.195
[YOLOv5] epoch 20/100 running
[YOLOv5] validation: all       1000        641      0.743      0.417      0.457      0.225
[YOLOv5] epoch 21/100 running
[YOLOv5] validation: all       1000        641       0.71      0.414      0.445       0.22
[YOLOv5] epoch 22/100 running
[YOLOv5] validation: all       1000        641      0.779      0.408      0.442      0.224
[YOLOv5] epoch 23/100 running
[YOLOv5] validation: all       1000        641      0.765      0.406      0.445      0.237
[YOLOv5] epoch 24/100 running
[YOLOv5] validation: all       1000        641      0.729      0.344      0.388      0.188
[YOLOv5] epoch 25/100 running
[YOLOv5] validation: all       1000        641       0.78      0.356      0.432      0.227
[YOLOv5] epoch 26/100 running
[YOLOv5] validation: all       1000        641      0.793      0.352      0.411      0.208
[YOLOv5] epoch 27/100 running
[YOLOv5] validation: all       1000        641      0.721      0.401      0.441      0.216
[YOLOv5] epoch 28/100 running
[YOLOv5] validation: all       1000        641      0.736      0.416      0.454      0.234
[YOLOv5] epoch 29/100 running
[YOLOv5] validation: all       1000        641      0.773      0.374       0.45      0.237
[YOLOv5] epoch 30/100 running
[YOLOv5] validation: all       1000        641      0.802      0.363      0.429      0.221
[YOLOv5] epoch 31/100 running
[YOLOv5] validation: all       1000        641      0.759      0.434      0.469       0.24
[YOLOv5] epoch 32/100 running
[YOLOv5] validation: all       1000        641      0.854      0.378      0.474      0.258
[YOLOv5] epoch 33/100 running
[YOLOv5] validation: all       1000        641      0.761      0.439      0.482      0.264
[YOLOv5] epoch 34/100 running
[YOLOv5] validation: all       1000        641      0.789      0.395       0.45      0.236
[YOLOv5] epoch 35/100 running
[YOLOv5] validation: all       1000        641      0.789      0.402      0.424       0.22
[YOLOv5] epoch 36/100 running
[YOLOv5] validation: all       1000        641      0.753      0.437      0.464      0.249
[YOLOv5] epoch 37/100 running
[YOLOv5] validation: all       1000        641      0.747      0.387      0.429      0.233
[YOLOv5] epoch 38/100 running
[YOLOv5] validation: all       1000        641      0.805      0.405      0.455      0.243
[YOLOv5] epoch 39/100 running
[YOLOv5] validation: all       1000        641      0.787      0.403      0.448      0.244
[YOLOv5] epoch 40/100 running
[YOLOv5] validation: all       1000        641      0.779      0.434      0.453      0.234
[YOLOv5] epoch 41/100 running
[YOLOv5] validation: all       1000        641      0.794      0.447      0.475      0.251
[YOLOv5] epoch 42/100 running
[YOLOv5] validation: all       1000        641      0.777      0.421      0.468      0.237
[YOLOv5] epoch 43/100 running
[YOLOv5] validation: all       1000        641       0.83      0.436      0.489      0.253
[YOLOv5] epoch 44/100 running
[YOLOv5] validation: all       1000        641      0.779      0.436       0.47      0.237
[YOLOv5] epoch 45/100 running
[YOLOv5] validation: all       1000        641      0.811      0.442      0.497      0.261
[YOLOv5] epoch 46/100 running
[YOLOv5] validation: all       1000        641      0.827      0.418      0.468      0.244
[YOLOv5] epoch 47/100 running
[YOLOv5] validation: all       1000        641      0.796       0.44      0.478      0.275
[YOLOv5] epoch 48/100 running
[YOLOv5] validation: all       1000        641      0.786      0.469      0.495      0.263
[YOLOv5] epoch 49/100 running
[YOLOv5] validation: all       1000        641      0.845      0.412      0.483      0.254
[YOLOv5] epoch 50/100 running
[YOLOv5] validation: all       1000        641      0.822      0.451      0.498      0.274
[YOLOv5] epoch 51/100 running
[YOLOv5] validation: all       1000        641      0.846      0.411      0.493       0.27
[YOLOv5] epoch 52/100 running
[YOLOv5] validation: all       1000        641      0.771      0.434      0.473      0.265
[YOLOv5] epoch 53/100 running
[YOLOv5] validation: all       1000        641      0.762      0.443      0.472      0.263
[YOLOv5] epoch 54/100 running
[YOLOv5] validation: all       1000        641      0.839      0.443      0.488      0.268
[YOLOv5] epoch 55/100 running
[YOLOv5] validation: all       1000        641      0.823      0.437      0.482      0.259
[YOLOv5] epoch 56/100 running
[YOLOv5] validation: all       1000        641      0.826      0.414      0.476      0.255
[YOLOv5] epoch 57/100 running
[YOLOv5] validation: all       1000        641      0.817       0.43      0.487      0.263
[YOLOv5] epoch 58/100 running
[YOLOv5] validation: all       1000        641      0.857      0.454      0.505       0.28
[YOLOv5] epoch 59/100 running
[YOLOv5] validation: all       1000        641      0.818      0.456      0.519      0.296
[YOLOv5] epoch 60/100 running
[YOLOv5] validation: all       1000        641      0.833      0.431        0.5      0.292
[YOLOv5] epoch 61/100 running
[YOLOv5] validation: all       1000        641      0.787      0.471      0.508      0.292
[YOLOv5] epoch 62/100 running
[YOLOv5] validation: all       1000        641      0.841      0.457      0.497      0.267
[YOLOv5] epoch 63/100 running
[YOLOv5] validation: all       1000        641       0.82      0.439      0.502      0.274
[YOLOv5] epoch 64/100 running
[YOLOv5] validation: all       1000        641      0.838      0.443      0.506      0.286
[YOLOv5] epoch 65/100 running
[YOLOv5] validation: all       1000        641      0.806      0.447      0.495      0.277
[YOLOv5] epoch 66/100 running
[YOLOv5] validation: all       1000        641      0.799      0.488      0.511      0.283
[YOLOv5] epoch 67/100 running
[YOLOv5] validation: all       1000        641       0.79      0.476      0.515      0.285
[YOLOv5] epoch 68/100 running
[YOLOv5] validation: all       1000        641      0.837      0.448       0.51      0.283
[YOLOv5] epoch 69/100 running
[YOLOv5] validation: all       1000        641      0.835       0.43      0.508      0.292
[YOLOv5] epoch 70/100 running
[YOLOv5] validation: all       1000        641      0.788      0.454      0.497      0.274
[YOLOv5] epoch 71/100 running
[YOLOv5] validation: all       1000        641      0.805       0.44      0.488      0.268
[YOLOv5] epoch 72/100 running
[YOLOv5] validation: all       1000        641       0.81      0.462      0.499      0.288
[YOLOv5] epoch 73/100 running
[YOLOv5] validation: all       1000        641      0.802      0.473      0.517       0.29
[YOLOv5] epoch 74/100 running
[YOLOv5] validation: all       1000        641      0.814      0.474      0.513      0.294
[YOLOv5] epoch 75/100 running
[YOLOv5] validation: all       1000        641      0.805       0.46      0.506      0.285
[YOLOv5] epoch 76/100 running
[YOLOv5] validation: all       1000        641      0.828      0.453      0.522      0.294
[YOLOv5] epoch 77/100 running
[YOLOv5] validation: all       1000        641      0.861      0.441      0.506      0.282
[YOLOv5] epoch 78/100 running
[YOLOv5] validation: all       1000        641      0.843       0.44       0.51      0.291
[YOLOv5] epoch 79/100 running
[YOLOv5] validation: all       1000        641      0.872      0.431      0.515      0.293
[YOLOv5] epoch 80/100 running
[YOLOv5] validation: all       1000        641      0.857      0.444       0.51      0.289
[YOLOv5] epoch 81/100 running
[YOLOv5] validation: all       1000        641      0.829      0.461      0.503      0.287
[YOLOv5] epoch 82/100 running
[YOLOv5] validation: all       1000        641      0.849      0.452      0.525      0.301
[YOLOv5] epoch 83/100 running
[YOLOv5] validation: all       1000        641       0.86      0.453      0.523      0.293
[YOLOv5] epoch 84/100 running
[YOLOv5] validation: all       1000        641      0.846      0.458      0.526      0.296
[YOLOv5] epoch 85/100 running
[YOLOv5] validation: all       1000        641      0.849       0.44       0.51      0.291
[YOLOv5] epoch 86/100 running
[YOLOv5] validation: all       1000        641      0.805      0.475      0.514      0.293
[YOLOv5] epoch 87/100 running
[YOLOv5] validation: all       1000        641      0.857      0.443      0.525      0.301
[YOLOv5] epoch 88/100 running
[YOLOv5] validation: all       1000        641      0.803      0.476      0.521      0.305
[YOLOv5] epoch 89/100 running
[YOLOv5] validation: all       1000        641      0.579      0.528      0.547      0.312
[YOLOv5] epoch 90/100 running
[YOLOv5] validation: all       1000        641       0.57      0.507      0.533      0.304
[YOLOv5] epoch 91/100 running
[YOLOv5] validation: all       1000        641      0.862      0.434      0.533      0.301
[YOLOv5] epoch 92/100 running
[YOLOv5] validation: all       1000        641      0.878      0.429      0.534      0.306
[YOLOv5] epoch 93/100 running
[YOLOv5] validation: all       1000        641      0.888      0.426      0.525      0.301
[YOLOv5] epoch 94/100 running
[YOLOv5] validation: all       1000        641      0.853      0.428      0.522      0.302
[YOLOv5] epoch 95/100 running
[YOLOv5] validation: all       1000        641      0.516       0.54      0.529      0.305
[YOLOv5] epoch 96/100 running
[YOLOv5] validation: all       1000        641      0.557      0.512      0.526      0.302
[YOLOv5] epoch 97/100 running
[YOLOv5] validation: all       1000        641      0.559      0.508      0.531      0.308
[YOLOv5] epoch 98/100 running
[YOLOv5] validation: all       1000        641      0.564      0.507      0.529      0.309
[YOLOv5] epoch 99/100 running
[YOLOv5] validation: all       1000        641      0.564      0.508      0.525      0.304
[YOLOv5] epoch 100/100 running
[YOLOv5] validation: all       1000        641      0.553      0.513       0.53      0.308
[YOLOv5] 100 epochs completed in 1.430 hours.
[YOLOv5] validation: all       1000        641      0.581      0.527      0.547      0.312
[Task] training completed: 5409.6s
[Task] evaluating: checkpoint=last, group=test, samples=1000
[YOLOv5] validation: all       1000        614       0.53      0.404      0.469      0.224
[Task] evaluation: checkpoint=last, group=test, mAP50-95=0.2240, mAP50=0.4688, time=106.3s
[Task] evaluating: checkpoint=best, group=test, samples=1000
[YOLOv5] validation: all       1000        614       0.76      0.444      0.477      0.221
[Task] evaluation: checkpoint=best, group=test, mAP50-95=0.2213, mAP50=0.4766, time=100.1s
[Task] completed: evaluation=206.4s, output=/home/lijinhe/work/YOLO_Retraining/runs/studies/balance_learning_curve_2batch_dedup_contrast/sequences/Balance_LC2B_ordered_dedup_tau099__seq-full-cold__stage0-stage7__yolov5s__s42/tasks/006__stage6__full-cold
[Task] output: /home/lijinhe/work/YOLO_Retraining/runs/studies/balance_learning_curve_2batch_dedup_contrast/sequences/Balance_LC2B_ordered_dedup_tau099__seq-full-cold__stage0-stage7__yolov5s__s42/tasks/007__stage7__full-cold
[Task] data: current=310, candidate=5404, validation=1000, test=1000
[Task] selection: policy=full, selected=5404, groups={'candidate': 5404}, time=0.002s
[Task] training: backend=yolov5, epochs=100, batch=64, device=0
[YOLOv5] epoch 1/100 running
[YOLOv5] validation: all       1000        641      0.516     0.0762     0.0626     0.0171
[YOLOv5] epoch 2/100 running
[YOLOv5] validation: all       1000        641       0.74      0.146      0.165     0.0568
[YOLOv5] epoch 3/100 running
[YOLOv5] validation: all       1000        641      0.555      0.268      0.196     0.0683
[YOLOv5] epoch 4/100 running
[YOLOv5] validation: all       1000        641      0.584      0.262      0.243     0.0958
[YOLOv5] epoch 5/100 running
[YOLOv5] validation: all       1000        641      0.462      0.218      0.161     0.0518
[YOLOv5] epoch 6/100 running
[YOLOv5] validation: all       1000        641      0.606      0.253      0.277       0.12
[YOLOv5] epoch 7/100 running
[YOLOv5] validation: all       1000        641      0.626      0.296      0.286      0.108
[YOLOv5] epoch 8/100 running
[YOLOv5] validation: all       1000        641      0.566      0.135      0.131      0.056
[YOLOv5] epoch 9/100 running
[YOLOv5] validation: all       1000        641      0.713      0.379      0.379      0.162
[YOLOv5] epoch 10/100 running
[YOLOv5] validation: all       1000        641      0.692       0.36      0.391      0.167
[YOLOv5] epoch 11/100 running
[YOLOv5] validation: all       1000        641      0.659      0.311      0.344      0.157
[YOLOv5] epoch 12/100 running
[YOLOv5] validation: all       1000        641      0.789      0.293      0.376      0.162
[YOLOv5] epoch 13/100 running
[YOLOv5] validation: all       1000        641      0.711      0.388      0.402      0.173
[YOLOv5] epoch 14/100 running
[YOLOv5] validation: all       1000        641       0.74      0.382      0.425      0.185
[YOLOv5] epoch 15/100 running
[YOLOv5] validation: all       1000        641      0.728      0.385      0.427      0.202
[YOLOv5] epoch 16/100 running
[YOLOv5] validation: all       1000        641      0.723       0.37      0.418        0.2
[YOLOv5] epoch 17/100 running
[YOLOv5] validation: all       1000        641      0.741      0.363      0.424      0.202
[YOLOv5] epoch 18/100 running
[YOLOv5] validation: all       1000        641      0.771      0.353      0.406       0.19
[YOLOv5] epoch 19/100 running
[YOLOv5] validation: all       1000        641      0.723      0.394      0.426      0.209
[YOLOv5] epoch 20/100 running
[YOLOv5] validation: all       1000        641      0.718      0.397      0.415      0.211
[YOLOv5] epoch 21/100 running
[YOLOv5] validation: all       1000        641      0.765      0.381      0.442      0.219
[YOLOv5] epoch 22/100 running
[YOLOv5] validation: all       1000        641      0.698        0.3      0.318      0.148
[YOLOv5] epoch 23/100 running
[YOLOv5] validation: all       1000        641      0.791      0.402      0.469      0.235
[YOLOv5] epoch 24/100 running
[YOLOv5] validation: all       1000        641      0.783      0.411       0.47      0.241
[YOLOv5] epoch 25/100 running
[YOLOv5] validation: all       1000        641      0.756       0.41      0.446      0.217
[YOLOv5] epoch 26/100 running
[YOLOv5] validation: all       1000        641      0.788      0.356      0.422      0.213
[YOLOv5] epoch 27/100 running
[YOLOv5] validation: all       1000        641      0.723      0.432      0.457      0.229
[YOLOv5] epoch 28/100 running
[YOLOv5] validation: all       1000        641      0.732      0.419      0.442      0.217
[YOLOv5] epoch 29/100 running
[YOLOv5] validation: all       1000        641      0.777       0.39      0.455      0.233
[YOLOv5] epoch 30/100 running
[YOLOv5] validation: all       1000        641      0.708      0.441      0.464      0.234
[YOLOv5] epoch 31/100 running
[YOLOv5] validation: all       1000        641      0.733      0.442      0.463      0.226
[YOLOv5] epoch 32/100 running
[YOLOv5] validation: all       1000        641      0.745      0.382      0.419      0.181
[YOLOv5] epoch 33/100 running
[YOLOv5] validation: all       1000        641      0.785      0.447      0.464      0.248
[YOLOv5] epoch 34/100 running
[YOLOv5] validation: all       1000        641      0.816        0.4      0.471      0.227
[YOLOv5] epoch 35/100 running
[YOLOv5] validation: all       1000        641      0.791      0.417      0.468      0.241
[YOLOv5] epoch 36/100 running
[YOLOv5] validation: all       1000        641      0.792      0.434      0.473      0.242
[YOLOv5] epoch 37/100 running
[YOLOv5] validation: all       1000        641      0.837      0.382      0.444      0.226
[YOLOv5] epoch 38/100 running
[YOLOv5] validation: all       1000        641      0.763      0.435      0.461      0.234
[YOLOv5] epoch 39/100 running
[YOLOv5] validation: all       1000        641      0.796      0.442      0.485      0.246
[YOLOv5] epoch 40/100 running
[YOLOv5] validation: all       1000        641      0.813       0.42      0.467      0.247
[YOLOv5] epoch 41/100 running
[YOLOv5] validation: all       1000        641      0.779       0.44      0.468      0.259
[YOLOv5] epoch 42/100 running
[YOLOv5] validation: all       1000        641      0.809      0.405      0.457      0.233
[YOLOv5] epoch 43/100 running
[YOLOv5] validation: all       1000        641      0.822      0.413      0.472       0.25
[YOLOv5] epoch 44/100 running
[YOLOv5] validation: all       1000        641      0.819      0.416      0.483      0.252
[YOLOv5] epoch 45/100 running
[YOLOv5] validation: all       1000        641      0.751      0.438      0.475      0.249
[YOLOv5] epoch 46/100 running
[YOLOv5] validation: all       1000        641      0.876      0.418      0.494      0.264
[YOLOv5] epoch 47/100 running
[YOLOv5] validation: all       1000        641      0.865      0.408      0.484      0.248
[YOLOv5] epoch 48/100 running
[YOLOv5] validation: all       1000        641      0.822      0.438       0.49      0.263
[YOLOv5] epoch 49/100 running
[YOLOv5] validation: all       1000        641      0.802      0.451      0.499      0.258
[YOLOv5] epoch 50/100 running
[YOLOv5] validation: all       1000        641      0.822      0.462      0.499      0.263
[YOLOv5] epoch 51/100 running
[YOLOv5] validation: all       1000        641      0.818       0.43      0.495      0.258
[YOLOv5] epoch 52/100 running
[YOLOv5] validation: all       1000        641       0.84      0.429      0.502      0.265
[YOLOv5] epoch 53/100 running
[YOLOv5] validation: all       1000        641      0.809       0.45      0.487      0.257
[YOLOv5] epoch 54/100 running
[YOLOv5] validation: all       1000        641      0.762      0.467      0.492      0.267
[YOLOv5] epoch 55/100 running
[YOLOv5] validation: all       1000        641      0.804       0.44      0.483      0.258
[YOLOv5] epoch 56/100 running
[YOLOv5] validation: all       1000        641      0.825      0.425      0.469       0.26
[YOLOv5] epoch 57/100 running
[YOLOv5] validation: all       1000        641      0.789      0.407      0.463       0.25
[YOLOv5] epoch 58/100 running
[YOLOv5] validation: all       1000        641      0.814       0.45      0.489      0.266
[YOLOv5] epoch 59/100 running
[YOLOv5] validation: all       1000        641      0.776      0.473      0.497       0.27
[YOLOv5] epoch 60/100 running
[YOLOv5] validation: all       1000        641      0.848      0.393      0.467       0.25
[YOLOv5] epoch 61/100 running
[YOLOv5] validation: all       1000        641       0.79      0.466      0.489      0.262
[YOLOv5] epoch 62/100 running
[YOLOv5] validation: all       1000        641      0.797      0.457      0.489      0.255
[YOLOv5] epoch 63/100 running
[YOLOv5] validation: all       1000        641      0.807      0.478      0.506      0.288
[YOLOv5] epoch 64/100 running
[YOLOv5] validation: all       1000        641      0.838      0.457      0.504      0.278
[YOLOv5] epoch 65/100 running
[YOLOv5] validation: all       1000        641      0.869      0.409       0.49      0.261
[YOLOv5] epoch 66/100 running
[YOLOv5] validation: all       1000        641      0.851      0.423      0.492      0.264
[YOLOv5] epoch 67/100 running
[YOLOv5] validation: all       1000        641      0.862      0.424      0.491       0.26
[YOLOv5] epoch 68/100 running
[YOLOv5] validation: all       1000        641      0.835      0.439      0.504       0.28
[YOLOv5] epoch 69/100 running
[YOLOv5] validation: all       1000        641       0.88      0.427      0.508      0.281
[YOLOv5] epoch 70/100 running
[YOLOv5] validation: all       1000        641       0.81      0.453      0.489      0.269
[YOLOv5] epoch 71/100 running
[YOLOv5] validation: all       1000        641      0.778      0.454      0.483      0.272
[YOLOv5] epoch 72/100 running
[YOLOv5] validation: all       1000        641      0.785      0.456      0.478      0.251
[YOLOv5] epoch 73/100 running
[YOLOv5] validation: all       1000        641      0.827      0.437      0.509      0.283
[YOLOv5] epoch 74/100 running
[YOLOv5] validation: all       1000        641      0.828      0.449       0.51      0.281
[YOLOv5] epoch 75/100 running
[YOLOv5] validation: all       1000        641      0.865      0.443      0.508      0.275
[YOLOv5] epoch 76/100 running
[YOLOv5] validation: all       1000        641      0.847      0.457      0.568      0.309
[YOLOv5] epoch 77/100 running
[YOLOv5] validation: all       1000        641      0.818      0.461      0.542      0.304
[YOLOv5] epoch 78/100 running
[YOLOv5] validation: all       1000        641      0.783      0.481      0.522      0.292
[YOLOv5] epoch 79/100 running
[YOLOv5] validation: all       1000        641      0.824      0.454      0.518       0.29
[YOLOv5] epoch 80/100 running
[YOLOv5] validation: all       1000        641      0.806      0.469      0.558      0.315
[YOLOv5] epoch 81/100 running
[YOLOv5] validation: all       1000        641      0.702      0.508      0.541      0.293
[YOLOv5] epoch 82/100 running
[YOLOv5] validation: all       1000        641      0.719      0.493      0.538      0.297
[YOLOv5] epoch 83/100 running
[YOLOv5] validation: all       1000        641       0.59      0.501      0.539      0.294
[YOLOv5] epoch 84/100 running
[YOLOv5] validation: all       1000        641      0.794      0.476      0.526       0.29
[YOLOv5] epoch 85/100 running
[YOLOv5] validation: all       1000        641       0.82      0.461      0.528      0.294
[YOLOv5] epoch 86/100 running
[YOLOv5] validation: all       1000        641      0.816      0.456      0.526       0.29
[YOLOv5] epoch 87/100 running
[YOLOv5] validation: all       1000        641       0.58       0.52       0.52      0.285
[YOLOv5] epoch 88/100 running
[YOLOv5] validation: all       1000        641      0.805      0.457      0.521      0.285
[YOLOv5] epoch 89/100 running
[YOLOv5] validation: all       1000        641      0.792      0.473      0.532      0.289
[YOLOv5] epoch 90/100 running
[YOLOv5] validation: all       1000        641      0.811      0.459      0.538       0.29
[YOLOv5] epoch 91/100 running
[YOLOv5] validation: all       1000        641      0.669      0.515      0.541      0.298
[YOLOv5] epoch 92/100 running
[YOLOv5] validation: all       1000        641      0.828      0.446      0.527      0.287
[YOLOv5] epoch 93/100 running
[YOLOv5] validation: all       1000        641      0.797      0.471      0.527      0.284
[YOLOv5] epoch 94/100 running
[YOLOv5] validation: all       1000        641      0.807      0.455      0.531      0.289
[YOLOv5] epoch 95/100 running
[YOLOv5] validation: all       1000        641      0.558      0.529      0.532      0.292
[YOLOv5] epoch 96/100 running
[YOLOv5] validation: all       1000        641      0.561      0.564      0.528      0.288
[YOLOv5] epoch 97/100 running
[YOLOv5] validation: all       1000        641      0.817       0.47      0.526      0.287
[YOLOv5] epoch 98/100 running
[YOLOv5] validation: all       1000        641      0.808      0.458       0.53      0.289
[YOLOv5] epoch 99/100 running
[YOLOv5] validation: all       1000        641      0.833      0.453      0.531       0.29
[YOLOv5] epoch 100/100 running
[YOLOv5] validation: all       1000        641      0.814      0.463      0.518      0.283
[YOLOv5] 100 epochs completed in 1.360 hours.
[YOLOv5] validation: all       1000        641      0.847      0.457      0.568      0.309
[Task] training completed: 5153.0s
[Task] evaluating: checkpoint=last, group=test, samples=1000
[YOLOv5] validation: all       1000        614      0.802      0.434      0.481      0.228
[Task] evaluation: checkpoint=last, group=test, mAP50-95=0.2280, mAP50=0.4810, time=85.1s
[Task] evaluating: checkpoint=best, group=test, samples=1000
[YOLOv5] validation: all       1000        614      0.857      0.416      0.494       0.23
[Task] evaluation: checkpoint=best, group=test, mAP50-95=0.2296, mAP50=0.4944, time=92.6s
[Task] completed: evaluation=177.7s, output=/home/lijinhe/work/YOLO_Retraining/runs/studies/balance_learning_curve_2batch_dedup_contrast/sequences/Balance_LC2B_ordered_dedup_tau099__seq-full-cold__stage0-stage7__yolov5s__s42/tasks/007__stage7__full-cold
/home/lijinhe/work/YOLO_Retraining/runs/studies/balance_learning_curve_2batch_dedup_contrast/sequences/Balance_LC2B_ordered_dedup_tau099__seq-full-cold__stage0-stage7__yolov5s__s42
