[Task] output: /home/lijinhe/work/YOLO_Retraining/runs/studies/global_dedup_tau099_learning_curve/sequences/GlobalDedupTau099_PostSplit__seq-full-cold__stage0-stage7__yolov5s__s42/tasks/000__stage0__full-cold
[Task] data: current=615, candidate=615, validation=1000, test=1000
[Task] selection: policy=full, selected=615, groups={'candidate': 615}, time=0.000s
[Task] training: backend=yolov5, epochs=100, batch=64, device=0
[YOLOv5] epoch 1/100 running
[YOLOv5] validation: all       1000        677   0.000302      0.173    0.00025   6.09e-05
[YOLOv5] epoch 2/100 running
[YOLOv5] validation: all       1000        677   0.000549      0.245   0.000864   0.000179
[YOLOv5] epoch 3/100 running
[YOLOv5] validation: all       1000        677   0.000975      0.453    0.00567    0.00147
[YOLOv5] epoch 4/100 running
[YOLOv5] validation: all       1000        677    0.00134      0.469     0.0186     0.0048
[YOLOv5] epoch 5/100 running
[YOLOv5] validation: all       1000        677      0.787     0.0654     0.0331    0.00732
[YOLOv5] epoch 6/100 running
[YOLOv5] validation: all       1000        677      0.758     0.0714     0.0357    0.00917
[YOLOv5] epoch 7/100 running
[YOLOv5] validation: all       1000        677      0.857     0.0555      0.122     0.0391
[YOLOv5] epoch 8/100 running
[YOLOv5] validation: all       1000        677      0.717      0.134      0.142     0.0429
[YOLOv5] epoch 9/100 running
[YOLOv5] validation: all       1000        677      0.657      0.154      0.122      0.037
[YOLOv5] epoch 10/100 running
[YOLOv5] validation: all       1000        677      0.669      0.142      0.135     0.0374
[YOLOv5] epoch 11/100 running
[YOLOv5] validation: all       1000        677      0.658      0.127      0.129     0.0441
[YOLOv5] epoch 12/100 running
[YOLOv5] validation: all       1000        677      0.669      0.134      0.146     0.0504
[YOLOv5] epoch 13/100 running
[YOLOv5] validation: all       1000        677      0.383      0.258      0.129     0.0461
[YOLOv5] epoch 14/100 running
[YOLOv5] validation: all       1000        677      0.728      0.167      0.219     0.0888
[YOLOv5] epoch 15/100 running
[YOLOv5] validation: all       1000        677      0.719      0.155      0.174     0.0658
[YOLOv5] epoch 16/100 running
[YOLOv5] validation: all       1000        677      0.691      0.118      0.137     0.0523
[YOLOv5] epoch 17/100 running
[YOLOv5] validation: all       1000        677       0.67      0.164      0.149     0.0522
[YOLOv5] epoch 18/100 running
[YOLOv5] validation: all       1000        677      0.644        0.2      0.163     0.0575
[YOLOv5] epoch 19/100 running
[YOLOv5] validation: all       1000        677      0.687      0.182        0.2     0.0681
[YOLOv5] epoch 20/100 running
[YOLOv5] validation: all       1000        677      0.463      0.135     0.0652      0.027
[YOLOv5] epoch 21/100 running
[YOLOv5] validation: all       1000        677      0.559      0.202      0.168     0.0663
[YOLOv5] epoch 22/100 running
[YOLOv5] validation: all       1000        677      0.586      0.257      0.231     0.0931
[YOLOv5] epoch 23/100 running
[YOLOv5] validation: all       1000        677      0.551      0.279      0.236     0.0866
[YOLOv5] epoch 24/100 running
[YOLOv5] validation: all       1000        677      0.572      0.239      0.224      0.095
[YOLOv5] epoch 25/100 running
[YOLOv5] validation: all       1000        677      0.627      0.276      0.264      0.107
[YOLOv5] epoch 26/100 running
[YOLOv5] validation: all       1000        677      0.567      0.245      0.238     0.0934
[YOLOv5] epoch 27/100 running
[YOLOv5] validation: all       1000        677      0.601      0.272      0.257      0.116
[YOLOv5] epoch 28/100 running
[YOLOv5] validation: all       1000        677      0.647      0.326      0.328      0.146
[YOLOv5] epoch 29/100 running
[YOLOv5] validation: all       1000        677      0.662      0.279      0.297      0.135
[YOLOv5] epoch 30/100 running
[YOLOv5] validation: all       1000        677      0.601      0.308      0.283      0.133
[YOLOv5] epoch 31/100 running
[YOLOv5] validation: all       1000        677      0.635       0.37       0.34       0.13
[YOLOv5] epoch 32/100 running
[YOLOv5] validation: all       1000        677      0.617      0.376      0.352      0.149
[YOLOv5] epoch 33/100 running
[YOLOv5] validation: all       1000        677      0.667      0.352      0.323      0.151
[YOLOv5] epoch 34/100 running
[YOLOv5] validation: all       1000        677      0.535      0.251      0.223     0.0876
[YOLOv5] epoch 35/100 running
[YOLOv5] validation: all       1000        677      0.597      0.286      0.267      0.108
[YOLOv5] epoch 36/100 running
[YOLOv5] validation: all       1000        677      0.698      0.281      0.303      0.126
[YOLOv5] epoch 37/100 running
[YOLOv5] validation: all       1000        677      0.664      0.297      0.313      0.146
[YOLOv5] epoch 38/100 running
[YOLOv5] validation: all       1000        677      0.685      0.298      0.321      0.149
[YOLOv5] epoch 39/100 running
[YOLOv5] validation: all       1000        677      0.702      0.311      0.329      0.144
[YOLOv5] epoch 40/100 running
[YOLOv5] validation: all       1000        677      0.723      0.291      0.333      0.147
[YOLOv5] epoch 41/100 running
[YOLOv5] validation: all       1000        677      0.639      0.327      0.325      0.136
[YOLOv5] epoch 42/100 running
[YOLOv5] validation: all       1000        677      0.643      0.315      0.306      0.134
[YOLOv5] epoch 43/100 running
[YOLOv5] validation: all       1000        677      0.629      0.304      0.315       0.14
[YOLOv5] epoch 44/100 running
[YOLOv5] validation: all       1000        677      0.639      0.361      0.336      0.149
[YOLOv5] epoch 45/100 running
[YOLOv5] validation: all       1000        677      0.647       0.36      0.338      0.145
[YOLOv5] epoch 46/100 running
[YOLOv5] validation: all       1000        677      0.684      0.297      0.322      0.156
[YOLOv5] epoch 47/100 running
[YOLOv5] validation: all       1000        677      0.669        0.3      0.303      0.131
[YOLOv5] epoch 48/100 running
[YOLOv5] validation: all       1000        677      0.605      0.345      0.315      0.144
[YOLOv5] epoch 49/100 running
[YOLOv5] validation: all       1000        677      0.696      0.321      0.341      0.152
[YOLOv5] epoch 50/100 running
[YOLOv5] validation: all       1000        677      0.682       0.33      0.362      0.173
[YOLOv5] epoch 51/100 running
[YOLOv5] validation: all       1000        677      0.637      0.341      0.338      0.156
[YOLOv5] epoch 52/100 running
[YOLOv5] validation: all       1000        677      0.685      0.312      0.339      0.139
[YOLOv5] epoch 53/100 running
[YOLOv5] validation: all       1000        677      0.683      0.315      0.327      0.138
[YOLOv5] epoch 54/100 running
[YOLOv5] validation: all       1000        677      0.618      0.351      0.346       0.15
[YOLOv5] epoch 55/100 running
[YOLOv5] validation: all       1000        677      0.645      0.369      0.345      0.163
[YOLOv5] epoch 56/100 running
[YOLOv5] validation: all       1000        677      0.679      0.327       0.34      0.158
[YOLOv5] epoch 57/100 running
[YOLOv5] validation: all       1000        677      0.747      0.292      0.329      0.152
[YOLOv5] epoch 58/100 running
[YOLOv5] validation: all       1000        677      0.671      0.358       0.36      0.181
[YOLOv5] epoch 59/100 running
[YOLOv5] validation: all       1000        677      0.708      0.334      0.374      0.183
[YOLOv5] epoch 60/100 running
[YOLOv5] validation: all       1000        677      0.714      0.331       0.35      0.167
[YOLOv5] epoch 61/100 running
[YOLOv5] validation: all       1000        677       0.67      0.343      0.353      0.157
[YOLOv5] epoch 62/100 running
[YOLOv5] validation: all       1000        677      0.708      0.298      0.332      0.151
[YOLOv5] epoch 63/100 running
[YOLOv5] validation: all       1000        677      0.735      0.301      0.337      0.159
[YOLOv5] epoch 64/100 running
[YOLOv5] validation: all       1000        677      0.721      0.307      0.334      0.156
[YOLOv5] epoch 65/100 running
[YOLOv5] validation: all       1000        677      0.736      0.322      0.352      0.174
[YOLOv5] epoch 66/100 running
[YOLOv5] validation: all       1000        677      0.744      0.336      0.362      0.184
[YOLOv5] epoch 67/100 running
[YOLOv5] validation: all       1000        677      0.735      0.339      0.366      0.182
[YOLOv5] epoch 68/100 running
[YOLOv5] validation: all       1000        677      0.791      0.306      0.371      0.175
[YOLOv5] epoch 69/100 running
[YOLOv5] validation: all       1000        677      0.758      0.317      0.373       0.18
[YOLOv5] epoch 70/100 running
[YOLOv5] validation: all       1000        677      0.724      0.347      0.378      0.189
[YOLOv5] epoch 71/100 running
[YOLOv5] validation: all       1000        677      0.762       0.33      0.384      0.185
[YOLOv5] epoch 72/100 running
[YOLOv5] validation: all       1000        677      0.691      0.359      0.381      0.192
[YOLOv5] epoch 73/100 running
[YOLOv5] validation: all       1000        677      0.676      0.348      0.361      0.172
[YOLOv5] epoch 74/100 running
[YOLOv5] validation: all       1000        677      0.689       0.36      0.382      0.187
[YOLOv5] epoch 75/100 running
[YOLOv5] validation: all       1000        677      0.738      0.328      0.371      0.173
[YOLOv5] epoch 76/100 running
[YOLOv5] validation: all       1000        677      0.715      0.343      0.381      0.183
[YOLOv5] epoch 77/100 running
[YOLOv5] validation: all       1000        677      0.737      0.367      0.385      0.189
[YOLOv5] epoch 78/100 running
[YOLOv5] validation: all       1000        677      0.742      0.354      0.387      0.196
[YOLOv5] epoch 79/100 running
[YOLOv5] validation: all       1000        677      0.709      0.361      0.394      0.197
[YOLOv5] epoch 80/100 running
[YOLOv5] validation: all       1000        677      0.741      0.341      0.387      0.198
[YOLOv5] epoch 81/100 running
[YOLOv5] validation: all       1000        677      0.761      0.344       0.38      0.196
[YOLOv5] epoch 82/100 running
[YOLOv5] validation: all       1000        677      0.766      0.336      0.384      0.201
[YOLOv5] epoch 83/100 running
[YOLOv5] validation: all       1000        677      0.771      0.325      0.374      0.193
[YOLOv5] epoch 84/100 running
[YOLOv5] validation: all       1000        677      0.769      0.345       0.38      0.189
[YOLOv5] epoch 85/100 running
[YOLOv5] validation: all       1000        677      0.768      0.346      0.382      0.189
[YOLOv5] epoch 86/100 running
[YOLOv5] validation: all       1000        677      0.749      0.335      0.369      0.185
[YOLOv5] epoch 87/100 running
[YOLOv5] validation: all       1000        677      0.743      0.347      0.378      0.194
[YOLOv5] epoch 88/100 running
[YOLOv5] validation: all       1000        677      0.761      0.342      0.389      0.204
[YOLOv5] epoch 89/100 running
[YOLOv5] validation: all       1000        677      0.799      0.337      0.387      0.203
[YOLOv5] epoch 90/100 running
[YOLOv5] validation: all       1000        677      0.761      0.353      0.389      0.198
[YOLOv5] epoch 91/100 running
[YOLOv5] validation: all       1000        677      0.794       0.35       0.41      0.206
[YOLOv5] epoch 92/100 running
[YOLOv5] validation: all       1000        677      0.773      0.349        0.4      0.205
[YOLOv5] epoch 93/100 running
[YOLOv5] validation: all       1000        677      0.748       0.36      0.396      0.208
[YOLOv5] epoch 94/100 running
[YOLOv5] validation: all       1000        677      0.759      0.372      0.417      0.214
[YOLOv5] epoch 95/100 running
[YOLOv5] validation: all       1000        677      0.812      0.338      0.404      0.212
[YOLOv5] epoch 96/100 running
[YOLOv5] validation: all       1000        677      0.767      0.359        0.4      0.211
[YOLOv5] epoch 97/100 running
[YOLOv5] validation: all       1000        677      0.757      0.359      0.398      0.207
[YOLOv5] epoch 98/100 running
[YOLOv5] validation: all       1000        677      0.767      0.359      0.399      0.207
[YOLOv5] epoch 99/100 running
[YOLOv5] validation: all       1000        677      0.759      0.355      0.397      0.207
[YOLOv5] epoch 100/100 running
[YOLOv5] validation: all       1000        677      0.795       0.34      0.396      0.205
[YOLOv5] 100 epochs completed in 0.244 hours.
[YOLOv5] validation: all       1000        677      0.759      0.372      0.417      0.214
[Task] training completed: 1089.7s
[Task] evaluating: checkpoint=last, group=test, samples=1000
[YOLOv5] validation: all       1000        688      0.862      0.375      0.447      0.219
[Task] evaluation: checkpoint=last, group=test, mAP50-95=0.2189, mAP50=0.4474, time=80.6s
[Task] evaluating: checkpoint=best, group=test, samples=1000
[YOLOv5] validation: all       1000        688      0.792      0.398      0.458      0.234
[Task] evaluation: checkpoint=best, group=test, mAP50-95=0.2343, mAP50=0.4576, time=80.8s
[Task] completed: evaluation=161.4s, output=/home/lijinhe/work/YOLO_Retraining/runs/studies/global_dedup_tau099_learning_curve/sequences/GlobalDedupTau099_PostSplit__seq-full-cold__stage0-stage7__yolov5s__s42/tasks/000__stage0__full-cold
[Task] output: /home/lijinhe/work/YOLO_Retraining/runs/studies/global_dedup_tau099_learning_curve/sequences/GlobalDedupTau099_PostSplit__seq-full-cold__stage0-stage7__yolov5s__s42/tasks/001__stage1__full-cold
[Task] data: current=615, candidate=1230, validation=1000, test=1000
[Task] selection: policy=full, selected=1230, groups={'candidate': 1230}, time=0.000s
[Task] training: backend=yolov5, epochs=100, batch=64, device=0
[YOLOv5] epoch 1/100 running
[YOLOv5] validation: all       1000        677   0.000646      0.304    0.00777    0.00192
[YOLOv5] epoch 2/100 running
[YOLOv5] validation: all       1000        677   0.000783      0.301    0.00396    0.00107
[YOLOv5] epoch 3/100 running
[YOLOv5] validation: all       1000        677      0.787     0.0429     0.0371    0.00933
[YOLOv5] epoch 4/100 running
[YOLOv5] validation: all       1000        677      0.845     0.0626      0.117     0.0362
[YOLOv5] epoch 5/100 running
[YOLOv5] validation: all       1000        677      0.429      0.207      0.126     0.0384
[YOLOv5] epoch 6/100 running
[YOLOv5] validation: all       1000        677      0.455      0.181      0.162     0.0638
[YOLOv5] epoch 7/100 running
[YOLOv5] validation: all       1000        677      0.658      0.118      0.117     0.0369
[YOLOv5] epoch 8/100 running
[YOLOv5] validation: all       1000        677      0.428      0.253      0.153     0.0574
[YOLOv5] epoch 9/100 running
[YOLOv5] validation: all       1000        677      0.435       0.28      0.153     0.0559
[YOLOv5] epoch 10/100 running
[YOLOv5] validation: all       1000        677      0.415      0.128     0.0848     0.0271
[YOLOv5] epoch 11/100 running
[YOLOv5] validation: all       1000        677      0.459      0.251      0.169     0.0647
[YOLOv5] epoch 12/100 running
[YOLOv5] validation: all       1000        677      0.546      0.232      0.194     0.0745
[YOLOv5] epoch 13/100 running
[YOLOv5] validation: all       1000        677      0.623      0.264      0.243     0.0911
[YOLOv5] epoch 14/100 running
[YOLOv5] validation: all       1000        677      0.509      0.206      0.188     0.0662
[YOLOv5] epoch 15/100 running
[YOLOv5] validation: all       1000        677      0.524      0.167       0.13     0.0398
[YOLOv5] epoch 16/100 running
[YOLOv5] validation: all       1000        677      0.574      0.256      0.237     0.0877
[YOLOv5] epoch 17/100 running
[YOLOv5] validation: all       1000        677       0.62      0.283       0.27      0.105
[YOLOv5] epoch 18/100 running
[YOLOv5] validation: all       1000        677      0.567      0.234       0.22     0.0949
[YOLOv5] epoch 19/100 running
[YOLOv5] validation: all       1000        677      0.618      0.294      0.294      0.116
[YOLOv5] epoch 20/100 running
[YOLOv5] validation: all       1000        677       0.77      0.259      0.329       0.14
[YOLOv5] epoch 21/100 running
[YOLOv5] validation: all       1000        677      0.704      0.285      0.302      0.125
[YOLOv5] epoch 22/100 running
[YOLOv5] validation: all       1000        677      0.626      0.327      0.302      0.128
[YOLOv5] epoch 23/100 running
[YOLOv5] validation: all       1000        677      0.652      0.283      0.289      0.111
[YOLOv5] epoch 24/100 running
[YOLOv5] validation: all       1000        677      0.694      0.313      0.335      0.146
[YOLOv5] epoch 25/100 running
[YOLOv5] validation: all       1000        677      0.733      0.297      0.347      0.143
[YOLOv5] epoch 26/100 running
[YOLOv5] validation: all       1000        677      0.746      0.307      0.316      0.142
[YOLOv5] epoch 27/100 running
[YOLOv5] validation: all       1000        677        0.7      0.296      0.324      0.144
[YOLOv5] epoch 28/100 running
[YOLOv5] validation: all       1000        677      0.753      0.344      0.395      0.165
[YOLOv5] epoch 29/100 running
[YOLOv5] validation: all       1000        677      0.704      0.314      0.341      0.151
[YOLOv5] epoch 30/100 running
[YOLOv5] validation: all       1000        677      0.688      0.303      0.302      0.129
[YOLOv5] epoch 31/100 running
[YOLOv5] validation: all       1000        677      0.774      0.313      0.346      0.162
[YOLOv5] epoch 32/100 running
[YOLOv5] validation: all       1000        677      0.713      0.351      0.352       0.17
[YOLOv5] epoch 33/100 running
[YOLOv5] validation: all       1000        677      0.762      0.339      0.399      0.183
[YOLOv5] epoch 34/100 running
[YOLOv5] validation: all       1000        677      0.726      0.364      0.393      0.176
[YOLOv5] epoch 35/100 running
[YOLOv5] validation: all       1000        677      0.702      0.361      0.375      0.184
[YOLOv5] epoch 36/100 running
[YOLOv5] validation: all       1000        677      0.732      0.364      0.391      0.186
[YOLOv5] epoch 37/100 running
[YOLOv5] validation: all       1000        677      0.698       0.33      0.362      0.177
[YOLOv5] epoch 38/100 running
[YOLOv5] validation: all       1000        677      0.719      0.324      0.352      0.158
[YOLOv5] epoch 39/100 running
[YOLOv5] validation: all       1000        677      0.728      0.382      0.413      0.196
[YOLOv5] epoch 40/100 running
[YOLOv5] validation: all       1000        677      0.746       0.32      0.378       0.18
[YOLOv5] epoch 41/100 running
[YOLOv5] validation: all       1000        677      0.763      0.345      0.374       0.18
[YOLOv5] epoch 42/100 running
[YOLOv5] validation: all       1000        677      0.756      0.392      0.414      0.205
[YOLOv5] epoch 43/100 running
[YOLOv5] validation: all       1000        677      0.748      0.308      0.362      0.155
[YOLOv5] epoch 44/100 running
[YOLOv5] validation: all       1000        677      0.796      0.332      0.385      0.192
[YOLOv5] epoch 45/100 running
[YOLOv5] validation: all       1000        677      0.789      0.345      0.386      0.192
[YOLOv5] epoch 46/100 running
[YOLOv5] validation: all       1000        677      0.727      0.328      0.371      0.163
[YOLOv5] epoch 47/100 running
[YOLOv5] validation: all       1000        677      0.779      0.376      0.408      0.196
[YOLOv5] epoch 48/100 running
[YOLOv5] validation: all       1000        677      0.741      0.373        0.4       0.19
[YOLOv5] epoch 49/100 running
[YOLOv5] validation: all       1000        677      0.727      0.363      0.395      0.189
[YOLOv5] epoch 50/100 running
[YOLOv5] validation: all       1000        677      0.806       0.35      0.423      0.208
[YOLOv5] epoch 51/100 running
[YOLOv5] validation: all       1000        677      0.789       0.33      0.392      0.198
[YOLOv5] epoch 52/100 running
[YOLOv5] validation: all       1000        677      0.759      0.362      0.397      0.196
[YOLOv5] epoch 53/100 running
[YOLOv5] validation: all       1000        677      0.826      0.331      0.402      0.198
[YOLOv5] epoch 54/100 running
[YOLOv5] validation: all       1000        677      0.822      0.326      0.416      0.199
[YOLOv5] epoch 55/100 running
[YOLOv5] validation: all       1000        677       0.82      0.366      0.425      0.216
[YOLOv5] epoch 56/100 running
[YOLOv5] validation: all       1000        677      0.719      0.335      0.375      0.178
[YOLOv5] epoch 57/100 running
[YOLOv5] validation: all       1000        677      0.795      0.349      0.407      0.201
[YOLOv5] epoch 58/100 running
[YOLOv5] validation: all       1000        677      0.826      0.373      0.435      0.207
[YOLOv5] epoch 59/100 running
[YOLOv5] validation: all       1000        677      0.727      0.405       0.41      0.208
[YOLOv5] epoch 60/100 running
[YOLOv5] validation: all       1000        677      0.772      0.357      0.398      0.206
[YOLOv5] epoch 61/100 running
[YOLOv5] validation: all       1000        677      0.793       0.35       0.39      0.196
[YOLOv5] epoch 62/100 running
[YOLOv5] validation: all       1000        677      0.781      0.368      0.397      0.206
[YOLOv5] epoch 63/100 running
[YOLOv5] validation: all       1000        677      0.775      0.388      0.423       0.22
[YOLOv5] epoch 64/100 running
[YOLOv5] validation: all       1000        677      0.749      0.399      0.425      0.217
[YOLOv5] epoch 65/100 running
[YOLOv5] validation: all       1000        677      0.805       0.37      0.416      0.216
[YOLOv5] epoch 66/100 running
[YOLOv5] validation: all       1000        677      0.765      0.355      0.398      0.207
[YOLOv5] epoch 67/100 running
[YOLOv5] validation: all       1000        677      0.792      0.379      0.422      0.216
[YOLOv5] epoch 68/100 running
[YOLOv5] validation: all       1000        677      0.755      0.393      0.417      0.214
[YOLOv5] epoch 69/100 running
[YOLOv5] validation: all       1000        677      0.776      0.386      0.434      0.228
[YOLOv5] epoch 70/100 running
[YOLOv5] validation: all       1000        677      0.766      0.404      0.446      0.243
[YOLOv5] epoch 71/100 running
[YOLOv5] validation: all       1000        677      0.781       0.35      0.408      0.218
[YOLOv5] epoch 72/100 running
[YOLOv5] validation: all       1000        677      0.819      0.359      0.419      0.216
[YOLOv5] epoch 73/100 running
[YOLOv5] validation: all       1000        677      0.754      0.403      0.431      0.234
[YOLOv5] epoch 74/100 running
[YOLOv5] validation: all       1000        677      0.822      0.376       0.43      0.235
[YOLOv5] epoch 75/100 running
[YOLOv5] validation: all       1000        677      0.846      0.378      0.445      0.241
[YOLOv5] epoch 76/100 running
[YOLOv5] validation: all       1000        677      0.772      0.397      0.436      0.232
[YOLOv5] epoch 77/100 running
[YOLOv5] validation: all       1000        677      0.801      0.373      0.442      0.236
[YOLOv5] epoch 78/100 running
[YOLOv5] validation: all       1000        677       0.81      0.374       0.44      0.231
[YOLOv5] epoch 79/100 running
[YOLOv5] validation: all       1000        677      0.828      0.385      0.453      0.241
[YOLOv5] epoch 80/100 running
[YOLOv5] validation: all       1000        677      0.762      0.421      0.443      0.241
[YOLOv5] epoch 81/100 running
[YOLOv5] validation: all       1000        677      0.793      0.398      0.441      0.234
[YOLOv5] epoch 82/100 running
[YOLOv5] validation: all       1000        677      0.816      0.382      0.433      0.231
[YOLOv5] epoch 83/100 running
[YOLOv5] validation: all       1000        677      0.823      0.392      0.446      0.237
[YOLOv5] epoch 84/100 running
[YOLOv5] validation: all       1000        677      0.792      0.415      0.457      0.248
[YOLOv5] epoch 85/100 running
[YOLOv5] validation: all       1000        677       0.77      0.412      0.449      0.244
[YOLOv5] epoch 86/100 running
[YOLOv5] validation: all       1000        677      0.792        0.4      0.438      0.239
[YOLOv5] epoch 87/100 running
[YOLOv5] validation: all       1000        677      0.788      0.413      0.446      0.242
[YOLOv5] epoch 88/100 running
[YOLOv5] validation: all       1000        677      0.799      0.407      0.444      0.243
[YOLOv5] epoch 89/100 running
[YOLOv5] validation: all       1000        677      0.783      0.398      0.446      0.246
[YOLOv5] epoch 90/100 running
[YOLOv5] validation: all       1000        677      0.778      0.408      0.454      0.247
[YOLOv5] epoch 91/100 running
[YOLOv5] validation: all       1000        677      0.855       0.37      0.448      0.247
[YOLOv5] epoch 92/100 running
[YOLOv5] validation: all       1000        677      0.806      0.392      0.444      0.247
[YOLOv5] epoch 93/100 running
[YOLOv5] validation: all       1000        677      0.788      0.401      0.442      0.243
[YOLOv5] epoch 94/100 running
[YOLOv5] validation: all       1000        677      0.803      0.402       0.45      0.248
[YOLOv5] epoch 95/100 running
[YOLOv5] validation: all       1000        677       0.82      0.391      0.445      0.242
[YOLOv5] epoch 96/100 running
[YOLOv5] validation: all       1000        677      0.826      0.384      0.449      0.246
[YOLOv5] epoch 97/100 running
[YOLOv5] validation: all       1000        677      0.822      0.391      0.447      0.247
[YOLOv5] epoch 98/100 running
[YOLOv5] validation: all       1000        677      0.795      0.395      0.443      0.245
[YOLOv5] epoch 99/100 running
[YOLOv5] validation: all       1000        677       0.83      0.392      0.449      0.248
[YOLOv5] epoch 100/100 running
[YOLOv5] validation: all       1000        677      0.835      0.394      0.447      0.246
[YOLOv5] 100 epochs completed in 0.332 hours.
[YOLOv5] validation: all       1000        677        0.8      0.413      0.457      0.248
[Task] training completed: 1416.5s
[Task] evaluating: checkpoint=last, group=test, samples=1000
[YOLOv5] validation: all       1000        688      0.599      0.511      0.539      0.279
[Task] evaluation: checkpoint=last, group=test, mAP50-95=0.2789, mAP50=0.5391, time=79.8s
[Task] evaluating: checkpoint=best, group=test, samples=1000
[YOLOv5] validation: all       1000        688      0.763      0.446      0.538      0.271
[Task] evaluation: checkpoint=best, group=test, mAP50-95=0.2709, mAP50=0.5378, time=84.5s
[Task] completed: evaluation=164.3s, output=/home/lijinhe/work/YOLO_Retraining/runs/studies/global_dedup_tau099_learning_curve/sequences/GlobalDedupTau099_PostSplit__seq-full-cold__stage0-stage7__yolov5s__s42/tasks/001__stage1__full-cold
[Task] output: /home/lijinhe/work/YOLO_Retraining/runs/studies/global_dedup_tau099_learning_curve/sequences/GlobalDedupTau099_PostSplit__seq-full-cold__stage0-stage7__yolov5s__s42/tasks/002__stage2__full-cold
[Task] data: current=614, candidate=1844, validation=1000, test=1000
[Task] selection: policy=full, selected=1844, groups={'candidate': 1844}, time=0.001s
[Task] training: backend=yolov5, epochs=100, batch=64, device=0
[YOLOv5] epoch 1/100 running
[YOLOv5] validation: all       1000        677    0.00069      0.283     0.0014   0.000302
[YOLOv5] epoch 2/100 running
[YOLOv5] validation: all       1000        677    0.00366      0.573     0.0811     0.0269
[YOLOv5] epoch 3/100 running
[YOLOv5] validation: all       1000        677      0.631      0.117      0.082     0.0197
[YOLOv5] epoch 4/100 running
[YOLOv5] validation: all       1000        677      0.419      0.264      0.174     0.0655
[YOLOv5] epoch 5/100 running
[YOLOv5] validation: all       1000        677      0.502      0.341       0.21     0.0928
[YOLOv5] epoch 6/100 running
[YOLOv5] validation: all       1000        677      0.539      0.256      0.226     0.0843
[YOLOv5] epoch 7/100 running
[YOLOv5] validation: all       1000        677      0.617      0.194      0.205     0.0798
[YOLOv5] epoch 8/100 running
[YOLOv5] validation: all       1000        677      0.556      0.253      0.233     0.0881
[YOLOv5] epoch 9/100 running
[YOLOv5] validation: all       1000        677      0.616       0.28      0.249     0.0995
[YOLOv5] epoch 10/100 running
[YOLOv5] validation: all       1000        677       0.61      0.272       0.28      0.118
[YOLOv5] epoch 11/100 running
[YOLOv5] validation: all       1000        677      0.729      0.251      0.287      0.131
[YOLOv5] epoch 12/100 running
[YOLOv5] validation: all       1000        677       0.65      0.263      0.293      0.126
[YOLOv5] epoch 13/100 running
[YOLOv5] validation: all       1000        677      0.629      0.266      0.268      0.111
[YOLOv5] epoch 14/100 running
[YOLOv5] validation: all       1000        677      0.692      0.316      0.344      0.152
[YOLOv5] epoch 15/100 running
[YOLOv5] validation: all       1000        677      0.647      0.313      0.337      0.148
[YOLOv5] epoch 16/100 running
[YOLOv5] validation: all       1000        677      0.784      0.332      0.388      0.163
[YOLOv5] epoch 17/100 running
[YOLOv5] validation: all       1000        677       0.68      0.331      0.365      0.158
[YOLOv5] epoch 18/100 running
[YOLOv5] validation: all       1000        677      0.627      0.319      0.336      0.159
[YOLOv5] epoch 19/100 running
[YOLOv5] validation: all       1000        677      0.734      0.306      0.346      0.143
[YOLOv5] epoch 20/100 running
[YOLOv5] validation: all       1000        677      0.725      0.315      0.345      0.157
[YOLOv5] epoch 21/100 running
[YOLOv5] validation: all       1000        677      0.744      0.343      0.368      0.175
[YOLOv5] epoch 22/100 running
[YOLOv5] validation: all       1000        677      0.704      0.356       0.38      0.176
[YOLOv5] epoch 23/100 running
[YOLOv5] validation: all       1000        677      0.694      0.333      0.361      0.181
[YOLOv5] epoch 24/100 running
[YOLOv5] validation: all       1000        677      0.689       0.31      0.334      0.159
[YOLOv5] epoch 25/100 running
[YOLOv5] validation: all       1000        677      0.793      0.335      0.386      0.191
[YOLOv5] epoch 26/100 running
[YOLOv5] validation: all       1000        677      0.752      0.346      0.388      0.175
[YOLOv5] epoch 27/100 running
[YOLOv5] validation: all       1000        677      0.795      0.324       0.39      0.184
[YOLOv5] epoch 28/100 running
[YOLOv5] validation: all       1000        677       0.74      0.382      0.411      0.184
[YOLOv5] epoch 29/100 running
[YOLOv5] validation: all       1000        677      0.765      0.297       0.34      0.164
[YOLOv5] epoch 30/100 running
[YOLOv5] validation: all       1000        677      0.691      0.368      0.395      0.188
[YOLOv5] epoch 31/100 running
[YOLOv5] validation: all       1000        677      0.762      0.412      0.424      0.212
[YOLOv5] epoch 32/100 running
[YOLOv5] validation: all       1000        677      0.714      0.345      0.383      0.185
[YOLOv5] epoch 33/100 running
[YOLOv5] validation: all       1000        677      0.726      0.323      0.374      0.186
[YOLOv5] epoch 34/100 running
[YOLOv5] validation: all       1000        677      0.731      0.412      0.451      0.217
[YOLOv5] epoch 35/100 running
[YOLOv5] validation: all       1000        677      0.733      0.409      0.441      0.214
[YOLOv5] epoch 36/100 running
[YOLOv5] validation: all       1000        677       0.78      0.396      0.456      0.211
[YOLOv5] epoch 37/100 running
[YOLOv5] validation: all       1000        677      0.826      0.381      0.443      0.216
[YOLOv5] epoch 38/100 running
[YOLOv5] validation: all       1000        677      0.722      0.394       0.42      0.206
[YOLOv5] epoch 39/100 running
[YOLOv5] validation: all       1000        677      0.745      0.344      0.375      0.184
[YOLOv5] epoch 40/100 running
[YOLOv5] validation: all       1000        677      0.771      0.409      0.458      0.225
[YOLOv5] epoch 41/100 running
[YOLOv5] validation: all       1000        677      0.798      0.403       0.45      0.215
[YOLOv5] epoch 42/100 running
[YOLOv5] validation: all       1000        677      0.731      0.428      0.429       0.21
[YOLOv5] epoch 43/100 running
[YOLOv5] validation: all       1000        677      0.736      0.389      0.431      0.212
[YOLOv5] epoch 44/100 running
[YOLOv5] validation: all       1000        677      0.785      0.354      0.414      0.196
[YOLOv5] epoch 45/100 running
[YOLOv5] validation: all       1000        677      0.752      0.403      0.435      0.227
[YOLOv5] epoch 46/100 running
[YOLOv5] validation: all       1000        677      0.755      0.395      0.423      0.213
[YOLOv5] epoch 47/100 running
[YOLOv5] validation: all       1000        677       0.82      0.386      0.454      0.233
[YOLOv5] epoch 48/100 running
[YOLOv5] validation: all       1000        677      0.762      0.387      0.424      0.212
[YOLOv5] epoch 49/100 running
[YOLOv5] validation: all       1000        677       0.78      0.405      0.438      0.225
[YOLOv5] epoch 50/100 running
[YOLOv5] validation: all       1000        677      0.808      0.406       0.46      0.246
[YOLOv5] epoch 51/100 running
[YOLOv5] validation: all       1000        677      0.841      0.392      0.471      0.248
[YOLOv5] epoch 52/100 running
[YOLOv5] validation: all       1000        677       0.75      0.411      0.445      0.228
[YOLOv5] epoch 53/100 running
[YOLOv5] validation: all       1000        677      0.789      0.404      0.449      0.217
[YOLOv5] epoch 54/100 running
[YOLOv5] validation: all       1000        677      0.854      0.392      0.465      0.237
[YOLOv5] epoch 55/100 running
[YOLOv5] validation: all       1000        677      0.771       0.41      0.454      0.237
[YOLOv5] epoch 56/100 running
[YOLOv5] validation: all       1000        677       0.79      0.375      0.424      0.215
[YOLOv5] epoch 57/100 running
[YOLOv5] validation: all       1000        677      0.749      0.429      0.472      0.232
[YOLOv5] epoch 58/100 running
[YOLOv5] validation: all       1000        677      0.789      0.419      0.457      0.246
[YOLOv5] epoch 59/100 running
[YOLOv5] validation: all       1000        677      0.796      0.417       0.46      0.242
[YOLOv5] epoch 60/100 running
[YOLOv5] validation: all       1000        677      0.806      0.415      0.482      0.253
[YOLOv5] epoch 61/100 running
[YOLOv5] validation: all       1000        677      0.817      0.419      0.475      0.259
[YOLOv5] epoch 62/100 running
[YOLOv5] validation: all       1000        677      0.876      0.396      0.473      0.247
[YOLOv5] epoch 63/100 running
[YOLOv5] validation: all       1000        677      0.767       0.45      0.466      0.254
[YOLOv5] epoch 64/100 running
[YOLOv5] validation: all       1000        677      0.795      0.417      0.468      0.254
[YOLOv5] epoch 65/100 running
[YOLOv5] validation: all       1000        677        0.8      0.441      0.494      0.271
[YOLOv5] epoch 66/100 running
[YOLOv5] validation: all       1000        677      0.824      0.427      0.495      0.266
[YOLOv5] epoch 67/100 running
[YOLOv5] validation: all       1000        677      0.724      0.443       0.46       0.25
[YOLOv5] epoch 68/100 running
[YOLOv5] validation: all       1000        677      0.793      0.414      0.472      0.252
[YOLOv5] epoch 69/100 running
[YOLOv5] validation: all       1000        677       0.84      0.422      0.486      0.263
[YOLOv5] epoch 70/100 running
[YOLOv5] validation: all       1000        677        0.8       0.42      0.469      0.257
[YOLOv5] epoch 71/100 running
[YOLOv5] validation: all       1000        677      0.844       0.43      0.499      0.274
[YOLOv5] epoch 72/100 running
[YOLOv5] validation: all       1000        677      0.836      0.447      0.499      0.272
[YOLOv5] epoch 73/100 running
[YOLOv5] validation: all       1000        677      0.802      0.432      0.473      0.267
[YOLOv5] epoch 74/100 running
[YOLOv5] validation: all       1000        677      0.813      0.432      0.468       0.27
[YOLOv5] epoch 75/100 running
[YOLOv5] validation: all       1000        677      0.791      0.459       0.49      0.269
[YOLOv5] epoch 76/100 running
[YOLOv5] validation: all       1000        677      0.806       0.43      0.472       0.26
[YOLOv5] epoch 77/100 running
[YOLOv5] validation: all       1000        677      0.522       0.46      0.488      0.269
[YOLOv5] epoch 78/100 running
[YOLOv5] validation: all       1000        677      0.801      0.465      0.489      0.269
[YOLOv5] epoch 79/100 running
[YOLOv5] validation: all       1000        677      0.813      0.426      0.474      0.257
[YOLOv5] epoch 80/100 running
[YOLOv5] validation: all       1000        677      0.798      0.414      0.463      0.252
[YOLOv5] epoch 81/100 running
[YOLOv5] validation: all       1000        677      0.806      0.428      0.475      0.257
[YOLOv5] epoch 82/100 running
[YOLOv5] validation: all       1000        677       0.81      0.432      0.476      0.262
[YOLOv5] epoch 83/100 running
[YOLOv5] validation: all       1000        677      0.836      0.446      0.495      0.273
[YOLOv5] epoch 84/100 running
[YOLOv5] validation: all       1000        677       0.83      0.439      0.495      0.278
[YOLOv5] epoch 85/100 running
[YOLOv5] validation: all       1000        677      0.805      0.461      0.484      0.264
[YOLOv5] epoch 86/100 running
[YOLOv5] validation: all       1000        677      0.804       0.46      0.486      0.269
[YOLOv5] epoch 87/100 running
[YOLOv5] validation: all       1000        677      0.828      0.432       0.48      0.262
[YOLOv5] epoch 88/100 running
[YOLOv5] validation: all       1000        677      0.802      0.459      0.488       0.26
[YOLOv5] epoch 89/100 running
[YOLOv5] validation: all       1000        677      0.791      0.455      0.483      0.262
[YOLOv5] epoch 90/100 running
[YOLOv5] validation: all       1000        677      0.806      0.449      0.481      0.263
[YOLOv5] epoch 91/100 running
[YOLOv5] validation: all       1000        677      0.802      0.474      0.499      0.267
[YOLOv5] epoch 92/100 running
[YOLOv5] validation: all       1000        677      0.809      0.449      0.497      0.273
[YOLOv5] epoch 93/100 running
[YOLOv5] validation: all       1000        677      0.863      0.438      0.503      0.277
[YOLOv5] epoch 94/100 running
[YOLOv5] validation: all       1000        677      0.876       0.42      0.499      0.277
[YOLOv5] epoch 95/100 running
[YOLOv5] validation: all       1000        677      0.514      0.466      0.496      0.274
[YOLOv5] epoch 96/100 running
[YOLOv5] validation: all       1000        677      0.822      0.441      0.495      0.273
[YOLOv5] epoch 97/100 running
[YOLOv5] validation: all       1000        677      0.832      0.441      0.496      0.274
[YOLOv5] epoch 98/100 running
[YOLOv5] validation: all       1000        677      0.836      0.437      0.495      0.275
[YOLOv5] epoch 99/100 running
[YOLOv5] validation: all       1000        677      0.842      0.444      0.498      0.283
[YOLOv5] epoch 100/100 running
[YOLOv5] validation: all       1000        677      0.856      0.433      0.495      0.276
[YOLOv5] 100 epochs completed in 0.372 hours.
[YOLOv5] validation: all       1000        677      0.861      0.438      0.503      0.277
[Task] training completed: 1572.6s
[Task] evaluating: checkpoint=last, group=test, samples=1000
[YOLOv5] validation: all       1000        688      0.637       0.54      0.557      0.311
[Task] evaluation: checkpoint=last, group=test, mAP50-95=0.3109, mAP50=0.5571, time=83.9s
[Task] evaluating: checkpoint=best, group=test, samples=1000
[YOLOv5] validation: all       1000        688      0.823       0.47      0.533       0.29
[Task] evaluation: checkpoint=best, group=test, mAP50-95=0.2901, mAP50=0.5330, time=80.9s
[Task] completed: evaluation=164.7s, output=/home/lijinhe/work/YOLO_Retraining/runs/studies/global_dedup_tau099_learning_curve/sequences/GlobalDedupTau099_PostSplit__seq-full-cold__stage0-stage7__yolov5s__s42/tasks/002__stage2__full-cold
[Task] output: /home/lijinhe/work/YOLO_Retraining/runs/studies/global_dedup_tau099_learning_curve/sequences/GlobalDedupTau099_PostSplit__seq-full-cold__stage0-stage7__yolov5s__s42/tasks/003__stage3__full-cold
[Task] data: current=614, candidate=2458, validation=1000, test=1000
[Task] selection: policy=full, selected=2458, groups={'candidate': 2458}, time=0.001s
[Task] training: backend=yolov5, epochs=100, batch=64, device=0
[YOLOv5] epoch 1/100 running
[YOLOv5] validation: all       1000        677    0.00199      0.361    0.00377   0.000926
[YOLOv5] epoch 2/100 running
[YOLOv5] validation: all       1000        677        0.8     0.0797      0.114     0.0324
[YOLOv5] epoch 3/100 running
[YOLOv5] validation: all       1000        677      0.361      0.186      0.154     0.0551
[YOLOv5] epoch 4/100 running
[YOLOv5] validation: all       1000        677      0.559      0.274       0.23     0.0819
[YOLOv5] epoch 5/100 running
[YOLOv5] validation: all       1000        677      0.526      0.192      0.154     0.0528
[YOLOv5] epoch 6/100 running
[YOLOv5] validation: all       1000        677      0.585      0.295      0.262     0.0931
[YOLOv5] epoch 7/100 running
[YOLOv5] validation: all       1000        677      0.577      0.301      0.266      0.101
[YOLOv5] epoch 8/100 running
[YOLOv5] validation: all       1000        677      0.538      0.299      0.257      0.105
[YOLOv5] epoch 9/100 running
[YOLOv5] validation: all       1000        677      0.629      0.276      0.279      0.109
[YOLOv5] epoch 10/100 running
[YOLOv5] validation: all       1000        677      0.622      0.275      0.263     0.0896
[YOLOv5] epoch 11/100 running
[YOLOv5] validation: all       1000        677      0.788      0.234      0.299      0.124
[YOLOv5] epoch 12/100 running
[YOLOv5] validation: all       1000        677      0.637      0.232      0.244       0.11
[YOLOv5] epoch 13/100 running
[YOLOv5] validation: all       1000        677      0.592      0.186      0.157     0.0694
[YOLOv5] epoch 14/100 running
[YOLOv5] validation: all       1000        677      0.612      0.349      0.344      0.136
[YOLOv5] epoch 15/100 running
[YOLOv5] validation: all       1000        677       0.63      0.355      0.332      0.139
[YOLOv5] epoch 16/100 running
[YOLOv5] validation: all       1000        677      0.665      0.246      0.246      0.118
[YOLOv5] epoch 17/100 running
[YOLOv5] validation: all       1000        677       0.71      0.305      0.353       0.14
[YOLOv5] epoch 18/100 running
[YOLOv5] validation: all       1000        677      0.747      0.363      0.392      0.182
[YOLOv5] epoch 19/100 running
[YOLOv5] validation: all       1000        677        0.6      0.303       0.31       0.14
[YOLOv5] epoch 20/100 running
[YOLOv5] validation: all       1000        677       0.69      0.382      0.385      0.169
[YOLOv5] epoch 21/100 running
[YOLOv5] validation: all       1000        677       0.72      0.383      0.397      0.189
[YOLOv5] epoch 22/100 running
[YOLOv5] validation: all       1000        677      0.782      0.379      0.435      0.193
[YOLOv5] epoch 23/100 running
[YOLOv5] validation: all       1000        677      0.743      0.384      0.412      0.197
[YOLOv5] epoch 24/100 running
[YOLOv5] validation: all       1000        677       0.73      0.405      0.438      0.209
[YOLOv5] epoch 25/100 running
[YOLOv5] validation: all       1000        677      0.739      0.359      0.387      0.176
[YOLOv5] epoch 26/100 running
[YOLOv5] validation: all       1000        677       0.69      0.376      0.396      0.179
[YOLOv5] epoch 27/100 running
[YOLOv5] validation: all       1000        677      0.757      0.391      0.433      0.208
[YOLOv5] epoch 28/100 running
[YOLOv5] validation: all       1000        677      0.738      0.383      0.424      0.201
[YOLOv5] epoch 29/100 running
[YOLOv5] validation: all       1000        677      0.779      0.383      0.424      0.208
[YOLOv5] epoch 30/100 running
[YOLOv5] validation: all       1000        677      0.799      0.369       0.43      0.201
[YOLOv5] epoch 31/100 running
[YOLOv5] validation: all       1000        677      0.735      0.375      0.412      0.193
[YOLOv5] epoch 32/100 running
[YOLOv5] validation: all       1000        677      0.828      0.371      0.447      0.216
[YOLOv5] epoch 33/100 running
[YOLOv5] validation: all       1000        677      0.717      0.318      0.325      0.161
[YOLOv5] epoch 34/100 running
[YOLOv5] validation: all       1000        677      0.801      0.387      0.457      0.229
[YOLOv5] epoch 35/100 running
[YOLOv5] validation: all       1000        677      0.801      0.357      0.438       0.22
[YOLOv5] epoch 36/100 running
[YOLOv5] validation: all       1000        677      0.819      0.402      0.469      0.228
[YOLOv5] epoch 37/100 running
[YOLOv5] validation: all       1000        677      0.811      0.375      0.443      0.212
[YOLOv5] epoch 38/100 running
[YOLOv5] validation: all       1000        677      0.726      0.418      0.444       0.22
[YOLOv5] epoch 39/100 running
[YOLOv5] validation: all       1000        677      0.832      0.418       0.48      0.242
[YOLOv5] epoch 40/100 running
[YOLOv5] validation: all       1000        677      0.765      0.407      0.446      0.217
[YOLOv5] epoch 41/100 running
[YOLOv5] validation: all       1000        677      0.774      0.408      0.467      0.236
[YOLOv5] epoch 42/100 running
[YOLOv5] validation: all       1000        677      0.768       0.42      0.462      0.236
[YOLOv5] epoch 43/100 running
[YOLOv5] validation: all       1000        677      0.795      0.438      0.471      0.238
[YOLOv5] epoch 44/100 running
[YOLOv5] validation: all       1000        677      0.732      0.452      0.486      0.256
[YOLOv5] epoch 45/100 running
[YOLOv5] validation: all       1000        677      0.794      0.441      0.461      0.233
[YOLOv5] epoch 46/100 running
[YOLOv5] validation: all       1000        677      0.814      0.407      0.467      0.233
[YOLOv5] epoch 47/100 running
[YOLOv5] validation: all       1000        677      0.808      0.399       0.44      0.208
[YOLOv5] epoch 48/100 running
[YOLOv5] validation: all       1000        677      0.837       0.43      0.482      0.253
[YOLOv5] epoch 49/100 running
[YOLOv5] validation: all       1000        677      0.812      0.429      0.482      0.258
[YOLOv5] epoch 50/100 running
[YOLOv5] validation: all       1000        677       0.87      0.432      0.509      0.265
[YOLOv5] epoch 51/100 running
[YOLOv5] validation: all       1000        677      0.772      0.428      0.478      0.253
[YOLOv5] epoch 52/100 running
[YOLOv5] validation: all       1000        677       0.83      0.452      0.505      0.265
[YOLOv5] epoch 53/100 running
[YOLOv5] validation: all       1000        677       0.83      0.418      0.483      0.249
[YOLOv5] epoch 54/100 running
[YOLOv5] validation: all       1000        677      0.749      0.459      0.472      0.251
[YOLOv5] epoch 55/100 running
[YOLOv5] validation: all       1000        677      0.825      0.442      0.494      0.264
[YOLOv5] epoch 56/100 running
[YOLOv5] validation: all       1000        677      0.779      0.446      0.481      0.251
[YOLOv5] epoch 57/100 running
[YOLOv5] validation: all       1000        677      0.876      0.426      0.498      0.258
[YOLOv5] epoch 58/100 running
[YOLOv5] validation: all       1000        677       0.82       0.46      0.505       0.27
[YOLOv5] epoch 59/100 running
[YOLOv5] validation: all       1000        677      0.825       0.45      0.507      0.265
[YOLOv5] epoch 60/100 running
[YOLOv5] validation: all       1000        677      0.802      0.485      0.517       0.27
[YOLOv5] epoch 61/100 running
[YOLOv5] validation: all       1000        677      0.757      0.459      0.463       0.24
[YOLOv5] epoch 62/100 running
[YOLOv5] validation: all       1000        677      0.816      0.446       0.49       0.26
[YOLOv5] epoch 63/100 running
[YOLOv5] validation: all       1000        677       0.87      0.433      0.512      0.277
[YOLOv5] epoch 64/100 running
[YOLOv5] validation: all       1000        677      0.817      0.426      0.478      0.268
[YOLOv5] epoch 65/100 running
[YOLOv5] validation: all       1000        677      0.822       0.45      0.498      0.273
[YOLOv5] epoch 66/100 running
[YOLOv5] validation: all       1000        677      0.841      0.443      0.502      0.272
[YOLOv5] epoch 67/100 running
[YOLOv5] validation: all       1000        677      0.804      0.434      0.474      0.254
[YOLOv5] epoch 68/100 running
[YOLOv5] validation: all       1000        677      0.831      0.472      0.511      0.285
[YOLOv5] epoch 69/100 running
[YOLOv5] validation: all       1000        677       0.81      0.459      0.505      0.275
[YOLOv5] epoch 70/100 running
[YOLOv5] validation: all       1000        677      0.787      0.455      0.502      0.277
[YOLOv5] epoch 71/100 running
[YOLOv5] validation: all       1000        677      0.842      0.421      0.498      0.267
[YOLOv5] epoch 72/100 running
[YOLOv5] validation: all       1000        677      0.813      0.462        0.5      0.273
[YOLOv5] epoch 73/100 running
[YOLOv5] validation: all       1000        677      0.809      0.452      0.504      0.281
[YOLOv5] epoch 74/100 running
[YOLOv5] validation: all       1000        677       0.84      0.433      0.492      0.268
[YOLOv5] epoch 75/100 running
[YOLOv5] validation: all       1000        677       0.79      0.443      0.486      0.277
[YOLOv5] epoch 76/100 running
[YOLOv5] validation: all       1000        677      0.827      0.447      0.484      0.264
[YOLOv5] epoch 77/100 running
[YOLOv5] validation: all       1000        677      0.859      0.448      0.517      0.292
[YOLOv5] epoch 78/100 running
[YOLOv5] validation: all       1000        677      0.825      0.455        0.5      0.277
[YOLOv5] epoch 79/100 running
[YOLOv5] validation: all       1000        677      0.831      0.454      0.496      0.277
[YOLOv5] epoch 80/100 running
[YOLOv5] validation: all       1000        677      0.892      0.448      0.515      0.279
[YOLOv5] epoch 81/100 running
[YOLOv5] validation: all       1000        677      0.831      0.457      0.514      0.285
[YOLOv5] epoch 82/100 running
[YOLOv5] validation: all       1000        677      0.814      0.454      0.495      0.272
[YOLOv5] epoch 83/100 running
[YOLOv5] validation: all       1000        677      0.905      0.433      0.514       0.29
[YOLOv5] epoch 84/100 running
[YOLOv5] validation: all       1000        677      0.863      0.452      0.513      0.286
[YOLOv5] epoch 85/100 running
[YOLOv5] validation: all       1000        677      0.836      0.458      0.512      0.289
[YOLOv5] epoch 86/100 running
[YOLOv5] validation: all       1000        677      0.836      0.471      0.515      0.285
[YOLOv5] epoch 87/100 running
[YOLOv5] validation: all       1000        677      0.872      0.453      0.513      0.286
[YOLOv5] epoch 88/100 running
[YOLOv5] validation: all       1000        677      0.851      0.433      0.497      0.274
[YOLOv5] epoch 89/100 running
[YOLOv5] validation: all       1000        677      0.855      0.458      0.507      0.278
[YOLOv5] epoch 90/100 running
[YOLOv5] validation: all       1000        677      0.855      0.453      0.505      0.284
[YOLOv5] epoch 91/100 running
[YOLOv5] validation: all       1000        677       0.84      0.468      0.515      0.285
[YOLOv5] epoch 92/100 running
[YOLOv5] validation: all       1000        677       0.87      0.458      0.524      0.292
[YOLOv5] epoch 93/100 running
[YOLOv5] validation: all       1000        677      0.869      0.457      0.516      0.287
[YOLOv5] epoch 94/100 running
[YOLOv5] validation: all       1000        677      0.841      0.467       0.51      0.279
[YOLOv5] epoch 95/100 running
[YOLOv5] validation: all       1000        677       0.86      0.455       0.51      0.284
[YOLOv5] epoch 96/100 running
[YOLOv5] validation: all       1000        677      0.854      0.457      0.516      0.289
[YOLOv5] epoch 97/100 running
[YOLOv5] validation: all       1000        677      0.826      0.472      0.513      0.291
[YOLOv5] epoch 98/100 running
[YOLOv5] validation: all       1000        677      0.872      0.456      0.508      0.287
[YOLOv5] epoch 99/100 running
[YOLOv5] validation: all       1000        677      0.857      0.441      0.506      0.282
[YOLOv5] epoch 100/100 running
[YOLOv5] validation: all       1000        677      0.882      0.444      0.514      0.289
[YOLOv5] 100 epochs completed in 0.413 hours.
[YOLOv5] validation: all       1000        677       0.87      0.458      0.523      0.292
[Task] training completed: 1715.8s
[Task] evaluating: checkpoint=last, group=test, samples=1000
[YOLOv5] validation: all       1000        688      0.857      0.477      0.535      0.302
[Task] evaluation: checkpoint=last, group=test, mAP50-95=0.3017, mAP50=0.5348, time=76.6s
[Task] evaluating: checkpoint=best, group=test, samples=1000
[YOLOv5] validation: all       1000        688      0.864      0.465      0.534      0.296
[Task] evaluation: checkpoint=best, group=test, mAP50-95=0.2962, mAP50=0.5340, time=78.0s
[Task] completed: evaluation=154.6s, output=/home/lijinhe/work/YOLO_Retraining/runs/studies/global_dedup_tau099_learning_curve/sequences/GlobalDedupTau099_PostSplit__seq-full-cold__stage0-stage7__yolov5s__s42/tasks/003__stage3__full-cold
[Task] output: /home/lijinhe/work/YOLO_Retraining/runs/studies/global_dedup_tau099_learning_curve/sequences/GlobalDedupTau099_PostSplit__seq-full-cold__stage0-stage7__yolov5s__s42/tasks/004__stage4__full-cold
[Task] data: current=614, candidate=3072, validation=1000, test=1000
[Task] selection: policy=full, selected=3072, groups={'candidate': 3072}, time=0.001s
[Task] training: backend=yolov5, epochs=100, batch=64, device=0
[YOLOv5] epoch 1/100 running
[YOLOv5] validation: all       1000        677      0.793     0.0451     0.0256     0.0061
[YOLOv5] epoch 2/100 running
[YOLOv5] validation: all       1000        677      0.872     0.0744      0.152     0.0494
[YOLOv5] epoch 3/100 running
[YOLOv5] validation: all       1000        677      0.531      0.163      0.165     0.0586
[YOLOv5] epoch 4/100 running
[YOLOv5] validation: all       1000        677      0.488      0.036      0.028    0.00911
[YOLOv5] epoch 5/100 running
[YOLOv5] validation: all       1000        677      0.546      0.229      0.196     0.0833
[YOLOv5] epoch 6/100 running
[YOLOv5] validation: all       1000        677      0.484      0.324       0.23     0.0735
[YOLOv5] epoch 7/100 running
[YOLOv5] validation: all       1000        677      0.649      0.255      0.265      0.107
[YOLOv5] epoch 8/100 running
[YOLOv5] validation: all       1000        677      0.665      0.264       0.28      0.113
[YOLOv5] epoch 9/100 running
[YOLOv5] validation: all       1000        677      0.713      0.275      0.301      0.114
[YOLOv5] epoch 10/100 running
[YOLOv5] validation: all       1000        677      0.735      0.325      0.367      0.162
[YOLOv5] epoch 11/100 running
[YOLOv5] validation: all       1000        677      0.681      0.259      0.302      0.139
[YOLOv5] epoch 12/100 running
[YOLOv5] validation: all       1000        677      0.715      0.307      0.326      0.141
[YOLOv5] epoch 13/100 running
[YOLOv5] validation: all       1000        677      0.732       0.33      0.396      0.186
[YOLOv5] epoch 14/100 running
[YOLOv5] validation: all       1000        677      0.704      0.334      0.359      0.167
[YOLOv5] epoch 15/100 running
[YOLOv5] validation: all       1000        677      0.768      0.349      0.398      0.173
[YOLOv5] epoch 16/100 running
[YOLOv5] validation: all       1000        677      0.736      0.402      0.438      0.192
[YOLOv5] epoch 17/100 running
[YOLOv5] validation: all       1000        677      0.752      0.331      0.396      0.183
[YOLOv5] epoch 18/100 running
[YOLOv5] validation: all       1000        677      0.729      0.365      0.404       0.18
[YOLOv5] epoch 19/100 running
[YOLOv5] validation: all       1000        677      0.715      0.341      0.373      0.179
[YOLOv5] epoch 20/100 running
[YOLOv5] validation: all       1000        677      0.774      0.365      0.429      0.192
[YOLOv5] epoch 21/100 running
[YOLOv5] validation: all       1000        677      0.747      0.323      0.374      0.172
[YOLOv5] epoch 22/100 running
[YOLOv5] validation: all       1000        677      0.785      0.404      0.455      0.229
[YOLOv5] epoch 23/100 running
[YOLOv5] validation: all       1000        677      0.784       0.43      0.456      0.224
[YOLOv5] epoch 24/100 running
[YOLOv5] validation: all       1000        677      0.752       0.37      0.398      0.197
[YOLOv5] epoch 25/100 running
[YOLOv5] validation: all       1000        677      0.772      0.421       0.46      0.227
[YOLOv5] epoch 26/100 running
[YOLOv5] validation: all       1000        677      0.751      0.393      0.433      0.215
[YOLOv5] epoch 27/100 running
[YOLOv5] validation: all       1000        677      0.737      0.399      0.447      0.235
[YOLOv5] epoch 28/100 running
[YOLOv5] validation: all       1000        677      0.765      0.421      0.451      0.227
[YOLOv5] epoch 29/100 running
[YOLOv5] validation: all       1000        677      0.786      0.395      0.448      0.223
[YOLOv5] epoch 30/100 running
[YOLOv5] validation: all       1000        677      0.792      0.401      0.451       0.23
[YOLOv5] epoch 31/100 running
[YOLOv5] validation: all       1000        677      0.805      0.406      0.458       0.24
[YOLOv5] epoch 32/100 running
[YOLOv5] validation: all       1000        677      0.782      0.416      0.462      0.226
[YOLOv5] epoch 33/100 running
[YOLOv5] validation: all       1000        677      0.809      0.419      0.479      0.247
[YOLOv5] epoch 34/100 running
[YOLOv5] validation: all       1000        677      0.791      0.401      0.463      0.246
[YOLOv5] epoch 35/100 running
[YOLOv5] validation: all       1000        677      0.779      0.422      0.473      0.234
[YOLOv5] epoch 36/100 running
[YOLOv5] validation: all       1000        677      0.758      0.434      0.474      0.232
[YOLOv5] epoch 37/100 running
[YOLOv5] validation: all       1000        677      0.823      0.415      0.474      0.243
[YOLOv5] epoch 38/100 running
[YOLOv5] validation: all       1000        677      0.803      0.401      0.474      0.236
[YOLOv5] epoch 39/100 running
[YOLOv5] validation: all       1000        677      0.776      0.459      0.486      0.251
[YOLOv5] epoch 40/100 running
[YOLOv5] validation: all       1000        677      0.787      0.436      0.488      0.261
[YOLOv5] epoch 41/100 running
[YOLOv5] validation: all       1000        677      0.826      0.436      0.502      0.257
[YOLOv5] epoch 42/100 running
[YOLOv5] validation: all       1000        677      0.832      0.414      0.481      0.252
[YOLOv5] epoch 43/100 running
[YOLOv5] validation: all       1000        677      0.827      0.413      0.488      0.259
[YOLOv5] epoch 44/100 running
[YOLOv5] validation: all       1000        677      0.821      0.414      0.472      0.248
[YOLOv5] epoch 45/100 running
[YOLOv5] validation: all       1000        677      0.773       0.46       0.49      0.262
[YOLOv5] epoch 46/100 running
[YOLOv5] validation: all       1000        677      0.809      0.418      0.478      0.252
[YOLOv5] epoch 47/100 running
[YOLOv5] validation: all       1000        677      0.753      0.454      0.477      0.257
[YOLOv5] epoch 48/100 running
[YOLOv5] validation: all       1000        677      0.813       0.43       0.49      0.254
[YOLOv5] epoch 49/100 running
[YOLOv5] validation: all       1000        677      0.827      0.444      0.506      0.253
[YOLOv5] epoch 50/100 running
[YOLOv5] validation: all       1000        677      0.845      0.423      0.503      0.267
[YOLOv5] epoch 51/100 running
[YOLOv5] validation: all       1000        677      0.774      0.456      0.487      0.251
[YOLOv5] epoch 52/100 running
[YOLOv5] validation: all       1000        677      0.871      0.418      0.491       0.26
[YOLOv5] epoch 53/100 running
[YOLOv5] validation: all       1000        677      0.856      0.428        0.5      0.258
[YOLOv5] epoch 54/100 running
[YOLOv5] validation: all       1000        677      0.833      0.423      0.506      0.265
[YOLOv5] epoch 55/100 running
[YOLOv5] validation: all       1000        677      0.769      0.486      0.505      0.272
[YOLOv5] epoch 56/100 running
[YOLOv5] validation: all       1000        677      0.828       0.42      0.482      0.251
[YOLOv5] epoch 57/100 running
[YOLOv5] validation: all       1000        677      0.798      0.467      0.506      0.264
[YOLOv5] epoch 58/100 running
[YOLOv5] validation: all       1000        677      0.882      0.433      0.512      0.276
[YOLOv5] epoch 59/100 running
[YOLOv5] validation: all       1000        677      0.826      0.439      0.491      0.261
[YOLOv5] epoch 60/100 running
[YOLOv5] validation: all       1000        677      0.875      0.436      0.501      0.269
[YOLOv5] epoch 61/100 running
[YOLOv5] validation: all       1000        677      0.855      0.457      0.517      0.275
[YOLOv5] epoch 62/100 running
[YOLOv5] validation: all       1000        677      0.849       0.45       0.51      0.268
[YOLOv5] epoch 63/100 running
[YOLOv5] validation: all       1000        677       0.87      0.451      0.512       0.27
[YOLOv5] epoch 64/100 running
[YOLOv5] validation: all       1000        677      0.873      0.452      0.513      0.268
[YOLOv5] epoch 65/100 running
[YOLOv5] validation: all       1000        677      0.891      0.431      0.505      0.278
[YOLOv5] epoch 66/100 running
[YOLOv5] validation: all       1000        677      0.864      0.448      0.511      0.276
[YOLOv5] epoch 67/100 running
[YOLOv5] validation: all       1000        677      0.877      0.455      0.527       0.28
[YOLOv5] epoch 68/100 running
[YOLOv5] validation: all       1000        677       0.89      0.454      0.505      0.276
[YOLOv5] epoch 69/100 running
[YOLOv5] validation: all       1000        677      0.833       0.47      0.508      0.275
[YOLOv5] epoch 70/100 running
[YOLOv5] validation: all       1000        677      0.844      0.457      0.506      0.286
[YOLOv5] epoch 71/100 running
[YOLOv5] validation: all       1000        677      0.862       0.46      0.504      0.279
[YOLOv5] epoch 72/100 running
[YOLOv5] validation: all       1000        677      0.625       0.45      0.526       0.28
[YOLOv5] epoch 73/100 running
[YOLOv5] validation: all       1000        677      0.889      0.437      0.514      0.279
[YOLOv5] epoch 74/100 running
[YOLOv5] validation: all       1000        677       0.84      0.445      0.489      0.267
[YOLOv5] epoch 75/100 running
[YOLOv5] validation: all       1000        677      0.871      0.439      0.508      0.275
[YOLOv5] epoch 76/100 running
[YOLOv5] validation: all       1000        677      0.887      0.449      0.518      0.276
[YOLOv5] epoch 77/100 running
[YOLOv5] validation: all       1000        677      0.898      0.439      0.518       0.28
[YOLOv5] epoch 78/100 running
[YOLOv5] validation: all       1000        677      0.889      0.459      0.516      0.285
[YOLOv5] epoch 79/100 running
[YOLOv5] validation: all       1000        677       0.87      0.458      0.517      0.283
[YOLOv5] epoch 80/100 running
[YOLOv5] validation: all       1000        677      0.892      0.451      0.531      0.289
[YOLOv5] epoch 81/100 running
[YOLOv5] validation: all       1000        677      0.881       0.45      0.518      0.287
[YOLOv5] epoch 82/100 running
[YOLOv5] validation: all       1000        677      0.879      0.446      0.511      0.282
[YOLOv5] epoch 83/100 running
[YOLOv5] validation: all       1000        677      0.858      0.451      0.517      0.288
[YOLOv5] epoch 84/100 running
[YOLOv5] validation: all       1000        677      0.873      0.437      0.507      0.284
[YOLOv5] epoch 85/100 running
[YOLOv5] validation: all       1000        677      0.579      0.473      0.525      0.286
[YOLOv5] epoch 86/100 running
[YOLOv5] validation: all       1000        677      0.862      0.445      0.515      0.286
[YOLOv5] epoch 87/100 running
[YOLOv5] validation: all       1000        677      0.863      0.456      0.527      0.295
[YOLOv5] epoch 88/100 running
[YOLOv5] validation: all       1000        677      0.855      0.466      0.527      0.286
[YOLOv5] epoch 89/100 running
[YOLOv5] validation: all       1000        677       0.87      0.458      0.523      0.286
[YOLOv5] epoch 90/100 running
[YOLOv5] validation: all       1000        677      0.864      0.444      0.516      0.288
[YOLOv5] epoch 91/100 running
[YOLOv5] validation: all       1000        677      0.591      0.463      0.508      0.287
[YOLOv5] epoch 92/100 running
[YOLOv5] validation: all       1000        677      0.887      0.455      0.518      0.291
[YOLOv5] epoch 93/100 running
[YOLOv5] validation: all       1000        677      0.874      0.455      0.515      0.288
[YOLOv5] epoch 94/100 running
[YOLOv5] validation: all       1000        677      0.909      0.455      0.532      0.289
[YOLOv5] epoch 95/100 running
[YOLOv5] validation: all       1000        677      0.858      0.471      0.522       0.29
[YOLOv5] epoch 96/100 running
[YOLOv5] validation: all       1000        677      0.863      0.462      0.526      0.291
[YOLOv5] epoch 97/100 running
[YOLOv5] validation: all       1000        677      0.888      0.448      0.518      0.294
[YOLOv5] epoch 98/100 running
[YOLOv5] validation: all       1000        677      0.616      0.453      0.514      0.292
[YOLOv5] epoch 99/100 running
[YOLOv5] validation: all       1000        677      0.615       0.46      0.516      0.291
[YOLOv5] epoch 100/100 running
[YOLOv5] validation: all       1000        677      0.877       0.45      0.519      0.292
[YOLOv5] 100 epochs completed in 0.595 hours.
[YOLOv5] validation: all       1000        677      0.909      0.454      0.532      0.289
[Task] training completed: 2377.0s
[Task] evaluating: checkpoint=last, group=test, samples=1000
[YOLOv5] validation: all       1000        688      0.866      0.466      0.544      0.294
[Task] evaluation: checkpoint=last, group=test, mAP50-95=0.2940, mAP50=0.5440, time=82.9s
[Task] evaluating: checkpoint=best, group=test, samples=1000
[YOLOv5] validation: all       1000        688       0.86      0.478      0.531      0.288
[Task] evaluation: checkpoint=best, group=test, mAP50-95=0.2881, mAP50=0.5309, time=84.9s
[Task] completed: evaluation=167.9s, output=/home/lijinhe/work/YOLO_Retraining/runs/studies/global_dedup_tau099_learning_curve/sequences/GlobalDedupTau099_PostSplit__seq-full-cold__stage0-stage7__yolov5s__s42/tasks/004__stage4__full-cold
[Task] output: /home/lijinhe/work/YOLO_Retraining/runs/studies/global_dedup_tau099_learning_curve/sequences/GlobalDedupTau099_PostSplit__seq-full-cold__stage0-stage7__yolov5s__s42/tasks/005__stage5__full-cold
[Task] data: current=614, candidate=3686, validation=1000, test=1000
[Task] selection: policy=full, selected=3686, groups={'candidate': 3686}, time=0.001s
[Task] training: backend=yolov5, epochs=100, batch=64, device=0
[YOLOv5] epoch 1/100 running
[YOLOv5] validation: all       1000        677    0.00211      0.501     0.0218    0.00476
[YOLOv5] epoch 2/100 running
[YOLOv5] validation: all       1000        677      0.656      0.162      0.142     0.0479
[YOLOv5] epoch 3/100 running
[YOLOv5] validation: all       1000        677      0.738      0.179      0.205      0.078
[YOLOv5] epoch 4/100 running
[YOLOv5] validation: all       1000        677      0.589      0.234      0.219     0.0887
[YOLOv5] epoch 5/100 running
[YOLOv5] validation: all       1000        677      0.694      0.241      0.269      0.112
[YOLOv5] epoch 6/100 running
[YOLOv5] validation: all       1000        677      0.554      0.274      0.239     0.0838
[YOLOv5] epoch 7/100 running
[YOLOv5] validation: all       1000        677      0.602       0.22      0.242      0.108
[YOLOv5] epoch 8/100 running
[YOLOv5] validation: all       1000        677      0.525      0.184      0.164     0.0684
[YOLOv5] epoch 9/100 running
[YOLOv5] validation: all       1000        677      0.683      0.334      0.335      0.147
[YOLOv5] epoch 10/100 running
[YOLOv5] validation: all       1000        677      0.594      0.263      0.261       0.11
[YOLOv5] epoch 11/100 running
[YOLOv5] validation: all       1000        677      0.703      0.352      0.393      0.167
[YOLOv5] epoch 12/100 running
[YOLOv5] validation: all       1000        677      0.661      0.338      0.349       0.16
[YOLOv5] epoch 13/100 running
[YOLOv5] validation: all       1000        677      0.754      0.367      0.397      0.179
[YOLOv5] epoch 14/100 running
[YOLOv5] validation: all       1000        677      0.681      0.343      0.371       0.16
[YOLOv5] epoch 15/100 running
[YOLOv5] validation: all       1000        677      0.762      0.357      0.411      0.191
[YOLOv5] epoch 16/100 running
[YOLOv5] validation: all       1000        677      0.764       0.35      0.392      0.181
[YOLOv5] epoch 17/100 running
[YOLOv5] validation: all       1000        677      0.726       0.39       0.42      0.203
[YOLOv5] epoch 18/100 running
[YOLOv5] validation: all       1000        677      0.754      0.383       0.42      0.182
[YOLOv5] epoch 19/100 running
[YOLOv5] validation: all       1000        677      0.723      0.419      0.423      0.197
[YOLOv5] epoch 20/100 running
[YOLOv5] validation: all       1000        677      0.772      0.383      0.451       0.22
[YOLOv5] epoch 21/100 running
[YOLOv5] validation: all       1000        677      0.726      0.389      0.435      0.214
[YOLOv5] epoch 22/100 running
[YOLOv5] validation: all       1000        677      0.809      0.424      0.494      0.234
[YOLOv5] epoch 23/100 running
[YOLOv5] validation: all       1000        677      0.823      0.368       0.45      0.228
[YOLOv5] epoch 24/100 running
[YOLOv5] validation: all       1000        677      0.733      0.426      0.455      0.197
[YOLOv5] epoch 25/100 running
[YOLOv5] validation: all       1000        677      0.777      0.429      0.472      0.234
[YOLOv5] epoch 26/100 running
[YOLOv5] validation: all       1000        677      0.775      0.366      0.437      0.217
[YOLOv5] epoch 27/100 running
[YOLOv5] validation: all       1000        677      0.749       0.41      0.436       0.21
[YOLOv5] epoch 28/100 running
[YOLOv5] validation: all       1000        677      0.756      0.415      0.462      0.225
[YOLOv5] epoch 29/100 running
[YOLOv5] validation: all       1000        677      0.835      0.344      0.455      0.229
[YOLOv5] epoch 30/100 running
[YOLOv5] validation: all       1000        677      0.791      0.403      0.459      0.223
[YOLOv5] epoch 31/100 running
[YOLOv5] validation: all       1000        677      0.842      0.431      0.511      0.273
[YOLOv5] epoch 32/100 running
[YOLOv5] validation: all       1000        677      0.784      0.439      0.488      0.243
[YOLOv5] epoch 33/100 running
[YOLOv5] validation: all       1000        677      0.784      0.408      0.458      0.233
[YOLOv5] epoch 34/100 running
[YOLOv5] validation: all       1000        677       0.76      0.437      0.463      0.236
[YOLOv5] epoch 35/100 running
[YOLOv5] validation: all       1000        677      0.841       0.43      0.495      0.259
[YOLOv5] epoch 36/100 running
[YOLOv5] validation: all       1000        677      0.779      0.446      0.498      0.246
[YOLOv5] epoch 37/100 running
[YOLOv5] validation: all       1000        677      0.807      0.466      0.509      0.269
[YOLOv5] epoch 38/100 running
[YOLOv5] validation: all       1000        677      0.805      0.457      0.496      0.263
[YOLOv5] epoch 39/100 running
[YOLOv5] validation: all       1000        677      0.825      0.419      0.479      0.241
[YOLOv5] epoch 40/100 running
[YOLOv5] validation: all       1000        677      0.836      0.456       0.52      0.279
[YOLOv5] epoch 41/100 running
[YOLOv5] validation: all       1000        677      0.787       0.47      0.509      0.257
[YOLOv5] epoch 42/100 running
[YOLOv5] validation: all       1000        677      0.807      0.468      0.527      0.284
[YOLOv5] epoch 43/100 running
[YOLOv5] validation: all       1000        677      0.817      0.442      0.503      0.276
[YOLOv5] epoch 44/100 running
[YOLOv5] validation: all       1000        677      0.843      0.434      0.497      0.269
[YOLOv5] epoch 45/100 running
[YOLOv5] validation: all       1000        677      0.778      0.484       0.51      0.267
[YOLOv5] epoch 46/100 running
[YOLOv5] validation: all       1000        677      0.846      0.454       0.52      0.276
[YOLOv5] epoch 47/100 running
[YOLOv5] validation: all       1000        677      0.802      0.459      0.501      0.268
[YOLOv5] epoch 48/100 running
[YOLOv5] validation: all       1000        677      0.853      0.411      0.501      0.267
[YOLOv5] epoch 49/100 running
[YOLOv5] validation: all       1000        677      0.861      0.445      0.514      0.266
[YOLOv5] epoch 50/100 running
[YOLOv5] validation: all       1000        677      0.849      0.449      0.512      0.291
[YOLOv5] epoch 51/100 running
[YOLOv5] validation: all       1000        677      0.872      0.456      0.528       0.29
[YOLOv5] epoch 52/100 running
[YOLOv5] validation: all       1000        677      0.841      0.421      0.502      0.264
[YOLOv5] epoch 53/100 running
[YOLOv5] validation: all       1000        677       0.85      0.456      0.508      0.274
[YOLOv5] epoch 54/100 running
[YOLOv5] validation: all       1000        677      0.809      0.485      0.517      0.287
[YOLOv5] epoch 55/100 running
[YOLOv5] validation: all       1000        677      0.826      0.479       0.52      0.285
[YOLOv5] epoch 56/100 running
[YOLOv5] validation: all       1000        677      0.847      0.466      0.525      0.287
[YOLOv5] epoch 57/100 running
[YOLOv5] validation: all       1000        677      0.864      0.472      0.533      0.295
[YOLOv5] epoch 58/100 running
[YOLOv5] validation: all       1000        677      0.861      0.494      0.538      0.288
[YOLOv5] epoch 59/100 running
[YOLOv5] validation: all       1000        677      0.865      0.462      0.527      0.295
[YOLOv5] epoch 60/100 running
[YOLOv5] validation: all       1000        677       0.86      0.464      0.531      0.287
[YOLOv5] epoch 61/100 running
[YOLOv5] validation: all       1000        677      0.851      0.481      0.534      0.299
[YOLOv5] epoch 62/100 running
[YOLOv5] validation: all       1000        677      0.865      0.479      0.518      0.289
[YOLOv5] epoch 63/100 running
[YOLOv5] validation: all       1000        677      0.828       0.48      0.529      0.297
[YOLOv5] epoch 64/100 running
[YOLOv5] validation: all       1000        677      0.845      0.481      0.537      0.307
[YOLOv5] epoch 65/100 running
[YOLOv5] validation: all       1000        677      0.857       0.46      0.524      0.301
[YOLOv5] epoch 66/100 running
[YOLOv5] validation: all       1000        677      0.798      0.498      0.521      0.297
[YOLOv5] epoch 67/100 running
[YOLOv5] validation: all       1000        677      0.792      0.501      0.527      0.288
[YOLOv5] epoch 68/100 running
[YOLOv5] validation: all       1000        677      0.859      0.479      0.524      0.299
[YOLOv5] epoch 69/100 running
[YOLOv5] validation: all       1000        677      0.841      0.468      0.521      0.297
[YOLOv5] epoch 70/100 running
[YOLOv5] validation: all       1000        677      0.873      0.475      0.539      0.301
[YOLOv5] epoch 71/100 running
[YOLOv5] validation: all       1000        677      0.845      0.469      0.522      0.293
[YOLOv5] epoch 72/100 running
[YOLOv5] validation: all       1000        677      0.836      0.474       0.53        0.3
[YOLOv5] epoch 73/100 running
[YOLOv5] validation: all       1000        677      0.853      0.492      0.547      0.302
[YOLOv5] epoch 74/100 running
[YOLOv5] validation: all       1000        677       0.87       0.48      0.536      0.296
[YOLOv5] epoch 75/100 running
[YOLOv5] validation: all       1000        677      0.837      0.471      0.531      0.301
[YOLOv5] epoch 76/100 running
[YOLOv5] validation: all       1000        677      0.893      0.475      0.539      0.299
[YOLOv5] epoch 77/100 running
[YOLOv5] validation: all       1000        677      0.895      0.461      0.547      0.312
[YOLOv5] epoch 78/100 running
[YOLOv5] validation: all       1000        677      0.892       0.49      0.557      0.317
[YOLOv5] epoch 79/100 running
[YOLOv5] validation: all       1000        677       0.88      0.471      0.537      0.309
[YOLOv5] epoch 80/100 running
[YOLOv5] validation: all       1000        677      0.888      0.456      0.528      0.298
[YOLOv5] epoch 81/100 running
[YOLOv5] validation: all       1000        677      0.894      0.461      0.538      0.303
[YOLOv5] epoch 82/100 running
[YOLOv5] validation: all       1000        677      0.873      0.474      0.548      0.316
[YOLOv5] epoch 83/100 running
[YOLOv5] validation: all       1000        677      0.886      0.481       0.55      0.311
[YOLOv5] epoch 84/100 running
[YOLOv5] validation: all       1000        677      0.896      0.481      0.547      0.318
[YOLOv5] epoch 85/100 running
[YOLOv5] validation: all       1000        677      0.856       0.49      0.545       0.31
[YOLOv5] epoch 86/100 running
[YOLOv5] validation: all       1000        677      0.909      0.471      0.553      0.317
[YOLOv5] epoch 87/100 running
[YOLOv5] validation: all       1000        677      0.869      0.478      0.547      0.309
[YOLOv5] epoch 88/100 running
[YOLOv5] validation: all       1000        677      0.863      0.497      0.547      0.308
[YOLOv5] epoch 89/100 running
[YOLOv5] validation: all       1000        677      0.831      0.514       0.55      0.313
[YOLOv5] epoch 90/100 running
[YOLOv5] validation: all       1000        677      0.871      0.492      0.554      0.318
[YOLOv5] epoch 91/100 running
[YOLOv5] validation: all       1000        677      0.878       0.48      0.548      0.312
[YOLOv5] epoch 92/100 running
[YOLOv5] validation: all       1000        677      0.868      0.486      0.553      0.314
[YOLOv5] epoch 93/100 running
[YOLOv5] validation: all       1000        677      0.885      0.481      0.548      0.316
[YOLOv5] epoch 94/100 running
[YOLOv5] validation: all       1000        677      0.843      0.508       0.55      0.315
[YOLOv5] epoch 95/100 running
[YOLOv5] validation: all       1000        677      0.872      0.495      0.554      0.316
[YOLOv5] epoch 96/100 running
[YOLOv5] validation: all       1000        677      0.878      0.485      0.544      0.311
[YOLOv5] epoch 97/100 running
[YOLOv5] validation: all       1000        677      0.926      0.455      0.547      0.315
[YOLOv5] epoch 98/100 running
[YOLOv5] validation: all       1000        677      0.916      0.465      0.546      0.313
[YOLOv5] epoch 99/100 running
[YOLOv5] validation: all       1000        677      0.914      0.462      0.551      0.318
[YOLOv5] epoch 100/100 running
[YOLOv5] validation: all       1000        677      0.885      0.486      0.551      0.316
[YOLOv5] 100 epochs completed in 0.803 hours.
[YOLOv5] validation: all       1000        677      0.895      0.485      0.557      0.317
[Task] training completed: 3124.6s
[Task] evaluating: checkpoint=last, group=test, samples=1000
[YOLOv5] validation: all       1000        688      0.843      0.543      0.612       0.34
[Task] evaluation: checkpoint=last, group=test, mAP50-95=0.3401, mAP50=0.6120, time=77.5s
[Task] evaluating: checkpoint=best, group=test, samples=1000
[YOLOv5] validation: all       1000        688      0.566      0.581      0.581      0.322
[Task] evaluation: checkpoint=best, group=test, mAP50-95=0.3216, mAP50=0.5815, time=82.8s
[Task] completed: evaluation=160.3s, output=/home/lijinhe/work/YOLO_Retraining/runs/studies/global_dedup_tau099_learning_curve/sequences/GlobalDedupTau099_PostSplit__seq-full-cold__stage0-stage7__yolov5s__s42/tasks/005__stage5__full-cold
[Task] output: /home/lijinhe/work/YOLO_Retraining/runs/studies/global_dedup_tau099_learning_curve/sequences/GlobalDedupTau099_PostSplit__seq-full-cold__stage0-stage7__yolov5s__s42/tasks/006__stage6__full-cold
[Task] data: current=614, candidate=4300, validation=1000, test=1000
[Task] selection: policy=full, selected=4300, groups={'candidate': 4300}, time=0.001s
[Task] training: backend=yolov5, epochs=100, batch=64, device=0
[YOLOv5] epoch 1/100 running
[YOLOv5] validation: all       1000        677      0.776     0.0346     0.0372     0.0077
[YOLOv5] epoch 2/100 running
[YOLOv5] validation: all       1000        677       0.44      0.181      0.192     0.0665
[YOLOv5] epoch 3/100 running
[YOLOv5] validation: all       1000        677      0.428      0.248      0.151     0.0654
[YOLOv5] epoch 4/100 running
[YOLOv5] validation: all       1000        677      0.379      0.142     0.0752     0.0282
[YOLOv5] epoch 5/100 running
[YOLOv5] validation: all       1000        677      0.513      0.303      0.207     0.0791
[YOLOv5] epoch 6/100 running
[YOLOv5] validation: all       1000        677      0.725       0.16      0.194     0.0677
[YOLOv5] epoch 7/100 running
[YOLOv5] validation: all       1000        677      0.685      0.304       0.32      0.123
[YOLOv5] epoch 8/100 running
[YOLOv5] validation: all       1000        677      0.601      0.222      0.245      0.101
[YOLOv5] epoch 9/100 running
[YOLOv5] validation: all       1000        677      0.678      0.326       0.36      0.143
[YOLOv5] epoch 10/100 running
[YOLOv5] validation: all       1000        677      0.624      0.323      0.323      0.146
[YOLOv5] epoch 11/100 running
[YOLOv5] validation: all       1000        677      0.681      0.327      0.352      0.157
[YOLOv5] epoch 12/100 running
[YOLOv5] validation: all       1000        677      0.708      0.386      0.387      0.164
[YOLOv5] epoch 13/100 running
[YOLOv5] validation: all       1000        677      0.687      0.326      0.364      0.172
[YOLOv5] epoch 14/100 running
[YOLOv5] validation: all       1000        677      0.804      0.395      0.458      0.216
[YOLOv5] epoch 15/100 running
[YOLOv5] validation: all       1000        677      0.732      0.411      0.434      0.209
[YOLOv5] epoch 16/100 running
[YOLOv5] validation: all       1000        677       0.77      0.381      0.438      0.194
[YOLOv5] epoch 17/100 running
[YOLOv5] validation: all       1000        677       0.72      0.423      0.456      0.214
[YOLOv5] epoch 18/100 running
[YOLOv5] validation: all       1000        677      0.799      0.412      0.477      0.224
[YOLOv5] epoch 19/100 running
[YOLOv5] validation: all       1000        677      0.688      0.321      0.367       0.17
[YOLOv5] epoch 20/100 running
[YOLOv5] validation: all       1000        677       0.69      0.408      0.424        0.2
[YOLOv5] epoch 21/100 running
[YOLOv5] validation: all       1000        677      0.793      0.427      0.476      0.246
[YOLOv5] epoch 22/100 running
[YOLOv5] validation: all       1000        677      0.794      0.353      0.405      0.191
[YOLOv5] epoch 23/100 running
[YOLOv5] validation: all       1000        677       0.77      0.428      0.466      0.206
[YOLOv5] epoch 24/100 running
[YOLOv5] validation: all       1000        677      0.791      0.468      0.495      0.246
[YOLOv5] epoch 25/100 running
[YOLOv5] validation: all       1000        677      0.779       0.44      0.475      0.244
[YOLOv5] epoch 26/100 running
[YOLOv5] validation: all       1000        677      0.831       0.37      0.444      0.214
[YOLOv5] epoch 27/100 running
[YOLOv5] validation: all       1000        677      0.718      0.393      0.433      0.218
[YOLOv5] epoch 28/100 running
[YOLOv5] validation: all       1000        677      0.768      0.429      0.476      0.232
[YOLOv5] epoch 29/100 running
[YOLOv5] validation: all       1000        677      0.833      0.397      0.475      0.243
[YOLOv5] epoch 30/100 running
[YOLOv5] validation: all       1000        677      0.837      0.455      0.506       0.26
[YOLOv5] epoch 31/100 running
[YOLOv5] validation: all       1000        677      0.826      0.465      0.513       0.27
[YOLOv5] epoch 32/100 running
[YOLOv5] validation: all       1000        677      0.859      0.431      0.491      0.254
[YOLOv5] epoch 33/100 running
[YOLOv5] validation: all       1000        677      0.798      0.445      0.495      0.251
[YOLOv5] epoch 34/100 running
[YOLOv5] validation: all       1000        677      0.811      0.436      0.505      0.259
[YOLOv5] epoch 35/100 running
[YOLOv5] validation: all       1000        677      0.719      0.469      0.494      0.258
[YOLOv5] epoch 36/100 running
[YOLOv5] validation: all       1000        677      0.825      0.441      0.497      0.262
[YOLOv5] epoch 37/100 running
[YOLOv5] validation: all       1000        677      0.869      0.447      0.531      0.282
[YOLOv5] epoch 38/100 running
[YOLOv5] validation: all       1000        677      0.803      0.446      0.496      0.261
[YOLOv5] epoch 39/100 running
[YOLOv5] validation: all       1000        677      0.804      0.453      0.508       0.26
[YOLOv5] epoch 40/100 running
[YOLOv5] validation: all       1000        677      0.817       0.44      0.502      0.268
[YOLOv5] epoch 41/100 running
[YOLOv5] validation: all       1000        677      0.813      0.448      0.512      0.263
[YOLOv5] epoch 42/100 running
[YOLOv5] validation: all       1000        677      0.882      0.446       0.54      0.281
[YOLOv5] epoch 43/100 running
[YOLOv5] validation: all       1000        677      0.884      0.428      0.525      0.274
[YOLOv5] epoch 44/100 running
[YOLOv5] validation: all       1000        677      0.876      0.432      0.513      0.272
[YOLOv5] epoch 45/100 running
[YOLOv5] validation: all       1000        677       0.85      0.455      0.533      0.277
[YOLOv5] epoch 46/100 running
[YOLOv5] validation: all       1000        677      0.774      0.485      0.531      0.279
[YOLOv5] epoch 47/100 running
[YOLOv5] validation: all       1000        677      0.824      0.446      0.499      0.268
[YOLOv5] epoch 48/100 running
[YOLOv5] validation: all       1000        677      0.828      0.476      0.536      0.282
[YOLOv5] epoch 49/100 running
[YOLOv5] validation: all       1000        677      0.809      0.465      0.514      0.276
[YOLOv5] epoch 50/100 running
[YOLOv5] validation: all       1000        677      0.797      0.471      0.501      0.272
[YOLOv5] epoch 51/100 running
[YOLOv5] validation: all       1000        677      0.821      0.461      0.512      0.273
[YOLOv5] epoch 52/100 running
[YOLOv5] validation: all       1000        677      0.811      0.485      0.538      0.291
[YOLOv5] epoch 53/100 running
[YOLOv5] validation: all       1000        677      0.838      0.456      0.518      0.288
[YOLOv5] epoch 54/100 running
[YOLOv5] validation: all       1000        677      0.816       0.49      0.535      0.298
[YOLOv5] epoch 55/100 running
[YOLOv5] validation: all       1000        677      0.875      0.469      0.538      0.305
[YOLOv5] epoch 56/100 running
[YOLOv5] validation: all       1000        677      0.883      0.442      0.525      0.297
[YOLOv5] epoch 57/100 running
[YOLOv5] validation: all       1000        677      0.868      0.482      0.549      0.304
[YOLOv5] epoch 58/100 running
[YOLOv5] validation: all       1000        677      0.804      0.491      0.529      0.301
[YOLOv5] epoch 59/100 running
[YOLOv5] validation: all       1000        677      0.574      0.492      0.536      0.292
[YOLOv5] epoch 60/100 running
[YOLOv5] validation: all       1000        677      0.836      0.501      0.543      0.298
[YOLOv5] epoch 61/100 running
[YOLOv5] validation: all       1000        677       0.82      0.512      0.546      0.295
[YOLOv5] epoch 62/100 running
[YOLOv5] validation: all       1000        677      0.854      0.449      0.522      0.283
[YOLOv5] epoch 63/100 running
[YOLOv5] validation: all       1000        677      0.848      0.507      0.566      0.312
[YOLOv5] epoch 64/100 running
[YOLOv5] validation: all       1000        677      0.559      0.495      0.532      0.289
[YOLOv5] epoch 65/100 running
[YOLOv5] validation: all       1000        677      0.807      0.512      0.548      0.309
[YOLOv5] epoch 66/100 running
[YOLOv5] validation: all       1000        677      0.885      0.478      0.551      0.304
[YOLOv5] epoch 67/100 running
[YOLOv5] validation: all       1000        677      0.845      0.469      0.543      0.304
[YOLOv5] epoch 68/100 running
[YOLOv5] validation: all       1000        677      0.841      0.499      0.558      0.318
[YOLOv5] epoch 69/100 running
[YOLOv5] validation: all       1000        677      0.849      0.486      0.545      0.307
[YOLOv5] epoch 70/100 running
[YOLOv5] validation: all       1000        677      0.898      0.483      0.552      0.306
[YOLOv5] epoch 71/100 running
[YOLOv5] validation: all       1000        677      0.584      0.496      0.544      0.306
[YOLOv5] epoch 72/100 running
[YOLOv5] validation: all       1000        677      0.882      0.471      0.544      0.308
[YOLOv5] epoch 73/100 running
[YOLOv5] validation: all       1000        677      0.822      0.479      0.534      0.302
[YOLOv5] epoch 74/100 running
[YOLOv5] validation: all       1000        677      0.879      0.463      0.544      0.307
[YOLOv5] epoch 75/100 running
[YOLOv5] validation: all       1000        677      0.867      0.455      0.534      0.296
[YOLOv5] epoch 76/100 running
[YOLOv5] validation: all       1000        677      0.909      0.434      0.541      0.306
[YOLOv5] epoch 77/100 running
[YOLOv5] validation: all       1000        677      0.905       0.45      0.529      0.303
[YOLOv5] epoch 78/100 running
[YOLOv5] validation: all       1000        677      0.878      0.477      0.557      0.313
[YOLOv5] epoch 79/100 running
[YOLOv5] validation: all       1000        677      0.831      0.498      0.543      0.316
[YOLOv5] epoch 80/100 running
[YOLOv5] validation: all       1000        677      0.849      0.508      0.551      0.321
[YOLOv5] epoch 81/100 running
[YOLOv5] validation: all       1000        677      0.834      0.513      0.561      0.324
[YOLOv5] epoch 82/100 running
[YOLOv5] validation: all       1000        677      0.832      0.497       0.54      0.315
[YOLOv5] epoch 83/100 running
[YOLOv5] validation: all       1000        677      0.856      0.475       0.54      0.305
[YOLOv5] epoch 84/100 running
[YOLOv5] validation: all       1000        677      0.828       0.49      0.542      0.316
[YOLOv5] epoch 85/100 running
[YOLOv5] validation: all       1000        677      0.893      0.472      0.549      0.309
[YOLOv5] epoch 86/100 running
[YOLOv5] validation: all       1000        677      0.863      0.488      0.549      0.309
[YOLOv5] epoch 87/100 running
[YOLOv5] validation: all       1000        677      0.879      0.475      0.548      0.308
[YOLOv5] epoch 88/100 running
[YOLOv5] validation: all       1000        677      0.885      0.469      0.554      0.314
[YOLOv5] epoch 89/100 running
[YOLOv5] validation: all       1000        677      0.871      0.479      0.538      0.314
[YOLOv5] epoch 90/100 running
[YOLOv5] validation: all       1000        677      0.842       0.49      0.552      0.314
[YOLOv5] epoch 91/100 running
[YOLOv5] validation: all       1000        677      0.889      0.471      0.551      0.316
[YOLOv5] epoch 92/100 running
[YOLOv5] validation: all       1000        677       0.61      0.505      0.551      0.319
[YOLOv5] epoch 93/100 running
[YOLOv5] validation: all       1000        677      0.585      0.499      0.544      0.314
[YOLOv5] epoch 94/100 running
[YOLOv5] validation: all       1000        677      0.882      0.481       0.55      0.318
[YOLOv5] epoch 95/100 running
[YOLOv5] validation: all       1000        677      0.881      0.482      0.561      0.324
[YOLOv5] epoch 96/100 running
[YOLOv5] validation: all       1000        677      0.587      0.495      0.549      0.319
[YOLOv5] epoch 97/100 running
[YOLOv5] validation: all       1000        677      0.617      0.479      0.545      0.319
[YOLOv5] epoch 98/100 running
[YOLOv5] validation: all       1000        677      0.609      0.496      0.556       0.32
[YOLOv5] epoch 99/100 running
[YOLOv5] validation: all       1000        677      0.606      0.489      0.553      0.322
[YOLOv5] epoch 100/100 running
[YOLOv5] validation: all       1000        677      0.589       0.51      0.557      0.324
[YOLOv5] 100 epochs completed in 0.810 hours.
[YOLOv5] validation: all       1000        677      0.856      0.505      0.566      0.312
[Task] training completed: 3150.5s
[Task] evaluating: checkpoint=last, group=test, samples=1000
[YOLOv5] validation: all       1000        688      0.706      0.611      0.624      0.345
[Task] evaluation: checkpoint=last, group=test, mAP50-95=0.3446, mAP50=0.6239, time=75.9s
[Task] evaluating: checkpoint=best, group=test, samples=1000
[YOLOv5] validation: all       1000        688      0.736      0.574      0.629      0.345
[Task] evaluation: checkpoint=best, group=test, mAP50-95=0.3450, mAP50=0.6287, time=80.8s
[Task] completed: evaluation=156.7s, output=/home/lijinhe/work/YOLO_Retraining/runs/studies/global_dedup_tau099_learning_curve/sequences/GlobalDedupTau099_PostSplit__seq-full-cold__stage0-stage7__yolov5s__s42/tasks/006__stage6__full-cold
[Task] output: /home/lijinhe/work/YOLO_Retraining/runs/studies/global_dedup_tau099_learning_curve/sequences/GlobalDedupTau099_PostSplit__seq-full-cold__stage0-stage7__yolov5s__s42/tasks/007__stage7__full-cold
[Task] data: current=614, candidate=4914, validation=1000, test=1000
[Task] selection: policy=full, selected=4914, groups={'candidate': 4914}, time=0.002s
[Task] training: backend=yolov5, epochs=100, batch=64, device=0
[YOLOv5] epoch 1/100 running
[YOLOv5] validation: all       1000        677      0.793     0.0548     0.0601     0.0186
[YOLOv5] epoch 2/100 running
[YOLOv5] validation: all       1000        677       0.49      0.172      0.161      0.051
[YOLOv5] epoch 3/100 running
[YOLOv5] validation: all       1000        677      0.489      0.268      0.195     0.0678
[YOLOv5] epoch 4/100 running
[YOLOv5] validation: all       1000        677      0.543      0.226        0.2     0.0798
[YOLOv5] epoch 5/100 running
[YOLOv5] validation: all       1000        677      0.462      0.232       0.16     0.0531
[YOLOv5] epoch 6/100 running
[YOLOv5] validation: all       1000        677      0.687      0.322      0.326      0.131
[YOLOv5] epoch 7/100 running
[YOLOv5] validation: all       1000        677      0.591      0.288      0.274      0.113
[YOLOv5] epoch 8/100 running
[YOLOv5] validation: all       1000        677      0.674      0.325      0.343      0.151
[YOLOv5] epoch 9/100 running
[YOLOv5] validation: all       1000        677      0.729      0.284      0.352      0.162
[YOLOv5] epoch 10/100 running
[YOLOv5] validation: all       1000        677      0.727      0.348      0.382      0.171
[YOLOv5] epoch 11/100 running
[YOLOv5] validation: all       1000        677      0.745       0.36      0.395      0.182
[YOLOv5] epoch 12/100 running
[YOLOv5] validation: all       1000        677      0.774      0.357      0.425      0.186
[YOLOv5] epoch 13/100 running
[YOLOv5] validation: all       1000        677      0.727      0.392      0.441      0.213
[YOLOv5] epoch 14/100 running
[YOLOv5] validation: all       1000        677       0.82      0.363      0.453      0.216
[YOLOv5] epoch 15/100 running
[YOLOv5] validation: all       1000        677      0.778      0.359      0.419      0.209
[YOLOv5] epoch 16/100 running
[YOLOv5] validation: all       1000        677      0.733      0.411      0.435      0.217
[YOLOv5] epoch 17/100 running
[YOLOv5] validation: all       1000        677      0.799      0.406      0.469      0.233
[YOLOv5] epoch 18/100 running
[YOLOv5] validation: all       1000        677      0.797      0.361      0.446      0.219
[YOLOv5] epoch 19/100 running
[YOLOv5] validation: all       1000        677      0.813      0.411      0.485      0.244
[YOLOv5] epoch 20/100 running
[YOLOv5] validation: all       1000        677      0.787      0.454      0.508      0.254
[YOLOv5] epoch 21/100 running
[YOLOv5] validation: all       1000        677      0.734      0.434      0.462      0.238
[YOLOv5] epoch 22/100 running
[YOLOv5] validation: all       1000        677      0.806      0.369      0.461      0.232
[YOLOv5] epoch 23/100 running
[YOLOv5] validation: all       1000        677      0.782      0.381      0.453      0.214
[YOLOv5] epoch 24/100 running
[YOLOv5] validation: all       1000        677      0.784      0.448      0.486      0.251
[YOLOv5] epoch 25/100 running
[YOLOv5] validation: all       1000        677      0.806      0.449      0.496      0.252
[YOLOv5] epoch 26/100 running
[YOLOv5] validation: all       1000        677      0.772      0.394      0.444      0.231
[YOLOv5] epoch 27/100 running
[YOLOv5] validation: all       1000        677       0.81      0.434      0.474      0.225
[YOLOv5] epoch 28/100 running
[YOLOv5] validation: all       1000        677      0.866      0.442      0.528      0.274
[YOLOv5] epoch 29/100 running
[YOLOv5] validation: all       1000        677        0.8      0.407      0.477      0.248
[YOLOv5] epoch 30/100 running
[YOLOv5] validation: all       1000        677      0.802      0.466      0.522      0.282
[YOLOv5] epoch 31/100 running
[YOLOv5] validation: all       1000        677       0.82      0.448      0.508      0.278
[YOLOv5] epoch 32/100 running
[YOLOv5] validation: all       1000        677      0.787      0.488       0.52      0.284
[YOLOv5] epoch 33/100 running
[YOLOv5] validation: all       1000        677      0.837      0.471      0.512      0.274
[YOLOv5] epoch 34/100 running
[YOLOv5] validation: all       1000        677      0.792      0.481      0.513      0.285
[YOLOv5] epoch 35/100 running
[YOLOv5] validation: all       1000        677      0.782      0.481      0.537      0.281
[YOLOv5] epoch 36/100 running
[YOLOv5] validation: all       1000        677      0.854      0.437      0.502      0.274
[YOLOv5] epoch 37/100 running
[YOLOv5] validation: all       1000        677      0.822      0.483      0.529      0.289
[YOLOv5] epoch 38/100 running
[YOLOv5] validation: all       1000        677      0.821      0.487      0.543      0.305
[YOLOv5] epoch 39/100 running
[YOLOv5] validation: all       1000        677      0.834      0.493      0.549      0.303
[YOLOv5] epoch 40/100 running
[YOLOv5] validation: all       1000        677      0.818      0.442      0.515      0.276
[YOLOv5] epoch 41/100 running
[YOLOv5] validation: all       1000        677      0.822        0.5      0.537      0.295
[YOLOv5] epoch 42/100 running
[YOLOv5] validation: all       1000        677      0.859      0.455      0.523      0.273
[YOLOv5] epoch 43/100 running
[YOLOv5] validation: all       1000        677      0.807      0.499      0.533      0.297
[YOLOv5] epoch 44/100 running
[YOLOv5] validation: all       1000        677      0.827       0.48      0.535      0.289
[YOLOv5] epoch 45/100 running
[YOLOv5] validation: all       1000        677      0.803      0.468      0.526      0.287
[YOLOv5] epoch 46/100 running
[YOLOv5] validation: all       1000        677      0.787      0.501      0.528      0.294
[YOLOv5] epoch 47/100 running
[YOLOv5] validation: all       1000        677       0.81      0.458      0.503      0.277
[YOLOv5] epoch 48/100 running
[YOLOv5] validation: all       1000        677      0.866      0.447      0.542      0.283
[YOLOv5] epoch 49/100 running
[YOLOv5] validation: all       1000        677      0.844      0.456      0.536      0.298
[YOLOv5] epoch 50/100 running
[YOLOv5] validation: all       1000        677      0.825      0.495      0.543      0.311
[YOLOv5] epoch 51/100 running
[YOLOv5] validation: all       1000        677      0.866      0.451      0.544      0.309
[YOLOv5] epoch 52/100 running
[YOLOv5] validation: all       1000        677      0.849      0.478      0.553      0.314
[YOLOv5] epoch 53/100 running
[YOLOv5] validation: all       1000        677      0.861      0.448      0.544      0.312
[YOLOv5] epoch 54/100 running
[YOLOv5] validation: all       1000        677      0.868       0.45      0.537      0.305
[YOLOv5] epoch 55/100 running
[YOLOv5] validation: all       1000        677      0.857      0.492      0.558      0.306
[YOLOv5] epoch 56/100 running
[YOLOv5] validation: all       1000        677       0.83      0.507      0.549      0.319
[YOLOv5] epoch 57/100 running
[YOLOv5] validation: all       1000        677      0.804      0.477      0.548      0.313
[YOLOv5] epoch 58/100 running
[YOLOv5] validation: all       1000        677      0.838      0.511      0.568      0.315
[YOLOv5] epoch 59/100 running
[YOLOv5] validation: all       1000        677      0.862      0.475      0.553      0.312
[YOLOv5] epoch 60/100 running
[YOLOv5] validation: all       1000        677      0.851       0.49       0.56      0.319
[YOLOv5] epoch 61/100 running
[YOLOv5] validation: all       1000        677      0.888      0.467      0.551      0.317
[YOLOv5] epoch 62/100 running
[YOLOv5] validation: all       1000        677      0.868      0.501      0.565      0.312
[YOLOv5] epoch 63/100 running
[YOLOv5] validation: all       1000        677      0.838      0.498      0.547      0.319
[YOLOv5] epoch 64/100 running
[YOLOv5] validation: all       1000        677      0.839      0.493      0.559      0.322
[YOLOv5] epoch 65/100 running
[YOLOv5] validation: all       1000        677      0.831        0.5      0.546      0.321
[YOLOv5] epoch 66/100 running
[YOLOv5] validation: all       1000        677      0.836      0.483      0.552      0.325
[YOLOv5] epoch 67/100 running
[YOLOv5] validation: all       1000        677      0.858      0.477      0.545      0.329
[YOLOv5] epoch 68/100 running
[YOLOv5] validation: all       1000        677      0.855      0.493      0.548      0.313
[YOLOv5] epoch 69/100 running
[YOLOv5] validation: all       1000        677      0.816      0.509      0.547      0.325
[YOLOv5] epoch 70/100 running
[YOLOv5] validation: all       1000        677      0.836      0.532      0.566      0.335
[YOLOv5] epoch 71/100 running
[YOLOv5] validation: all       1000        677      0.878       0.52      0.571      0.333
[YOLOv5] epoch 72/100 running
[YOLOv5] validation: all       1000        677      0.873       0.49       0.56      0.331
[YOLOv5] epoch 73/100 running
[YOLOv5] validation: all       1000        677      0.882      0.479      0.555      0.331
[YOLOv5] epoch 74/100 running
[YOLOv5] validation: all       1000        677      0.844      0.512      0.558      0.331
[YOLOv5] epoch 75/100 running
[YOLOv5] validation: all       1000        677      0.853      0.501      0.556      0.334
[YOLOv5] epoch 76/100 running
[YOLOv5] validation: all       1000        677      0.879        0.5      0.557      0.332
[YOLOv5] epoch 77/100 running
[YOLOv5] validation: all       1000        677      0.843      0.528      0.565      0.335
[YOLOv5] epoch 78/100 running
[YOLOv5] validation: all       1000        677      0.862      0.523      0.576      0.339
[YOLOv5] epoch 79/100 running
[YOLOv5] validation: all       1000        677      0.891      0.512      0.575      0.334
[YOLOv5] epoch 80/100 running
[YOLOv5] validation: all       1000        677      0.866      0.517      0.571      0.338
[YOLOv5] epoch 81/100 running
[YOLOv5] validation: all       1000        677      0.892      0.499      0.568      0.333
[YOLOv5] epoch 82/100 running
[YOLOv5] validation: all       1000        677      0.856      0.505      0.552       0.33
[YOLOv5] epoch 83/100 running
[YOLOv5] validation: all       1000        677      0.842      0.496      0.552      0.331
[YOLOv5] epoch 84/100 running
[YOLOv5] validation: all       1000        677      0.842      0.511      0.561      0.337
[YOLOv5] epoch 85/100 running
[YOLOv5] validation: all       1000        677       0.86      0.503      0.562      0.336
[YOLOv5] epoch 86/100 running
[YOLOv5] validation: all       1000        677       0.88      0.501      0.564      0.342
[YOLOv5] epoch 87/100 running
[YOLOv5] validation: all       1000        677       0.88        0.5      0.572      0.346
[YOLOv5] epoch 88/100 running
[YOLOv5] validation: all       1000        677      0.896      0.493       0.57      0.347
[YOLOv5] epoch 89/100 running
[YOLOv5] validation: all       1000        677      0.893      0.503      0.564      0.342
[YOLOv5] epoch 90/100 running
[YOLOv5] validation: all       1000        677      0.875      0.503      0.559      0.335
[YOLOv5] epoch 91/100 running
[YOLOv5] validation: all       1000        677      0.893      0.492      0.554      0.335
[YOLOv5] epoch 92/100 running
[YOLOv5] validation: all       1000        677      0.916      0.482       0.56       0.34
[YOLOv5] epoch 93/100 running
[YOLOv5] validation: all       1000        677      0.874        0.5      0.562       0.34
[YOLOv5] epoch 94/100 running
[YOLOv5] validation: all       1000        677      0.893      0.509      0.569      0.345
[YOLOv5] epoch 95/100 running
[YOLOv5] validation: all       1000        677      0.867      0.498      0.562       0.34
[YOLOv5] epoch 96/100 running
[YOLOv5] validation: all       1000        677      0.873      0.513       0.57      0.342
[YOLOv5] epoch 97/100 running
[YOLOv5] validation: all       1000        677      0.897      0.495      0.567      0.345
[YOLOv5] epoch 98/100 running
[YOLOv5] validation: all       1000        677      0.889      0.502      0.565      0.341
[YOLOv5] epoch 99/100 running
[YOLOv5] validation: all       1000        677       0.88      0.506      0.568      0.343
[YOLOv5] epoch 100/100 running
[YOLOv5] validation: all       1000        677      0.895      0.493       0.57      0.343
[YOLOv5] 100 epochs completed in 1.643 hours.
[YOLOv5] validation: all       1000        677      0.865      0.523      0.576      0.338
[Task] training completed: 6181.4s
[Task] evaluating: checkpoint=last, group=test, samples=1000
[YOLOv5] validation: all       1000        688       0.76      0.546      0.627      0.365
[Task] evaluation: checkpoint=last, group=test, mAP50-95=0.3646, mAP50=0.6268, time=99.7s
[Task] evaluating: checkpoint=best, group=test, samples=1000
[YOLOv5] validation: all       1000        688      0.729      0.577      0.602      0.327
[Task] evaluation: checkpoint=best, group=test, mAP50-95=0.3275, mAP50=0.6019, time=102.4s
[Task] completed: evaluation=202.1s, output=/home/lijinhe/work/YOLO_Retraining/runs/studies/global_dedup_tau099_learning_curve/sequences/GlobalDedupTau099_PostSplit__seq-full-cold__stage0-stage7__yolov5s__s42/tasks/007__stage7__full-cold
/home/lijinhe/work/YOLO_Retraining/runs/studies/global_dedup_tau099_learning_curve/sequences/GlobalDedupTau099_PostSplit__seq-full-cold__stage0-stage7__yolov5s__s42
